,date,home_team,away_team,home_score,away_score,tournament,city,country,neutral,year,is_world_cup,is_qualifier,match_id,home_rank_date_used,home_rank,home_previous_rank,home_rank_change,home_total_points,home_previous_points,away_rank_date_used,away_rank,away_previous_rank,away_rank_change,away_total_points,away_previous_points,rank_advantage,points_diff,home_elo,away_elo,elo_advantage,result,home_form_sma3,home_form_sma5,home_form_sma7,home_form_ema50,home_form_ema33,home_form_ema25,away_form_sma3,away_form_sma5,away_form_sma7,away_form_ema50,away_form_ema33,away_form_ema25,form_diff_sma3,form_diff_sma5,form_diff_sma7,form_diff_ema50,form_diff_ema33,form_diff_ema25
0,2022-01-27,Jamaica,Mexico,1.0,2.0,FIFA World Cup qualification,Kingston,Jamaica,0,2022,0,1,0,2021-12-23,57.0,57.0,0.0,1412.13,1412.13,2021-12-23,14.0,14.0,0.0,1638.3,1638.76,-43.0,-226.16999999999985,1578.0,1839.0,-261.0,-1,,,,,,,,,,,,,,,,,,
1,2022-01-27,Chile,Argentina,1.0,2.0,FIFA World Cup qualification,Calama,Chile,0,2022,0,1,1,2021-12-23,24.0,24.0,0.0,1543.42,1541.33,2021-12-23,5.0,5.0,0.0,1750.51,1750.51,-19.0,-207.08999999999992,1813.0,2101.0,-288.0,-1,,,,,,,,,,,,,,,,,,
2,2022-01-27,Paraguay,Uruguay,0.0,1.0,FIFA World Cup qualification,Asunción,Paraguay,0,2022,0,1,2,2021-12-23,43.0,43.0,0.0,1454.52,1454.52,2021-12-23,17.0,17.0,0.0,1596.66,1596.66,-26.0,-142.1400000000001,1729.0,1847.0,-118.0,-1,,,,,,,,,,,,,,,,,,
3,2022-01-27,Ecuador,Brazil,1.0,1.0,FIFA World Cup qualification,Quito,Ecuador,0,2022,0,1,3,2021-12-23,46.0,46.0,0.0,1448.27,1448.74,2021-12-23,2.0,2.0,0.0,1826.35,1826.35,-44.0,-378.0799999999999,1849.0,2149.0,-300.0,0,,,,,,,,,,,,,,,,,,
4,2022-01-27,Saudi Arabia,Oman,1.0,0.0,FIFA World Cup qualification,Jeddah,Saudi Arabia,0,2022,0,1,4,2021-12-23,51.0,48.0,-3.0,1434.71,1441.17,2021-12-23,79.0,78.0,-1.0,1306.01,1307.09,28.0,128.70000000000005,1629.0,1496.0,133.0,1,,,,,,,,,,,,,,,,,,
5,2022-01-27,Japan,China PR,2.0,0.0,FIFA World Cup qualification,Saitama,Japan,0,2022,0,1,5,2021-12-23,26.0,26.0,0.0,1531.53,1531.53,2021-12-23,74.0,74.0,0.0,1337.33,1337.33,48.0,194.20000000000005,1760.0,1473.0,287.0,1,,,,,,,,,,,,,,,,,,
6,2022-01-27,Australia,Vietnam,4.0,0.0,FIFA World Cup qualification,Melbourne,Australia,0,2022,0,1,6,2021-12-23,35.0,35.0,0.0,1484.88,1484.88,2021-12-23,98.0,99.0,1.0,1212.54,1209.22,63.0,272.34000000000015,1735.0,1425.0,310.0,1,,,,,,,,,,,,,,,,,,
7,2022-01-27,Iran,Iraq,1.0,0.0,FIFA World Cup qualification,Tehran,Iran,0,2022,0,1,7,2021-12-23,21.0,21.0,0.0,1557.58,1557.58,2021-12-23,75.0,75.0,0.0,1333.03,1335.58,54.0,224.54999999999995,1837.0,1551.0,286.0,1,,,,,,,,,,,,,,,,,,
8,2022-01-27,Lebanon,South Korea,0.0,1.0,FIFA World Cup qualification,Sidon,Lebanon,0,2022,0,1,8,2021-12-23,95.0,94.0,-1.0,1233.0,1233.76,2021-12-23,33.0,33.0,0.0,1507.24,1507.24,-62.0,-274.24,1407.0,1788.0,-381.0,-1,,,,,,,,,,,,,,,,,,
9,2022-01-27,Costa Rica,Panama,1.0,0.0,FIFA World Cup qualification,San José,Costa Rica,0,2022,0,1,9,2021-12-23,49.0,49.0,0.0,1437.43,1437.43,2021-12-23,63.0,63.0,0.0,1379.34,1379.34,14.0,58.09000000000015,1743.0,1627.0,116.0,1,,,,,,,,,,,,,,,,,,
10,2022-01-27,Honduras,Canada,0.0,2.0,FIFA World Cup qualification,San Pedro Sula,Honduras,0,2022,0,1,10,2021-12-23,76.0,76.0,0.0,1332.16,1332.16,2021-12-23,40.0,40.0,0.0,1462.32,1462.32,-36.0,-130.15999999999983,1604.0,1784.0,-180.0,-1,,,,,,,,,,,,,,,,,,
11,2022-01-27,United States,El Salvador,1.0,0.0,FIFA World Cup qualification,Columbus,United States,0,2022,0,1,11,2021-12-23,11.0,12.0,1.0,1648.51,1647.14,2021-12-23,70.0,69.0,-1.0,1349.47,1350.63,59.0,299.04,1858.0,1466.0,392.0,1,,,,,,,,,,,,,,,,,,
12,2022-01-27,United Arab Emirates,Syria,2.0,0.0,FIFA World Cup qualification,Dubai,United Arab Emirates,0,2022,0,1,12,2021-12-23,69.0,70.0,1.0,1350.39,1350.41,2021-12-23,86.0,85.0,-1.0,1268.54,1269.96,17.0,81.85000000000014,1474.0,1481.0,-7.0,1,,,,,,,,,,,,,,,,,,
13,2022-01-28,Colombia,Peru,0.0,1.0,FIFA World Cup qualification,Barranquilla,Colombia,0,2022,0,1,13,2021-12-23,16.0,16.0,0.0,1607.15,1607.15,2021-12-23,22.0,22.0,0.0,1551.15,1551.15,6.0,56.0,1904.0,1792.0,112.0,-1,,,,,,,,,,,,,,,,,,
14,2022-01-28,Venezuela,Bolivia,4.0,1.0,FIFA World Cup qualification,Barinas,Venezuela,0,2022,0,1,14,2021-12-23,59.0,59.0,0.0,1409.14,1409.14,2021-12-23,77.0,77.0,0.0,1324.21,1324.21,18.0,84.93000000000006,1801.0,1582.0,219.0,1,,,,,,,,,,,,,,,,,,
15,2022-01-30,Honduras,El Salvador,0.0,2.0,FIFA World Cup qualification,San Pedro Sula,Honduras,0,2022,0,1,15,2021-12-23,76.0,76.0,0.0,1332.16,1332.16,2021-12-23,70.0,69.0,-1.0,1349.47,1350.63,-6.0,-17.309999999999945,1604.0,1466.0,138.0,-1,-1.0,-1.0,-1.0,-1.0,-1.0,-1.0,-1.0,-1.0,-1.0,-1.0,-1.0,-1.0,0.0,0.0,0.0,0.0,0.0,0.0
16,2022-01-30,Panama,Jamaica,3.0,2.0,FIFA World Cup qualification,Panama City,Panama,0,2022,0,1,16,2021-12-23,63.0,63.0,0.0,1379.34,1379.34,2021-12-23,57.0,57.0,0.0,1412.13,1412.13,-6.0,-32.79000000000019,1627.0,1578.0,49.0,1,-1.0,-1.0,-1.0,-1.0,-1.0,-1.0,-1.0,-1.0,-1.0,-1.0,-1.0,-1.0,0.0,0.0,0.0,0.0,0.0,0.0
17,2022-01-30,Canada,United States,2.0,0.0,FIFA World Cup qualification,Hamilton,Canada,0,2022,0,1,17,2021-12-23,40.0,40.0,0.0,1462.32,1462.32,2021-12-23,11.0,12.0,1.0,1648.51,1647.14,-29.0,-186.19000000000003,1784.0,1858.0,-74.0,1,1.0,1.0,1.0,1.0,1.0,1.0,1.0,1.0,1.0,1.0,1.0,1.0,0.0,0.0,0.0,0.0,0.0,0.0
18,2022-01-30,Mexico,Costa Rica,0.0,0.0,FIFA World Cup qualification,Mexico City,Mexico,0,2022,0,1,18,2021-12-23,14.0,14.0,0.0,1638.3,1638.76,2021-12-23,49.0,49.0,0.0,1437.43,1437.43,35.0,200.8699999999999,1839.0,1743.0,96.0,0,1.0,1.0,1.0,1.0,1.0,1.0,1.0,1.0,1.0,1.0,1.0,1.0,0.0,0.0,0.0,0.0,0.0,0.0
19,2022-02-01,Lebanon,Iraq,1.0,1.0,FIFA World Cup qualification,Sidon,Lebanon,0,2022,0,1,19,2021-12-23,95.0,94.0,-1.0,1233.0,1233.76,2021-12-23,75.0,75.0,0.0,1333.03,1335.58,-20.0,-100.02999999999996,1407.0,1551.0,-144.0,0,-1.0,-1.0,-1.0,-1.0,-1.0,-1.0,-1.0,-1.0,-1.0,-1.0,-1.0,-1.0,0.0,0.0,0.0,0.0,0.0,0.0
20,2022-02-01,Iran,United Arab Emirates,1.0,0.0,FIFA World Cup qualification,Tehran,Iran,0,2022,0,1,20,2021-12-23,21.0,21.0,0.0,1557.58,1557.58,2021-12-23,69.0,70.0,1.0,1350.39,1350.41,48.0,207.18999999999983,1837.0,1474.0,363.0,1,1.0,1.0,1.0,1.0,1.0,1.0,1.0,1.0,1.0,1.0,1.0,1.0,0.0,0.0,0.0,0.0,0.0,0.0
21,2022-02-01,Syria,South Korea,0.0,2.0,FIFA World Cup qualification,Dubai,United Arab Emirates,1,2022,0,1,21,2021-12-23,86.0,85.0,-1.0,1268.54,1269.96,2021-12-23,33.0,33.0,0.0,1507.24,1507.24,-53.0,-238.70000000000005,1481.0,1788.0,-307.0,-1,-1.0,-1.0,-1.0,-1.0,-1.0,-1.0,1.0,1.0,1.0,1.0,1.0,1.0,-2.0,-2.0,-2.0,-2.0,-2.0,-2.0
22,2022-02-01,Vietnam,China PR,3.0,1.0,FIFA World Cup qualification,Hanoi,Vietnam,0,2022,0,1,22,2021-12-23,98.0,99.0,1.0,1212.54,1209.22,2021-12-23,74.0,74.0,0.0,1337.33,1337.33,-24.0,-124.78999999999996,1425.0,1473.0,-48.0,1,-1.0,-1.0,-1.0,-1.0,-1.0,-1.0,-1.0,-1.0,-1.0,-1.0,-1.0,-1.0,0.0,0.0,0.0,0.0,0.0,0.0
23,2022-02-01,Japan,Saudi Arabia,2.0,0.0,FIFA World Cup qualification,Saitama,Japan,0,2022,0,1,23,2021-12-23,26.0,26.0,0.0,1531.53,1531.53,2021-12-23,51.0,48.0,-3.0,1434.71,1441.17,25.0,96.81999999999994,1760.0,1629.0,131.0,1,1.0,1.0,1.0,1.0,1.0,1.0,1.0,1.0,1.0,1.0,1.0,1.0,0.0,0.0,0.0,0.0,0.0,0.0
24,2022-02-01,Oman,Australia,2.0,2.0,FIFA World Cup qualification,Muscat,Oman,0,2022,0,1,24,2021-12-23,79.0,78.0,-1.0,1306.01,1307.09,2021-12-23,35.0,35.0,0.0,1484.88,1484.88,-44.0,-178.87000000000012,1496.0,1735.0,-239.0,0,-1.0,-1.0,-1.0,-1.0,-1.0,-1.0,1.0,1.0,1.0,1.0,1.0,1.0,-2.0,-2.0,-2.0,-2.0,-2.0,-2.0
25,2022-02-01,Bolivia,Chile,2.0,3.0,FIFA World Cup qualification,La Paz,Bolivia,0,2022,0,1,25,2021-12-23,77.0,77.0,0.0,1324.21,1324.21,2021-12-23,24.0,24.0,0.0,1543.42,1541.33,-53.0,-219.21000000000004,1582.0,1813.0,-231.0,-1,-1.0,-1.0,-1.0,-1.0,-1.0,-1.0,-1.0,-1.0,-1.0,-1.0,-1.0,-1.0,0.0,0.0,0.0,0.0,0.0,0.0
26,2022-02-01,Uruguay,Venezuela,4.0,1.0,FIFA World Cup qualification,Montevideo,Uruguay,0,2022,0,1,26,2021-12-23,17.0,17.0,0.0,1596.66,1596.66,2021-12-23,59.0,59.0,0.0,1409.14,1409.14,42.0,187.52,1847.0,1801.0,46.0,1,1.0,1.0,1.0,1.0,1.0,1.0,1.0,1.0,1.0,1.0,1.0,1.0,0.0,0.0,0.0,0.0,0.0,0.0
27,2022-02-01,Argentina,Colombia,1.0,0.0,FIFA World Cup qualification,Córdoba,Argentina,0,2022,0,1,27,2021-12-23,5.0,5.0,0.0,1750.51,1750.51,2021-12-23,16.0,16.0,0.0,1607.15,1607.15,11.0,143.3599999999999,2101.0,1904.0,197.0,1,1.0,1.0,1.0,1.0,1.0,1.0,-1.0,-1.0,-1.0,-1.0,-1.0,-1.0,2.0,2.0,2.0,2.0,2.0,2.0
28,2022-02-01,Peru,Ecuador,1.0,1.0,FIFA World Cup qualification,Lima,Peru,0,2022,0,1,28,2021-12-23,22.0,22.0,0.0,1551.15,1551.15,2021-12-23,46.0,46.0,0.0,1448.27,1448.74,24.0,102.88000000000012,1792.0,1849.0,-57.0,0,1.0,1.0,1.0,1.0,1.0,1.0,0.0,0.0,0.0,0.0,0.0,0.0,1.0,1.0,1.0,1.0,1.0,1.0
29,2022-02-01,Brazil,Paraguay,4.0,0.0,FIFA World Cup qualification,Belo Horizonte,Brazil,0,2022,0,1,29,2021-12-23,2.0,2.0,0.0,1826.35,1826.35,2021-12-23,43.0,43.0,0.0,1454.52,1454.52,41.0,371.8299999999999,2149.0,1729.0,420.0,1,0.0,0.0,0.0,0.0,0.0,0.0,-1.0,-1.0,-1.0,-1.0,-1.0,-1.0,1.0,1.0,1.0,1.0,1.0,1.0
30,2022-02-02,Mexico,Panama,1.0,0.0,FIFA World Cup qualification,Mexico City,Mexico,0,2022,0,1,30,2021-12-23,14.0,14.0,0.0,1638.3,1638.76,2021-12-23,63.0,63.0,0.0,1379.34,1379.34,49.0,258.96000000000004,1839.0,1627.0,212.0,1,0.5,0.5,0.5,0.5,0.6666666666666667,0.75,0.0,0.0,0.0,0.0,-0.3333333333333335,-0.5,0.5,0.5,0.5,0.5,1.0000000000000002,1.25
31,2022-02-02,El Salvador,Canada,0.0,2.0,FIFA World Cup qualification,San Salvador,El Salvador,0,2022,0,1,31,2021-12-23,70.0,69.0,-1.0,1349.47,1350.63,2021-12-23,40.0,40.0,0.0,1462.32,1462.32,-30.0,-112.84999999999992,1466.0,1784.0,-318.0,-1,0.0,0.0,0.0,0.0,-0.3333333333333335,-0.5,1.0,1.0,1.0,1.0,1.0,1.0,-1.0,-1.0,-1.0,-1.0,-1.3333333333333335,-1.5
32,2022-02-02,United States,Honduras,3.0,0.0,FIFA World Cup qualification,Saint Paul,United States,0,2022,0,1,32,2021-12-23,11.0,12.0,1.0,1648.51,1647.14,2021-12-23,76.0,76.0,0.0,1332.16,1332.16,65.0,316.3499999999999,1858.0,1604.0,254.0,1,0.0,0.0,0.0,0.0,0.3333333333333335,0.5,-1.0,-1.0,-1.0,-1.0,-1.0,-1.0,1.0,1.0,1.0,1.0,1.3333333333333335,1.5
33,2022-02-02,Jamaica,Costa Rica,0.0,1.0,FIFA World Cup qualification,Kingston,Jamaica,0,2022,0,1,33,2021-12-23,57.0,57.0,0.0,1412.13,1412.13,2021-12-23,49.0,49.0,0.0,1437.43,1437.43,-8.0,-25.299999999999955,1578.0,1743.0,-165.0,-1,-1.0,-1.0,-1.0,-1.0,-1.0,-1.0,0.5,0.5,0.5,0.5,0.6666666666666667,0.75,-1.5,-1.5,-1.5,-1.5,-1.6666666666666667,-1.75
34,2022-03-18,Papua New Guinea,New Zealand,0.0,1.0,FIFA World Cup qualification,Doha,Qatar,1,2022,0,1,35,2022-02-10,165.0,165.0,0.0,990.55,990.55,2022-02-10,111.0,110.0,-1.0,1161.66,1165.81,-54.0,-171.11000000000013,1098.0,1528.0,-430.0,-1,,,,,,,,,,,,,,,,,,
35,2022-03-18,New Caledonia,Fiji,1.0,2.0,FIFA World Cup qualification,Doha,Qatar,1,2022,0,1,36,2022-02-10,153.0,153.0,0.0,1035.12,1035.12,2022-02-10,162.0,161.0,-1.0,996.27,996.27,9.0,38.84999999999991,1219.0,1236.0,-17.0,-1,,,,,,,,,,,,,,,,,,
36,2022-03-21,Papua New Guinea,New Caledonia,1.0,0.0,FIFA World Cup qualification,Doha,Qatar,1,2022,0,1,37,2022-02-10,165.0,165.0,0.0,990.55,990.55,2022-02-10,153.0,153.0,0.0,1035.12,1035.12,-12.0,-44.569999999999936,1098.0,1219.0,-121.0,1,-1.0,-1.0,-1.0,-1.0,-1.0,-1.0,-1.0,-1.0,-1.0,-1.0,-1.0,-1.0,0.0,0.0,0.0,0.0,0.0,0.0
37,2022-03-21,New Zealand,Fiji,4.0,0.0,FIFA World Cup qualification,Doha,Qatar,1,2022,0,1,38,2022-02-10,111.0,110.0,-1.0,1161.66,1165.81,2022-02-10,162.0,161.0,-1.0,996.27,996.27,51.0,165.3900000000001,1528.0,1236.0,292.0,1,1.0,1.0,1.0,1.0,1.0,1.0,1.0,1.0,1.0,1.0,1.0,1.0,0.0,0.0,0.0,0.0,0.0,0.0
38,2022-03-24,Vietnam,Oman,0.0,1.0,FIFA World Cup qualification,Hanoi,Vietnam,0,2022,0,1,39,2022-02-10,98.0,98.0,0.0,1218.55,1212.54,2022-02-10,79.0,79.0,0.0,1301.0,1306.01,-19.0,-82.45000000000005,1425.0,1496.0,-71.0,-1,0.0,0.0,0.0,0.0,-0.3333333333333335,-0.5,-0.5,-0.5,-0.5,-0.5,-0.6666666666666667,-0.75,0.5,0.5,0.5,0.5,0.33333333333333326,0.25
39,2022-03-24,Portugal,Turkey,3.0,1.0,FIFA World Cup qualification,Porto,Portugal,0,2022,0,1,40,2022-02-10,8.0,8.0,0.0,1660.25,1660.25,2022-02-10,39.0,37.0,-2.0,1472.72,1472.72,31.0,187.53,1972.0,1726.0,246.0,1,,,,,,,,,,,,,,,,,,
40,2022-03-24,Italy,North Macedonia,0.0,1.0,FIFA World Cup qualification,Palermo,Italy,0,2022,0,1,41,2022-02-10,6.0,6.0,0.0,1740.77,1740.77,2022-02-10,67.0,67.0,0.0,1367.23,1367.23,61.0,373.54,2006.0,1562.0,444.0,-1,,,,,,,,,,,,,,,,,,
41,2022-03-24,Uruguay,Peru,1.0,0.0,FIFA World Cup qualification,Montevideo,Uruguay,0,2022,0,1,42,2022-02-10,16.0,17.0,1.0,1614.05,1596.66,2022-02-10,22.0,22.0,0.0,1563.45,1551.15,6.0,50.59999999999991,1847.0,1792.0,55.0,1,1.0,1.0,1.0,1.0,1.0,1.0,0.5,0.5,0.5,0.5,0.6666666666666667,0.75,0.5,0.5,0.5,0.5,0.33333333333333326,0.25
42,2022-03-24,Paraguay,Ecuador,3.0,1.0,FIFA World Cup qualification,Ciudad del Este,Paraguay,0,2022,0,1,43,2022-02-10,50.0,43.0,-7.0,1440.53,1454.52,2022-02-10,44.0,46.0,2.0,1458.63,1448.27,-6.0,-18.100000000000136,1729.0,1849.0,-120.0,1,-1.0,-1.0,-1.0,-1.0,-1.0,-1.0,0.0,0.0,0.0,0.0,0.0,0.0,-1.0,-1.0,-1.0,-1.0,-1.0,-1.0
43,2022-03-24,Brazil,Chile,4.0,0.0,FIFA World Cup qualification,Rio de Janeiro,Brazil,0,2022,0,1,44,2022-02-10,2.0,2.0,0.0,1823.42,1826.35,2022-02-10,26.0,24.0,-2.0,1543.16,1543.42,24.0,280.26,2149.0,1813.0,336.0,1,0.5,0.5,0.5,0.5,0.33333333333333326,0.25,0.0,0.0,0.0,0.0,-0.3333333333333335,-0.5,0.5,0.5,0.5,0.5,0.6666666666666667,0.75
44,2022-03-24,Colombia,Bolivia,3.0,0.0,FIFA World Cup qualification,Barranquilla,Colombia,0,2022,0,1,45,2022-02-10,19.0,16.0,-3.0,1585.89,1607.15,2022-02-10,76.0,77.0,1.0,1308.12,1324.21,57.0,277.7700000000002,1904.0,1582.0,322.0,1,-1.0,-1.0,-1.0,-1.0,-1.0,-1.0,-1.0,-1.0,-1.0,-1.0,-1.0,-1.0,0.0,0.0,0.0,0.0,0.0,0.0
45,2022-03-24,New Zealand,New Caledonia,7.0,1.0,FIFA World Cup qualification,Doha,Qatar,1,2022,0,1,46,2022-02-10,111.0,110.0,-1.0,1161.66,1165.81,2022-02-10,153.0,153.0,0.0,1035.12,1035.12,42.0,126.5400000000002,1528.0,1220.0,308.0,1,1.0,1.0,1.0,1.0,1.0,1.0,-1.0,-1.0,-1.0,-1.0,-1.0,-1.0,2.0,2.0,2.0,2.0,2.0,2.0
46,2022-03-24,Fiji,Papua New Guinea,1.0,2.0,FIFA World Cup qualification,Doha,Qatar,1,2022,0,1,47,2022-02-10,162.0,161.0,-1.0,996.27,996.27,2022-02-10,165.0,165.0,0.0,990.55,990.55,3.0,5.720000000000027,1250.0,1173.0,77.0,-1,0.0,0.0,0.0,0.0,0.3333333333333335,0.5,0.0,0.0,0.0,0.0,-0.3333333333333335,-0.5,0.0,0.0,0.0,0.0,0.666666666666667,1.0
47,2022-03-24,Solomon Islands,Tahiti,3.0,1.0,FIFA World Cup qualification,Doha,Qatar,1,2022,0,1,48,2022-02-10,142.0,141.0,-1.0,1072.78,1072.78,2022-02-10,159.0,159.0,0.0,1014.27,1014.27,17.0,58.50999999999999,1196.0,1250.0,-54.0,1,,,,,,,,,,,,,,,,,,
48,2022-03-24,China PR,Saudi Arabia,1.0,1.0,FIFA World Cup qualification,Sharjah,United Arab Emirates,1,2022,0,1,49,2022-02-10,75.0,74.0,-1.0,1313.81,1337.33,2022-02-10,53.0,51.0,-2.0,1433.95,1434.71,-22.0,-120.1400000000001,1473.0,1629.0,-156.0,0,-1.0,-1.0,-1.0,-1.0,-1.0,-1.0,0.0,0.0,0.0,0.0,0.3333333333333335,0.5,-1.0,-1.0,-1.0,-1.0,-1.3333333333333335,-1.5
49,2022-03-24,Sweden,Czech Republic,1.0,0.0,FIFA World Cup qualification,Stockholm,Sweden,0,2022,0,1,50,2022-02-10,17.0,18.0,1.0,1588.26,1588.26,2022-02-10,31.0,32.0,1.0,1510.42,1510.42,14.0,77.83999999999992,1820.0,1744.0,76.0,1,,,,,,,,,,,,,,,,,,
50,2022-03-24,South Korea,Iran,2.0,0.0,FIFA World Cup qualification,Seoul,South Korea,0,2022,0,1,51,2022-02-10,29.0,33.0,4.0,1522.85,1507.24,2022-02-10,21.0,21.0,0.0,1572.89,1557.58,-8.0,-50.04000000000019,1788.0,1837.0,-49.0,1,1.0,1.0,1.0,1.0,1.0,1.0,1.0,1.0,1.0,1.0,1.0,1.0,0.0,0.0,0.0,0.0,0.0,0.0
51,2022-03-24,Iraq,United Arab Emirates,1.0,0.0,FIFA World Cup qualification,Riyadh,Saudi Arabia,1,2022,0,1,52,2022-02-10,74.0,75.0,1.0,1325.44,1333.03,2022-02-10,69.0,69.0,0.0,1353.1,1350.39,-5.0,-27.65999999999985,1551.0,1474.0,77.0,1,-0.5,-0.5,-0.5,-0.5,-0.6666666666666667,-0.75,0.0,0.0,0.0,0.0,0.3333333333333335,0.5,-0.5,-0.5,-0.5,-0.5,-1.0000000000000002,-1.25
52,2022-03-24,Lebanon,Syria,0.0,3.0,FIFA World Cup qualification,Sidon,Lebanon,0,2022,0,1,53,2022-02-10,95.0,95.0,0.0,1228.97,1233.0,2022-02-10,91.0,86.0,-5.0,1251.22,1268.54,-4.0,-22.25,1407.0,1481.0,-74.0,-1,-0.5,-0.5,-0.5,-0.5,-0.6666666666666667,-0.75,-1.0,-1.0,-1.0,-1.0,-1.0,-1.0,0.5,0.5,0.5,0.5,0.33333333333333326,0.25
53,2022-03-24,Costa Rica,Canada,1.0,0.0,FIFA World Cup qualification,San José,Costa Rica,0,2022,0,1,54,2022-02-10,42.0,49.0,7.0,1464.06,1437.43,2022-02-10,33.0,40.0,7.0,1497.82,1462.32,-9.0,-33.75999999999999,1743.0,1784.0,-41.0,1,0.6666666666666666,0.6666666666666666,0.6666666666666666,0.75,0.7777777777777778,0.8125,1.0,1.0,1.0,1.0,1.0,1.0,-0.33333333333333337,-0.33333333333333337,-0.33333333333333337,-0.25,-0.2222222222222222,-0.1875
54,2022-03-24,Panama,Honduras,1.0,1.0,FIFA World Cup qualification,Panama City,Panama,0,2022,0,1,55,2022-02-10,63.0,63.0,0.0,1375.56,1379.34,2022-02-10,78.0,76.0,-2.0,1303.96,1332.16,15.0,71.59999999999991,1627.0,1604.0,23.0,0,-0.3333333333333333,-0.3333333333333333,-0.3333333333333333,-0.5,-0.5555555555555556,-0.625,-1.0,-1.0,-1.0,-1.0,-1.0,-1.0,0.6666666666666667,0.6666666666666667,0.6666666666666667,0.5,0.4444444444444444,0.375
55,2022-03-24,Mexico,United States,0.0,0.0,FIFA World Cup qualification,Mexico City,Mexico,0,2022,0,1,56,2022-02-10,12.0,14.0,2.0,1647.9,1638.3,2022-02-10,13.0,11.0,-2.0,1643.34,1648.51,1.0,4.560000000000173,1839.0,1858.0,-19.0,0,0.6666666666666666,0.6666666666666666,0.6666666666666666,0.75,0.7777777777777778,0.8125,0.3333333333333333,0.3333333333333333,0.3333333333333333,0.5,0.5555555555555556,0.625,0.3333333333333333,0.3333333333333333,0.3333333333333333,0.25,0.2222222222222222,0.1875
56,2022-03-24,Jamaica,El Salvador,1.0,1.0,FIFA World Cup qualification,Kingston,Jamaica,0,2022,0,1,57,2022-02-10,62.0,57.0,-5.0,1378.62,1412.13,2022-02-10,70.0,70.0,0.0,1346.04,1349.47,8.0,32.57999999999993,1578.0,1466.0,112.0,0,-1.0,-1.0,-1.0,-1.0,-1.0,-1.0,-0.3333333333333333,-0.3333333333333333,-0.3333333333333333,-0.5,-0.5555555555555556,-0.625,-0.6666666666666667,-0.6666666666666667,-0.6666666666666667,-0.5,-0.4444444444444444,-0.375
57,2022-03-24,Australia,Japan,0.0,2.0,FIFA World Cup qualification,Sydney,Australia,0,2022,0,1,58,2022-02-10,37.0,35.0,-2.0,1486.86,1484.88,2022-02-10,23.0,26.0,3.0,1549.82,1531.53,-14.0,-62.96000000000004,1735.0,1760.0,-25.0,-1,0.5,0.5,0.5,0.5,0.6666666666666667,0.75,1.0,1.0,1.0,1.0,1.0,1.0,-0.5,-0.5,-0.5,-0.5,-0.33333333333333326,-0.25
58,2022-03-24,Wales,Austria,2.0,1.0,FIFA World Cup qualification,Cardiff,Wales,0,2022,0,1,59,2022-02-10,20.0,19.0,-1.0,1578.01,1578.01,2022-02-10,30.0,31.0,1.0,1511.56,1511.56,10.0,66.45000000000005,1827.0,1730.0,97.0,1,,,,,,,,,,,,,,,,,,
59,2022-03-25,Argentina,Venezuela,3.0,0.0,FIFA World Cup qualification,Buenos Aires,Argentina,0,2022,0,1,60,2022-02-10,4.0,5.0,1.0,1766.99,1750.51,2022-02-10,58.0,59.0,1.0,1411.45,1409.14,54.0,355.54,2101.0,1801.0,300.0,1,1.0,1.0,1.0,1.0,1.0,1.0,0.0,0.0,0.0,0.0,0.3333333333333335,0.5,1.0,1.0,1.0,1.0,0.6666666666666665,0.5
60,2022-03-25,Ghana,Nigeria,0.0,0.0,FIFA World Cup qualification,Kumasi,Ghana,0,2022,0,1,61,2022-02-10,61.0,52.0,-9.0,1381.45,1428.97,2022-02-10,32.0,36.0,4.0,1509.91,1478.78,-29.0,-128.46000000000004,1600.0,1657.0,-57.0,0,,,,,,,,,,,,,,,,,,
61,2022-03-25,Mali,Tunisia,0.0,1.0,FIFA World Cup qualification,Bamako,Mali,0,2022,0,1,62,2022-02-10,48.0,53.0,5.0,1446.49,1427.98,2022-02-10,36.0,30.0,-6.0,1489.92,1512.72,-12.0,-43.430000000000064,1574.0,1638.0,-64.0,-1,,,,,,,,,,,,,,,,,,
62,2022-03-25,DR Congo,Morocco,1.0,1.0,FIFA World Cup qualification,Kinshasa,DR Congo,0,2022,0,1,63,2022-02-10,66.0,64.0,-2.0,1369.53,1375.64,2022-02-10,24.0,28.0,4.0,1547.42,1529.93,-42.0,-177.8900000000001,1509.0,1764.0,-255.0,0,,,,,,,,,,,,,,,,,,
63,2022-03-25,Egypt,Senegal,1.0,0.0,FIFA World Cup qualification,Cairo,Egypt,0,2022,0,1,64,2022-02-10,34.0,45.0,11.0,1497.05,1451.77,2022-02-10,18.0,20.0,2.0,1587.78,1561.68,-16.0,-90.73000000000002,1658.0,1702.0,-44.0,1,,,,,,,,,,,,,,,,,,
64,2022-03-25,Cameroon,Algeria,0.0,1.0,FIFA World Cup qualification,Douala,Cameroon,0,2022,0,1,65,2022-02-10,38.0,50.0,12.0,1480.82,1437.35,2022-02-10,43.0,29.0,-14.0,1460.93,1516.51,5.0,19.88999999999988,1588.0,1799.0,-211.0,-1,,,,,,,,,,,,,,,,,,
65,2022-03-27,New Zealand,Tahiti,1.0,0.0,FIFA World Cup qualification,Doha,Qatar,1,2022,0,1,66,2022-02-10,111.0,110.0,-1.0,1161.66,1165.81,2022-02-10,159.0,159.0,0.0,1014.27,1014.27,48.0,147.3900000000001,1528.0,1250.0,278.0,1,1.0,1.0,1.0,1.0,1.0,1.0,-1.0,-1.0,-1.0,-1.0,-1.0,-1.0,2.0,2.0,2.0,2.0,2.0,2.0
66,2022-03-27,United States,Panama,5.0,1.0,FIFA World Cup qualification,Orlando,United States,0,2022,0,1,67,2022-02-10,13.0,11.0,-2.0,1643.34,1648.51,2022-02-10,63.0,63.0,0.0,1375.56,1379.34,50.0,267.78,1858.0,1627.0,231.0,1,0.0,0.25,0.25,0.25,0.3703703703703704,0.46875,0.0,-0.25,-0.25,-0.25,-0.3703703703703704,-0.46875,0.0,0.5,0.5,0.5,0.7407407407407408,0.9375
67,2022-03-27,Solomon Islands,Papua New Guinea,3.0,2.0,FIFA World Cup qualification,Doha,Qatar,1,2022,0,1,68,2022-02-10,142.0,141.0,-1.0,1072.78,1072.78,2022-02-10,165.0,165.0,0.0,990.55,990.55,23.0,82.23000000000002,1196.0,1173.0,23.0,1,1.0,1.0,1.0,1.0,1.0,1.0,0.3333333333333333,0.3333333333333333,0.3333333333333333,0.5,0.11111111111111091,-0.125,0.6666666666666667,0.6666666666666667,0.6666666666666667,0.5,0.8888888888888891,1.125
68,2022-03-27,Canada,Jamaica,4.0,0.0,FIFA World Cup qualification,Toronto,Canada,0,2022,0,1,69,2022-02-10,33.0,40.0,7.0,1497.82,1462.32,2022-02-10,62.0,57.0,-5.0,1378.62,1412.13,29.0,119.20000000000005,1784.0,1578.0,206.0,1,0.3333333333333333,0.5,0.5,0.0,0.3333333333333335,0.5,-0.6666666666666666,-0.75,-0.75,-0.5,-0.6666666666666667,-0.75,1.0,1.25,1.25,0.5,1.0000000000000002,1.25
69,2022-03-27,El Salvador,Costa Rica,1.0,2.0,FIFA World Cup qualification,San Salvador,El Salvador,0,2022,0,1,70,2022-02-10,70.0,70.0,0.0,1346.04,1349.47,2022-02-10,42.0,49.0,7.0,1464.06,1437.43,-28.0,-118.01999999999998,1466.0,1743.0,-277.0,-1,0.0,-0.25,-0.25,-0.25,-0.3703703703703704,-0.46875,0.6666666666666666,0.75,0.75,0.875,0.8518518518518519,0.859375,-0.6666666666666666,-1.0,-1.0,-1.125,-1.2222222222222223,-1.328125
70,2022-03-27,Honduras,Mexico,0.0,1.0,FIFA World Cup qualification,San Pedro Sula,Honduras,0,2022,0,1,71,2022-02-10,78.0,76.0,-2.0,1303.96,1332.16,2022-02-10,12.0,14.0,2.0,1647.9,1638.3,-66.0,-343.94000000000005,1604.0,1839.0,-235.0,-1,-0.6666666666666666,-0.75,-0.75,-0.5,-0.6666666666666667,-0.75,0.3333333333333333,0.5,0.5,0.375,0.5185185185185186,0.609375,-1.0,-1.25,-1.25,-0.875,-1.1851851851851853,-1.359375
71,2022-03-29,Saudi Arabia,Australia,1.0,0.0,FIFA World Cup qualification,Jeddah,Saudi Arabia,0,2022,0,1,72,2022-02-10,53.0,51.0,-2.0,1433.95,1434.71,2022-02-10,37.0,35.0,-2.0,1486.86,1484.88,-16.0,-52.909999999999854,1629.0,1735.0,-106.0,1,0.0,0.0,0.0,0.0,0.22222222222222235,0.375,0.0,0.0,0.0,-0.25,0.11111111111111129,0.3125,0.0,0.0,0.0,0.25,0.11111111111111106,0.0625
72,2022-03-29,Portugal,North Macedonia,2.0,0.0,FIFA World Cup qualification,Porto,Portugal,0,2022,0,1,73,2022-02-10,8.0,8.0,0.0,1660.25,1660.25,2022-02-10,67.0,67.0,0.0,1367.23,1367.23,59.0,293.02,1972.0,1562.0,410.0,1,1.0,1.0,1.0,1.0,1.0,1.0,1.0,1.0,1.0,1.0,1.0,1.0,0.0,0.0,0.0,0.0,0.0,0.0
73,2022-03-29,Poland,Sweden,2.0,0.0,FIFA World Cup qualification,Chorzów,Poland,0,2022,0,1,74,2022-02-10,28.0,27.0,-1.0,1530.62,1530.62,2022-02-10,17.0,18.0,1.0,1588.26,1588.26,-11.0,-57.6400000000001,1782.0,1820.0,-38.0,1,,,,,,,1.0,1.0,1.0,1.0,1.0,1.0,,,,,,
74,2022-03-29,Chile,Uruguay,0.0,2.0,FIFA World Cup qualification,Santiago,Chile,0,2022,0,1,75,2022-02-10,26.0,24.0,-2.0,1543.16,1543.42,2022-02-10,16.0,17.0,1.0,1614.05,1596.66,-10.0,-70.88999999999987,1813.0,1847.0,-34.0,-1,-0.3333333333333333,-0.3333333333333333,-0.3333333333333333,-0.5,-0.5555555555555556,-0.625,1.0,1.0,1.0,1.0,1.0,1.0,-1.3333333333333333,-1.3333333333333333,-1.3333333333333333,-1.5,-1.5555555555555556,-1.625
75,2022-03-29,Venezuela,Colombia,0.0,1.0,FIFA World Cup qualification,Guayana,Venezuela,0,2022,0,1,76,2022-02-10,58.0,59.0,1.0,1411.45,1409.14,2022-02-10,19.0,16.0,-3.0,1585.89,1607.15,-39.0,-174.44000000000003,1801.0,1904.0,-103.0,-1,-0.3333333333333333,-0.3333333333333333,-0.3333333333333333,-0.5,-0.11111111111111091,0.125,-0.3333333333333333,-0.3333333333333333,-0.3333333333333333,0.0,-0.3333333333333335,-0.5,0.0,0.0,0.0,-0.5,0.22222222222222257,0.625
76,2022-03-29,Bolivia,Brazil,0.0,4.0,FIFA World Cup qualification,La Paz,Bolivia,0,2022,0,1,77,2022-02-10,76.0,77.0,1.0,1308.12,1324.21,2022-02-10,2.0,2.0,0.0,1823.42,1826.35,-74.0,-515.3000000000002,1582.0,2149.0,-567.0,-1,-1.0,-1.0,-1.0,-1.0,-1.0,-1.0,0.6666666666666666,0.6666666666666666,0.6666666666666666,0.75,0.5555555555555555,0.4375,-1.6666666666666665,-1.6666666666666665,-1.6666666666666665,-1.75,-1.5555555555555554,-1.4375
77,2022-03-29,Peru,Paraguay,2.0,0.0,FIFA World Cup qualification,Lima,Peru,0,2022,0,1,78,2022-02-10,22.0,22.0,0.0,1563.45,1551.15,2022-02-10,50.0,43.0,-7.0,1440.53,1454.52,28.0,122.92000000000009,1792.0,1729.0,63.0,1,0.0,0.0,0.0,-0.25,0.11111111111111129,0.3125,-0.3333333333333333,-0.3333333333333333,-0.3333333333333333,0.0,-0.3333333333333335,-0.5,0.3333333333333333,0.3333333333333333,0.3333333333333333,-0.25,0.44444444444444475,0.8125
78,2022-03-29,Ecuador,Argentina,1.0,1.0,FIFA World Cup qualification,Guayaquil,Ecuador,0,2022,0,1,79,2022-02-10,44.0,46.0,2.0,1458.63,1448.27,2022-02-10,4.0,5.0,1.0,1766.99,1750.51,-40.0,-308.3599999999999,1849.0,2101.0,-252.0,0,-0.3333333333333333,-0.3333333333333333,-0.3333333333333333,-0.5,-0.33333333333333326,-0.25,1.0,1.0,1.0,1.0,1.0,1.0,-1.3333333333333333,-1.3333333333333333,-1.3333333333333333,-1.5,-1.3333333333333333,-1.25
79,2022-03-29,Oman,China PR,2.0,0.0,FIFA World Cup qualification,Muscat,Oman,0,2022,0,1,80,2022-02-10,79.0,79.0,0.0,1301.0,1306.01,2022-02-10,75.0,74.0,-1.0,1313.81,1337.33,-4.0,-12.809999999999944,1496.0,1473.0,23.0,1,0.0,0.0,0.0,0.25,-0.11111111111111129,-0.3125,-0.6666666666666666,-0.6666666666666666,-0.6666666666666666,-0.5,-0.6666666666666667,-0.75,0.6666666666666666,0.6666666666666666,0.6666666666666666,0.75,0.5555555555555555,0.4375
80,2022-03-29,United Arab Emirates,South Korea,1.0,0.0,FIFA World Cup qualification,Dubai,United Arab Emirates,0,2022,0,1,81,2022-02-10,69.0,69.0,0.0,1353.1,1350.39,2022-02-10,29.0,33.0,4.0,1522.85,1507.24,-40.0,-169.75,1474.0,1788.0,-314.0,1,-0.3333333333333333,-0.3333333333333333,-0.3333333333333333,-0.5,-0.11111111111111091,0.125,1.0,1.0,1.0,1.0,1.0,1.0,-1.3333333333333333,-1.3333333333333333,-1.3333333333333333,-1.5,-1.111111111111111,-0.875
81,2022-03-29,Syria,Iraq,1.0,1.0,FIFA World Cup qualification,Dubai,United Arab Emirates,1,2022,0,1,82,2022-02-10,91.0,86.0,-5.0,1251.22,1268.54,2022-02-10,74.0,75.0,1.0,1325.44,1333.03,-17.0,-74.22000000000003,1481.0,1551.0,-70.0,0,-0.3333333333333333,-0.3333333333333333,-0.3333333333333333,0.0,-0.3333333333333335,-0.5,0.0,0.0,0.0,0.25,-0.11111111111111129,-0.3125,-0.3333333333333333,-0.3333333333333333,-0.3333333333333333,-0.25,-0.2222222222222222,-0.1875
82,2022-03-29,Iran,Lebanon,2.0,0.0,FIFA World Cup qualification,Mashhad,Iran,0,2022,0,1,83,2022-02-10,21.0,21.0,0.0,1572.89,1557.58,2022-02-10,95.0,95.0,0.0,1228.97,1233.0,74.0,343.9200000000001,1837.0,1407.0,430.0,1,0.3333333333333333,0.3333333333333333,0.3333333333333333,0.0,0.3333333333333335,0.5,-0.6666666666666666,-0.6666666666666666,-0.6666666666666666,-0.75,-0.7777777777777778,-0.8125,1.0,1.0,1.0,0.75,1.1111111111111112,1.3125
83,2022-03-29,Tunisia,Mali,0.0,0.0,FIFA World Cup qualification,Tunis,Tunisia,0,2022,0,1,84,2022-02-10,36.0,30.0,-6.0,1489.92,1512.72,2022-02-10,48.0,53.0,5.0,1446.49,1427.98,12.0,43.430000000000064,1638.0,1574.0,64.0,0,1.0,1.0,1.0,1.0,1.0,1.0,-1.0,-1.0,-1.0,-1.0,-1.0,-1.0,2.0,2.0,2.0,2.0,2.0,2.0
84,2022-03-29,Senegal,Egypt,1.0,0.0,FIFA World Cup qualification,Diamniadio,Senegal,0,2022,0,1,85,2022-02-10,18.0,20.0,2.0,1587.78,1561.68,2022-02-10,34.0,45.0,11.0,1497.05,1451.77,16.0,90.73000000000002,1702.0,1658.0,44.0,1,-1.0,-1.0,-1.0,-1.0,-1.0,-1.0,1.0,1.0,1.0,1.0,1.0,1.0,-2.0,-2.0,-2.0,-2.0,-2.0,-2.0
85,2022-03-29,Nigeria,Ghana,1.0,1.0,FIFA World Cup qualification,Abuja,Nigeria,0,2022,0,1,86,2022-02-10,32.0,36.0,4.0,1509.91,1478.78,2022-02-10,61.0,52.0,-9.0,1381.45,1428.97,29.0,128.46000000000004,1657.0,1600.0,57.0,0,0.0,0.0,0.0,0.0,0.0,0.0,0.0,0.0,0.0,0.0,0.0,0.0,0.0,0.0,0.0,0.0,0.0,0.0
86,2022-03-29,Morocco,DR Congo,4.0,1.0,FIFA World Cup qualification,Casablanca,Morocco,0,2022,0,1,87,2022-02-10,24.0,28.0,4.0,1547.42,1529.93,2022-02-10,66.0,64.0,-2.0,1369.53,1375.64,42.0,177.8900000000001,1764.0,1509.0,255.0,1,0.0,0.0,0.0,0.0,0.0,0.0,0.0,0.0,0.0,0.0,0.0,0.0,0.0,0.0,0.0,0.0,0.0,0.0
87,2022-03-29,Algeria,Cameroon,1.0,2.0,FIFA World Cup qualification,Blida,Algeria,0,2022,0,1,88,2022-02-10,43.0,29.0,-14.0,1460.93,1516.51,2022-02-10,38.0,50.0,12.0,1480.82,1437.35,-5.0,-19.88999999999988,1799.0,1588.0,211.0,-1,1.0,1.0,1.0,1.0,1.0,1.0,-1.0,-1.0,-1.0,-1.0,-1.0,-1.0,2.0,2.0,2.0,2.0,2.0,2.0
88,2022-03-29,Japan,Vietnam,1.0,1.0,FIFA World Cup qualification,Saitama,Japan,0,2022,0,1,89,2022-02-10,23.0,26.0,3.0,1549.82,1531.53,2022-02-10,98.0,98.0,0.0,1218.55,1212.54,75.0,331.27,1760.0,1425.0,335.0,0,1.0,1.0,1.0,1.0,1.0,1.0,-0.3333333333333333,-0.3333333333333333,-0.3333333333333333,-0.5,-0.5555555555555556,-0.625,1.3333333333333333,1.3333333333333333,1.3333333333333333,1.5,1.5555555555555556,1.625
89,2022-03-30,Solomon Islands,New Zealand,0.0,5.0,FIFA World Cup qualification,Doha,Qatar,1,2022,0,1,90,2022-02-10,142.0,141.0,-1.0,1072.78,1072.78,2022-02-10,111.0,110.0,-1.0,1161.66,1165.81,-31.0,-88.88000000000011,1196.0,1528.0,-332.0,-1,1.0,1.0,1.0,1.0,1.0,1.0,1.0,1.0,1.0,1.0,1.0,1.0,0.0,0.0,0.0,0.0,0.0,0.0
90,2022-03-30,Mexico,El Salvador,2.0,0.0,FIFA World Cup qualification,Mexico City,Mexico,0,2022,0,1,91,2022-02-10,12.0,14.0,2.0,1647.9,1638.3,2022-02-10,70.0,70.0,0.0,1346.04,1349.47,58.0,301.8600000000001,1839.0,1466.0,373.0,1,0.6666666666666666,0.6,0.6,0.6875,0.6790123456790124,0.70703125,-0.6666666666666666,-0.4,-0.4,-0.625,-0.5802469135802469,-0.6015625,1.3333333333333333,1.0,1.0,1.3125,1.2592592592592593,1.30859375
91,2022-03-30,Costa Rica,United States,2.0,0.0,FIFA World Cup qualification,San José,Costa Rica,0,2022,0,1,92,2022-02-10,42.0,49.0,7.0,1464.06,1437.43,2022-02-10,13.0,11.0,-2.0,1643.34,1648.51,-29.0,-179.27999999999997,1743.0,1858.0,-115.0,1,1.0,0.8,0.8,0.9375,0.9012345679012346,0.89453125,0.6666666666666666,0.4,0.4,0.625,0.5802469135802469,0.6015625,0.33333333333333337,0.4,0.4,0.3125,0.32098765432098764,0.29296875
92,2022-03-30,Panama,Canada,1.0,0.0,FIFA World Cup qualification,Panama City,Panama,0,2022,0,1,93,2022-02-10,63.0,63.0,0.0,1375.56,1379.34,2022-02-10,33.0,40.0,7.0,1497.82,1462.32,-30.0,-122.26,1627.0,1784.0,-157.0,1,-0.6666666666666666,-0.4,-0.4,-0.625,-0.5802469135802469,-0.6015625,0.3333333333333333,0.6,0.6,0.5,0.5555555555555556,0.625,-1.0,-1.0,-1.0,-1.125,-1.1358024691358026,-1.2265625
93,2022-03-30,Jamaica,Honduras,2.0,1.0,FIFA World Cup qualification,Kingston,Jamaica,0,2022,0,1,94,2022-02-10,62.0,57.0,-5.0,1378.62,1412.13,2022-02-10,78.0,76.0,-2.0,1303.96,1332.16,16.0,74.65999999999985,1578.0,1604.0,-26.0,1,-0.6666666666666666,-0.8,-0.8,-0.75,-0.7777777777777778,-0.8125,-0.6666666666666666,-0.8,-0.8,-0.75,-0.7777777777777778,-0.8125,0.0,0.0,0.0,0.0,0.0,0.0
94,2022-06-01,Scotland,Ukraine,1.0,3.0,FIFA World Cup qualification,Glasgow,Scotland,0,2022,0,1,95,2022-03-31,39.0,40.0,1.0,1472.66,1471.82,2022-03-31,27.0,27.0,0.0,1535.08,1535.08,-12.0,-62.419999999999845,1728.0,1814.0,-86.0,-1,,,,,,,,,,,,,,,,,,
95,2022-06-05,Wales,Ukraine,1.0,0.0,FIFA World Cup qualification,Cardiff,Wales,0,2022,0,1,96,2022-03-31,18.0,20.0,2.0,1588.08,1578.01,2022-03-31,27.0,27.0,0.0,1535.08,1535.08,9.0,53.0,1827.0,1814.0,13.0,1,1.0,1.0,1.0,1.0,1.0,1.0,1.0,1.0,1.0,1.0,1.0,1.0,0.0,0.0,0.0,0.0,0.0,0.0
96,2022-06-07,United Arab Emirates,Australia,1.0,2.0,FIFA World Cup qualification,Al Rayyan,Qatar,1,2022,0,1,97,2022-03-31,68.0,69.0,1.0,1356.99,1353.1,2022-03-31,42.0,37.0,-5.0,1462.29,1486.86,-26.0,-105.29999999999995,1474.0,1735.0,-261.0,-1,-0.3333333333333333,0.0,0.0,0.25,0.2592592592592593,0.34375,-0.6666666666666666,-0.25,-0.25,-0.625,-0.2592592592592591,-0.015625,0.3333333333333333,0.25,0.25,0.875,0.5185185185185184,0.359375
97,2022-06-13,Australia,Peru,0.0,0.0,FIFA World Cup qualification,Al Rayyan,Qatar,1,2022,0,1,98,2022-03-31,42.0,37.0,-5.0,1462.29,1486.86,2022-03-31,22.0,22.0,0.0,1562.32,1563.45,-20.0,-100.02999999999996,1735.0,1792.0,-57.0,0,-0.3333333333333333,0.0,0.0,0.1875,0.16049382716049385,0.23828125,0.0,0.25,0.25,0.375,0.40740740740740744,0.484375,-0.3333333333333333,-0.25,-0.25,-0.1875,-0.2469135802469136,-0.24609375
98,2022-06-14,Costa Rica,New Zealand,1.0,0.0,FIFA World Cup qualification,Al Rayyan,Qatar,1,2022,0,1,99,2022-03-31,31.0,42.0,11.0,1503.09,1464.06,2022-03-31,101.0,111.0,10.0,1206.07,1161.66,70.0,297.02,1743.0,1528.0,215.0,1,1.0,0.8,0.8333333333333334,0.96875,0.934156378600823,0.9208984375,1.0,1.0,1.0,1.0,1.0,1.0,0.0,-0.19999999999999996,-0.16666666666666663,-0.03125,-0.06584362139917699,-0.0791015625
99,2022-11-20,Qatar,Ecuador,0.0,2.0,FIFA World Cup,Al Khor,Qatar,0,2022,1,0,100,2022-03-31,51.0,52.0,1.0,1441.41,1437.91,2022-03-31,46.0,44.0,-2.0,1452.63,1458.63,-5.0,-11.220000000000027,1663.0,1849.0,-186.0,-1,,,,,,,-0.3333333333333333,-0.25,-0.25,-0.25,-0.2222222222222222,-0.1875,,,,,,
100,2022-11-21,Senegal,Netherlands,0.0,2.0,FIFA World Cup,Doha,Qatar,1,2022,1,0,101,2022-03-31,20.0,18.0,-2.0,1584.16,1587.78,2022-03-31,10.0,10.0,0.0,1658.66,1653.73,-10.0,-74.5,1702.0,1929.0,-227.0,-1,0.0,0.0,0.0,0.0,-0.3333333333333335,-0.5,,,,,,,,,,,,
101,2022-11-21,England,Iran,6.0,2.0,FIFA World Cup,Al Rayyan,Qatar,1,2022,1,0,102,2022-03-31,5.0,5.0,0.0,1761.71,1755.52,2022-03-31,21.0,21.0,0.0,1564.49,1572.89,16.0,197.22000000000003,2031.0,1837.0,194.0,1,,,,,,,0.3333333333333333,0.5,0.5,0.5,0.5555555555555556,0.625,,,,,,
102,2022-11-21,United States,Wales,1.0,1.0,FIFA World Cup,Al Rayyan,Qatar,1,2022,1,0,103,2022-03-31,15.0,13.0,-2.0,1633.72,1643.34,2022-03-31,18.0,20.0,2.0,1588.08,1578.01,3.0,45.6400000000001,1858.0,1822.0,36.0,0,0.0,0.0,0.16666666666666666,-0.1875,0.05349794238683141,0.201171875,1.0,1.0,1.0,1.0,1.0,1.0,-1.0,-1.0,-0.8333333333333334,-1.1875,-0.9465020576131686,-0.798828125
103,2022-11-22,France,Australia,4.0,1.0,FIFA World Cup,Al Wakrah,Qatar,1,2022,1,0,104,2022-03-31,3.0,3.0,0.0,1789.85,1786.15,2022-03-31,42.0,37.0,-5.0,1462.29,1486.86,39.0,327.55999999999995,2114.0,1735.0,379.0,1,,,,,,,0.0,-0.2,0.0,0.09375,0.10699588477366258,0.1787109375,,,,,,
104,2022-11-22,Denmark,Tunisia,0.0,0.0,FIFA World Cup,Al Rayyan,Qatar,1,2022,1,0,105,2022-03-31,11.0,9.0,-2.0,1653.6,1654.54,2022-03-31,35.0,36.0,1.0,1499.8,1489.92,24.0,153.79999999999995,1983.0,1638.0,345.0,0,,,,,,,0.5,0.5,0.5,0.5,0.6666666666666667,0.75,,,,,,
105,2022-11-22,Mexico,Poland,0.0,0.0,FIFA World Cup,Doha,Qatar,1,2022,1,0,106,2022-03-31,9.0,12.0,3.0,1658.82,1647.9,2022-03-31,26.0,28.0,2.0,1544.2,1530.62,17.0,114.61999999999988,1839.0,1813.0,26.0,0,0.6666666666666666,0.6,0.6666666666666666,0.84375,0.7860082304526749,0.7802734375,1.0,1.0,1.0,1.0,1.0,1.0,-0.33333333333333337,-0.4,-0.33333333333333337,-0.15625,-0.21399176954732513,-0.2197265625
106,2022-11-22,Argentina,Saudi Arabia,1.0,2.0,FIFA World Cup,Lusail,Qatar,1,2022,1,0,107,2022-03-31,4.0,4.0,0.0,1765.13,1766.99,2022-03-31,49.0,53.0,4.0,1444.69,1433.95,45.0,320.44000000000005,2101.0,1629.0,472.0,-1,0.6666666666666666,0.75,0.75,0.5,0.6666666666666667,0.75,0.0,0.25,0.25,0.5,0.4814814814814815,0.53125,0.6666666666666666,0.5,0.5,0.0,0.18518518518518523,0.21875
107,2022-11-23,Germany,Japan,1.0,2.0,FIFA World Cup,Al Rayyan,Qatar,1,2022,1,0,108,2022-03-31,12.0,11.0,-1.0,1650.53,1648.33,2022-03-31,23.0,23.0,0.0,1553.44,1549.82,11.0,97.08999999999992,1962.0,1760.0,202.0,-1,,,,,,,0.6666666666666666,0.75,0.75,0.5,0.6666666666666667,0.75,,,,,,
108,2022-11-23,Spain,Costa Rica,7.0,0.0,FIFA World Cup,Doha,Qatar,1,2022,1,0,109,2022-03-31,7.0,7.0,0.0,1709.19,1704.75,2022-03-31,31.0,42.0,11.0,1503.09,1464.06,24.0,206.1000000000001,2036.0,1730.0,306.0,1,,,,,,,1.0,1.0,0.8571428571428571,0.984375,0.9561042524005486,0.940673828125,,,,,,
109,2022-11-23,Morocco,Croatia,0.0,0.0,FIFA World Cup,Al Khor,Qatar,1,2022,1,0,110,2022-03-31,24.0,24.0,0.0,1551.88,1547.42,2022-03-31,16.0,15.0,-1.0,1621.11,1620.74,-8.0,-69.22999999999979,1764.0,1858.0,-94.0,0,0.5,0.5,0.5,0.5,0.33333333333333326,0.25,,,,,,,,,,,,
110,2022-11-23,Belgium,Canada,1.0,0.0,FIFA World Cup,Al Rayyan,Qatar,1,2022,1,0,111,2022-03-31,2.0,1.0,-1.0,1827.0,1828.45,2022-03-31,38.0,33.0,-5.0,1479.0,1497.82,36.0,348.0,2074.0,1784.0,290.0,1,,,,,,,-0.3333333333333333,0.2,0.3333333333333333,-0.25,0.03703703703703717,0.21875,,,,,,
111,2022-11-24,Portugal,Ghana,3.0,2.0,FIFA World Cup,Doha,Qatar,1,2022,1,0,112,2022-03-31,8.0,8.0,0.0,1674.78,1660.25,2022-03-31,60.0,61.0,1.0,1387.36,1381.45,52.0,287.4200000000001,1972.0,1600.0,372.0,1,1.0,1.0,1.0,1.0,1.0,1.0,0.0,0.0,0.0,0.0,0.0,0.0,1.0,1.0,1.0,1.0,1.0,1.0
112,2022-11-24,Uruguay,South Korea,0.0,0.0,FIFA World Cup,Al Rayyan,Qatar,1,2022,1,0,113,2022-03-31,13.0,16.0,3.0,1635.73,1614.05,2022-03-31,29.0,29.0,0.0,1519.54,1522.85,16.0,116.19000000000004,1847.0,1788.0,59.0,0,1.0,1.0,1.0,1.0,1.0,1.0,0.3333333333333333,0.5,0.5,0.0,0.3333333333333335,0.5,0.6666666666666667,0.5,0.5,1.0,0.6666666666666665,0.5
113,2022-11-24,Brazil,Serbia,2.0,0.0,FIFA World Cup,Lusail,Qatar,1,2022,1,0,114,2022-03-31,1.0,2.0,1.0,1832.69,1823.42,2022-03-31,25.0,25.0,0.0,1547.53,1547.38,24.0,285.1600000000001,2149.0,1803.0,346.0,1,1.0,0.75,0.75,0.875,0.7037037037037036,0.578125,,,,,,,,,,,,
114,2022-11-24,Switzerland,Cameroon,1.0,0.0,FIFA World Cup,Al Wakrah,Qatar,1,2022,1,0,115,2022-03-31,14.0,14.0,0.0,1635.32,1642.83,2022-03-31,37.0,38.0,1.0,1480.48,1480.82,23.0,154.83999999999992,1933.0,1613.0,320.0,1,,,,,,,0.0,0.0,0.0,0.0,-0.3333333333333335,-0.5,,,,,,
115,2022-11-25,Qatar,Senegal,1.0,3.0,FIFA World Cup,Doha,Qatar,0,2022,1,0,116,2022-03-31,51.0,52.0,1.0,1441.41,1437.91,2022-03-31,20.0,18.0,-2.0,1584.16,1587.78,-31.0,-142.75,1663.0,1702.0,-39.0,-1,-1.0,-1.0,-1.0,-1.0,-1.0,-1.0,-0.3333333333333333,-0.3333333333333333,-0.3333333333333333,-0.5,-0.5555555555555556,-0.625,-0.6666666666666667,-0.6666666666666667,-0.6666666666666667,-0.5,-0.4444444444444444,-0.375
116,2022-11-25,Netherlands,Ecuador,1.0,1.0,FIFA World Cup,Al Rayyan,Qatar,1,2022,1,0,117,2022-03-31,10.0,10.0,0.0,1658.66,1653.73,2022-03-31,46.0,44.0,-2.0,1452.63,1458.63,36.0,206.03,1929.0,1849.0,80.0,0,1.0,1.0,1.0,1.0,1.0,1.0,0.0,0.0,0.0,0.375,0.1851851851851851,0.109375,1.0,1.0,1.0,0.625,0.8148148148148149,0.890625
117,2022-11-25,Wales,Iran,0.0,2.0,FIFA World Cup,Al Rayyan,Qatar,1,2022,1,0,118,2022-03-31,18.0,20.0,2.0,1588.08,1578.01,2022-03-31,21.0,21.0,0.0,1564.49,1572.89,3.0,23.58999999999992,1822.0,1837.0,-15.0,-1,0.6666666666666666,0.6666666666666666,0.6666666666666666,0.5,0.6666666666666667,0.75,-0.3333333333333333,0.2,0.2,-0.25,0.03703703703703717,0.21875,1.0,0.4666666666666666,0.4666666666666666,0.75,0.6296296296296295,0.53125
118,2022-11-25,England,United States,0.0,0.0,FIFA World Cup,Al Khor,Qatar,1,2022,1,0,119,2022-03-31,5.0,5.0,0.0,1761.71,1755.52,2022-03-31,15.0,13.0,-2.0,1633.72,1643.34,10.0,127.99,2031.0,1858.0,173.0,0,1.0,1.0,1.0,1.0,1.0,1.0,0.0,0.2,0.14285714285714285,-0.09375,0.035665294924554274,0.15087890625,1.0,0.8,0.8571428571428572,1.09375,0.9643347050754457,0.84912109375
119,2022-11-26,Poland,Saudi Arabia,2.0,0.0,FIFA World Cup,Al Rayyan,Qatar,1,2022,1,0,120,2022-03-31,26.0,28.0,2.0,1544.2,1530.62,2022-03-31,49.0,53.0,4.0,1444.69,1433.95,23.0,99.51,1813.0,1629.0,184.0,1,0.5,0.5,0.5,0.5,0.6666666666666667,0.75,0.6666666666666666,0.4,0.4,0.75,0.654320987654321,0.6484375,-0.16666666666666663,0.09999999999999998,0.09999999999999998,-0.25,0.012345679012345734,0.1015625
120,2022-11-26,Argentina,Mexico,2.0,0.0,FIFA World Cup,Lusail,Qatar,1,2022,1,0,121,2022-03-31,4.0,4.0,0.0,1765.13,1766.99,2022-03-31,9.0,12.0,3.0,1658.82,1647.9,5.0,106.31000000000016,2101.0,1839.0,262.0,1,0.0,0.4,0.4,-0.25,0.11111111111111129,0.3125,0.6666666666666666,0.6,0.5714285714285714,0.421875,0.52400548696845,0.585205078125,-0.6666666666666666,-0.19999999999999996,-0.17142857142857137,-0.671875,-0.4128943758573387,-0.272705078125
121,2022-11-26,Tunisia,Australia,0.0,1.0,FIFA World Cup,Al Wakrah,Qatar,1,2022,1,0,122,2022-03-31,35.0,36.0,1.0,1499.8,1489.92,2022-03-31,42.0,37.0,-5.0,1462.29,1486.86,7.0,37.50999999999999,1638.0,1735.0,-97.0,-1,0.3333333333333333,0.3333333333333333,0.3333333333333333,0.25,0.44444444444444453,0.5625,0.0,-0.4,-0.14285714285714285,-0.453125,-0.26200274348422486,-0.115966796875,0.3333333333333333,0.7333333333333334,0.47619047619047616,0.703125,0.7064471879286693,0.678466796875
122,2022-11-26,France,Denmark,2.0,1.0,FIFA World Cup,Doha,Qatar,1,2022,1,0,123,2022-03-31,3.0,3.0,0.0,1789.85,1786.15,2022-03-31,11.0,9.0,-2.0,1653.6,1654.54,8.0,136.25,2114.0,1983.0,131.0,1,1.0,1.0,1.0,1.0,1.0,1.0,0.0,0.0,0.0,0.0,0.0,0.0,1.0,1.0,1.0,1.0,1.0,1.0
123,2022-11-27,Japan,Costa Rica,0.0,1.0,FIFA World Cup,Al Rayyan,Qatar,1,2022,1,0,124,2022-03-31,23.0,23.0,0.0,1553.44,1549.82,2022-03-31,31.0,42.0,11.0,1503.09,1464.06,8.0,50.350000000000136,1760.0,1730.0,30.0,-1,0.6666666666666666,0.8,0.8,0.75,0.7777777777777778,0.8125,0.3333333333333333,0.6,0.5714285714285714,-0.0078125,0.3040695016003659,0.45550537109375,0.3333333333333333,0.20000000000000007,0.22857142857142865,0.7578125,0.4737082761774119,0.35699462890625
124,2022-11-27,Spain,Germany,1.0,1.0,FIFA World Cup,Al Khor,Qatar,1,2022,1,0,125,2022-03-31,7.0,7.0,0.0,1709.19,1704.75,2022-03-31,12.0,11.0,-1.0,1650.53,1648.33,5.0,58.66000000000008,2036.0,1962.0,74.0,0,1.0,1.0,1.0,1.0,1.0,1.0,-1.0,-1.0,-1.0,-1.0,-1.0,-1.0,2.0,2.0,2.0,2.0,2.0,2.0
125,2022-11-27,Belgium,Morocco,0.0,2.0,FIFA World Cup,Doha,Qatar,1,2022,1,0,126,2022-03-31,2.0,1.0,-1.0,1827.0,1828.45,2022-03-31,24.0,24.0,0.0,1551.88,1547.42,22.0,275.1199999999999,2074.0,1764.0,310.0,-1,1.0,1.0,1.0,1.0,1.0,1.0,0.3333333333333333,0.3333333333333333,0.3333333333333333,0.25,0.2222222222222222,0.1875,0.6666666666666667,0.6666666666666667,0.6666666666666667,0.75,0.7777777777777778,0.8125
126,2022-11-27,Croatia,Canada,4.0,1.0,FIFA World Cup,Al Rayyan,Qatar,1,2022,1,0,127,2022-03-31,16.0,15.0,-1.0,1621.11,1620.74,2022-03-31,38.0,33.0,-5.0,1479.0,1497.82,22.0,142.1099999999999,1858.0,1784.0,74.0,1,0.0,0.0,0.0,0.0,0.0,0.0,-0.3333333333333333,-0.2,0.14285714285714285,-0.625,-0.3086419753086418,-0.0859375,0.3333333333333333,0.2,-0.14285714285714285,0.625,0.3086419753086418,0.0859375
127,2022-11-28,Portugal,Uruguay,2.0,0.0,FIFA World Cup,Lusail,Qatar,1,2022,1,0,128,2022-03-31,8.0,8.0,0.0,1674.78,1660.25,2022-03-31,13.0,16.0,3.0,1635.73,1614.05,5.0,39.04999999999996,1972.0,1847.0,125.0,1,1.0,1.0,1.0,1.0,1.0,1.0,0.6666666666666666,0.8,0.8,0.5,0.6666666666666667,0.75,0.33333333333333337,0.19999999999999996,0.19999999999999996,0.5,0.33333333333333326,0.25
128,2022-11-28,South Korea,Ghana,2.0,3.0,FIFA World Cup,Al Rayyan,Qatar,1,2022,1,0,129,2022-03-31,29.0,29.0,0.0,1519.54,1522.85,2022-03-31,60.0,61.0,1.0,1387.36,1381.45,31.0,132.18000000000006,1788.0,1600.0,188.0,-1,0.0,0.4,0.4,0.0,0.22222222222222235,0.375,-0.3333333333333333,-0.3333333333333333,-0.3333333333333333,-0.5,-0.33333333333333326,-0.25,0.3333333333333333,0.7333333333333334,0.7333333333333334,0.5,0.5555555555555556,0.625
129,2022-11-28,Brazil,Switzerland,1.0,0.0,FIFA World Cup,Doha,Qatar,1,2022,1,0,130,2022-03-31,1.0,2.0,1.0,1832.69,1823.42,2022-03-31,14.0,14.0,0.0,1635.32,1642.83,13.0,197.3700000000001,2149.0,1933.0,216.0,1,1.0,0.8,0.8,0.9375,0.802469135802469,0.68359375,1.0,1.0,1.0,1.0,1.0,1.0,0.0,-0.19999999999999996,-0.19999999999999996,-0.0625,-0.19753086419753096,-0.31640625
130,2022-11-28,Cameroon,Serbia,3.0,3.0,FIFA World Cup,Al Wakrah,Qatar,1,2022,1,0,131,2022-03-31,37.0,38.0,1.0,1480.48,1480.82,2022-03-31,25.0,25.0,0.0,1547.53,1547.38,-12.0,-67.04999999999995,1613.0,1803.0,-190.0,0,-0.3333333333333333,-0.3333333333333333,-0.3333333333333333,-0.5,-0.5555555555555556,-0.625,-1.0,-1.0,-1.0,-1.0,-1.0,-1.0,0.6666666666666667,0.6666666666666667,0.6666666666666667,0.5,0.4444444444444444,0.375
131,2022-11-29,Ecuador,Senegal,1.0,2.0,FIFA World Cup,Al Rayyan,Qatar,1,2022,1,0,132,2022-03-31,46.0,44.0,-2.0,1452.63,1458.63,2022-03-31,20.0,18.0,-2.0,1584.16,1587.78,-26.0,-131.52999999999997,1849.0,1702.0,147.0,-1,0.3333333333333333,0.0,0.0,0.1875,0.12345679012345674,0.08203125,0.3333333333333333,0.0,0.0,0.25,-0.03703703703703717,-0.21875,0.0,0.0,0.0,-0.0625,0.1604938271604939,0.30078125
132,2022-11-29,Qatar,Netherlands,0.0,2.0,FIFA World Cup,Al Khor,Qatar,0,2022,1,0,133,2022-03-31,51.0,52.0,1.0,1441.41,1437.91,2022-03-31,10.0,10.0,0.0,1658.66,1653.73,-41.0,-217.25,1663.0,1929.0,-266.0,-1,-1.0,-1.0,-1.0,-1.0,-1.0,-1.0,0.5,0.5,0.5,0.5,0.6666666666666667,0.75,-1.5,-1.5,-1.5,-1.5,-1.6666666666666667,-1.75
133,2022-11-29,Wales,England,0.0,3.0,FIFA World Cup,Al Rayyan,Qatar,1,2022,1,0,134,2022-03-31,18.0,20.0,2.0,1588.08,1578.01,2022-03-31,5.0,5.0,0.0,1761.71,1755.52,-13.0,-173.6300000000001,1822.0,2031.0,-209.0,-1,0.0,0.25,0.25,-0.25,0.11111111111111129,0.3125,0.5,0.5,0.5,0.5,0.6666666666666667,0.75,-0.5,-0.25,-0.25,-0.75,-0.5555555555555555,-0.4375
134,2022-11-29,Iran,United States,0.0,1.0,FIFA World Cup,Doha,Qatar,1,2022,1,0,135,2022-03-31,21.0,21.0,0.0,1564.49,1572.89,2022-03-31,15.0,13.0,-2.0,1633.72,1643.34,-6.0,-69.23000000000002,1837.0,1858.0,-21.0,-1,0.3333333333333333,0.2,0.3333333333333333,0.375,0.3580246913580247,0.4140625,-0.3333333333333333,0.0,0.0,-0.046875,0.023776863283036184,0.1131591796875,0.6666666666666666,0.2,0.3333333333333333,0.421875,0.33424782807498854,0.3009033203125
135,2022-11-30,Poland,Argentina,0.0,2.0,FIFA World Cup,Doha,Qatar,1,2022,1,0,136,2022-03-31,26.0,28.0,2.0,1544.2,1530.62,2022-03-31,4.0,4.0,0.0,1765.13,1766.99,-22.0,-220.9300000000001,1813.0,2101.0,-288.0,-1,0.6666666666666666,0.6666666666666666,0.6666666666666666,0.75,0.7777777777777778,0.8125,0.0,0.4,0.5,0.375,0.40740740740740744,0.484375,0.6666666666666666,0.2666666666666666,0.16666666666666663,0.375,0.37037037037037035,0.328125
136,2022-11-30,Saudi Arabia,Mexico,1.0,2.0,FIFA World Cup,Lusail,Qatar,1,2022,1,0,137,2022-03-31,49.0,53.0,4.0,1444.69,1433.95,2022-03-31,9.0,12.0,3.0,1658.82,1647.9,-40.0,-214.12999999999988,1629.0,1839.0,-210.0,-1,0.3333333333333333,0.0,0.16666666666666666,-0.125,0.10288065843621412,0.236328125,0.0,0.2,0.2857142857142857,-0.2890625,0.01600365797896675,0.18890380859375,0.3333333333333333,-0.2,-0.11904761904761904,0.1640625,0.08687700045724737,0.04742431640625
137,2022-11-30,Australia,Denmark,1.0,0.0,FIFA World Cup,Al Wakrah,Qatar,1,2022,1,0,138,2022-03-31,42.0,37.0,-5.0,1462.29,1486.86,2022-03-31,11.0,9.0,-2.0,1653.6,1654.54,-31.0,-191.31,1735.0,1983.0,-248.0,1,0.0,0.0,-0.14285714285714285,0.2734375,0.15866483767718334,0.16302490234375,-0.5,-0.5,-0.5,-0.5,-0.33333333333333326,-0.25,0.5,0.5,0.35714285714285715,0.7734375,0.49199817101051657,0.41302490234375
138,2022-11-30,Tunisia,France,1.0,0.0,FIFA World Cup,Al Rayyan,Qatar,1,2022,1,0,139,2022-03-31,35.0,36.0,1.0,1499.8,1489.92,2022-03-31,3.0,3.0,0.0,1789.85,1786.15,-32.0,-290.04999999999995,1638.0,2114.0,-476.0,1,-0.3333333333333333,0.0,0.0,-0.375,-0.037037037037036875,0.171875,1.0,1.0,1.0,1.0,1.0,1.0,-1.3333333333333333,-1.0,-1.0,-1.375,-1.037037037037037,-0.828125
139,2022-12-01,Japan,Spain,2.0,1.0,FIFA World Cup,Al Rayyan,Qatar,1,2022,1,0,140,2022-03-31,23.0,23.0,0.0,1553.44,1549.82,2022-03-31,7.0,7.0,0.0,1709.19,1704.75,-16.0,-155.75,1760.0,2036.0,-276.0,1,0.0,0.4,0.5,-0.125,0.1851851851851853,0.359375,0.5,0.5,0.5,0.5,0.6666666666666667,0.75,-0.5,-0.09999999999999998,0.0,-0.625,-0.4814814814814814,-0.390625
140,2022-12-01,Costa Rica,Germany,2.0,4.0,FIFA World Cup,Al Khor,Qatar,1,2022,1,0,141,2022-03-31,31.0,42.0,11.0,1503.09,1464.06,2022-03-31,12.0,11.0,-1.0,1650.53,1648.33,-19.0,-147.44000000000003,1730.0,1962.0,-232.0,-1,0.3333333333333333,0.6,0.7142857142857143,0.49609375,0.5360463344002439,0.5916290283203125,-0.5,-0.5,-0.5,-0.5,-0.6666666666666667,-0.75,0.8333333333333333,1.1,1.2142857142857144,0.99609375,1.2027130010669107,1.3416290283203125
141,2022-12-01,Croatia,Belgium,0.0,0.0,FIFA World Cup,Al Rayyan,Qatar,1,2022,1,0,142,2022-03-31,16.0,15.0,-1.0,1621.11,1620.74,2022-03-31,2.0,1.0,-1.0,1827.0,1828.45,-14.0,-205.8900000000001,1858.0,2074.0,-216.0,0,0.5,0.5,0.5,0.5,0.33333333333333326,0.25,0.0,0.0,0.0,0.0,0.3333333333333335,0.5,0.5,0.5,0.5,0.5,-2.220446049250313e-16,-0.25
142,2022-12-01,Canada,Morocco,1.0,2.0,FIFA World Cup,Doha,Qatar,1,2022,1,0,143,2022-03-31,38.0,33.0,-5.0,1479.0,1497.82,2022-03-31,24.0,24.0,0.0,1551.88,1547.42,-14.0,-72.88000000000011,1784.0,1764.0,20.0,-1,-1.0,-0.6,-0.14285714285714285,-0.8125,-0.5390946502057612,-0.314453125,0.6666666666666666,0.5,0.5,0.625,0.4814814814814814,0.390625,-1.6666666666666665,-1.1,-0.6428571428571428,-1.4375,-1.0205761316872426,-0.705078125
143,2022-12-02,South Korea,Portugal,2.0,1.0,FIFA World Cup,Al Rayyan,Qatar,1,2022,1,0,144,2022-03-31,29.0,29.0,0.0,1519.54,1522.85,2022-03-31,8.0,8.0,0.0,1674.78,1660.25,-21.0,-155.24,1788.0,1972.0,-184.0,1,-0.6666666666666666,0.0,0.16666666666666666,-0.5,-0.185185185185185,0.03125,1.0,1.0,1.0,1.0,1.0,1.0,-1.6666666666666665,-1.0,-0.8333333333333334,-1.5,-1.1851851851851851,-0.96875
144,2022-12-02,Ghana,Uruguay,0.0,2.0,FIFA World Cup,Al Wakrah,Qatar,1,2022,1,0,145,2022-03-31,60.0,61.0,1.0,1387.36,1381.45,2022-03-31,13.0,16.0,3.0,1635.73,1614.05,-47.0,-248.3700000000001,1600.0,1847.0,-247.0,-1,0.0,0.0,0.0,0.25,0.11111111111111106,0.0625,0.0,0.4,0.5,-0.25,0.11111111111111129,0.3125,0.0,-0.4,-0.5,0.5,-2.220446049250313e-16,-0.25
145,2022-12-02,Serbia,Switzerland,2.0,3.0,FIFA World Cup,Doha,Qatar,1,2022,1,0,146,2022-03-31,25.0,25.0,0.0,1547.53,1547.38,2022-03-31,14.0,14.0,0.0,1635.32,1642.83,-11.0,-87.78999999999996,1803.0,1933.0,-130.0,-1,-0.5,-0.5,-0.5,-0.5,-0.6666666666666667,-0.75,0.0,0.0,0.0,0.0,0.3333333333333335,0.5,-0.5,-0.5,-0.5,-0.5,-1.0000000000000002,-1.25
146,2022-12-02,Cameroon,Brazil,1.0,0.0,FIFA World Cup,Lusail,Qatar,1,2022,1,0,147,2022-03-31,37.0,38.0,1.0,1480.48,1480.82,2022-03-31,1.0,2.0,1.0,1832.69,1823.42,-36.0,-352.21000000000004,1613.0,2149.0,-536.0,1,0.0,-0.25,-0.25,-0.25,-0.3703703703703704,-0.46875,1.0,1.0,0.8333333333333334,0.96875,0.868312757201646,0.7626953125,-1.0,-1.25,-1.0833333333333335,-1.21875,-1.2386831275720165,-1.2314453125
147,2022-12-03,Netherlands,United States,3.0,1.0,FIFA World Cup,Al Rayyan,Qatar,1,2022,1,0,148,2022-03-31,10.0,10.0,0.0,1658.66,1653.73,2022-03-31,15.0,13.0,-2.0,1633.72,1643.34,5.0,24.94000000000005,1929.0,1858.0,71.0,1,0.6666666666666666,0.6666666666666666,0.6666666666666666,0.75,0.7777777777777778,0.8125,0.3333333333333333,0.2,0.2857142857142857,0.4765625,0.34918457552202403,0.334869384765625,0.3333333333333333,0.4666666666666666,0.38095238095238093,0.2734375,0.42859320225575376,0.477630615234375
148,2022-12-03,Argentina,Australia,2.0,1.0,FIFA World Cup,Al Rayyan,Qatar,1,2022,1,0,149,2022-03-31,4.0,4.0,0.0,1765.13,1766.99,2022-03-31,42.0,37.0,-5.0,1462.29,1486.86,38.0,302.84000000000015,2101.0,1735.0,366.0,1,0.3333333333333333,0.4,0.5714285714285714,0.6875,0.6049382716049383,0.61328125,0.3333333333333333,0.4,0.0,0.63671875,0.4391098917847888,0.3722686767578125,0.0,0.0,0.5714285714285714,0.05078125,0.16582837982014947,0.2410125732421875
149,2022-12-04,France,Poland,3.0,1.0,FIFA World Cup,Doha,Qatar,1,2022,1,0,150,2022-03-31,3.0,3.0,0.0,1789.85,1786.15,2022-03-31,26.0,28.0,2.0,1544.2,1530.62,23.0,245.64999999999984,2114.0,1813.0,301.0,1,0.3333333333333333,0.3333333333333333,0.3333333333333333,0.0,0.3333333333333335,0.5,0.0,0.25,0.25,-0.125,0.1851851851851853,0.359375,0.3333333333333333,0.08333333333333331,0.08333333333333331,0.125,0.14814814814814817,0.140625
150,2022-12-04,England,Senegal,3.0,0.0,FIFA World Cup,Al Khor,Qatar,1,2022,1,0,151,2022-03-31,5.0,5.0,0.0,1761.71,1755.52,2022-03-31,20.0,18.0,-2.0,1584.16,1587.78,15.0,177.54999999999995,2031.0,1702.0,329.0,1,0.6666666666666666,0.6666666666666666,0.6666666666666666,0.75,0.7777777777777778,0.8125,0.3333333333333333,0.2,0.2,0.625,0.3086419753086418,0.0859375,0.3333333333333333,0.4666666666666666,0.4666666666666666,0.125,0.469135802469136,0.7265625
151,2022-12-05,Japan,Croatia,1.0,1.0,FIFA World Cup,Al Wakrah,Qatar,1,2022,1,0,152,2022-03-31,23.0,23.0,0.0,1553.44,1549.82,2022-03-31,16.0,15.0,-1.0,1621.11,1620.74,-7.0,-67.66999999999985,1760.0,1858.0,-98.0,0,0.3333333333333333,0.4,0.5714285714285714,0.4375,0.45679012345679015,0.51953125,0.3333333333333333,0.3333333333333333,0.3333333333333333,0.25,0.2222222222222222,0.1875,0.0,0.06666666666666671,0.23809523809523808,0.1875,0.23456790123456794,0.33203125
152,2022-12-05,Brazil,South Korea,4.0,1.0,FIFA World Cup,Doha,Qatar,1,2022,1,0,153,2022-03-31,1.0,2.0,1.0,1832.69,1823.42,2022-03-31,29.0,29.0,0.0,1519.54,1522.85,28.0,313.1500000000001,2149.0,1788.0,361.0,1,0.3333333333333333,0.6,0.5714285714285714,-0.015625,0.2455418381344308,0.322021484375,0.0,0.0,0.2857142857142857,0.25,0.2098765432098766,0.2734375,0.3333333333333333,0.6,0.2857142857142857,-0.265625,0.035665294924554225,0.048583984375
153,2022-12-06,Morocco,Spain,0.0,0.0,FIFA World Cup,Al Rayyan,Qatar,1,2022,1,0,154,2022-03-31,24.0,24.0,0.0,1551.88,1547.42,2022-03-31,7.0,7.0,0.0,1709.19,1704.75,-17.0,-157.30999999999997,1764.0,2036.0,-272.0,0,0.6666666666666666,0.6,0.6,0.8125,0.6543209876543209,0.54296875,0.0,0.0,0.0,-0.25,0.11111111111111129,0.3125,0.6666666666666666,0.6,0.6,1.0625,0.5432098765432096,0.23046875
154,2022-12-06,Portugal,Switzerland,6.0,1.0,FIFA World Cup,Lusail,Qatar,1,2022,1,0,155,2022-03-31,8.0,8.0,0.0,1674.78,1660.25,2022-03-31,14.0,14.0,0.0,1635.32,1642.83,6.0,39.46000000000004,1972.0,1933.0,39.0,1,0.3333333333333333,0.6,0.6,0.0,0.3333333333333335,0.5,0.3333333333333333,0.3333333333333333,0.3333333333333333,0.5,0.5555555555555556,0.625,0.0,0.26666666666666666,0.26666666666666666,-0.5,-0.2222222222222221,-0.125
155,2022-12-09,Croatia,Brazil,1.0,1.0,FIFA World Cup,Al Rayyan,Qatar,1,2022,1,0,156,2022-03-31,16.0,15.0,-1.0,1621.11,1620.74,2022-03-31,1.0,2.0,1.0,1832.69,1823.42,-15.0,-211.58000000000013,1858.0,2149.0,-291.0,0,0.3333333333333333,0.25,0.25,0.125,0.14814814814814817,0.140625,0.3333333333333333,0.6,0.7142857142857143,0.4921875,0.4970278920896205,0.49151611328125,0.0,-0.35,-0.4642857142857143,-0.3671875,-0.34887974394147236,-0.35089111328125
156,2022-12-09,Netherlands,Argentina,2.0,2.0,FIFA World Cup,Lusail,Qatar,1,2022,1,0,157,2022-03-31,10.0,10.0,0.0,1658.66,1653.73,2022-03-31,4.0,4.0,0.0,1765.13,1766.99,-6.0,-106.47000000000004,1929.0,2101.0,-172.0,0,0.6666666666666666,0.75,0.75,0.875,0.8518518518518519,0.859375,1.0,0.4,0.5714285714285714,0.84375,0.7366255144032922,0.7099609375,-0.33333333333333337,0.35,0.1785714285714286,0.03125,0.1152263374485597,0.1494140625
157,2022-12-10,Morocco,Portugal,1.0,0.0,FIFA World Cup,Doha,Qatar,1,2022,1,0,158,2022-03-31,24.0,24.0,0.0,1551.88,1547.42,2022-03-31,8.0,8.0,0.0,1674.78,1660.25,-16.0,-122.89999999999986,1764.0,1972.0,-208.0,1,0.6666666666666666,0.6,0.5,0.40625,0.43621399176954734,0.4072265625,0.3333333333333333,0.6,0.6666666666666666,0.5,0.5555555555555556,0.625,0.3333333333333333,0.0,-0.16666666666666663,-0.09375,-0.11934156378600824,-0.2177734375
158,2022-12-10,England,France,1.0,2.0,FIFA World Cup,Al Khor,Qatar,1,2022,1,0,159,2022-03-31,5.0,5.0,0.0,1761.71,1755.52,2022-03-31,3.0,3.0,0.0,1789.85,1786.15,-2.0,-28.13999999999988,2031.0,2114.0,-83.0,-1,0.6666666666666666,0.75,0.75,0.875,0.8518518518518519,0.859375,0.3333333333333333,0.5,0.5,0.5,0.5555555555555556,0.625,0.3333333333333333,0.25,0.25,0.375,0.2962962962962963,0.234375
159,2022-12-13,Argentina,Croatia,3.0,0.0,FIFA World Cup,Lusail,Qatar,1,2022,1,0,160,2022-03-31,4.0,4.0,0.0,1765.13,1766.99,2022-03-31,16.0,15.0,-1.0,1621.11,1620.74,12.0,144.0200000000002,2101.0,1858.0,243.0,1,0.6666666666666666,0.4,0.42857142857142855,0.421875,0.4910836762688615,0.532470703125,0.0,0.2,0.2,0.0625,0.09876543209876545,0.10546875,0.6666666666666666,0.2,0.22857142857142854,0.359375,0.3923182441700961,0.427001953125
160,2022-12-14,France,Morocco,2.0,0.0,FIFA World Cup,Al Khor,Qatar,1,2022,1,0,161,2022-03-31,3.0,3.0,0.0,1789.85,1786.15,2022-03-31,24.0,24.0,0.0,1551.88,1547.42,21.0,237.9699999999998,2114.0,1764.0,350.0,1,0.3333333333333333,0.6,0.6,0.75,0.7037037037037037,0.71875,0.6666666666666666,0.6,0.5714285714285714,0.703125,0.6241426611796982,0.555419921875,-0.3333333333333333,0.0,0.02857142857142858,0.046875,0.07956104252400553,0.163330078125
161,2022-12-17,Croatia,Morocco,2.0,1.0,FIFA World Cup,Al Rayyan,Qatar,1,2022,1,0,162,2022-03-31,16.0,15.0,-1.0,1621.11,1620.74,2022-03-31,24.0,24.0,0.0,1551.88,1547.42,8.0,69.22999999999979,1858.0,1764.0,94.0,1,-0.3333333333333333,0.0,0.0,-0.46875,-0.26748971193415627,-0.1708984375,0.0,0.4,0.42857142857142855,-0.1484375,0.08276177411979892,0.16656494140625,-0.3333333333333333,-0.4,-0.42857142857142855,-0.3203125,-0.3502514860539552,-0.33746337890625
162,2022-12-18,Argentina,France,3.0,3.0,FIFA World Cup,Lusail,Qatar,1,2022,1,0,163,2022-03-31,4.0,4.0,0.0,1765.13,1766.99,2022-03-31,3.0,3.0,0.0,1789.85,1786.15,-1.0,-24.7199999999998,2101.0,2114.0,-13.0,0,0.6666666666666666,0.8,0.42857142857142855,0.7109375,0.6607224508459076,0.64935302734375,1.0,0.6,0.6666666666666666,0.875,0.8024691358024691,0.7890625,-0.33333333333333337,0.20000000000000007,-0.23809523809523808,-0.1640625,-0.1417466849565615,-0.13970947265625
163,2023-09-07,Colombia,Venezuela,1.0,0.0,FIFA World Cup qualification,Barranquilla,Colombia,0,2023,0,1,164,2023-07-20,17.0,17.0,0.0,1624.91,1624.91,2023-07-20,57.0,56.0,-1.0,1417.23,1417.23,40.0,207.6800000000001,1919.0,1691.0,228.0,1,0.3333333333333333,0.0,0.0,0.5,0.11111111111111091,-0.125,-1.0,-0.5,-0.5,-0.75,-0.4074074074074072,-0.15625,1.3333333333333333,0.5,0.5,1.25,0.5185185185185182,0.03125
164,2023-09-07,Paraguay,Peru,0.0,0.0,FIFA World Cup qualification,Ciudad del Este,Paraguay,0,2023,0,1,165,2023-07-20,49.0,48.0,-1.0,1442.64,1442.64,2023-07-20,21.0,21.0,0.0,1561.2,1561.2,-28.0,-118.55999999999996,1727.0,1845.0,-118.0,0,-0.3333333333333333,-0.5,-0.5,-0.5,-0.5555555555555556,-0.625,0.0,0.2,0.2,0.1875,0.271604938271605,0.36328125,-0.3333333333333333,-0.7,-0.7,-0.6875,-0.8271604938271606,-0.98828125
165,2023-09-07,Argentina,Ecuador,1.0,0.0,FIFA World Cup qualification,Buenos Aires,Argentina,0,2023,0,1,166,2023-07-20,1.0,1.0,0.0,1843.73,1843.73,2023-07-20,40.0,40.0,0.0,1486.47,1486.47,39.0,357.26,2144.0,1842.0,302.0,1,0.3333333333333333,0.6,0.42857142857142855,0.35546875,0.4404816338972718,0.4870147705078125,0.0,-0.2,-0.14285714285714285,-0.40625,-0.2510288065843621,-0.1884765625,0.3333333333333333,0.8,0.5714285714285714,0.76171875,0.6915104404816339,0.6754913330078125
166,2023-09-08,Uruguay,Chile,3.0,1.0,FIFA World Cup qualification,Montevideo,Uruguay,0,2023,0,1,167,2023-07-20,16.0,16.0,0.0,1633.13,1633.13,2023-07-20,32.0,32.0,0.0,1511.31,1511.31,16.0,121.82000000000016,1904.0,1706.0,198.0,1,0.0,0.4,0.5714285714285714,0.375,0.40740740740740744,0.484375,-0.3333333333333333,-0.5,-0.5,-0.75,-0.7037037037037037,-0.71875,0.3333333333333333,0.9,1.0714285714285714,1.125,1.1111111111111112,1.203125
167,2023-09-08,Brazil,Bolivia,5.0,1.0,FIFA World Cup qualification,Belém,Brazil,0,2023,0,1,168,2023-07-20,3.0,3.0,0.0,1828.27,1828.27,2023-07-20,83.0,83.0,0.0,1295.09,1295.09,80.0,533.1800000000001,2133.0,1617.0,516.0,1,0.0,0.4,0.5714285714285714,0.24609375,0.33135192805974706,0.3686370849609375,-1.0,-1.0,-1.0,-1.0,-1.0,-1.0,1.0,1.4,1.5714285714285714,1.24609375,1.331351928059747,1.3686370849609375
168,2023-09-12,Chile,Colombia,0.0,0.0,FIFA World Cup qualification,Santiago,Chile,0,2023,0,1,169,2023-07-20,32.0,32.0,0.0,1511.31,1511.31,2023-07-20,17.0,17.0,0.0,1624.91,1624.91,-15.0,-113.60000000000014,1706.0,1919.0,-213.0,0,-1.0,-0.6,-0.6,-0.875,-0.8024691358024691,-0.7890625,1.0,0.2,0.2,0.75,0.4074074074074072,0.15625,-2.0,-0.8,-0.8,-1.625,-1.2098765432098764,-0.9453125
169,2023-09-12,Venezuela,Paraguay,1.0,0.0,FIFA World Cup qualification,Maturín,Venezuela,0,2023,0,1,170,2023-07-20,57.0,56.0,-1.0,1417.23,1417.23,2023-07-20,49.0,48.0,-1.0,1442.64,1442.64,-8.0,-25.41000000000008,1691.0,1727.0,-36.0,1,-1.0,-0.6,-0.6,-0.875,-0.6049382716049381,-0.3671875,0.0,-0.4,-0.4,-0.25,-0.3703703703703704,-0.46875,-1.0,-0.19999999999999996,-0.19999999999999996,-0.625,-0.23456790123456767,0.1015625
170,2023-09-12,Peru,Brazil,0.0,1.0,FIFA World Cup qualification,Lima,Peru,0,2023,0,1,171,2023-07-20,21.0,21.0,0.0,1561.2,1561.2,2023-07-20,3.0,3.0,0.0,1828.27,1828.27,-18.0,-267.06999999999994,1845.0,2133.0,-288.0,-1,0.3333333333333333,0.0,0.16666666666666666,0.09375,0.18106995884773666,0.2724609375,0.6666666666666666,0.4,0.5714285714285714,0.623046875,0.554234618706498,0.5264778137207031,-0.3333333333333333,-0.4,-0.40476190476190477,-0.529296875,-0.37316465985876135,-0.2540168762207031
171,2023-09-12,Bolivia,Argentina,0.0,3.0,FIFA World Cup qualification,La Paz,Bolivia,0,2023,0,1,172,2023-07-20,83.0,83.0,0.0,1295.09,1295.09,2023-07-20,1.0,1.0,0.0,1843.73,1843.73,-82.0,-548.6400000000001,1617.0,2144.0,-527.0,-1,-1.0,-1.0,-1.0,-1.0,-1.0,-1.0,0.6666666666666666,0.6,0.7142857142857143,0.677734375,0.6269877559315145,0.6152610778808594,-1.6666666666666665,-1.6,-1.7142857142857144,-1.677734375,-1.6269877559315145,-1.6152610778808594
172,2023-09-12,Ecuador,Uruguay,2.0,1.0,FIFA World Cup qualification,Quito,Ecuador,0,2023,0,1,173,2023-07-20,40.0,40.0,0.0,1486.47,1486.47,2023-07-20,16.0,16.0,0.0,1633.13,1633.13,-24.0,-146.66000000000008,1842.0,1904.0,-62.0,1,-0.6666666666666666,-0.2,-0.2857142857142857,-0.703125,-0.5006858710562414,-0.391357421875,0.3333333333333333,0.4,0.5714285714285714,0.6875,0.6049382716049383,0.61328125,-1.0,-0.6000000000000001,-0.8571428571428571,-1.390625,-1.1056241426611797,-1.004638671875
173,2023-10-12,Indonesia,Brunei,6.0,0.0,FIFA World Cup qualification,Jakarta,Indonesia,0,2023,0,1,174,2023-09-21,147.0,150.0,3.0,1052.87,1047.46,2023-09-21,191.0,190.0,-1.0,887.58,891.12,44.0,165.28999999999985,1285.0,801.0,484.0,1,,,,,,,,,,,,,,,,,,
174,2023-10-12,Yemen,Sri Lanka,3.0,0.0,FIFA World Cup qualification,Abha,Saudi Arabia,1,2023,0,1,175,2023-09-21,156.0,156.0,0.0,1020.37,1020.37,2023-09-21,202.0,204.0,2.0,825.25,825.25,46.0,195.12,1100.0,677.0,423.0,1,,,,,,,,,,,,,,,,,,
175,2023-10-12,Singapore,Guam,2.0,1.0,FIFA World Cup qualification,Kallang,Singapore,0,2023,0,1,176,2023-09-21,157.0,158.0,1.0,1016.47,1014.78,2023-09-21,201.0,203.0,2.0,838.33,838.33,44.0,178.14,1133.0,714.0,419.0,1,,,,,,,,,,,,,,,,,,
176,2023-10-12,Nepal,Laos,1.0,1.0,FIFA World Cup qualification,Kathmandu,Nepal,0,2023,0,1,177,2023-09-21,175.0,175.0,0.0,953.85,958.05,2023-09-21,186.0,187.0,1.0,899.58,899.58,11.0,54.26999999999998,928.0,770.0,158.0,0,,,,,,,,,,,,,,,,,,
177,2023-10-12,Myanmar,Macau,5.0,1.0,FIFA World Cup qualification,Yangon,Myanmar,0,2023,0,1,178,2023-09-21,161.0,160.0,-1.0,1004.46,1000.26,2023-09-21,185.0,182.0,-3.0,903.89,913.68,24.0,100.57000000000004,930.0,674.0,256.0,1,,,,,,,,,,,,,,,,,,
178,2023-10-12,Maldives,Bangladesh,1.0,1.0,FIFA World Cup qualification,Malé,Maldives,0,2023,0,1,179,2023-09-21,155.0,155.0,0.0,1021.85,1021.85,2023-09-21,189.0,189.0,0.0,894.23,892.44,34.0,127.62,917.0,851.0,66.0,0,,,,,,,,,,,,,,,,,,
179,2023-10-12,Hong Kong,Bhutan,4.0,0.0,FIFA World Cup qualification,Hong Kong,Hong Kong,0,2023,0,1,180,2022-03-31,147.0,148.0,1.0,1053.39,1053.39,2023-09-21,184.0,185.0,1.0,905.78,900.65,37.0,147.61000000000013,1131.0,567.0,564.0,1,,,,,,,,,,,,,,,,,,
180,2023-10-12,Afghanistan,Mongolia,1.0,0.0,FIFA World Cup qualification,Dushanbe,Tajikistan,1,2023,0,1,181,2023-09-21,158.0,157.0,-1.0,1014.25,1020.32,2023-09-21,183.0,183.0,0.0,908.71,908.71,25.0,105.53999999999996,1097.0,805.0,292.0,1,,,,,,,,,,,,,,,,,,
181,2023-10-12,Cambodia,Pakistan,0.0,0.0,FIFA World Cup qualification,Phnom Penh,Cambodia,0,2023,0,1,182,2023-09-21,177.0,176.0,-1.0,948.64,942.97,2023-09-21,197.0,201.0,4.0,847.67,847.67,20.0,100.97000000000004,863.0,852.0,11.0,0,,,,,,,,,,,,,,,,,,
182,2023-10-12,Chile,Peru,2.0,0.0,FIFA World Cup qualification,Santiago,Chile,0,2023,0,1,183,2023-09-21,36.0,32.0,-4.0,1504.75,1511.31,2023-09-21,22.0,21.0,-1.0,1551.91,1561.2,-14.0,-47.16000000000008,1706.0,1845.0,-139.0,1,-0.6666666666666666,-0.4,-0.5,-0.4375,-0.5349794238683129,-0.591796875,-0.3333333333333333,-0.2,0.0,-0.453125,-0.21262002743484215,-0.045654296875,-0.3333333333333333,-0.2,-0.5,0.015625,-0.3223593964334707,-0.546142578125
183,2023-10-12,Brazil,Venezuela,1.0,1.0,FIFA World Cup qualification,Cuiabá,Brazil,0,2023,0,1,184,2023-09-21,3.0,3.0,0.0,1837.61,1828.27,2023-09-21,53.0,57.0,4.0,1422.83,1417.23,50.0,414.78,2133.0,1691.0,442.0,0,0.6666666666666666,0.4,0.5714285714285714,0.8115234375,0.7028230791376653,0.6448583602905273,-0.3333333333333333,-0.6,-0.3333333333333333,0.0625,-0.0699588477366255,-0.025390625,1.0,1.0,0.9047619047619047,0.7490234375,0.7727819268742908,0.6702489852905273
184,2023-10-12,Argentina,Paraguay,1.0,0.0,FIFA World Cup qualification,Buenos Aires,Argentina,0,2023,0,1,185,2023-09-21,1.0,1.0,0.0,1851.41,1843.73,2023-09-21,52.0,49.0,-3.0,1432.08,1442.64,51.0,419.33000000000015,2144.0,1727.0,417.0,1,0.6666666666666666,0.6,0.7142857142857143,0.8388671875,0.7513251706210096,0.7114458084106445,-0.6666666666666666,-0.4,-0.5,-0.625,-0.5802469135802469,-0.6015625,1.3333333333333333,1.0,1.2142857142857144,1.4638671875,1.3315720842012566,1.3130083084106445
185,2023-10-12,Bolivia,Ecuador,1.0,2.0,FIFA World Cup qualification,La Paz,Bolivia,0,2023,0,1,186,2023-09-21,83.0,83.0,0.0,1287.86,1295.09,2023-09-21,38.0,40.0,2.0,1497.66,1486.47,-45.0,-209.80000000000013,1617.0,1842.0,-225.0,-1,-1.0,-1.0,-1.0,-1.0,-1.0,-1.0,-0.3333333333333333,0.0,-0.14285714285714285,0.1484375,-0.0004572473708277144,-0.04351806640625,-0.6666666666666667,-1.0,-0.8571428571428572,-1.1484375,-0.9995427526291722,-0.95648193359375
186,2023-10-12,Colombia,Uruguay,2.0,2.0,FIFA World Cup qualification,Barranquilla,Colombia,0,2023,0,1,187,2023-09-21,16.0,17.0,1.0,1629.6,1624.91,2023-09-21,17.0,16.0,-1.0,1626.51,1633.13,1.0,3.089999999999918,1919.0,1904.0,15.0,0,0.6666666666666666,0.4,0.16666666666666666,0.375,0.27160493827160487,0.1171875,0.3333333333333333,0.0,0.2857142857142857,-0.15625,0.06995884773662565,0.2099609375,0.3333333333333333,0.4,-0.11904761904761904,0.53125,0.20164609053497923,-0.0927734375
187,2023-10-12,Taiwan,Timor-Leste,4.0,0.0,FIFA World Cup qualification,Kaohsiung,Taiwan,0,2023,0,1,188,2023-09-21,154.0,153.0,-1.0,1023.66,1028.18,2023-09-21,192.0,192.0,0.0,860.45,860.45,38.0,163.20999999999992,909.0,650.0,259.0,1,,,,,,,,,,,,,,,,,,
188,2023-10-17,Laos,Nepal,0.0,1.0,FIFA World Cup qualification,Vientiane,Laos,0,2023,0,1,189,2023-09-21,186.0,187.0,1.0,899.58,899.58,2023-09-21,175.0,175.0,0.0,953.85,958.05,-11.0,-54.26999999999998,680.0,912.0,-232.0,-1,0.0,0.0,0.0,0.0,0.0,0.0,0.0,0.0,0.0,0.0,0.0,0.0,0.0,0.0,0.0,0.0,0.0,0.0
189,2023-10-17,Taiwan,Timor-Leste,3.0,0.0,FIFA World Cup qualification,Kaohsiung,Taiwan,0,2023,0,1,190,2023-09-21,154.0,153.0,-1.0,1023.66,1028.18,2023-09-21,192.0,192.0,0.0,860.45,860.45,38.0,163.20999999999992,927.0,619.0,308.0,1,1.0,1.0,1.0,1.0,1.0,1.0,-1.0,-1.0,-1.0,-1.0,-1.0,-1.0,2.0,2.0,2.0,2.0,2.0,2.0
190,2023-10-17,Sri Lanka,Yemen,1.0,1.0,FIFA World Cup qualification,Colombo,Sri Lanka,0,2023,0,1,191,2023-09-21,202.0,204.0,2.0,825.25,825.25,2023-09-21,156.0,156.0,0.0,1020.37,1020.37,-46.0,-195.12,671.0,1099.0,-428.0,0,-1.0,-1.0,-1.0,-1.0,-1.0,-1.0,1.0,1.0,1.0,1.0,1.0,1.0,-2.0,-2.0,-2.0,-2.0,-2.0,-2.0
191,2023-10-17,Pakistan,Cambodia,1.0,0.0,FIFA World Cup qualification,Islamabad,Pakistan,0,2023,0,1,192,2023-09-21,197.0,201.0,4.0,847.67,847.67,2023-09-21,177.0,176.0,-1.0,948.64,942.97,-20.0,-100.97000000000004,819.0,867.0,-48.0,1,0.0,0.0,0.0,0.0,0.0,0.0,0.0,0.0,0.0,0.0,0.0,0.0,0.0,0.0,0.0,0.0,0.0,0.0
192,2023-10-17,Mongolia,Afghanistan,0.0,1.0,FIFA World Cup qualification,Ulaanbaatar,Mongolia,0,2023,0,1,193,2023-09-21,183.0,183.0,0.0,908.71,908.71,2023-09-21,158.0,157.0,-1.0,1014.25,1020.32,-25.0,-105.53999999999996,805.0,1082.0,-277.0,-1,-1.0,-1.0,-1.0,-1.0,-1.0,-1.0,1.0,1.0,1.0,1.0,1.0,1.0,-2.0,-2.0,-2.0,-2.0,-2.0,-2.0
193,2023-10-17,Macau,Myanmar,0.0,0.0,FIFA World Cup qualification,Taipa,Macau,0,2023,0,1,194,2023-09-21,185.0,182.0,-3.0,903.89,913.68,2023-09-21,161.0,160.0,-1.0,1004.46,1000.26,-24.0,-100.57000000000004,657.0,928.0,-271.0,0,-1.0,-1.0,-1.0,-1.0,-1.0,-1.0,1.0,1.0,1.0,1.0,1.0,1.0,-2.0,-2.0,-2.0,-2.0,-2.0,-2.0
194,2023-10-17,Guam,Singapore,0.0,1.0,FIFA World Cup qualification,Dededo,Guam,0,2023,0,1,195,2023-09-21,201.0,203.0,2.0,838.33,838.33,2023-09-21,157.0,158.0,1.0,1016.47,1014.78,-44.0,-178.14,705.0,1132.0,-427.0,-1,-1.0,-1.0,-1.0,-1.0,-1.0,-1.0,1.0,1.0,1.0,1.0,1.0,1.0,-2.0,-2.0,-2.0,-2.0,-2.0,-2.0
195,2023-10-17,Bhutan,Hong Kong,2.0,0.0,FIFA World Cup qualification,Thimphu,Bhutan,0,2023,0,1,196,2023-09-21,184.0,185.0,1.0,905.78,900.65,2022-03-31,147.0,148.0,1.0,1053.39,1053.39,-37.0,-147.61000000000013,566.0,1122.0,-556.0,1,-1.0,-1.0,-1.0,-1.0,-1.0,-1.0,1.0,1.0,1.0,1.0,1.0,1.0,-2.0,-2.0,-2.0,-2.0,-2.0,-2.0
196,2023-10-17,Bangladesh,Maldives,2.0,1.0,FIFA World Cup qualification,Dhaka,Bangladesh,0,2023,0,1,197,2023-09-21,189.0,189.0,0.0,894.23,892.44,2023-09-21,155.0,155.0,0.0,1021.85,1021.85,-34.0,-127.62,912.0,896.0,16.0,1,0.0,0.0,0.0,0.0,0.0,0.0,0.0,0.0,0.0,0.0,0.0,0.0,0.0,0.0,0.0,0.0,0.0,0.0
197,2023-10-17,Uruguay,Brazil,2.0,0.0,FIFA World Cup qualification,Montevideo,Uruguay,0,2023,0,1,198,2023-09-21,17.0,16.0,-1.0,1626.51,1633.13,2023-09-21,3.0,3.0,0.0,1837.61,1828.27,-14.0,-211.0999999999999,1904.0,2133.0,-229.0,1,0.0,0.0,0.14285714285714285,-0.078125,0.04663923182441711,0.157470703125,0.6666666666666666,0.6,0.42857142857142855,0.40576171875,0.4685487194251102,0.4836437702178955,-0.6666666666666666,-0.6,-0.2857142857142857,-0.48388671875,-0.42190948760069313,-0.3261730670928955
198,2023-10-17,Peru,Argentina,0.0,2.0,FIFA World Cup qualification,Lima,Peru,0,2023,0,1,199,2023-09-21,22.0,21.0,-1.0,1551.91,1561.2,2023-09-21,1.0,1.0,0.0,1851.41,1843.73,-21.0,-299.5,1798.0,2144.0,-346.0,-1,-0.6666666666666666,-0.2,-0.2857142857142857,-0.7265625,-0.4750800182898947,-0.28424072265625,1.0,0.8,0.7142857142857143,0.91943359375,0.8342167804140064,0.7835843563079834,-1.6666666666666665,-1.0,-1.0,-1.64599609375,-1.309296798703901,-1.0678250789642334
199,2023-10-17,Paraguay,Bolivia,1.0,0.0,FIFA World Cup qualification,Asunción,Paraguay,0,2023,0,1,200,2023-09-21,52.0,49.0,-3.0,1432.08,1442.64,2023-09-21,83.0,83.0,0.0,1287.86,1295.09,31.0,144.22000000000003,1727.0,1584.0,143.0,1,-0.6666666666666666,-0.4,-0.5714285714285714,-0.8125,-0.7201646090534979,-0.701171875,-1.0,-1.0,-1.0,-1.0,-1.0,-1.0,0.33333333333333337,0.6,0.4285714285714286,0.1875,0.2798353909465021,0.298828125
200,2023-10-17,Ecuador,Colombia,0.0,0.0,FIFA World Cup qualification,Quito,Ecuador,0,2023,0,1,201,2023-09-21,38.0,40.0,2.0,1497.66,1486.47,2023-09-21,16.0,17.0,1.0,1629.6,1624.91,-22.0,-131.93999999999983,1842.0,1919.0,-77.0,0,0.3333333333333333,0.0,0.14285714285714285,0.57421875,0.3330285017527814,0.2173614501953125,0.3333333333333333,0.6,0.14285714285714285,0.1875,0.1810699588477366,0.087890625,0.0,-0.6,0.0,0.38671875,0.15195854290504482,0.1294708251953125
201,2023-10-17,Venezuela,Chile,3.0,0.0,FIFA World Cup qualification,Maturín,Venezuela,0,2023,0,1,202,2023-09-21,53.0,57.0,4.0,1422.83,1417.23,2023-09-21,36.0,32.0,-4.0,1504.75,1511.31,-17.0,-81.92000000000007,1728.0,1739.0,-11.0,1,0.0,-0.4,-0.2857142857142857,0.03125,-0.046639231824417,-0.01904296875,0.0,-0.4,-0.2857142857142857,0.28125,-0.023319615912208696,-0.19384765625,0.0,0.0,0.0,-0.25,-0.023319615912208307,0.1748046875
202,2023-10-17,Brunei,Indonesia,0.0,6.0,FIFA World Cup qualification,Bandar Seri Begawan,Brunei,0,2023,0,1,203,2023-09-21,191.0,190.0,-1.0,887.58,891.12,2023-09-21,147.0,150.0,3.0,1052.87,1047.46,-44.0,-165.28999999999985,601.0,1297.0,-696.0,-1,-1.0,-1.0,-1.0,-1.0,-1.0,-1.0,1.0,1.0,1.0,1.0,1.0,1.0,-2.0,-2.0,-2.0,-2.0,-2.0,-2.0
203,2023-11-15,DR Congo,Mauritania,2.0,0.0,FIFA World Cup qualification,Kinshasa,DR Congo,0,2023,0,1,204,2023-10-26,65.0,64.0,-1.0,1366.18,1369.59,2023-10-26,101.0,99.0,-2.0,1208.99,1207.39,36.0,157.19000000000003,1453.0,1372.0,81.0,1,-0.5,-0.5,-0.5,-0.5,-0.33333333333333326,-0.25,,,,,,,,,,,,
204,2023-11-15,Ethiopia,Sierra Leone,0.0,0.0,FIFA World Cup qualification,El Jadida,Morocco,1,2023,0,1,205,2023-10-26,143.0,142.0,-1.0,1072.54,1072.54,2023-10-26,122.0,124.0,2.0,1145.12,1144.16,-21.0,-72.57999999999993,1352.0,1333.0,19.0,0,,,,,,,,,,,,,,,,,,
205,2023-11-15,Rwanda,Zimbabwe,0.0,0.0,FIFA World Cup qualification,Butare,Rwanda,0,2023,0,1,206,2023-10-26,140.0,139.0,-1.0,1087.03,1087.03,2023-10-26,125.0,125.0,0.0,1138.56,1138.56,-15.0,-51.52999999999997,1271.0,1333.0,-62.0,0,,,,,,,,,,,,,,,,,,
206,2023-11-15,Equatorial Guinea,Namibia,0.0,3.0,FIFA World Cup qualification,Malabo,Equatorial Guinea,0,2023,0,1,207,2023-10-26,91.0,92.0,1.0,1250.46,1248.98,2023-10-26,114.0,114.0,0.0,1172.41,1172.41,23.0,78.04999999999995,1467.0,1414.0,53.0,-1,,,,,,,,,,,,,,,,,,
207,2023-11-16,Lebanon,Palestine,0.0,0.0,FIFA World Cup qualification,Sharjah,United Arab Emirates,1,2023,0,1,208,2023-10-26,104.0,101.0,-3.0,1198.25,1205.56,2023-10-26,96.0,97.0,1.0,1224.05,1224.05,-8.0,-25.799999999999955,1311.0,1432.0,-121.0,0,-0.6666666666666666,-0.75,-0.75,-0.875,-0.8518518518518519,-0.859375,,,,,,,,,,,,
208,2023-11-16,Yemen,Bahrain,0.0,2.0,FIFA World Cup qualification,Abha,Saudi Arabia,1,2023,0,1,209,2023-10-26,156.0,156.0,0.0,1023.59,1020.37,2023-10-26,83.0,86.0,3.0,1281.46,1273.54,-73.0,-257.87,1099.0,1480.0,-381.0,-1,0.5,0.5,0.5,0.5,0.6666666666666667,0.75,,,,,,,,,,,,
209,2023-11-16,Tajikistan,Jordan,1.0,1.0,FIFA World Cup qualification,Dushanbe,Tajikistan,0,2023,0,1,210,2023-10-26,109.0,110.0,1.0,1187.23,1183.01,2023-10-26,82.0,84.0,2.0,1284.39,1286.36,-27.0,-97.16000000000008,1321.0,1590.0,-269.0,0,,,,,,,,,,,,,,,,,,
210,2023-11-16,Australia,Bangladesh,7.0,0.0,FIFA World Cup qualification,Melbourne,Australia,0,2023,0,1,211,2023-10-26,27.0,27.0,0.0,1531.25,1531.72,2023-10-26,183.0,189.0,6.0,912.6,894.23,156.0,618.65,1773.0,912.0,861.0,1,0.3333333333333333,0.0,0.0,-0.181640625,-0.04059340547680735,0.029201507568359375,0.5,0.5,0.5,0.5,0.33333333333333326,0.25,-0.16666666666666669,-0.5,-0.5,-0.681640625,-0.3739267388101406,-0.22079849243164062
211,2023-11-16,Saudi Arabia,Pakistan,4.0,0.0,FIFA World Cup qualification,Al Hofuf,Saudi Arabia,0,2023,0,1,212,2023-10-26,57.0,57.0,0.0,1408.85,1412.82,2023-10-26,193.0,197.0,4.0,864.84,847.67,136.0,544.0099999999999,1644.0,819.0,825.0,1,-0.3333333333333333,0.0,0.0,-0.5625,-0.2647462277091905,-0.07275390625,0.5,0.5,0.5,0.5,0.33333333333333326,0.25,-0.8333333333333333,-0.5,-0.5,-1.0625,-0.5980795610425238,-0.32275390625
212,2023-11-16,Egypt,Djibouti,6.0,0.0,FIFA World Cup qualification,Cairo,Egypt,0,2023,0,1,213,2023-10-26,35.0,35.0,0.0,1511.95,1508.93,2023-10-26,189.0,190.0,1.0,889.2,889.2,154.0,622.75,1660.0,752.0,908.0,1,0.0,0.0,0.0,0.0,0.3333333333333335,0.5,,,,,,,,,,,,
213,2023-11-16,Botswana,Mozambique,2.0,3.0,FIFA World Cup qualification,Francistown,Botswana,0,2023,0,1,214,2023-10-26,148.0,149.0,1.0,1055.85,1050.69,2023-10-26,113.0,113.0,0.0,1176.58,1179.03,-35.0,-120.73000000000002,1326.0,1311.0,15.0,-1,,,,,,,,,,,,,,,,,,
214,2023-11-16,Nigeria,Lesotho,1.0,1.0,FIFA World Cup qualification,Uyo,Nigeria,0,2023,0,1,215,2023-10-26,40.0,40.0,0.0,1490.48,1488.86,2023-10-26,153.0,152.0,-1.0,1034.18,1034.18,113.0,456.3,1657.0,1229.0,428.0,0,0.0,0.0,0.0,0.0,0.0,0.0,,,,,,,,,,,,
215,2023-11-16,Cape Verde,Angola,0.0,0.0,FIFA World Cup qualification,Praia,Cape Verde,0,2023,0,1,216,2023-10-26,74.0,71.0,-3.0,1326.93,1337.29,2023-10-26,116.0,117.0,1.0,1169.64,1167.7,42.0,157.28999999999996,1481.0,1398.0,83.0,0,,,,,,,,,,,,,,,,,,
216,2023-11-16,Burundi,Gambia,3.0,2.0,FIFA World Cup qualification,Dar es Salaam,Tanzania,1,2023,0,1,217,2023-10-26,142.0,141.0,-1.0,1080.43,1080.43,2022-03-31,123.0,125.0,2.0,1138.19,1135.18,-19.0,-57.75999999999999,1246.0,1443.0,-197.0,1,,,,,,,,,,,,,,,,,,
217,2023-11-16,Gabon,Kenya,2.0,1.0,FIFA World Cup qualification,Franceville,Gabon,0,2023,0,1,218,2023-10-26,86.0,88.0,2.0,1270.8,1270.55,2023-10-26,110.0,109.0,-1.0,1186.85,1184.14,24.0,83.95000000000005,1494.0,1371.0,123.0,1,,,,,,,,,,,,,,,,,,
218,2023-11-16,Philippines,Vietnam,0.0,2.0,FIFA World Cup qualification,Manila,Philippines,0,2023,0,1,219,2023-10-26,138.0,132.0,-6.0,1095.94,1099.29,2023-10-26,94.0,95.0,1.0,1236.25,1243.14,-44.0,-140.30999999999997,1046.0,1425.0,-379.0,-1,,,,,,,0.0,-0.25,-0.25,-0.25,-0.3703703703703704,-0.46875,,,,,,
219,2023-11-16,Algeria,Somalia,3.0,1.0,FIFA World Cup qualification,Algiers,Algeria,0,2023,0,1,220,2023-10-26,33.0,34.0,1.0,1512.9,1509.5,2023-10-26,196.0,194.0,-2.0,852.06,854.72,163.0,660.8400000000001,1704.0,857.0,847.0,1,0.0,0.0,0.0,0.0,0.3333333333333335,0.5,,,,,,,,,,,,
220,2023-11-16,Sudan,Togo,1.0,1.0,FIFA World Cup qualification,Benghazi,Libya,1,2023,0,1,221,2023-10-26,130.0,130.0,0.0,1109.22,1109.22,2023-10-26,119.0,119.0,0.0,1158.24,1158.24,-11.0,-49.01999999999998,1296.0,1319.0,-23.0,0,,,,,,,,,,,,,,,,,,
221,2023-11-16,Iraq,Indonesia,5.0,1.0,FIFA World Cup qualification,Basra,Iraq,0,2023,0,1,222,2023-10-26,68.0,69.0,1.0,1349.73,1347.38,2023-10-26,145.0,147.0,2.0,1069.82,1052.87,77.0,279.9100000000001,1575.0,1297.0,278.0,1,0.3333333333333333,0.0,0.0,0.125,-0.0740740740740742,-0.234375,1.0,1.0,1.0,1.0,1.0,1.0,-0.6666666666666667,-1.0,-1.0,-0.875,-1.0740740740740742,-1.234375
222,2023-11-16,United Arab Emirates,Nepal,4.0,0.0,FIFA World Cup qualification,Dubai,United Arab Emirates,0,2023,0,1,223,2023-10-26,69.0,70.0,1.0,1348.87,1342.43,2023-10-26,173.0,175.0,2.0,963.82,953.85,104.0,385.04999999999984,1486.0,912.0,574.0,1,-0.3333333333333333,-0.2,-0.2,-0.375,-0.1604938271604937,0.0078125,0.5,0.5,0.5,0.5,0.33333333333333326,0.25,-0.8333333333333333,-0.7,-0.7,-0.875,-0.49382716049382697,-0.2421875
223,2023-11-16,Iran,Hong Kong,4.0,0.0,FIFA World Cup qualification,Tehran,Iran,0,2023,0,1,224,2023-10-26,21.0,21.0,0.0,1567.3,1561.26,2022-03-31,147.0,148.0,1.0,1053.39,1053.39,126.0,513.9099999999999,1780.0,1122.0,658.0,1,-0.3333333333333333,-0.2,0.14285714285714285,-0.3125,-0.09465020576131675,0.060546875,0.0,0.0,0.0,0.0,0.3333333333333335,0.5,-0.3333333333333333,-0.2,0.14285714285714285,-0.3125,-0.42798353909465026,-0.439453125
224,2023-11-16,Turkmenistan,Uzbekistan,1.0,3.0,FIFA World Cup qualification,Ashgabat,Turkmenistan,0,2023,0,1,225,2023-10-26,141.0,140.0,-1.0,1086.12,1086.12,2023-10-26,73.0,75.0,2.0,1333.09,1328.35,-68.0,-246.97000000000003,1250.0,1575.0,-325.0,-1,,,,,,,,,,,,,,,,,,
225,2023-11-16,Bolivia,Peru,2.0,0.0,FIFA World Cup qualification,La Paz,Bolivia,0,2023,0,1,226,2023-10-26,85.0,83.0,-2.0,1271.09,1287.86,2023-10-26,26.0,22.0,-4.0,1532.57,1551.91,-59.0,-261.48,1584.0,1798.0,-214.0,1,-1.0,-1.0,-1.0,-1.0,-1.0,-1.0,-1.0,-0.6,-0.42857142857142855,-0.86328125,-0.6500533455265964,-0.4631805419921875,0.0,-0.4,-0.5714285714285714,-0.13671875,-0.34994665447340356,-0.5368194580078125
226,2023-11-16,Venezuela,Ecuador,0.0,0.0,FIFA World Cup qualification,Maturín,Venezuela,0,2023,0,1,227,2023-10-26,49.0,53.0,4.0,1445.67,1422.83,2023-10-26,36.0,38.0,2.0,1508.31,1497.66,-13.0,-62.63999999999987,1728.0,1842.0,-114.0,0,0.6666666666666666,0.0,-0.2857142857142857,0.515625,0.30224051211705527,0.2357177734375,0.6666666666666666,0.0,0.14285714285714285,0.287109375,0.22201900116852097,0.16302108764648438,0.0,0.0,-0.42857142857142855,0.228515625,0.0802215109485343,0.07269668579101562
227,2023-11-16,Colombia,Brazil,2.0,1.0,FIFA World Cup qualification,Barranquilla,Colombia,0,2023,0,1,228,2023-10-26,17.0,16.0,-1.0,1626.6,1629.6,2023-10-26,3.0,3.0,0.0,1812.2,1837.61,-14.0,-185.6000000000001,1919.0,2133.0,-214.0,1,0.0,0.4,0.2857142857142857,0.09375,0.12071330589849108,0.06591796875,0.0,0.2,0.14285714285714285,-0.297119140625,-0.02096752038325974,0.11273282766342163,0.0,0.2,0.14285714285714285,0.390869140625,0.14168082628175083,-0.04681485891342163
228,2023-11-16,Argentina,Uruguay,0.0,2.0,FIFA World Cup qualification,Buenos Aires,Argentina,0,2023,0,1,229,2023-10-26,1.0,1.0,0.0,1861.29,1851.41,2023-10-26,15.0,17.0,2.0,1643.72,1626.51,14.0,217.57,2144.0,1904.0,240.0,-1,1.0,0.8,0.7142857142857143,0.959716796875,0.8894778536093376,0.8376882672309875,0.0,0.4,0.14285714285714285,0.4609375,0.36442615454961136,0.36810302734375,1.0,0.4,0.5714285714285714,0.498779296875,0.5250516990597263,0.46958523988723755
229,2023-11-16,Chile,Paraguay,0.0,0.0,FIFA World Cup qualification,Santiago,Chile,0,2023,0,1,230,2023-10-26,37.0,36.0,-1.0,1503.81,1504.75,2023-10-26,53.0,52.0,-1.0,1436.96,1432.08,16.0,66.84999999999991,1739.0,1727.0,12.0,0,0.0,-0.4,-0.2857142857142857,-0.359375,-0.34887974394147236,-0.3953857421875,-0.3333333333333333,-0.4,-0.2857142857142857,0.09375,-0.14677640603566539,-0.27587890625,0.3333333333333333,0.0,0.0,-0.453125,-0.20210333790580698,-0.1195068359375
230,2023-11-16,Kuwait,India,0.0,1.0,FIFA World Cup qualification,Kuwait City,Kuwait,0,2023,0,1,231,2023-10-26,136.0,135.0,-1.0,1097.05,1093.38,2023-10-26,102.0,102.0,0.0,1198.84,1204.88,-34.0,-101.78999999999996,1385.0,1240.0,145.0,-1,,,,,,,,,,,,,,,,,,
231,2023-11-16,Qatar,Afghanistan,8.0,1.0,FIFA World Cup qualification,Al Rayyan,Qatar,0,2023,0,1,232,2023-10-26,61.0,61.0,0.0,1394.16,1395.57,2023-10-26,154.0,158.0,4.0,1033.8,1014.25,93.0,360.3600000000001,1577.0,1082.0,495.0,1,-1.0,-1.0,-1.0,-1.0,-1.0,-1.0,1.0,1.0,1.0,1.0,1.0,1.0,-2.0,-2.0,-2.0,-2.0,-2.0,-2.0
232,2023-11-16,Syria,North Korea,1.0,0.0,FIFA World Cup qualification,Jeddah,Saudi Arabia,1,2023,0,1,233,2023-10-26,92.0,93.0,1.0,1239.37,1245.81,2023-10-26,115.0,116.0,1.0,1169.96,1169.96,23.0,69.40999999999985,1423.0,1379.0,44.0,1,0.0,-0.25,-0.25,0.0,-0.22222222222222235,-0.375,,,,,,,,,,,,
233,2023-11-16,Thailand,China PR,1.0,2.0,FIFA World Cup qualification,Bangkok,Thailand,0,2023,0,1,234,2023-10-26,112.0,112.0,0.0,1177.15,1181.21,2023-10-26,79.0,80.0,1.0,1296.99,1297.25,-33.0,-119.83999999999992,1384.0,1475.0,-91.0,-1,,,,,,,-0.6666666666666666,-0.75,-0.75,-0.75,-0.7777777777777778,-0.8125,,,,,,
234,2023-11-16,South Korea,Singapore,5.0,0.0,FIFA World Cup qualification,Seoul,South Korea,0,2023,0,1,235,2023-10-26,24.0,26.0,2.0,1540.35,1533.01,2023-10-26,155.0,157.0,2.0,1032.89,1016.47,131.0,507.4599999999998,1788.0,1132.0,656.0,1,-0.3333333333333333,-0.4,0.0,-0.375,-0.19341563786008217,-0.044921875,1.0,1.0,1.0,1.0,1.0,1.0,-1.3333333333333333,-1.4,-1.0,-1.375,-1.1934156378600822,-1.044921875
235,2023-11-16,Oman,Taiwan,3.0,0.0,FIFA World Cup qualification,Muscat,Oman,0,2023,0,1,236,2023-10-26,72.0,73.0,1.0,1334.37,1334.37,2023-10-26,152.0,154.0,2.0,1040.7,1023.66,80.0,293.66999999999985,1575.0,927.0,648.0,1,0.6666666666666666,0.25,0.25,0.625,0.2592592592592591,0.015625,1.0,1.0,1.0,1.0,1.0,1.0,-0.33333333333333337,-0.75,-0.75,-0.375,-0.7407407407407409,-0.984375
236,2023-11-16,Malaysia,Kyrgyzstan,4.0,3.0,FIFA World Cup qualification,Kuala Lumpur,Malaysia,0,2023,0,1,237,2023-10-26,137.0,134.0,-3.0,1096.72,1094.9,2023-10-26,97.0,96.0,-1.0,1224.03,1228.6,-40.0,-127.30999999999996,1256.0,1251.0,5.0,1,,,,,,,,,,,,,,,,,,
237,2023-11-16,Japan,Myanmar,5.0,0.0,FIFA World Cup qualification,Suita,Japan,0,2023,0,1,238,2023-10-26,18.0,19.0,1.0,1612.99,1605.2,2023-10-26,158.0,161.0,3.0,1011.73,1004.46,140.0,601.26,1851.0,928.0,923.0,1,0.0,0.2,0.42857142857142855,0.21875,0.3045267489711935,0.3896484375,0.5,0.5,0.5,0.5,0.6666666666666667,0.75,-0.5,-0.3,-0.07142857142857145,-0.28125,-0.36213991769547327,-0.3603515625
238,2023-11-17,Tunisia,São Tomé and Príncipe,4.0,0.0,FIFA World Cup qualification,Radès,Tunisia,0,2023,0,1,239,2023-10-26,32.0,29.0,-3.0,1516.14,1525.23,2023-10-26,186.0,188.0,2.0,897.69,897.69,154.0,618.45,1745.0,1063.0,682.0,1,0.0,0.2,0.2,0.3125,0.308641975308642,0.37890625,,,,,,,,,,,,
239,2023-11-17,Mali,Chad,3.0,1.0,FIFA World Cup qualification,Bamako,Mali,0,2023,0,1,240,2023-10-26,47.0,49.0,2.0,1449.75,1441.72,2023-10-26,179.0,181.0,2.0,930.22,930.22,132.0,519.53,1595.0,1250.0,345.0,1,-0.5,-0.5,-0.5,-0.5,-0.6666666666666667,-0.75,,,,,,,,,,,,
240,2023-11-17,Ghana,Madagascar,1.0,0.0,FIFA World Cup qualification,Kumasi,Ghana,0,2023,0,1,241,2023-10-26,60.0,60.0,0.0,1394.74,1400.0,2023-10-26,108.0,108.0,0.0,1188.57,1187.8,48.0,206.17000000000007,1593.0,1254.0,339.0,1,-0.3333333333333333,-0.2,-0.2,-0.375,-0.2592592592592592,-0.203125,,,,,,,,,,,,
241,2023-11-17,Comoros,Central African Republic,4.0,2.0,FIFA World Cup qualification,Moroni,Comoros,0,2023,0,1,242,2023-10-26,128.0,129.0,1.0,1125.57,1118.62,2023-10-26,127.0,127.0,0.0,1126.72,1126.72,-1.0,-1.150000000000091,1253.0,1336.0,-83.0,1,,,,,,,,,,,,,,,,,,
242,2023-11-17,Liberia,Malawi,0.0,1.0,FIFA World Cup qualification,Monrovia,Liberia,0,2023,0,1,243,2023-10-26,151.0,150.0,-1.0,1041.5,1047.85,2023-10-26,123.0,123.0,0.0,1144.29,1144.29,-28.0,-102.78999999999996,1308.0,1296.0,12.0,-1,,,,,,,,,,,,,,,,,,
243,2023-11-17,Eswatini,Libya,0.0,1.0,FIFA World Cup qualification,Mbombela,South Africa,1,2023,0,1,244,2023-10-26,146.0,144.0,-2.0,1063.13,1065.69,2023-10-26,126.0,126.0,0.0,1137.64,1133.6,-20.0,-74.50999999999999,1298.0,1338.0,-40.0,-1,,,,,,,,,,,,,,,,,,
244,2023-11-17,Ivory Coast,Seychelles,9.0,0.0,FIFA World Cup qualification,Abidjan,Ivory Coast,0,2023,0,1,245,2023-10-26,52.0,50.0,-2.0,1439.17,1437.89,2023-10-26,195.0,195.0,0.0,853.5,853.5,143.0,585.6700000000001,1667.0,874.0,793.0,1,,,,,,,,,,,,,,,,,,
245,2023-11-17,Zambia,Congo,4.0,2.0,FIFA World Cup qualification,Ndola,Zambia,0,2023,0,1,246,2023-10-26,81.0,82.0,1.0,1291.34,1289.63,2023-10-26,106.0,107.0,1.0,1189.9,1189.9,25.0,101.43999999999984,1504.0,1263.0,241.0,1,,,,,,,,,,,,,,,,,,
246,2023-11-17,Cameroon,Mauritius,3.0,0.0,FIFA World Cup qualification,Douala,Cameroon,0,2023,0,1,247,2023-10-26,43.0,41.0,-2.0,1466.98,1475.6,2023-10-26,177.0,178.0,1.0,942.64,942.64,134.0,524.34,1631.0,963.0,668.0,1,0.0,0.0,0.0,0.375,0.08641975308641962,-0.1015625,,,,,,,,,,,,
247,2023-11-17,Burkina Faso,Guinea-Bissau,1.0,1.0,FIFA World Cup qualification,Marrakech,Morocco,1,2023,0,1,248,2023-10-26,56.0,58.0,2.0,1410.59,1408.87,2023-10-26,110.0,106.0,-4.0,1186.85,1190.88,54.0,223.74,1598.0,1383.0,215.0,0,,,,,,,,,,,,,,,,,,
248,2023-11-17,Guinea,Uganda,2.0,1.0,FIFA World Cup qualification,Berkane,Morocco,1,2023,0,1,249,2023-10-26,80.0,81.0,1.0,1296.89,1293.11,2023-10-26,90.0,89.0,-1.0,1251.94,1259.97,10.0,44.950000000000045,1387.0,1389.0,-2.0,1,,,,,,,,,,,,,,,,,,
249,2023-11-18,Senegal,South Sudan,4.0,0.0,FIFA World Cup qualification,Diamniadio,Senegal,0,2023,0,1,250,2023-10-26,20.0,20.0,0.0,1600.82,1597.01,2023-10-26,167.0,167.0,0.0,986.56,986.56,147.0,614.26,1745.0,1136.0,609.0,1,0.3333333333333333,0.2,0.0,-0.1875,-0.12757201646090538,-0.185546875,,,,,,,,,,,,
250,2023-11-18,South Africa,Benin,2.0,1.0,FIFA World Cup qualification,Durban,South Africa,0,2023,0,1,251,2023-10-26,64.0,65.0,1.0,1366.35,1368.25,2023-10-26,93.0,94.0,1.0,1238.89,1245.44,29.0,127.4599999999998,1540.0,1476.0,64.0,1,,,,,,,,,,,,,,,,,,
251,2023-11-18,Niger,Tanzania,0.0,1.0,FIFA World Cup qualification,Marrakech,Morocco,1,2023,0,1,252,2023-10-26,129.0,128.0,-1.0,1122.81,1120.01,2023-10-26,121.0,122.0,1.0,1146.46,1146.46,-8.0,-23.65000000000009,1239.0,1313.0,-74.0,-1,,,,,,,,,,,,,,,,,,
252,2023-11-19,Burundi,Gabon,1.0,2.0,FIFA World Cup qualification,Dar es Salaam,Tanzania,1,2023,0,1,253,2023-10-26,142.0,141.0,-1.0,1080.43,1080.43,2023-10-26,86.0,88.0,2.0,1270.8,1270.55,-56.0,-190.3699999999999,1246.0,1494.0,-248.0,-1,1.0,1.0,1.0,1.0,1.0,1.0,1.0,1.0,1.0,1.0,1.0,1.0,0.0,0.0,0.0,0.0,0.0,0.0
253,2023-11-19,Sierra Leone,Egypt,0.0,2.0,FIFA World Cup qualification,Monrovia,Liberia,1,2023,0,1,254,2023-10-26,122.0,124.0,2.0,1145.12,1144.16,2023-10-26,35.0,35.0,0.0,1511.95,1508.93,-87.0,-366.83000000000015,1333.0,1660.0,-327.0,-1,0.0,0.0,0.0,0.0,0.0,0.0,0.3333333333333333,0.3333333333333333,0.3333333333333333,0.5,0.5555555555555556,0.625,-0.3333333333333333,-0.3333333333333333,-0.3333333333333333,-0.5,-0.5555555555555556,-0.625
254,2023-11-19,Sudan,DR Congo,1.0,0.0,FIFA World Cup qualification,Benghazi,Libya,1,2023,0,1,255,2023-10-26,130.0,130.0,0.0,1109.22,1109.22,2023-10-26,65.0,64.0,-1.0,1366.18,1369.59,-65.0,-256.96000000000004,1296.0,1453.0,-157.0,1,0.0,0.0,0.0,0.0,0.0,0.0,0.0,0.0,0.0,0.25,0.11111111111111106,0.0625,0.0,0.0,0.0,-0.25,-0.11111111111111106,-0.0625
255,2023-11-19,Zimbabwe,Nigeria,1.0,1.0,FIFA World Cup qualification,Butare,Rwanda,1,2023,0,1,256,2023-10-26,125.0,125.0,0.0,1138.56,1138.56,2023-10-26,40.0,40.0,0.0,1490.48,1488.86,-85.0,-351.9200000000001,1333.0,1657.0,-324.0,0,0.0,0.0,0.0,0.0,0.0,0.0,0.0,0.0,0.0,0.0,0.0,0.0,0.0,0.0,0.0,0.0,0.0,0.0
256,2023-11-19,Mozambique,Algeria,0.0,2.0,FIFA World Cup qualification,Maputo,Mozambique,0,2023,0,1,257,2023-10-26,113.0,113.0,0.0,1176.58,1179.03,2023-10-26,33.0,34.0,1.0,1512.9,1509.5,-80.0,-336.32000000000016,1311.0,1704.0,-393.0,-1,1.0,1.0,1.0,1.0,1.0,1.0,0.3333333333333333,0.3333333333333333,0.3333333333333333,0.5,0.5555555555555556,0.625,0.6666666666666667,0.6666666666666667,0.6666666666666667,0.5,0.4444444444444444,0.375
257,2023-11-20,Mali,Central African Republic,1.0,1.0,FIFA World Cup qualification,Bamako,Mali,0,2023,0,1,258,2023-10-26,47.0,49.0,2.0,1449.75,1441.72,2023-10-26,127.0,127.0,0.0,1126.72,1126.72,80.0,323.03,1631.0,1286.0,345.0,0,0.0,0.0,0.0,0.25,-0.11111111111111129,-0.3125,-1.0,-1.0,-1.0,-1.0,-1.0,-1.0,1.0,1.0,1.0,1.25,0.8888888888888887,0.6875
258,2023-11-20,Liberia,Equatorial Guinea,3.0,0.0,FIFA World Cup qualification,Monrovia,Liberia,0,2023,0,1,259,2023-10-26,151.0,150.0,-1.0,1041.5,1047.85,2023-10-26,91.0,92.0,1.0,1250.46,1248.98,-60.0,-208.96000000000004,1270.0,1467.0,-197.0,1,-1.0,-1.0,-1.0,-1.0,-1.0,-1.0,-1.0,-1.0,-1.0,-1.0,-1.0,-1.0,0.0,0.0,0.0,0.0,0.0,0.0
259,2023-11-20,Chad,Madagascar,0.0,3.0,FIFA World Cup qualification,Oujda,Morocco,1,2023,0,1,260,2023-10-26,179.0,181.0,2.0,930.22,930.22,2023-10-26,108.0,108.0,0.0,1188.57,1187.8,-71.0,-258.3499999999999,1178.0,1288.0,-110.0,-1,-1.0,-1.0,-1.0,-1.0,-1.0,-1.0,-1.0,-1.0,-1.0,-1.0,-1.0,-1.0,0.0,0.0,0.0,0.0,0.0,0.0
260,2023-11-20,Gambia,Ivory Coast,0.0,2.0,FIFA World Cup qualification,Dar es Salaam,Tanzania,1,2023,0,1,261,2022-03-31,123.0,125.0,2.0,1138.19,1135.18,2023-10-26,52.0,50.0,-2.0,1439.17,1437.89,-71.0,-300.98,1443.0,1667.0,-224.0,-1,-1.0,-1.0,-1.0,-1.0,-1.0,-1.0,1.0,1.0,1.0,1.0,1.0,1.0,-2.0,-2.0,-2.0,-2.0,-2.0,-2.0
261,2023-11-20,Djibouti,Guinea-Bissau,0.0,1.0,FIFA World Cup qualification,Cairo,Egypt,1,2023,0,1,262,2023-10-26,189.0,190.0,1.0,889.2,889.2,2023-10-26,110.0,106.0,-4.0,1186.85,1190.88,-79.0,-297.64999999999986,752.0,1411.0,-659.0,-1,-1.0,-1.0,-1.0,-1.0,-1.0,-1.0,0.0,0.0,0.0,0.0,0.0,0.0,-1.0,-1.0,-1.0,-1.0,-1.0,-1.0
262,2023-11-20,Seychelles,Kenya,0.0,5.0,FIFA World Cup qualification,Abidjan,Ivory Coast,1,2023,0,1,263,2023-10-26,195.0,195.0,0.0,853.5,853.5,2023-10-26,110.0,109.0,-1.0,1186.85,1184.14,-85.0,-333.3499999999999,859.0,1371.0,-512.0,-1,-1.0,-1.0,-1.0,-1.0,-1.0,-1.0,-1.0,-1.0,-1.0,-1.0,-1.0,-1.0,0.0,0.0,0.0,0.0,0.0,0.0
263,2023-11-21,Palestine,Australia,0.0,1.0,FIFA World Cup qualification,Kuwait City,Kuwait,1,2023,0,1,264,2023-10-26,96.0,97.0,1.0,1224.05,1224.05,2023-10-26,27.0,27.0,0.0,1531.25,1531.72,-69.0,-307.20000000000005,1432.0,1773.0,-341.0,-1,0.0,0.0,0.0,0.0,0.0,0.0,0.3333333333333333,0.2,0.2857142857142857,0.4091796875,0.3062710630154617,0.27190113067626953,-0.3333333333333333,-0.2,-0.2857142857142857,-0.4091796875,-0.3062710630154617,-0.27190113067626953
264,2023-11-21,Bangladesh,Lebanon,1.0,1.0,FIFA World Cup qualification,Dhaka,Bangladesh,0,2023,0,1,265,2023-10-26,183.0,189.0,6.0,912.6,894.23,2023-10-26,104.0,101.0,-3.0,1198.25,1205.56,-79.0,-285.65,912.0,1311.0,-399.0,0,0.0,0.0,0.0,-0.25,-0.11111111111111106,-0.0625,-0.6666666666666666,-0.6,-0.6,-0.4375,-0.5679012345679013,-0.64453125,0.6666666666666666,0.6,0.6,0.1875,0.45679012345679026,0.58203125
265,2023-11-21,Ethiopia,Burkina Faso,0.0,3.0,FIFA World Cup qualification,El Jadida,Morocco,1,2023,0,1,266,2023-10-26,143.0,142.0,-1.0,1072.54,1072.54,2023-10-26,56.0,58.0,2.0,1410.59,1408.87,-87.0,-338.04999999999995,1352.0,1549.0,-197.0,-1,0.0,0.0,0.0,0.0,0.0,0.0,0.0,0.0,0.0,0.0,0.0,0.0,0.0,0.0,0.0,0.0,0.0,0.0
266,2023-11-21,South Sudan,Mauritania,0.0,0.0,FIFA World Cup qualification,Diamniadio,Senegal,1,2023,0,1,267,2023-10-26,167.0,167.0,0.0,986.56,986.56,2023-10-26,101.0,99.0,-2.0,1208.99,1207.39,-66.0,-222.4300000000001,1136.0,1372.0,-236.0,0,-1.0,-1.0,-1.0,-1.0,-1.0,-1.0,-1.0,-1.0,-1.0,-1.0,-1.0,-1.0,0.0,0.0,0.0,0.0,0.0,0.0
267,2023-11-21,Togo,Senegal,0.0,0.0,FIFA World Cup qualification,Lomé,Togo,0,2023,0,1,268,2023-10-26,119.0,119.0,0.0,1158.24,1158.24,2023-10-26,20.0,20.0,0.0,1600.82,1597.01,-99.0,-442.5799999999999,1319.0,1745.0,-426.0,0,0.0,0.0,0.0,0.0,0.0,0.0,0.3333333333333333,0.2,0.14285714285714285,0.40625,0.24828532235939632,0.11083984375,-0.3333333333333333,-0.2,-0.14285714285714285,-0.40625,-0.24828532235939632,-0.11083984375
268,2023-11-21,Lesotho,Benin,0.0,0.0,FIFA World Cup qualification,Durban,South Africa,1,2023,0,1,269,2023-10-26,153.0,152.0,-1.0,1034.18,1034.18,2023-10-26,93.0,94.0,1.0,1238.89,1245.44,-60.0,-204.71000000000004,1229.0,1476.0,-247.0,0,0.0,0.0,0.0,0.0,0.0,0.0,-1.0,-1.0,-1.0,-1.0,-1.0,-1.0,1.0,1.0,1.0,1.0,1.0,1.0
269,2023-11-21,Rwanda,South Africa,2.0,0.0,FIFA World Cup qualification,Butare,Rwanda,0,2023,0,1,270,2023-10-26,140.0,139.0,-1.0,1087.03,1087.03,2023-10-26,64.0,65.0,1.0,1366.35,1368.25,-76.0,-279.31999999999994,1271.0,1540.0,-269.0,1,0.0,0.0,0.0,0.0,0.0,0.0,1.0,1.0,1.0,1.0,1.0,1.0,-1.0,-1.0,-1.0,-1.0,-1.0,-1.0
270,2023-11-21,Eswatini,Cape Verde,0.0,2.0,FIFA World Cup qualification,Mbombela,South Africa,1,2023,0,1,271,2023-10-26,146.0,144.0,-2.0,1063.13,1065.69,2023-10-26,74.0,71.0,-3.0,1326.93,1337.29,-72.0,-263.79999999999995,1269.0,1481.0,-212.0,-1,-1.0,-1.0,-1.0,-1.0,-1.0,-1.0,0.0,0.0,0.0,0.0,0.0,0.0,-1.0,-1.0,-1.0,-1.0,-1.0,-1.0
271,2023-11-21,Libya,Cameroon,1.0,1.0,FIFA World Cup qualification,Benghazi,Libya,0,2023,0,1,272,2023-10-26,126.0,126.0,0.0,1137.64,1133.6,2023-10-26,43.0,41.0,-2.0,1466.98,1475.6,-83.0,-329.3399999999999,1347.0,1625.0,-278.0,0,1.0,1.0,1.0,1.0,1.0,1.0,0.6666666666666666,0.4,0.16666666666666666,0.6875,0.390946502057613,0.173828125,0.33333333333333337,0.6,0.8333333333333334,0.3125,0.609053497942387,0.826171875
272,2023-11-21,Mauritius,Angola,0.0,0.0,FIFA World Cup qualification,Saint Pierre,Mauritius,0,2023,0,1,273,2023-10-26,177.0,178.0,1.0,942.64,942.64,2023-10-26,116.0,117.0,1.0,1169.64,1167.7,-61.0,-227.0000000000001,1029.0,1398.0,-369.0,0,-1.0,-1.0,-1.0,-1.0,-1.0,-1.0,0.0,0.0,0.0,0.0,0.0,0.0,-1.0,-1.0,-1.0,-1.0,-1.0,-1.0
273,2023-11-21,Tanzania,Morocco,0.0,2.0,FIFA World Cup qualification,Dar es Salaam,Tanzania,0,2023,0,1,274,2023-10-26,121.0,122.0,1.0,1146.46,1146.46,2023-10-26,13.0,13.0,0.0,1658.49,1658.32,-108.0,-512.03,1313.0,1866.0,-553.0,-1,1.0,1.0,1.0,1.0,1.0,1.0,-0.3333333333333333,0.0,0.14285714285714285,-0.57421875,-0.2781588172534673,-0.1250762939453125,1.3333333333333333,1.0,0.8571428571428572,1.57421875,1.2781588172534672,1.1250762939453125
274,2023-11-21,Somalia,Uganda,0.0,1.0,FIFA World Cup qualification,Berkane,Morocco,1,2023,0,1,275,2023-10-26,196.0,194.0,-2.0,852.06,854.72,2023-10-26,90.0,89.0,-1.0,1251.94,1259.97,-106.0,-399.8800000000001,857.0,1362.0,-505.0,-1,-1.0,-1.0,-1.0,-1.0,-1.0,-1.0,-1.0,-1.0,-1.0,-1.0,-1.0,-1.0,0.0,0.0,0.0,0.0,0.0,0.0
275,2023-11-21,Botswana,Guinea,1.0,0.0,FIFA World Cup qualification,Francistown,Botswana,0,2023,0,1,276,2023-10-26,148.0,149.0,1.0,1055.85,1050.69,2023-10-26,80.0,81.0,1.0,1296.89,1293.11,-68.0,-241.0400000000002,1326.0,1444.0,-118.0,1,-1.0,-1.0,-1.0,-1.0,-1.0,-1.0,1.0,1.0,1.0,1.0,1.0,1.0,-2.0,-2.0,-2.0,-2.0,-2.0,-2.0
276,2023-11-21,Malawi,Tunisia,0.0,1.0,FIFA World Cup qualification,Lilongwe,Malawi,0,2023,0,1,277,2023-10-26,123.0,123.0,0.0,1144.29,1144.29,2023-10-26,32.0,29.0,-3.0,1516.14,1525.23,-91.0,-371.85000000000014,1354.0,1745.0,-391.0,-1,1.0,1.0,1.0,1.0,1.0,1.0,0.3333333333333333,0.2,0.3333333333333333,0.65625,0.5390946502057613,0.5341796875,0.6666666666666667,0.8,0.6666666666666667,0.34375,0.4609053497942387,0.4658203125
277,2023-11-21,São Tomé and Príncipe,Namibia,0.0,2.0,FIFA World Cup qualification,Agadir,Morocco,1,2023,0,1,278,2023-10-26,186.0,188.0,2.0,897.69,897.69,2023-10-26,114.0,114.0,0.0,1172.41,1172.41,-72.0,-274.72,1062.0,1414.0,-352.0,-1,-1.0,-1.0,-1.0,-1.0,-1.0,-1.0,1.0,1.0,1.0,1.0,1.0,1.0,-2.0,-2.0,-2.0,-2.0,-2.0,-2.0
278,2023-11-21,Comoros,Ghana,1.0,0.0,FIFA World Cup qualification,Moroni,Comoros,0,2023,0,1,279,2023-10-26,128.0,129.0,1.0,1125.57,1118.62,2023-10-26,60.0,60.0,0.0,1394.74,1400.0,-68.0,-269.1700000000001,1241.0,1593.0,-352.0,1,1.0,1.0,1.0,1.0,1.0,1.0,0.3333333333333333,0.0,0.0,0.3125,0.1604938271604938,0.09765625,0.6666666666666667,1.0,1.0,0.6875,0.8395061728395062,0.90234375
279,2023-11-21,Nepal,Yemen,0.0,2.0,FIFA World Cup qualification,Kathmandu,Nepal,0,2023,0,1,280,2023-10-26,173.0,175.0,2.0,963.82,953.85,2023-10-26,156.0,156.0,0.0,1023.59,1020.37,-17.0,-59.76999999999998,912.0,1099.0,-187.0,-1,0.0,0.0,0.0,-0.25,-0.11111111111111106,-0.0625,0.0,0.0,0.0,-0.25,0.11111111111111129,0.3125,0.0,0.0,0.0,0.0,-0.22222222222222235,-0.375
280,2023-11-21,Bahrain,United Arab Emirates,0.0,2.0,FIFA World Cup qualification,Riffa,Bahrain,0,2023,0,1,281,2023-10-26,83.0,86.0,3.0,1281.46,1273.54,2023-10-26,69.0,70.0,1.0,1348.87,1342.43,-14.0,-67.40999999999985,1480.0,1486.0,-6.0,-1,1.0,1.0,1.0,1.0,1.0,1.0,0.3333333333333333,-0.2,0.0,0.3125,0.22633744855967078,0.255859375,0.6666666666666667,1.2,1.0,0.6875,0.7736625514403292,0.744140625
281,2023-11-21,Niger,Zambia,2.0,1.0,FIFA World Cup qualification,Marrakech,Morocco,1,2023,0,1,282,2023-10-26,129.0,128.0,-1.0,1122.81,1120.01,2023-10-26,81.0,82.0,1.0,1291.34,1289.63,-48.0,-168.52999999999997,1239.0,1523.0,-284.0,1,-1.0,-1.0,-1.0,-1.0,-1.0,-1.0,1.0,1.0,1.0,1.0,1.0,1.0,-2.0,-2.0,-2.0,-2.0,-2.0,-2.0
282,2023-11-21,Pakistan,Tajikistan,1.0,6.0,FIFA World Cup qualification,Islamabad,Pakistan,0,2023,0,1,283,2023-10-26,193.0,197.0,4.0,864.84,847.67,2023-10-26,109.0,110.0,1.0,1187.23,1183.01,-84.0,-322.39,819.0,1321.0,-502.0,-1,0.0,0.0,0.0,-0.25,-0.11111111111111106,-0.0625,0.0,0.0,0.0,0.0,0.0,0.0,0.0,0.0,0.0,-0.25,-0.11111111111111106,-0.0625
283,2023-11-21,Jordan,Saudi Arabia,0.0,2.0,FIFA World Cup qualification,Amman,Jordan,0,2023,0,1,284,2023-10-26,82.0,84.0,2.0,1284.39,1286.36,2023-10-26,57.0,57.0,0.0,1408.85,1412.82,-25.0,-124.4599999999998,1590.0,1644.0,-54.0,-1,0.0,0.0,0.0,0.0,0.0,0.0,-0.3333333333333333,0.2,0.0,0.21875,0.15683584819387292,0.1954345703125,0.3333333333333333,-0.2,0.0,-0.21875,-0.15683584819387292,-0.1954345703125
284,2023-11-21,Ecuador,Chile,1.0,0.0,FIFA World Cup qualification,Quito,Ecuador,0,2023,0,1,285,2023-10-26,36.0,38.0,2.0,1508.31,1497.66,2023-10-26,37.0,36.0,-1.0,1503.81,1504.75,1.0,4.5,1842.0,1739.0,103.0,1,0.3333333333333333,0.2,0.0,0.1435546875,0.14801266744568067,0.12226581573486328,0.0,-0.2,-0.42857142857142855,-0.1796875,-0.2325864959609816,-0.296539306640625,0.3333333333333333,0.4,0.42857142857142855,0.3232421875,0.3805991634066623,0.4188051223754883
285,2023-11-21,Paraguay,Colombia,0.0,1.0,FIFA World Cup qualification,Asunción,Paraguay,0,2023,0,1,286,2023-10-26,53.0,52.0,-1.0,1436.96,1432.08,2023-10-26,17.0,16.0,-1.0,1626.6,1629.6,-36.0,-189.63999999999987,1727.0,1919.0,-192.0,-1,0.0,-0.2,-0.14285714285714285,0.046875,-0.09785093735711027,-0.2069091796875,0.3333333333333333,0.4,0.5714285714285714,0.546875,0.41380887059899396,0.2994384765625,-0.3333333333333333,-0.6000000000000001,-0.7142857142857142,-0.5,-0.5116598079561042,-0.50634765625
286,2023-11-21,Uruguay,Bolivia,3.0,0.0,FIFA World Cup qualification,Montevideo,Uruguay,0,2023,0,1,287,2023-10-26,15.0,17.0,2.0,1643.72,1626.51,2023-10-26,85.0,83.0,-2.0,1271.09,1287.86,70.0,372.6300000000001,1904.0,1584.0,320.0,1,0.6666666666666666,0.4,0.2857142857142857,0.73046875,0.5762841030330742,0.5260772705078125,-0.3333333333333333,-0.6,-0.7142857142857143,0.0,-0.3333333333333335,-0.5,1.0,1.0,1.0,0.73046875,0.9096174363664077,1.0260772705078125
287,2023-11-21,Peru,Venezuela,1.0,1.0,FIFA World Cup qualification,Lima,Peru,0,2023,0,1,288,2023-10-26,26.0,22.0,-4.0,1532.57,1551.91,2023-10-26,49.0,53.0,4.0,1445.67,1422.83,23.0,86.89999999999986,1798.0,1728.0,70.0,0,-1.0,-0.8,-0.42857142857142855,-0.931640625,-0.7667022303510642,-0.5973854064941406,0.3333333333333333,0.2,-0.14285714285714285,0.2578125,0.20149367474470353,0.176788330078125,-1.3333333333333333,-1.0,-0.2857142857142857,-1.189453125,-0.9681959050957678,-0.7741737365722656
288,2023-11-21,Brazil,Argentina,0.0,1.0,FIFA World Cup qualification,Rio de Janeiro,Brazil,0,2023,0,1,289,2023-10-26,3.0,3.0,0.0,1812.2,1837.61,2023-10-26,1.0,1.0,0.0,1861.29,1851.41,-2.0,-49.08999999999992,2133.0,2144.0,-11.0,-1,-0.6666666666666666,0.0,0.14285714285714285,-0.6485595703125,-0.3473116802555064,-0.16545037925243378,0.3333333333333333,0.6,0.5714285714285714,-0.0201416015625,0.2596519024062252,0.37826620042324066,-1.0,-0.6,-0.42857142857142855,-0.62841796875,-0.6069635826617317,-0.5437165796756744
289,2023-11-21,Afghanistan,Kuwait,0.0,4.0,FIFA World Cup qualification,Dammam,Saudi Arabia,1,2023,0,1,290,2023-10-26,154.0,158.0,4.0,1033.8,1014.25,2023-10-26,136.0,135.0,-1.0,1097.05,1093.38,-18.0,-63.25,1082.0,1385.0,-303.0,-1,0.3333333333333333,0.3333333333333333,0.3333333333333333,0.0,0.3333333333333335,0.5,-1.0,-1.0,-1.0,-1.0,-1.0,-1.0,1.3333333333333333,1.3333333333333333,1.3333333333333333,1.0,1.3333333333333335,1.5
290,2023-11-21,Myanmar,North Korea,1.0,6.0,FIFA World Cup qualification,Yangon,Myanmar,0,2023,0,1,291,2023-10-26,158.0,161.0,3.0,1011.73,1004.46,2023-10-26,115.0,116.0,1.0,1169.96,1169.96,-43.0,-158.23000000000002,928.0,1379.0,-451.0,-1,0.0,0.0,0.0,-0.25,0.11111111111111129,0.3125,-1.0,-1.0,-1.0,-1.0,-1.0,-1.0,1.0,1.0,1.0,0.75,1.1111111111111114,1.3125
291,2023-11-21,India,Qatar,0.0,3.0,FIFA World Cup qualification,Bhubaneswar,India,0,2023,0,1,292,2023-10-26,102.0,102.0,0.0,1198.84,1204.88,2023-10-26,61.0,61.0,0.0,1394.16,1395.57,-41.0,-195.32000000000016,1240.0,1577.0,-337.0,-1,1.0,1.0,1.0,1.0,1.0,1.0,-0.3333333333333333,-0.5,-0.5,0.0,-0.3333333333333335,-0.5,1.3333333333333333,1.5,1.5,1.0,1.3333333333333335,1.5
292,2023-11-21,China PR,South Korea,0.0,3.0,FIFA World Cup qualification,Shenzhen,China PR,0,2023,0,1,293,2023-10-26,79.0,80.0,1.0,1296.99,1297.25,2023-10-26,24.0,26.0,2.0,1540.35,1533.01,-55.0,-243.3599999999999,1475.0,1788.0,-313.0,-1,0.0,-0.4,-0.4,0.125,-0.1851851851851853,-0.359375,0.3333333333333333,0.0,0.0,0.3125,0.20438957475994513,0.21630859375,-0.3333333333333333,-0.4,-0.4,-0.1875,-0.38957475994513047,-0.57568359375
293,2023-11-21,Vietnam,Iraq,0.0,1.0,FIFA World Cup qualification,Hanoi,Vietnam,0,2023,0,1,294,2023-10-26,94.0,95.0,1.0,1236.25,1243.14,2023-10-26,68.0,69.0,1.0,1349.73,1347.38,-26.0,-113.48000000000002,1425.0,1575.0,-150.0,-1,0.0,0.0,0.0,0.375,0.08641975308641962,-0.1015625,0.6666666666666666,0.2,0.2,0.5625,0.28395061728395043,0.07421875,-0.6666666666666666,-0.2,-0.2,-0.1875,-0.1975308641975308,-0.17578125
294,2023-11-21,Syria,Japan,0.0,5.0,FIFA World Cup qualification,Jeddah,Saudi Arabia,1,2023,0,1,295,2023-10-26,92.0,93.0,1.0,1239.37,1245.81,2023-10-26,18.0,19.0,1.0,1612.99,1605.2,-74.0,-373.6200000000001,1423.0,1851.0,-428.0,-1,0.6666666666666666,0.0,0.0,0.5,0.185185185185185,-0.03125,0.6666666666666666,0.4,0.42857142857142855,0.609375,0.5363511659807956,0.542236328125,0.0,-0.4,-0.42857142857142855,-0.109375,-0.35116598079561057,-0.573486328125
295,2023-11-21,Hong Kong,Turkmenistan,2.0,2.0,FIFA World Cup qualification,Hong Kong,Hong Kong,0,2023,0,1,296,2022-03-31,147.0,148.0,1.0,1053.39,1053.39,2023-10-26,141.0,140.0,-1.0,1086.12,1086.12,-6.0,-32.72999999999979,1122.0,1250.0,-128.0,0,-0.3333333333333333,-0.3333333333333333,-0.3333333333333333,-0.5,-0.11111111111111091,0.125,-1.0,-1.0,-1.0,-1.0,-1.0,-1.0,0.6666666666666667,0.6666666666666667,0.6666666666666667,0.5,0.8888888888888891,1.125
296,2023-11-21,Uzbekistan,Iran,2.0,2.0,FIFA World Cup qualification,Tashkent,Uzbekistan,0,2023,0,1,297,2023-10-26,73.0,75.0,2.0,1333.09,1328.35,2023-10-26,21.0,21.0,0.0,1567.3,1561.26,-52.0,-234.21000000000004,1575.0,1780.0,-205.0,0,1.0,1.0,1.0,1.0,1.0,1.0,0.3333333333333333,0.2,0.14285714285714285,0.34375,0.2702331961591221,0.29541015625,0.6666666666666667,0.8,0.8571428571428572,0.65625,0.7297668038408779,0.70458984375
297,2023-11-21,Philippines,Indonesia,1.0,1.0,FIFA World Cup qualification,Manila,Philippines,0,2023,0,1,298,2023-10-26,138.0,132.0,-6.0,1095.94,1099.29,2023-10-26,145.0,147.0,2.0,1069.82,1052.87,7.0,26.12000000000012,1046.0,1297.0,-251.0,0,-1.0,-1.0,-1.0,-1.0,-1.0,-1.0,0.3333333333333333,0.3333333333333333,0.3333333333333333,0.0,0.3333333333333335,0.5,-1.3333333333333333,-1.3333333333333333,-1.3333333333333333,-1.0,-1.3333333333333335,-1.5
298,2023-11-21,Taiwan,Malaysia,0.0,1.0,FIFA World Cup qualification,Taipei,Taiwan,0,2023,0,1,299,2023-10-26,152.0,154.0,2.0,1040.7,1023.66,2023-10-26,137.0,134.0,-3.0,1096.72,1094.9,-15.0,-56.01999999999998,927.0,1256.0,-329.0,-1,0.3333333333333333,0.3333333333333333,0.3333333333333333,0.0,0.3333333333333335,0.5,1.0,1.0,1.0,1.0,1.0,1.0,-0.6666666666666667,-0.6666666666666667,-0.6666666666666667,-1.0,-0.6666666666666665,-0.5
299,2023-11-21,Singapore,Thailand,1.0,3.0,FIFA World Cup qualification,Kallang,Singapore,0,2023,0,1,300,2023-10-26,155.0,157.0,2.0,1032.89,1016.47,2023-10-26,112.0,112.0,0.0,1177.15,1181.21,-43.0,-144.26,1132.0,1384.0,-252.0,-1,0.3333333333333333,0.3333333333333333,0.3333333333333333,0.0,0.3333333333333335,0.5,-1.0,-1.0,-1.0,-1.0,-1.0,-1.0,1.3333333333333333,1.3333333333333333,1.3333333333333333,1.0,1.3333333333333335,1.5
300,2023-11-21,Kyrgyzstan,Oman,1.0,0.0,FIFA World Cup qualification,Bishkek,Kyrgyzstan,0,2023,0,1,301,2023-10-26,97.0,96.0,-1.0,1224.03,1228.6,2023-10-26,72.0,73.0,1.0,1334.37,1334.37,-25.0,-110.33999999999992,1251.0,1575.0,-324.0,1,-1.0,-1.0,-1.0,-1.0,-1.0,-1.0,1.0,0.4,0.4,0.8125,0.5061728395061726,0.26171875,-2.0,-1.4,-1.4,-1.8125,-1.5061728395061726,-1.26171875
301,2024-03-21,Indonesia,Vietnam,1.0,0.0,FIFA World Cup qualification,Jakarta,Indonesia,0,2024,0,1,302,2024-02-15,142.0,146.0,4.0,1072.66,1064.01,2024-02-15,105.0,94.0,-11.0,1194.58,1235.58,-37.0,-121.91999999999985,1297.0,1425.0,-128.0,1,-1.0,-0.8,-0.2857142857142857,-0.875,-0.6378600823045266,-0.419921875,-1.0,-0.4,-0.2857142857142857,-0.828125,-0.6780978509373571,-0.6209716796875,0.0,-0.4,0.0,-0.046875,0.04023776863283046,0.2010498046875
302,2024-03-21,Palestine,Bangladesh,5.0,0.0,FIFA World Cup qualification,Kuwait City,Kuwait,1,2024,0,1,303,2024-02-15,97.0,99.0,2.0,1227.2,1217.6,2024-02-15,183.0,183.0,0.0,916.75,916.75,86.0,310.45000000000005,1432.0,912.0,520.0,1,-1.0,-0.75,-0.75,-0.875,-0.7037037037037036,-0.578125,0.0,0.0,0.0,-0.125,-0.07407407407407406,-0.046875,-1.0,-0.75,-0.75,-0.75,-0.6296296296296295,-0.53125
303,2024-03-21,Australia,Lebanon,2.0,0.0,FIFA World Cup qualification,Sydney,Australia,0,2024,0,1,304,2024-02-15,23.0,25.0,2.0,1554.82,1539.22,2024-02-15,115.0,107.0,-8.0,1168.07,1192.58,92.0,386.75,1784.0,1311.0,473.0,1,0.0,0.4,0.5714285714285714,-0.1342315673828125,0.1242816845445674,0.2297890440095216,-0.3333333333333333,-0.6,-0.5714285714285714,-0.609375,-0.5857338820301784,-0.612548828125,0.3333333333333333,1.0,1.1428571428571428,0.4751434326171875,0.7100155665747458,0.8423378721345216
304,2024-03-21,United Arab Emirates,Yemen,2.0,1.0,FIFA World Cup qualification,Abu Dhabi,United Arab Emirates,0,2024,0,1,305,2024-02-15,69.0,64.0,-5.0,1355.55,1364.46,2024-02-15,151.0,152.0,1.0,1027.94,1027.94,82.0,327.6099999999999,1531.0,1099.0,432.0,1,0.3333333333333333,0.2,-0.14285714285714285,-0.171875,-0.010516689529035136,0.0814208984375,0.0,0.25,0.25,0.375,0.40740740740740744,0.484375,0.3333333333333333,-0.04999999999999999,-0.39285714285714285,-0.546875,-0.41792409693644256,-0.4029541015625
305,2024-03-21,Bahrain,Nepal,5.0,0.0,FIFA World Cup qualification,Riffa,Bahrain,0,2024,0,1,306,2024-02-15,82.0,86.0,4.0,1297.32,1277.29,2024-02-15,175.0,175.0,0.0,948.05,948.05,93.0,349.27,1466.0,912.0,554.0,1,-0.3333333333333333,-0.2,-0.2,-0.375,-0.1604938271604937,0.0078125,-0.3333333333333333,-0.25,-0.25,-0.625,-0.40740740740740733,-0.296875,0.0,0.04999999999999999,0.04999999999999999,0.25,0.24691358024691362,0.3046875
306,2024-03-21,Saudi Arabia,Tajikistan,1.0,0.0,FIFA World Cup qualification,Riyadh,Saudi Arabia,0,2024,0,1,307,2024-02-15,53.0,56.0,3.0,1441.4,1421.06,2024-02-15,99.0,106.0,7.0,1218.89,1195.07,46.0,222.51,1586.0,1321.0,265.0,1,0.3333333333333333,0.6,0.42857142857142855,0.2255859375,0.3334104820666829,0.3715728521347046,-0.3333333333333333,-0.25,-0.25,-0.625,-0.40740740740740733,-0.296875,0.6666666666666666,0.85,0.6785714285714286,0.8505859375,0.7408178894740902,0.6684478521347046
307,2024-03-21,Pakistan,Jordan,0.0,3.0,FIFA World Cup qualification,Islamabad,Pakistan,0,2024,0,1,308,2024-02-15,195.0,195.0,0.0,856.54,856.54,2024-02-15,70.0,87.0,17.0,1343.6,1272.63,-125.0,-487.06,819.0,1503.0,-684.0,-1,-0.3333333333333333,-0.25,-0.25,-0.625,-0.40740740740740733,-0.296875,0.3333333333333333,0.2,0.2857142857142857,-0.08984375,0.07971345831428138,0.1156158447265625,-0.6666666666666666,-0.45,-0.5357142857142857,-0.53515625,-0.4871208657216887,-0.4124908447265625
308,2024-03-21,Iraq,Philippines,1.0,0.0,FIFA World Cup qualification,Basra,Iraq,0,2024,0,1,309,2024-02-15,59.0,63.0,4.0,1409.44,1365.98,2024-02-15,139.0,140.0,1.0,1086.17,1086.17,80.0,323.27,1621.0,1046.0,575.0,1,0.3333333333333333,0.6,0.5714285714285714,-0.013671875,0.23903876441599353,0.2803077697753906,-0.5,-0.5,-0.5,-0.5,-0.6666666666666667,-0.75,0.8333333333333333,1.1,1.0714285714285714,0.486328125,0.9057054310826602,1.0303077697753906
309,2024-03-21,Hong Kong,Uzbekistan,0.0,2.0,FIFA World Cup qualification,Hong Kong,Hong Kong,0,2024,0,1,310,2022-03-31,147.0,148.0,1.0,1053.39,1053.39,2024-02-15,66.0,68.0,2.0,1376.5,1345.26,-81.0,-323.1099999999999,1122.0,1643.0,-521.0,-1,-0.6666666666666666,-0.4,-0.4,-0.625,-0.3827160493827159,-0.1796875,0.3333333333333333,0.4,0.42857142857142855,0.328125,0.4087791495198903,0.470947265625,-1.0,-0.8,-0.8285714285714285,-0.953125,-0.7914951989026062,-0.650634765625
310,2024-03-21,South Korea,Thailand,1.0,1.0,FIFA World Cup qualification,Seoul,South Korea,0,2024,0,1,311,2024-02-15,22.0,23.0,1.0,1566.21,1550.65,2024-02-15,101.0,113.0,12.0,1206.72,1176.75,79.0,359.49,1799.0,1431.0,368.0,0,0.0,0.0,0.2857142857142857,-0.22412109375,-0.025989087531196556,0.07019451260566711,0.0,-0.25,-0.25,-0.5,-0.4814814814814815,-0.53125,0.0,0.25,0.5357142857142857,0.27587890625,0.45549239395028496,0.6014445126056671
311,2024-03-21,Oman,Malaysia,2.0,0.0,FIFA World Cup qualification,Muscat,Oman,0,2024,0,1,312,2024-02-15,80.0,74.0,-6.0,1307.6,1324.89,2024-02-15,132.0,130.0,-2.0,1110.17,1122.87,52.0,197.42999999999984,1518.0,1291.0,227.0,1,-0.3333333333333333,0.2,0.0,-0.546875,-0.3305898491083676,-0.290283203125,0.0,0.25,0.25,0.0,0.22222222222222235,0.375,-0.3333333333333333,-0.04999999999999999,-0.25,-0.546875,-0.55281207133059,-0.665283203125
312,2024-03-21,Taiwan,Kyrgyzstan,0.0,2.0,FIFA World Cup qualification,Taipei,Taiwan,0,2024,0,1,313,2024-02-15,153.0,154.0,1.0,1023.93,1023.93,2024-02-15,104.0,98.0,-6.0,1196.97,1224.14,-49.0,-173.04000000000008,927.0,1253.0,-326.0,-1,-0.3333333333333333,0.0,0.0,-0.5,-0.11111111111111091,0.125,-0.3333333333333333,-0.3333333333333333,-0.3333333333333333,-0.5,-0.5555555555555556,-0.625,0.0,0.3333333333333333,0.3333333333333333,0.0,0.44444444444444464,0.75
313,2024-03-21,Singapore,China PR,2.0,2.0,FIFA World Cup qualification,Kallang,Singapore,0,2024,0,1,314,2024-02-15,156.0,156.0,0.0,1020.5,1020.5,2024-02-15,88.0,79.0,-9.0,1273.78,1299.49,-68.0,-253.28,1132.0,1475.0,-343.0,0,-0.3333333333333333,0.0,0.0,-0.5,-0.11111111111111091,0.125,-0.3333333333333333,-0.4,-0.5714285714285714,-0.71875,-0.6378600823045267,-0.6396484375,0.0,0.4,0.5714285714285714,0.21875,0.5267489711934158,0.7646484375
314,2024-03-21,Japan,North Korea,1.0,0.0,FIFA World Cup qualification,Tokyo,Japan,0,2024,0,1,315,2024-02-15,18.0,17.0,-1.0,1614.33,1620.19,2024-02-15,114.0,116.0,2.0,1168.12,1168.12,96.0,446.21,1905.0,1379.0,526.0,1,0.3333333333333333,0.2,0.42857142857142855,-0.131103515625,0.09509804475002882,0.20759040117263794,0.0,0.0,0.0,0.0,-0.3333333333333335,-0.5,0.3333333333333333,0.2,0.42857142857142855,-0.131103515625,0.4284313780833623,0.7075904011726379
315,2024-03-21,Myanmar,Syria,1.0,1.0,FIFA World Cup qualification,Yangon,Myanmar,0,2024,0,1,316,2024-02-15,162.0,162.0,0.0,1000.46,1000.46,2024-02-15,89.0,91.0,2.0,1265.51,1245.27,-73.0,-265.04999999999995,928.0,1423.0,-495.0,0,-0.6666666666666666,-0.25,-0.25,-0.625,-0.2592592592592591,-0.015625,-0.3333333333333333,-0.2,0.0,-0.28125,-0.28440786465477824,-0.3028564453125,-0.3333333333333333,-0.04999999999999999,-0.25,-0.34375,0.025148605395519164,0.2872314453125
316,2024-03-21,Afghanistan,India,0.0,0.0,FIFA World Cup qualification,Abha,Saudi Arabia,1,2024,0,1,317,2024-02-15,158.0,158.0,0.0,1017.68,1017.68,2024-02-15,117.0,102.0,-15.0,1165.17,1200.8,-41.0,-147.49000000000012,1082.0,1240.0,-158.0,0,-0.3333333333333333,0.0,0.0,-0.5,-0.11111111111111091,0.125,-1.0,-0.5,-0.5,-0.75,-0.4074074074074072,-0.15625,0.6666666666666667,0.5,0.5,0.25,0.2962962962962963,0.28125
317,2024-03-21,Qatar,Kuwait,3.0,0.0,FIFA World Cup qualification,Doha,Qatar,0,2024,0,1,318,2024-02-15,37.0,58.0,21.0,1499.34,1407.3,2024-02-15,137.0,136.0,-1.0,1094.05,1098.07,100.0,405.29,1534.0,1385.0,149.0,1,0.6666666666666666,0.8,0.8571428571428571,0.87109375,0.799827262104354,0.7092056274414062,0.0,0.0,0.0,0.0,-0.3333333333333335,-0.5,0.6666666666666666,0.8,0.8571428571428571,0.87109375,1.1331605954376873,1.2092056274414062
318,2024-03-21,Iran,Turkmenistan,5.0,0.0,FIFA World Cup qualification,Tehran,Iran,0,2024,0,1,319,2024-02-15,20.0,21.0,1.0,1608.23,1565.08,2024-02-15,141.0,141.0,0.0,1078.25,1078.25,121.0,529.98,1827.0,1250.0,577.0,1,0.0,0.4,0.42857142857142855,-0.137939453125,0.11320980754840779,0.22082898020744324,-0.5,-0.5,-0.5,-0.5,-0.6666666666666667,-0.75,0.5,0.9,0.9285714285714286,0.362060546875,0.7798764742150746,0.9708289802074432
319,2024-03-22,United States Virgin Islands,British Virgin Islands,1.0,1.0,FIFA World Cup qualification,Saint Croix,United States Virgin Islands,0,2024,0,1,320,2024-02-15,208.0,208.0,0.0,796.78,796.78,2024-02-15,207.0,207.0,0.0,807.57,807.57,-1.0,-10.790000000000076,633.0,658.0,-25.0,0,,,,,,,,,,,,,,,,,,
320,2024-03-22,Anguilla,Turks and Caicos Islands,0.0,0.0,FIFA World Cup qualification,The Valley,Anguilla,0,2024,0,1,321,2024-02-15,209.0,209.0,0.0,785.69,785.69,2024-02-15,206.0,206.0,0.0,818.57,818.57,-3.0,-32.879999999999995,578.0,781.0,-203.0,0,,,,,,,,,,,,,,,,,,
321,2024-03-26,Tajikistan,Saudi Arabia,1.0,1.0,FIFA World Cup qualification,Dushanbe,Tajikistan,0,2024,0,1,322,2024-02-15,99.0,106.0,7.0,1218.89,1195.07,2024-02-15,53.0,56.0,3.0,1441.4,1421.06,-46.0,-222.51,1380.0,1586.0,-206.0,0,-1.0,-0.4,-0.4,-0.8125,-0.6049382716049382,-0.47265625,0.3333333333333333,0.6,0.7142857142857143,0.61279296875,0.5556069880444552,0.5286796391010284,-1.3333333333333333,-1.0,-1.1142857142857143,-1.42529296875,-1.1605452596493935,-1.0013358891010284
322,2024-03-26,Turks and Caicos Islands,Anguilla,1.0,1.0,FIFA World Cup qualification,Providenciales,Turks and Caicos Islands,0,2024,0,1,323,2024-02-15,206.0,206.0,0.0,818.57,818.57,2024-02-15,209.0,209.0,0.0,785.69,785.69,3.0,32.879999999999995,781.0,578.0,203.0,0,0.0,0.0,0.0,0.0,0.0,0.0,0.0,0.0,0.0,0.0,0.0,0.0,0.0,0.0,0.0,0.0,0.0,0.0
323,2024-03-26,British Virgin Islands,United States Virgin Islands,0.0,0.0,FIFA World Cup qualification,Road Town,British Virgin Islands,0,2024,0,1,324,2024-02-15,207.0,207.0,0.0,807.57,807.57,2024-02-15,208.0,208.0,0.0,796.78,796.78,1.0,10.790000000000076,658.0,633.0,25.0,0,0.0,0.0,0.0,0.0,0.0,0.0,0.0,0.0,0.0,0.0,0.0,0.0,0.0,0.0,0.0,0.0,0.0,0.0
324,2024-03-26,Australia,Lebanon,5.0,0.0,FIFA World Cup qualification,Canberra,Australia,0,2024,0,1,325,2024-02-15,23.0,25.0,2.0,1554.82,1539.22,2024-02-15,115.0,107.0,-8.0,1168.07,1192.58,92.0,386.75,1784.0,1284.0,500.0,1,0.3333333333333333,0.4,0.5714285714285714,0.43288421630859375,0.4161877896963782,0.4223417830071412,-0.6666666666666666,-0.6,-0.5714285714285714,-0.8046875,-0.7238225880201189,-0.70941162109375,1.0,1.0,1.1428571428571428,1.2375717163085938,1.1400103777164972,1.1317534041008912
325,2024-03-26,Bangladesh,Palestine,0.0,1.0,FIFA World Cup qualification,Dhaka,Bangladesh,0,2024,0,1,326,2024-02-15,183.0,183.0,0.0,916.75,916.75,2024-02-15,97.0,99.0,2.0,1227.2,1217.6,-86.0,-310.45000000000005,939.0,1417.0,-478.0,-1,-0.6666666666666666,-0.2,-0.2,-0.5625,-0.382716049382716,-0.28515625,-0.3333333333333333,-0.4,-0.4,0.0625,-0.13580246913580254,-0.18359375,-0.3333333333333333,0.2,0.2,-0.625,-0.24691358024691343,-0.1015625
326,2024-03-26,Yemen,United Arab Emirates,0.0,3.0,FIFA World Cup qualification,Khobar,Saudi Arabia,1,2024,0,1,327,2024-02-15,151.0,152.0,1.0,1027.94,1027.94,2024-02-15,69.0,64.0,-5.0,1355.55,1364.46,-82.0,-327.6099999999999,1101.0,1504.0,-403.0,-1,-0.3333333333333333,0.0,0.0,-0.3125,-0.06172839506172827,0.11328125,0.3333333333333333,0.2,0.14285714285714285,0.4140625,0.3263222069806432,0.311065673828125,-0.6666666666666666,-0.2,-0.14285714285714285,-0.7265625,-0.38805060204237146,-0.197784423828125
327,2024-03-26,Bahrain,Nepal,3.0,0.0,FIFA World Cup qualification,Riffa,Bahrain,0,2024,0,1,328,2024-02-15,82.0,86.0,4.0,1297.32,1277.29,2024-02-15,175.0,175.0,0.0,948.05,948.05,93.0,349.27,1461.0,894.0,567.0,1,0.3333333333333333,-0.2,0.0,0.3125,0.22633744855967078,0.255859375,-1.0,-0.4,-0.4,-0.8125,-0.6049382716049382,-0.47265625,1.3333333333333333,0.2,0.4,1.125,0.8312757201646089,0.728515625
328,2024-03-26,Jordan,Pakistan,7.0,0.0,FIFA World Cup qualification,Amman,Jordan,0,2024,0,1,329,2024-02-15,70.0,87.0,17.0,1343.6,1272.63,2024-02-15,195.0,195.0,0.0,856.54,856.54,125.0,487.06,1503.0,828.0,675.0,1,0.3333333333333333,0.6,0.2857142857142857,0.455078125,0.3864756388761875,0.3367118835449219,-1.0,-0.4,-0.4,-0.8125,-0.6049382716049382,-0.47265625,1.3333333333333333,1.0,0.6857142857142857,1.267578125,0.9914139104811257,0.8093681335449219
329,2024-03-26,Vietnam,Indonesia,0.0,3.0,FIFA World Cup qualification,Hanoi,Vietnam,0,2024,0,1,330,2024-02-15,105.0,94.0,-11.0,1194.58,1235.58,2024-02-15,142.0,146.0,4.0,1072.66,1064.01,37.0,121.91999999999985,1318.0,1297.0,21.0,-1,-1.0,-0.6,-0.5714285714285714,-0.9140625,-0.7853985672915713,-0.715728759765625,-0.3333333333333333,-0.4,-0.2857142857142857,0.0625,-0.0919067215363512,-0.06494140625,-0.6666666666666667,-0.19999999999999996,-0.2857142857142857,-0.9765625,-0.6934918457552202,-0.650787353515625
330,2024-03-26,Syria,Myanmar,7.0,0.0,FIFA World Cup qualification,Dammam,Saudi Arabia,1,2024,0,1,331,2024-02-15,89.0,91.0,2.0,1265.51,1245.27,2024-02-15,162.0,162.0,0.0,1000.46,1000.46,73.0,265.04999999999995,1444.0,926.0,518.0,1,-0.3333333333333333,-0.4,-0.14285714285714285,-0.140625,-0.18960524310318552,-0.227142333984375,-0.6666666666666666,-0.2,-0.2,-0.3125,-0.1728395061728394,-0.01171875,0.3333333333333333,-0.2,0.05714285714285716,0.171875,-0.01676573693034611,-0.215423583984375
331,2024-03-26,Turkmenistan,Iran,0.0,1.0,FIFA World Cup qualification,Ashgabat,Turkmenistan,0,2024,0,1,332,2024-02-15,141.0,141.0,0.0,1078.25,1078.25,2024-02-15,20.0,21.0,1.0,1608.23,1565.08,-121.0,-529.98,1216.0,1827.0,-611.0,-1,-0.6666666666666666,-0.6666666666666666,-0.6666666666666666,-0.75,-0.7777777777777778,-0.8125,0.3333333333333333,0.4,0.5714285714285714,0.4310302734375,0.4088065383656051,0.41562173515558243,-1.0,-1.0666666666666667,-1.2380952380952381,-1.1810302734375,-1.1865843161433829,-1.2281217351555824
332,2024-03-26,Uzbekistan,Hong Kong,3.0,0.0,FIFA World Cup qualification,Tashkent,Uzbekistan,0,2024,0,1,333,2024-02-15,66.0,68.0,2.0,1376.5,1345.26,2022-03-31,147.0,148.0,1.0,1053.39,1053.39,81.0,323.1099999999999,1643.0,1060.0,583.0,1,0.6666666666666666,0.6,0.42857142857142855,0.6640625,0.6058527663465935,0.60321044921875,-0.6666666666666666,-0.8,-0.5,-0.8125,-0.5884773662551439,-0.384765625,1.3333333333333333,1.4,0.9285714285714286,1.4765625,1.1943301326017375,0.98797607421875
333,2024-03-26,Malaysia,Oman,0.0,2.0,FIFA World Cup qualification,Kuala Lumpur,Malaysia,0,2024,0,1,334,2024-02-15,132.0,130.0,-2.0,1110.17,1122.87,2024-02-15,80.0,74.0,-6.0,1307.6,1324.89,-52.0,-197.42999999999984,1285.0,1526.0,-241.0,-1,-0.6666666666666666,0.0,0.0,-0.5,-0.185185185185185,0.03125,-0.3333333333333333,0.2,0.2857142857142857,0.2265625,0.11294010059442151,0.03228759765625,-0.3333333333333333,-0.2,-0.2857142857142857,-0.7265625,-0.2981252857796065,-0.00103759765625
334,2024-03-26,Kyrgyzstan,Taiwan,5.0,1.0,FIFA World Cup qualification,Bishkek,Kyrgyzstan,0,2024,0,1,335,2024-02-15,104.0,98.0,-6.0,1196.97,1224.14,2024-02-15,153.0,154.0,1.0,1023.93,1023.93,49.0,173.04000000000008,1266.0,912.0,354.0,1,0.3333333333333333,0.0,0.0,0.25,-0.03703703703703717,-0.21875,-1.0,-0.2,-0.2,-0.75,-0.4074074074074072,-0.15625,1.3333333333333333,0.2,0.2,1.0,0.3703703703703701,-0.0625
335,2024-03-26,China PR,Singapore,4.0,1.0,FIFA World Cup qualification,Tianjin,China PR,0,2024,0,1,336,2024-02-15,88.0,79.0,-9.0,1273.78,1299.49,2024-02-15,156.0,156.0,0.0,1020.5,1020.5,68.0,253.28,1400.0,1127.0,273.0,1,-0.6666666666666666,-0.4,-0.42857142857142855,-0.359375,-0.4252400548696845,-0.479736328125,-0.6666666666666666,0.0,0.0,-0.25,-0.07407407407407395,0.09375,0.0,-0.4,-0.42857142857142855,-0.109375,-0.35116598079561057,-0.573486328125
336,2024-03-26,Thailand,South Korea,0.0,3.0,FIFA World Cup qualification,Bangkok,Thailand,0,2024,0,1,337,2024-02-15,101.0,113.0,12.0,1206.72,1176.75,2024-02-15,22.0,23.0,1.0,1566.21,1550.65,-79.0,-359.49,1437.0,1799.0,-362.0,-1,-0.3333333333333333,-0.2,-0.2,-0.25,-0.3209876543209877,-0.3984375,0.0,0.0,0.14285714285714285,-0.112060546875,-0.01732605835413104,0.052645884454250336,-0.3333333333333333,-0.2,-0.34285714285714286,-0.137939453125,-0.30366159596685666,-0.45108338445425034
337,2024-03-26,Philippines,Iraq,0.0,5.0,FIFA World Cup qualification,Manila,Philippines,0,2024,0,1,338,2024-02-15,139.0,140.0,1.0,1086.17,1086.17,2024-02-15,59.0,63.0,4.0,1409.44,1365.98,-80.0,-323.27,1052.0,1621.0,-569.0,-1,-0.6666666666666666,-0.6666666666666666,-0.6666666666666666,-0.75,-0.7777777777777778,-0.8125,0.3333333333333333,0.6,0.7142857142857143,0.4931640625,0.4926925096106623,0.46023082733154297,-1.0,-1.2666666666666666,-1.380952380952381,-1.2431640625,-1.2704702873884401,-1.272730827331543
338,2024-03-26,Kuwait,Qatar,1.0,2.0,FIFA World Cup qualification,Al Farwaniyah,Kuwait,0,2024,0,1,339,2024-02-15,137.0,136.0,-1.0,1094.05,1098.07,2024-02-15,37.0,58.0,21.0,1499.34,1407.3,-100.0,-405.29,1340.0,1534.0,-194.0,-1,-0.3333333333333333,-0.3333333333333333,-0.3333333333333333,-0.5,-0.5555555555555556,-0.625,1.0,0.8,0.8571428571428571,0.935546875,0.8665515080695693,0.7819042205810547,-1.3333333333333333,-1.1333333333333333,-1.1904761904761905,-1.435546875,-1.4221070636251247,-1.4069042205810547
339,2024-03-26,India,Afghanistan,1.0,2.0,FIFA World Cup qualification,Guwahati,India,0,2024,0,1,340,2024-02-15,117.0,102.0,-15.0,1165.17,1200.8,2024-02-15,158.0,158.0,0.0,1017.68,1017.68,41.0,147.49000000000012,1228.0,1085.0,143.0,-1,-0.6666666666666666,-0.4,-0.4,-0.375,-0.27160493827160487,-0.1171875,-0.6666666666666666,0.0,0.0,-0.25,-0.07407407407407395,0.09375,0.0,-0.4,-0.4,-0.125,-0.1975308641975309,-0.2109375
340,2024-06-05,Suriname,Saint Vincent and the Grenadines,4.0,1.0,FIFA World Cup qualification,Paramaribo,Suriname,0,2024,0,1,341,2024-04-04,144.0,144.0,0.0,1071.85,1071.85,2024-04-04,173.0,173.0,0.0,953.47,953.47,29.0,118.37999999999988,1291.0,1037.0,254.0,1,,,,,,,,,,,,,,,,,,
341,2024-06-05,Guatemala,Dominica,6.0,0.0,FIFA World Cup qualification,Guatemala City,Guatemala,0,2024,0,1,342,2024-04-04,108.0,108.0,0.0,1188.28,1188.17,2024-04-04,180.0,180.0,0.0,922.25,922.25,72.0,266.03,1481.0,981.0,500.0,1,,,,,,,,,,,,,,,,,,
342,2024-06-05,Curaçao,Barbados,4.0,1.0,FIFA World Cup qualification,Willemstad,Curaçao,0,2024,0,1,343,2024-04-04,91.0,91.0,0.0,1262.48,1262.48,2024-04-04,177.0,178.0,1.0,943.8,943.8,86.0,318.68000000000006,1337.0,955.0,382.0,1,,,,,,,,,,,,,,,,,,
343,2024-06-05,Trinidad and Tobago,Grenada,2.0,2.0,FIFA World Cup qualification,Port of Spain,Trinidad and Tobago,0,2024,0,1,344,2024-04-04,98.0,96.0,-2.0,1220.65,1228.05,2024-04-04,174.0,174.0,0.0,950.99,950.99,76.0,269.6600000000001,1373.0,1107.0,266.0,0,,,,,,,,,,,,,,,,,,
344,2024-06-05,Antigua and Barbuda,Bermuda,1.0,1.0,FIFA World Cup qualification,Piggotts,Antigua and Barbuda,0,2024,0,1,345,2024-04-04,142.0,142.0,0.0,1072.66,1072.66,2024-04-04,170.0,171.0,1.0,974.3,972.36,28.0,98.36000000000011,1191.0,1175.0,16.0,0,,,,,,,,,,,,,,,,,,
345,2024-06-05,Nicaragua,Montserrat,4.0,1.0,FIFA World Cup qualification,Managua,Nicaragua,0,2024,0,1,346,2024-04-04,135.0,134.0,-1.0,1102.54,1104.26,2024-04-04,175.0,176.0,1.0,946.08,946.08,40.0,156.45999999999992,1344.0,1003.0,341.0,1,,,,,,,,,,,,,,,,,,
346,2024-06-05,Tunisia,Equatorial Guinea,1.0,0.0,FIFA World Cup qualification,Radès,Tunisia,0,2024,0,1,347,2024-04-04,41.0,41.0,0.0,1493.12,1491.15,2024-04-04,79.0,79.0,0.0,1308.03,1310.5,38.0,185.08999999999992,1738.0,1467.0,271.0,1,-0.3333333333333333,0.2,0.14285714285714285,-0.021484375,0.057105116090026976,0.13386154174804688,-0.3333333333333333,-0.3333333333333333,-0.3333333333333333,0.0,-0.3333333333333335,-0.5,0.0,0.5333333333333333,0.47619047619047616,-0.021484375,0.3904384494233605,0.6338615417480469
347,2024-06-05,Namibia,Liberia,1.0,1.0,FIFA World Cup qualification,Johannesburg,South Africa,1,2024,0,1,348,2024-04-04,106.0,107.0,1.0,1192.13,1192.13,2024-04-04,152.0,152.0,0.0,1029.58,1024.11,46.0,162.55000000000018,1414.0,1270.0,144.0,0,0.3333333333333333,0.5,0.5,0.0,0.3333333333333335,0.5,0.0,0.0,0.0,0.0,-0.3333333333333335,-0.5,0.3333333333333333,0.5,0.5,0.0,0.666666666666667,1.0
348,2024-06-05,Togo,South Sudan,1.0,1.0,FIFA World Cup qualification,Lomé,Togo,0,2024,0,1,349,2024-04-04,113.0,116.0,3.0,1170.34,1165.74,2024-04-04,167.0,166.0,-1.0,984.65,989.29,54.0,185.69,1319.0,1136.0,183.0,0,0.0,0.0,0.0,0.0,0.0,0.0,-0.5,-0.5,-0.5,-0.5,-0.6666666666666667,-0.75,0.5,0.5,0.5,0.5,0.6666666666666667,0.75
349,2024-06-05,Sierra Leone,Djibouti,2.0,1.0,FIFA World Cup qualification,El Jadida,Morocco,1,2024,0,1,350,2024-04-04,126.0,126.0,0.0,1137.36,1137.36,2024-04-04,192.0,192.0,0.0,877.28,882.76,66.0,260.0799999999999,1333.0,752.0,581.0,1,-0.5,-0.5,-0.5,-0.5,-0.33333333333333326,-0.25,-1.0,-1.0,-1.0,-1.0,-1.0,-1.0,0.5,0.5,0.5,0.5,0.6666666666666667,0.75
350,2024-06-05,Central African Republic,Chad,1.0,0.0,FIFA World Cup qualification,Oujda,Morocco,1,2024,0,1,351,2024-04-04,128.0,129.0,1.0,1128.17,1121.34,2024-04-04,176.0,181.0,5.0,945.92,920.37,48.0,182.2500000000001,1286.0,1178.0,108.0,1,-0.5,-0.5,-0.5,-0.5,-0.6666666666666667,-0.75,-1.0,-1.0,-1.0,-1.0,-1.0,-1.0,0.5,0.5,0.5,0.5,0.33333333333333326,0.25
351,2024-06-06,Indonesia,Iraq,0.0,2.0,FIFA World Cup qualification,Jakarta,Indonesia,0,2024,0,1,352,2024-04-04,134.0,142.0,8.0,1102.7,1072.66,2024-04-04,58.0,59.0,1.0,1420.47,1409.44,-76.0,-317.77,1297.0,1621.0,-324.0,-1,0.3333333333333333,-0.2,-0.2857142857142857,0.53125,0.27206218564243245,0.2012939453125,0.3333333333333333,0.6,0.7142857142857143,0.74658203125,0.6617950064071082,0.5951731204986572,0.0,-0.8,-1.0,-0.21533203125,-0.38973282076467575,-0.3938791751861572
352,2024-06-06,Vietnam,Philippines,3.0,2.0,FIFA World Cup qualification,Hanoi,Vietnam,0,2024,0,1,353,2024-04-04,115.0,105.0,-10.0,1164.54,1194.58,2024-04-04,141.0,139.0,-2.0,1075.14,1086.17,26.0,89.39999999999986,1318.0,1052.0,266.0,1,-1.0,-1.0,-0.5714285714285714,-0.95703125,-0.8569323781943808,-0.7867965698242188,-0.6666666666666666,-0.75,-0.75,-0.875,-0.8518518518518519,-0.859375,-0.33333333333333337,-0.25,0.1785714285714286,-0.08203125,-0.005080526342528979,0.07257843017578125
353,2024-06-06,Jordan,Tajikistan,3.0,0.0,FIFA World Cup qualification,Amman,Jordan,0,2024,0,1,354,2024-04-04,71.0,70.0,-1.0,1350.21,1343.6,2024-04-04,99.0,99.0,0.0,1216.76,1218.89,28.0,133.45000000000005,1503.0,1380.0,123.0,1,0.3333333333333333,0.6,0.42857142857142855,0.7275390625,0.5909837592507916,0.5025339126586914,-0.6666666666666666,-0.4,-0.3333333333333333,-0.40625,-0.40329218106995884,-0.3544921875,1.0,1.0,0.7619047619047619,1.1337890625,0.9942759403207504,0.8570261001586914
354,2024-06-06,Pakistan,Saudi Arabia,0.0,3.0,FIFA World Cup qualification,Islamabad,Pakistan,0,2024,0,1,355,2024-04-04,195.0,195.0,0.0,849.94,856.54,2024-04-04,53.0,53.0,0.0,1443.53,1441.4,-142.0,-593.5899999999999,828.0,1586.0,-758.0,-1,-1.0,-0.6,-0.5,-0.90625,-0.736625514403292,-0.6044921875,0.3333333333333333,0.4,0.5714285714285714,0.306396484375,0.3704046586963035,0.39650972932577133,-1.3333333333333333,-1.0,-1.0714285714285714,-1.212646484375,-1.1070301730995955,-1.0010019168257713
355,2024-06-06,Nepal,United Arab Emirates,0.0,4.0,FIFA World Cup qualification,Dammam,Saudi Arabia,1,2024,0,1,356,2024-04-04,178.0,175.0,-3.0,937.84,948.05,2024-04-04,67.0,69.0,2.0,1366.45,1355.55,-111.0,-428.61,894.0,1504.0,-610.0,-1,-1.0,-0.6,-0.5,-0.90625,-0.736625514403292,-0.6044921875,0.3333333333333333,0.6,0.42857142857142855,0.70703125,0.5508814713204288,0.48329925537109375,-1.3333333333333333,-1.2,-0.9285714285714286,-1.61328125,-1.287506985723721,-1.0877914428710938
356,2024-06-06,El Salvador,Puerto Rico,0.0,0.0,FIFA World Cup qualification,San Salvador,El Salvador,0,2024,0,1,357,2024-04-04,81.0,81.0,0.0,1305.02,1306.14,2024-04-04,160.0,160.0,0.0,1006.35,1007.19,79.0,298.67,1483.0,1146.0,337.0,0,-0.6666666666666666,-0.4,-0.5,-0.8125,-0.7201646090534979,-0.701171875,,,,,,,,,,,,
357,2024-06-06,Bahrain,Yemen,0.0,0.0,FIFA World Cup qualification,Riffa,Bahrain,0,2024,0,1,358,2024-04-04,80.0,82.0,2.0,1307.53,1297.32,2024-04-04,156.0,151.0,-5.0,1017.05,1027.94,76.0,290.48,1461.0,1101.0,360.0,0,0.3333333333333333,0.2,0.14285714285714285,0.65625,0.48422496570644713,0.44189453125,-0.3333333333333333,-0.4,-0.16666666666666666,-0.65625,-0.3744855967078188,-0.1650390625,0.6666666666666666,0.6000000000000001,0.30952380952380953,1.3125,0.8587105624142659,0.60693359375
358,2024-06-06,Palestine,Lebanon,0.0,0.0,FIFA World Cup qualification,Doha,Qatar,1,2024,0,1,359,2024-04-04,93.0,97.0,4.0,1238.66,1227.2,2024-04-04,120.0,115.0,-5.0,1158.96,1168.07,27.0,79.70000000000005,1417.0,1284.0,133.0,0,0.3333333333333333,-0.2,-0.16666666666666666,0.53125,0.2427983539094649,0.1123046875,-1.0,-0.6,-0.7142857142857143,-0.90234375,-0.8158817253467459,-0.7820587158203125,1.3333333333333333,0.39999999999999997,0.5476190476190477,1.43359375,1.0586800792562108,0.8943634033203125
359,2024-06-06,Honduras,Cuba,3.0,1.0,FIFA World Cup qualification,Tegucigalpa,Honduras,0,2024,0,1,360,2024-04-04,82.0,78.0,-4.0,1301.92,1311.43,2024-04-04,169.0,169.0,0.0,980.65,980.65,87.0,321.2700000000001,1538.0,1305.0,233.0,1,-0.6666666666666666,-0.8,-0.8333333333333334,-0.875,-0.8518518518518519,-0.859375,,,,,,,,,,,,
360,2024-06-06,Costa Rica,Saint Kitts and Nevis,4.0,0.0,FIFA World Cup qualification,San José,Costa Rica,0,2024,0,1,361,2024-04-04,52.0,54.0,2.0,1445.38,1437.57,2024-04-04,147.0,147.0,0.0,1056.61,1057.05,95.0,388.7700000000002,1714.0,1131.0,583.0,1,-0.3333333333333333,0.2,0.42857142857142855,-0.251953125,0.02403088960016268,0.19372177124023438,,,,,,,,,,,,
361,2024-06-06,Haiti,Saint Lucia,2.0,1.0,FIFA World Cup qualification,Bridgetown,Barbados,1,2024,0,1,362,2024-04-04,90.0,90.0,0.0,1262.5,1262.5,2024-04-04,165.0,167.0,2.0,988.67,988.67,75.0,273.83000000000004,1496.0,1136.0,360.0,1,,,,,,,,,,,,,,,,,,
362,2024-06-06,Panama,Guyana,2.0,0.0,FIFA World Cup qualification,Panama City,Panama,0,2024,0,1,363,2024-04-04,45.0,44.0,-1.0,1475.62,1475.62,2024-04-04,154.0,157.0,3.0,1020.31,1018.14,109.0,455.31,1765.0,1268.0,497.0,1,0.0,0.0,-0.16666666666666666,0.1875,-0.05349794238683141,-0.201171875,,,,,,,,,,,,
363,2024-06-06,Jamaica,Dominican Republic,1.0,0.0,FIFA World Cup qualification,Kingston,Jamaica,0,2024,0,1,364,2024-04-04,55.0,57.0,2.0,1435.33,1421.54,2024-04-04,150.0,150.0,0.0,1042.86,1040.77,95.0,392.47,1610.0,1193.0,417.0,1,0.0,-0.4,-0.5,0.125,-0.1851851851851853,-0.359375,,,,,,,,,,,,
364,2024-06-06,Hong Kong,Iran,2.0,4.0,FIFA World Cup qualification,Hong Kong,Hong Kong,0,2024,0,1,365,2022-03-31,147.0,148.0,1.0,1053.39,1053.39,2024-04-04,20.0,20.0,0.0,1613.96,1608.23,-127.0,-560.5699999999999,1060.0,1827.0,-767.0,-1,-1.0,-0.8,-0.5714285714285714,-0.90625,-0.7256515775034292,-0.53857421875,0.3333333333333333,0.4,0.5714285714285714,0.71551513671875,0.6058710255770701,0.5617163013666868,-1.3333333333333333,-1.2000000000000002,-1.1428571428571428,-1.62176513671875,-1.3315226030804994,-1.1002905201166868
365,2024-06-06,Bangladesh,Australia,0.0,2.0,FIFA World Cup qualification,Dhaka,Bangladesh,0,2024,0,1,366,2024-04-04,184.0,183.0,-1.0,905.3,916.75,2024-04-04,24.0,23.0,-1.0,1563.93,1554.82,-160.0,-658.6300000000001,939.0,1784.0,-845.0,-1,-0.6666666666666666,-0.4,-0.3333333333333333,-0.78125,-0.5884773662551439,-0.4638671875,0.3333333333333333,0.4,0.5714285714285714,0.7164421081542969,0.6107918597975854,0.5667563372553559,-1.0,-0.8,-0.9047619047619047,-1.4976921081542969,-1.1992692260527293,-1.030623524755356
366,2024-06-06,Uzbekistan,Turkmenistan,3.0,1.0,FIFA World Cup qualification,Tashkent,Uzbekistan,0,2024,0,1,367,2024-04-04,64.0,66.0,2.0,1386.58,1376.5,2024-04-04,143.0,141.0,-2.0,1072.52,1078.25,79.0,314.05999999999995,1643.0,1216.0,427.0,1,0.6666666666666666,0.6,0.5714285714285714,0.83203125,0.7372351775643956,0.7024078369140625,-0.6666666666666666,-0.75,-0.75,-0.875,-0.8518518518518519,-0.859375,1.3333333333333333,1.35,1.3214285714285714,1.70703125,1.5890870294162474,1.5617828369140625
367,2024-06-06,Mali,Ghana,1.0,2.0,FIFA World Cup qualification,Bamako,Mali,0,2024,0,1,368,2024-04-04,44.0,47.0,3.0,1477.9,1469.81,2024-04-04,68.0,67.0,-1.0,1358.77,1363.42,24.0,119.13000000000012,1631.0,1548.0,83.0,-1,0.0,0.2,0.0,-0.359375,-0.20713305898491083,-0.208251953125,-0.3333333333333333,-0.2,-0.14285714285714285,-0.16796875,-0.21521109586953208,-0.2151947021484375,0.3333333333333333,0.4,0.14285714285714285,-0.19140625,0.008078036884621248,0.0069427490234375
368,2024-06-06,Taiwan,Oman,0.0,3.0,FIFA World Cup qualification,Taipei,Taiwan,0,2024,0,1,369,2024-04-04,159.0,153.0,-6.0,1007.3,1023.93,2024-04-04,77.0,80.0,3.0,1323.23,1307.6,-82.0,-315.93000000000006,912.0,1526.0,-614.0,-1,-1.0,-0.6,-0.3333333333333333,-0.875,-0.6049382716049381,-0.3671875,0.3333333333333333,0.2,0.42857142857142855,0.61328125,0.4086267337296143,0.2742156982421875,-1.3333333333333333,-0.8,-0.7619047619047619,-1.48828125,-1.0135650053345524,-0.6414031982421875
369,2024-06-06,Guinea-Bissau,Ethiopia,0.0,0.0,FIFA World Cup qualification,Bissau,Guinea-Bissau,0,2024,0,1,370,2024-04-04,116.0,118.0,2.0,1163.44,1164.01,2024-04-04,145.0,145.0,0.0,1068.48,1068.79,29.0,94.96000000000004,1411.0,1285.0,126.0,0,0.0,0.0,0.0,-0.25,-0.11111111111111106,-0.0625,-0.5,-0.5,-0.5,-0.5,-0.33333333333333326,-0.25,0.5,0.5,0.5,0.25,0.2222222222222222,0.1875
370,2024-06-06,Egypt,Burkina Faso,2.0,1.0,FIFA World Cup qualification,Cairo,Egypt,0,2024,0,1,371,2024-04-04,37.0,36.0,-1.0,1499.72,1500.38,2024-04-04,62.0,61.0,-1.0,1390.38,1399.92,25.0,109.33999999999992,1684.0,1549.0,135.0,1,0.0,0.2,0.14285714285714285,0.046875,0.13900320073159586,0.2274169921875,0.3333333333333333,0.3333333333333333,0.3333333333333333,0.25,0.2222222222222222,0.1875,-0.3333333333333333,-0.1333333333333333,-0.19047619047619047,-0.203125,-0.08321902149062635,0.0399169921875
371,2024-06-06,Mauritania,Sudan,0.0,2.0,FIFA World Cup qualification,Nouakchott,Mauritania,0,2024,0,1,372,2024-04-04,105.0,106.0,1.0,1195.5,1194.48,2024-04-04,127.0,127.0,0.0,1129.32,1128.74,22.0,66.18000000000006,1372.0,1296.0,76.0,-1,0.0,-0.25,-0.25,-0.375,-0.40740740740740744,-0.484375,0.5,0.5,0.5,0.5,0.33333333333333326,0.25,-0.5,-0.75,-0.75,-0.875,-0.7407407407407407,-0.734375
372,2024-06-06,Senegal,DR Congo,1.0,1.0,FIFA World Cup qualification,Diamniadio,Senegal,0,2024,0,1,373,2024-04-04,17.0,17.0,0.0,1624.73,1620.74,2024-04-04,63.0,63.0,0.0,1388.25,1388.25,46.0,236.48,1731.0,1497.0,234.0,0,0.6666666666666666,0.6,0.42857142857142855,0.4501953125,0.5018318119979452,0.4598965644836426,0.0,0.0,0.0,-0.1279296875,-0.08924791275042758,-0.0739889144897461,0.6666666666666666,0.6,0.42857142857142855,0.578125,0.5910797247483728,0.5338854789733887
373,2024-06-06,Benin,Rwanda,1.0,0.0,FIFA World Cup qualification,Abidjan,Ivory Coast,1,2024,0,1,374,2024-04-04,97.0,98.0,1.0,1225.68,1225.1,2024-04-04,131.0,133.0,2.0,1112.44,1107.04,34.0,113.24,1476.0,1271.0,205.0,1,-0.5,-0.5,-0.5,-0.5,-0.6666666666666667,-0.75,0.5,0.5,0.5,0.5,0.33333333333333326,0.25,-1.0,-1.0,-1.0,-1.0,-1.0,-1.0
374,2024-06-06,Kyrgyzstan,Malaysia,1.0,1.0,FIFA World Cup qualification,Bishkek,Kyrgyzstan,0,2024,0,1,375,2024-04-04,100.0,104.0,4.0,1213.6,1196.97,2024-04-04,138.0,132.0,-6.0,1094.54,1110.17,38.0,119.05999999999996,1266.0,1285.0,-19.0,0,0.3333333333333333,0.2,0.2,0.625,0.3086419753086418,0.0859375,-0.6666666666666666,-0.4,-0.16666666666666666,-0.75,-0.45679012345678993,-0.2265625,1.0,0.6000000000000001,0.3666666666666667,1.375,0.7654320987654317,0.3125
375,2024-06-06,Algeria,Guinea,1.0,2.0,FIFA World Cup qualification,Algiers,Algeria,0,2024,0,1,376,2024-04-04,43.0,43.0,0.0,1482.71,1480.24,2024-04-04,76.0,76.0,0.0,1324.65,1320.42,33.0,158.05999999999997,1723.0,1468.0,255.0,-1,-0.3333333333333333,0.2,0.14285714285714285,-0.40625,-0.1248285322359395,0.05322265625,-1.0,-0.5,-0.5,-0.75,-0.4074074074074072,-0.15625,0.6666666666666667,0.7,0.6428571428571428,0.34375,0.28257887517146774,0.20947265625
376,2024-06-06,Libya,Mauritius,2.0,1.0,FIFA World Cup qualification,Benghazi,Libya,0,2024,0,1,377,2024-04-04,114.0,120.0,6.0,1166.71,1159.51,2024-04-04,183.0,177.0,-6.0,919.4,944.95,69.0,247.3100000000001,1347.0,1029.0,318.0,1,0.5,0.5,0.5,0.5,0.6666666666666667,0.75,-0.5,-0.5,-0.5,-0.5,-0.6666666666666667,-0.75,1.0,1.0,1.0,1.0,1.3333333333333335,1.5
377,2024-06-06,Afghanistan,Qatar,0.0,0.0,FIFA World Cup qualification,Al Hofuf,Saudi Arabia,1,2024,0,1,378,2024-04-04,151.0,158.0,7.0,1036.92,1017.68,2024-04-04,34.0,37.0,3.0,1507.94,1499.34,-117.0,-471.02,1085.0,1534.0,-449.0,0,0.0,0.0,0.16666666666666666,0.375,0.2839506172839506,0.3203125,1.0,0.8,0.8571428571428571,0.9677734375,0.9110343387130462,0.836428165435791,-1.0,-0.8,-0.6904761904761905,-0.5927734375,-0.6270837214290956,-0.516115665435791
378,2024-06-06,India,Kuwait,0.0,0.0,FIFA World Cup qualification,Kolkota,India,0,2024,0,1,379,2024-04-04,121.0,117.0,-4.0,1145.94,1165.17,2024-04-04,139.0,137.0,-2.0,1085.46,1094.05,18.0,60.48000000000002,1228.0,1340.0,-112.0,0,-0.6666666666666666,-0.8,-0.5,-0.6875,-0.5144032921810698,-0.337890625,-0.3333333333333333,-0.5,-0.5,-0.75,-0.7037037037037037,-0.71875,-0.3333333333333333,-0.30000000000000004,0.0,0.0625,0.18930041152263388,0.380859375
379,2024-06-06,Myanmar,Japan,0.0,5.0,FIFA World Cup qualification,Yangon,Myanmar,0,2024,0,1,380,2024-04-04,163.0,162.0,-1.0,999.46,1000.46,2024-04-04,18.0,18.0,0.0,1621.88,1614.33,-145.0,-622.4200000000001,926.0,1905.0,-979.0,-1,-0.6666666666666666,-0.6,-0.3333333333333333,-0.65625,-0.4485596707818929,-0.2587890625,0.3333333333333333,0.2,0.42857142857142855,0.4344482421875,0.3967320298333525,0.40569280087947845,-1.0,-0.8,-0.7619047619047619,-1.0906982421875,-0.8452917006152454,-0.6644818633794785
380,2024-06-06,North Korea,Syria,1.0,0.0,FIFA World Cup qualification,Vientiane,Laos,1,2024,0,1,381,2024-04-04,118.0,114.0,-4.0,1160.57,1168.12,2024-04-04,89.0,89.0,0.0,1266.52,1265.51,-29.0,-105.95000000000005,1370.0,1444.0,-74.0,1,-0.3333333333333333,-0.3333333333333333,-0.3333333333333333,-0.5,-0.5555555555555556,-0.625,0.3333333333333333,0.0,0.0,0.4296875,0.20692983793120956,0.07964324951171875,-0.6666666666666666,-0.3333333333333333,-0.3333333333333333,-0.9296875,-0.7624853934867651,-0.7046432495117188
381,2024-06-06,China PR,Thailand,1.0,1.0,FIFA World Cup qualification,Shenyang,China PR,0,2024,0,1,382,2024-04-04,88.0,88.0,0.0,1275.22,1273.78,2024-04-04,101.0,101.0,0.0,1208.93,1206.72,13.0,66.28999999999996,1400.0,1437.0,-37.0,0,0.0,0.0,-0.14285714285714285,0.3203125,0.04983996342021021,-0.10980224609375,-0.6666666666666666,-0.2,-0.3333333333333333,-0.625,-0.5473251028806584,-0.548828125,0.6666666666666666,0.2,0.19047619047619047,0.9453125,0.5971650663008686,0.43902587890625
382,2024-06-06,Singapore,South Korea,0.0,7.0,FIFA World Cup qualification,Kallang,Singapore,0,2024,0,1,383,2024-04-04,155.0,156.0,1.0,1019.06,1020.5,2024-04-04,23.0,22.0,-1.0,1563.99,1566.21,-132.0,-544.9300000000001,1127.0,1799.0,-672.0,-1,-0.6666666666666666,-0.4,-0.16666666666666666,-0.625,-0.3827160493827159,-0.1796875,0.0,0.2,0.14285714285714285,0.4439697265625,0.3217826277639126,0.28948441334068775,-0.6666666666666666,-0.6000000000000001,-0.30952380952380953,-1.0689697265625,-0.7044986771466285,-0.46917191334068775
383,2024-06-06,Malawi,São Tomé and Príncipe,3.0,1.0,FIFA World Cup qualification,Lilongwe,Malawi,0,2024,0,1,384,2024-04-04,125.0,122.0,-3.0,1140.93,1149.4,2024-04-04,188.0,191.0,3.0,893.58,888.94,63.0,247.35,1354.0,1062.0,292.0,1,0.0,0.0,0.0,0.0,0.3333333333333335,0.5,-1.0,-1.0,-1.0,-1.0,-1.0,-1.0,1.0,1.0,1.0,1.0,1.3333333333333335,1.5
384,2024-06-07,Ivory Coast,Gabon,1.0,0.0,FIFA World Cup qualification,Korhogo,Ivory Coast,0,2024,0,1,385,2024-04-04,38.0,39.0,1.0,1498.8,1494.57,2024-04-04,84.0,84.0,0.0,1287.33,1289.52,46.0,211.47000000000003,1642.0,1494.0,148.0,1,1.0,0.4,0.2857142857142857,0.84375,0.681755829903978,0.61767578125,1.0,1.0,1.0,1.0,1.0,1.0,0.0,-0.6,-0.7142857142857143,-0.15625,-0.318244170096022,-0.38232421875
385,2024-06-07,Uganda,Botswana,1.0,0.0,FIFA World Cup qualification,Kira,Uganda,0,2024,0,1,386,2024-04-04,92.0,92.0,0.0,1242.15,1246.88,2024-04-04,146.0,146.0,0.0,1065.07,1064.5,54.0,177.08000000000015,1362.0,1326.0,36.0,1,0.0,0.0,0.0,0.0,-0.3333333333333335,-0.5,0.0,0.0,0.0,0.0,-0.3333333333333335,-0.5,0.0,0.0,0.0,0.0,0.0,0.0
386,2024-06-07,Mozambique,Somalia,2.0,1.0,FIFA World Cup qualification,Maputo,Mozambique,0,2024,0,1,387,2024-04-04,110.0,110.0,0.0,1184.49,1184.49,2024-04-04,199.0,198.0,-1.0,842.64,845.66,89.0,341.85,1311.0,857.0,454.0,1,-0.3333333333333333,-0.2,-0.2,-0.25,-0.12345679012345669,0.0234375,-1.0,-1.0,-1.0,-1.0,-1.0,-1.0,0.6666666666666667,0.8,0.8,0.75,0.8765432098765433,1.0234375
387,2024-06-07,Kenya,Burundi,1.0,1.0,FIFA World Cup qualification,Lilongwe,Malawi,1,2024,0,1,388,2024-04-04,107.0,111.0,4.0,1191.24,1181.92,2024-04-04,140.0,140.0,0.0,1081.63,1085.83,33.0,109.6099999999999,1371.0,1246.0,125.0,0,0.0,0.0,0.0,0.0,-0.3333333333333335,-0.5,0.0,0.0,0.0,0.0,0.3333333333333335,0.5,0.0,0.0,0.0,0.0,-0.666666666666667,-1.0
388,2024-06-07,Madagascar,Comoros,2.0,1.0,FIFA World Cup qualification,Johannesburg,South Africa,1,2024,0,1,389,2024-04-04,109.0,109.0,0.0,1185.86,1187.63,2024-04-04,117.0,121.0,4.0,1163.02,1156.45,8.0,22.83999999999992,1288.0,1241.0,47.0,1,0.0,0.0,0.0,0.0,-0.3333333333333335,-0.5,1.0,1.0,1.0,1.0,1.0,1.0,-1.0,-1.0,-1.0,-1.0,-1.3333333333333335,-1.5
389,2024-06-07,Angola,Eswatini,1.0,0.0,FIFA World Cup qualification,Luanda,Angola,0,2024,0,1,390,2024-04-04,94.0,93.0,-1.0,1235.76,1238.11,2024-04-04,148.0,149.0,1.0,1048.89,1045.88,54.0,186.8699999999999,1398.0,1269.0,129.0,1,0.0,0.0,0.0,0.0,0.0,0.0,-1.0,-1.0,-1.0,-1.0,-1.0,-1.0,1.0,1.0,1.0,1.0,1.0,1.0
390,2024-06-07,Nigeria,South Africa,1.0,1.0,FIFA World Cup qualification,Uyo,Nigeria,0,2024,0,1,391,2024-04-04,30.0,28.0,-2.0,1520.27,1522.26,2024-04-04,59.0,58.0,-1.0,1407.67,1410.23,29.0,112.59999999999992,1657.0,1486.0,171.0,0,0.0,0.0,0.0,-0.375,-0.1851851851851851,-0.109375,0.0,0.2,0.14285714285714285,0.0703125,0.13290656912056092,0.187042236328125,0.0,-0.2,-0.14285714285714285,-0.4453125,-0.318091754305746,-0.296417236328125
391,2024-06-07,Zimbabwe,Lesotho,0.0,2.0,FIFA World Cup qualification,Johannesburg,South Africa,1,2024,0,1,392,2024-04-04,122.0,124.0,2.0,1143.66,1144.56,2024-04-04,149.0,148.0,-1.0,1047.58,1047.27,27.0,96.08000000000015,1333.0,1252.0,81.0,-1,0.0,0.0,0.0,0.0,0.0,0.0,0.0,0.0,0.0,0.0,0.0,0.0,0.0,0.0,0.0,0.0,0.0,0.0
392,2024-06-07,Morocco,Zambia,2.0,1.0,FIFA World Cup qualification,Agadir,Morocco,0,2024,0,1,393,2024-04-04,13.0,12.0,-1.0,1661.42,1663.39,2024-04-04,86.0,87.0,1.0,1278.26,1275.71,73.0,383.1600000000001,1846.0,1523.0,323.0,1,0.0,0.4,0.0,-0.1741943359375,0.01686797468267102,0.09238912165164948,-0.6666666666666666,-0.25,-0.25,-0.5,-0.185185185185185,0.03125,0.6666666666666666,0.65,0.25,0.3258056640625,0.20205315986785602,0.061139121651649475
393,2024-06-08,Anguilla,Suriname,0.0,4.0,FIFA World Cup qualification,The Valley,Anguilla,0,2024,0,1,394,2024-04-04,209.0,209.0,0.0,793.48,785.69,2024-04-04,144.0,144.0,0.0,1071.85,1071.85,-65.0,-278.3699999999999,578.0,1291.0,-713.0,-1,0.0,0.0,0.0,0.0,0.0,0.0,1.0,1.0,1.0,1.0,1.0,1.0,-1.0,-1.0,-1.0,-1.0,-1.0,-1.0
394,2024-06-08,British Virgin Islands,Guatemala,0.0,3.0,FIFA World Cup qualification,Road Town,British Virgin Islands,0,2024,0,1,395,2024-04-04,207.0,207.0,0.0,813.31,807.57,2024-04-04,108.0,108.0,0.0,1188.28,1188.17,-99.0,-374.97,658.0,1481.0,-823.0,-1,0.0,0.0,0.0,0.0,0.0,0.0,1.0,1.0,1.0,1.0,1.0,1.0,-1.0,-1.0,-1.0,-1.0,-1.0,-1.0
395,2024-06-08,Belize,Nicaragua,0.0,4.0,FIFA World Cup qualification,Belmopan,Belize,0,2024,0,1,396,2024-04-04,182.0,182.0,0.0,919.52,918.68,2024-04-04,135.0,134.0,-1.0,1102.54,1104.26,-47.0,-183.02,1057.0,1344.0,-287.0,-1,,,,,,,1.0,1.0,1.0,1.0,1.0,1.0,,,,,,
396,2024-06-08,Aruba,Curaçao,0.0,2.0,FIFA World Cup qualification,Oranjestad,Aruba,0,2024,0,1,397,2024-04-04,193.0,193.0,0.0,875.82,879.32,2024-04-04,91.0,91.0,0.0,1262.48,1262.48,-102.0,-386.66,935.0,1337.0,-402.0,-1,,,,,,,1.0,1.0,1.0,1.0,1.0,1.0,,,,,,
397,2024-06-08,Cayman Islands,Antigua and Barbuda,1.0,0.0,FIFA World Cup qualification,George Town,Cayman Islands,0,2024,0,1,398,2024-04-04,196.0,197.0,1.0,847.81,851.19,2024-04-04,142.0,142.0,0.0,1072.66,1072.66,-54.0,-224.8500000000001,865.0,1191.0,-326.0,1,,,,,,,0.0,0.0,0.0,0.0,0.0,0.0,,,,,,
398,2024-06-08,Gambia,Seychelles,5.0,1.0,FIFA World Cup qualification,Berkane,Morocco,1,2024,0,1,399,2022-03-31,123.0,125.0,2.0,1138.19,1135.18,2024-04-04,197.0,199.0,2.0,845.53,845.53,74.0,292.6600000000001,1443.0,859.0,584.0,1,-1.0,-1.0,-1.0,-1.0,-1.0,-1.0,-1.0,-1.0,-1.0,-1.0,-1.0,-1.0,0.0,0.0,0.0,0.0,0.0,0.0
399,2024-06-08,Cameroon,Cape Verde,4.0,1.0,FIFA World Cup qualification,Yaoundé,Cameroon,0,2024,0,1,400,2024-04-04,51.0,51.0,0.0,1452.59,1452.59,2024-04-04,65.0,65.0,0.0,1383.44,1377.06,14.0,69.14999999999986,1625.0,1479.0,146.0,1,0.0,0.2,0.14285714285714285,-0.328125,-0.15957933241883854,-0.1522216796875,0.3333333333333333,0.6,0.5714285714285714,0.359375,0.43072702331961593,0.431396484375,-0.3333333333333333,-0.39999999999999997,-0.42857142857142855,-0.6875,-0.5903063557384545,-0.5836181640625
400,2024-06-08,Bahamas,Trinidad and Tobago,1.0,7.0,FIFA World Cup qualification,Basseterre,Saint Kitts and Nevis,1,2024,0,1,401,2024-04-04,200.0,202.0,2.0,835.81,835.81,2024-04-04,98.0,96.0,-2.0,1220.65,1228.05,-102.0,-384.84000000000015,872.0,1373.0,-501.0,-1,,,,,,,0.0,0.0,0.0,0.0,0.0,0.0,,,,,,
401,2024-06-09,Barbados,Haiti,1.0,3.0,FIFA World Cup qualification,Bridgetown,Barbados,0,2024,0,1,402,2024-04-04,177.0,178.0,1.0,943.8,943.8,2024-04-04,90.0,90.0,0.0,1262.5,1262.5,-87.0,-318.70000000000005,955.0,1496.0,-541.0,-1,-1.0,-1.0,-1.0,-1.0,-1.0,-1.0,1.0,1.0,1.0,1.0,1.0,1.0,-2.0,-2.0,-2.0,-2.0,-2.0,-2.0
402,2024-06-09,Saint Vincent and the Grenadines,El Salvador,1.0,3.0,FIFA World Cup qualification,Paramaribo,Suriname,1,2024,0,1,403,2024-04-04,173.0,173.0,0.0,953.47,953.47,2024-04-04,81.0,81.0,0.0,1305.02,1306.14,-92.0,-351.54999999999995,1037.0,1483.0,-446.0,-1,-1.0,-1.0,-1.0,-1.0,-1.0,-1.0,-0.6666666666666666,-0.6,-0.42857142857142855,-0.40625,-0.48010973936899864,-0.52587890625,-0.33333333333333337,-0.4,-0.5714285714285714,-0.59375,-0.5198902606310014,-0.47412109375
403,2024-06-09,Dominica,Jamaica,2.0,3.0,FIFA World Cup qualification,Roseau,Dominica,0,2024,0,1,404,2024-04-04,180.0,180.0,0.0,922.25,922.25,2024-04-04,55.0,57.0,2.0,1435.33,1421.54,-125.0,-513.0799999999999,981.0,1610.0,-629.0,-1,-1.0,-1.0,-1.0,-1.0,-1.0,-1.0,0.3333333333333333,0.0,-0.2857142857142857,0.5625,0.20987654320987637,-0.01953125,-1.3333333333333333,-1.0,-0.7142857142857143,-1.5625,-1.2098765432098764,-0.98046875
404,2024-06-09,Montserrat,Panama,1.0,3.0,FIFA World Cup qualification,Managua,Nicaragua,1,2024,0,1,405,2024-04-04,175.0,176.0,1.0,946.08,946.08,2024-04-04,45.0,44.0,-1.0,1475.62,1475.62,-130.0,-529.5399999999998,1003.0,1765.0,-762.0,-1,-1.0,-1.0,-1.0,-1.0,-1.0,-1.0,0.3333333333333333,0.0,0.0,0.59375,0.297668038408779,0.09912109375,-1.3333333333333333,-1.0,-1.0,-1.59375,-1.297668038408779,-1.09912109375
405,2024-06-09,Grenada,Costa Rica,0.0,3.0,FIFA World Cup qualification,St. George's,Grenada,0,2024,0,1,406,2024-04-04,174.0,174.0,0.0,950.99,950.99,2024-04-04,52.0,54.0,2.0,1445.38,1437.57,-122.0,-494.3900000000001,1107.0,1714.0,-607.0,-1,0.0,0.0,0.0,0.0,0.0,0.0,0.3333333333333333,0.2,0.42857142857142855,0.3740234375,0.34935392640010837,0.3952913284301758,-0.3333333333333333,-0.2,-0.42857142857142855,-0.3740234375,-0.34935392640010837,-0.3952913284301758
406,2024-06-09,Mauritania,Senegal,0.0,1.0,FIFA World Cup qualification,Nouakchott,Mauritania,0,2024,0,1,407,2024-04-04,105.0,106.0,1.0,1195.5,1194.48,2024-04-04,17.0,17.0,0.0,1624.73,1620.74,-88.0,-429.23,1372.0,1731.0,-359.0,-1,-0.3333333333333333,-0.4,-0.4,-0.6875,-0.6049382716049383,-0.61328125,0.3333333333333333,0.6,0.5714285714285714,0.22509765625,0.33455454133196355,0.34492242336273193,-0.6666666666666666,-1.0,-0.9714285714285714,-0.91259765625,-0.9394928129369018,-0.9582036733627319
407,2024-06-09,Namibia,Tunisia,0.0,0.0,FIFA World Cup qualification,Johannesburg,South Africa,1,2024,0,1,408,2024-04-04,106.0,107.0,1.0,1192.13,1192.13,2024-04-04,41.0,41.0,0.0,1493.12,1491.15,-65.0,-300.9899999999998,1414.0,1738.0,-324.0,0,0.0,0.4,0.4,0.0,0.22222222222222235,0.375,0.3333333333333333,0.2,0.42857142857142855,0.4892578125,0.3714034107266846,0.35039615631103516,-0.3333333333333333,0.2,-0.028571428571428525,-0.4892578125,-0.14918118850446224,0.024603843688964844
408,2024-06-09,São Tomé and Príncipe,Liberia,0.0,1.0,FIFA World Cup qualification,Oujda,Morocco,1,2024,0,1,409,2024-04-04,188.0,191.0,3.0,893.58,888.94,2024-04-04,152.0,152.0,0.0,1029.58,1024.11,-36.0,-135.9999999999999,1062.0,1270.0,-208.0,-1,-1.0,-1.0,-1.0,-1.0,-1.0,-1.0,0.0,0.0,0.0,0.0,-0.22222222222222235,-0.375,-1.0,-1.0,-1.0,-1.0,-0.7777777777777777,-0.625
409,2024-06-09,DR Congo,Togo,1.0,0.0,FIFA World Cup qualification,Kinshasa,DR Congo,0,2024,0,1,410,2024-04-04,63.0,63.0,0.0,1388.25,1388.25,2024-04-04,113.0,116.0,3.0,1170.34,1165.74,50.0,217.91000000000008,1497.0,1319.0,178.0,1,-0.3333333333333333,0.0,0.0,-0.06396484375,-0.05949860850028506,-0.05549168586730957,0.0,0.0,0.0,0.0,0.0,0.0,-0.3333333333333333,0.0,0.0,-0.06396484375,-0.05949860850028506,-0.05549168586730957
410,2024-06-09,Djibouti,Ethiopia,1.0,1.0,FIFA World Cup qualification,El Jadida,Morocco,1,2024,0,1,411,2024-04-04,192.0,192.0,0.0,877.28,882.76,2024-04-04,145.0,145.0,0.0,1068.48,1068.79,-47.0,-191.20000000000005,752.0,1285.0,-533.0,0,-1.0,-1.0,-1.0,-1.0,-1.0,-1.0,-0.3333333333333333,-0.3333333333333333,-0.3333333333333333,-0.25,-0.2222222222222222,-0.1875,-0.6666666666666667,-0.6666666666666667,-0.6666666666666667,-0.75,-0.7777777777777778,-0.8125
411,2024-06-09,Bermuda,Honduras,1.0,6.0,FIFA World Cup qualification,Hamilton,Bermuda,0,2024,0,1,412,2024-04-04,170.0,171.0,1.0,974.3,972.36,2024-04-04,82.0,78.0,-4.0,1301.92,1311.43,-88.0,-327.6200000000001,1175.0,1538.0,-363.0,-1,0.0,0.0,0.0,0.0,0.0,0.0,-0.3333333333333333,-0.4,-0.5714285714285714,0.0625,-0.23456790123456805,-0.39453125,0.3333333333333333,0.4,0.5714285714285714,-0.0625,0.23456790123456805,0.39453125
412,2024-06-10,Guinea,Mozambique,0.0,1.0,FIFA World Cup qualification,El Jadida,Morocco,1,2024,0,1,413,2024-04-04,76.0,76.0,0.0,1324.65,1320.42,2024-04-04,110.0,110.0,0.0,1184.49,1184.49,34.0,140.16000000000008,1468.0,1311.0,157.0,-1,-0.3333333333333333,-0.2,-0.2,0.125,0.06172839506172842,0.1328125,0.0,-0.2,0.0,0.375,0.2510288065843621,0.267578125,-0.3333333333333333,0.0,-0.2,-0.25,-0.1893004115226337,-0.134765625
413,2024-06-10,Ghana,Central African Republic,4.0,3.0,FIFA World Cup qualification,Kumasi,Ghana,0,2024,0,1,414,2024-04-04,68.0,67.0,-1.0,1358.77,1363.42,2024-04-04,128.0,129.0,1.0,1128.17,1121.34,60.0,230.5999999999999,1548.0,1286.0,262.0,1,0.3333333333333333,-0.2,-0.14285714285714285,0.416015625,0.18985926942031187,0.08860397338867188,0.0,0.0,0.0,0.25,-0.11111111111111129,-0.3125,0.3333333333333333,-0.2,-0.14285714285714285,0.166015625,0.30097038053142317,0.4011039733886719
414,2024-06-10,Equatorial Guinea,Malawi,1.0,0.0,FIFA World Cup qualification,Malabo,Equatorial Guinea,0,2024,0,1,415,2024-04-04,79.0,79.0,0.0,1308.03,1310.5,2024-04-04,125.0,122.0,-3.0,1140.93,1149.4,46.0,167.0999999999999,1467.0,1354.0,113.0,1,-0.3333333333333333,-0.5,-0.5,-0.5,-0.5555555555555556,-0.625,0.3333333333333333,0.3333333333333333,0.3333333333333333,0.5,0.5555555555555556,0.625,-0.6666666666666666,-0.8333333333333333,-0.8333333333333333,-1.0,-1.1111111111111112,-1.25
415,2024-06-10,Uganda,Algeria,1.0,2.0,FIFA World Cup qualification,Kira,Uganda,0,2024,0,1,416,2024-04-04,92.0,92.0,0.0,1242.15,1246.88,2024-04-04,43.0,43.0,0.0,1482.71,1480.24,-49.0,-240.56,1362.0,1723.0,-361.0,-1,0.3333333333333333,0.3333333333333333,0.3333333333333333,0.5,0.11111111111111091,-0.125,-0.6666666666666666,-0.2,-0.14285714285714285,-0.703125,-0.4165523548239596,-0.2100830078125,1.0,0.5333333333333333,0.47619047619047616,1.203125,0.5276634659350705,0.0850830078125
416,2024-06-10,Burkina Faso,Sierra Leone,2.0,2.0,FIFA World Cup qualification,Bamako,Mali,1,2024,0,1,417,2024-04-04,62.0,61.0,-1.0,1390.38,1399.92,2024-04-04,126.0,126.0,0.0,1137.36,1137.36,64.0,253.0200000000002,1549.0,1333.0,216.0,0,0.0,0.0,0.0,-0.375,-0.1851851851851851,-0.109375,0.0,0.0,0.0,0.25,0.11111111111111106,0.0625,0.0,0.0,0.0,-0.625,-0.29629629629629617,-0.171875
417,2024-06-10,Benin,Nigeria,2.0,1.0,FIFA World Cup qualification,Abidjan,Ivory Coast,1,2024,0,1,418,2024-04-04,97.0,98.0,1.0,1225.68,1225.1,2024-04-04,30.0,28.0,-2.0,1520.27,1522.26,-67.0,-294.5899999999999,1476.0,1657.0,-181.0,1,0.0,0.0,0.0,0.25,-0.11111111111111129,-0.3125,-0.3333333333333333,0.0,0.0,-0.1875,-0.12345679012345674,-0.08203125,0.3333333333333333,0.0,0.0,0.4375,0.012345679012345456,-0.23046875
418,2024-06-10,Guinea-Bissau,Egypt,1.0,1.0,FIFA World Cup qualification,Bissau,Guinea-Bissau,0,2024,0,1,419,2024-04-04,116.0,118.0,2.0,1163.44,1164.01,2024-04-04,37.0,36.0,-1.0,1499.72,1500.38,-79.0,-336.28,1411.0,1684.0,-273.0,0,0.0,0.0,0.0,-0.125,-0.07407407407407406,-0.046875,0.3333333333333333,0.2,0.42857142857142855,0.5234375,0.42600213382106383,0.420562744140625,-0.3333333333333333,-0.2,-0.42857142857142855,-0.6484375,-0.5000762078951378,-0.467437744140625
419,2024-06-10,Somalia,Botswana,1.0,3.0,FIFA World Cup qualification,Maputo,Mozambique,1,2024,0,1,420,2024-04-04,199.0,198.0,-1.0,842.64,845.66,2024-04-04,146.0,146.0,0.0,1065.07,1064.5,-53.0,-222.42999999999995,857.0,1326.0,-469.0,-1,-1.0,-1.0,-1.0,-1.0,-1.0,-1.0,-0.3333333333333333,-0.3333333333333333,-0.3333333333333333,-0.5,-0.5555555555555556,-0.625,-0.6666666666666667,-0.6666666666666667,-0.6666666666666667,-0.5,-0.4444444444444444,-0.375
420,2024-06-11,Turkmenistan,Hong Kong,0.0,0.0,FIFA World Cup qualification,Ashgabat,Turkmenistan,0,2024,0,1,421,2024-04-04,143.0,141.0,-2.0,1072.52,1078.25,2022-03-31,147.0,148.0,1.0,1053.39,1053.39,4.0,19.12999999999988,1216.0,1060.0,156.0,0,-1.0,-0.8,-0.8,-0.9375,-0.9012345679012346,-0.89453125,-1.0,-0.8,-0.8571428571428571,-0.953125,-0.8171010516689527,-0.6539306640625,0.0,0.0,0.05714285714285705,0.015625,-0.08413351623228182,-0.2406005859375
421,2024-06-11,Iran,Uzbekistan,0.0,0.0,FIFA World Cup qualification,Tehran,Iran,0,2024,0,1,422,2024-04-04,20.0,20.0,0.0,1613.96,1608.23,2024-04-04,64.0,66.0,2.0,1386.58,1376.5,44.0,227.3800000000001,1827.0,1643.0,184.0,0,1.0,0.6,0.5714285714285714,0.857757568359375,0.7372473503847133,0.6712872260250151,1.0,0.8,0.7142857142857143,0.916015625,0.824823451709597,0.7768058776855469,0.0,-0.20000000000000007,-0.1428571428571429,-0.058258056640625,-0.08757610132488369,-0.10551865166053176
422,2024-06-11,Indonesia,Philippines,2.0,0.0,FIFA World Cup qualification,Jakarta,Indonesia,0,2024,0,1,423,2024-04-04,134.0,142.0,8.0,1102.7,1072.66,2024-04-04,141.0,139.0,-2.0,1075.14,1086.17,7.0,27.559999999999945,1297.0,1052.0,245.0,1,0.3333333333333333,-0.2,-0.2857142857142857,-0.234375,-0.15195854290504493,-0.099029541015625,-1.0,-0.8,-0.8,-0.9375,-0.9012345679012346,-0.89453125,1.3333333333333333,0.6000000000000001,0.5142857142857143,0.703125,0.7492760249961896,0.795501708984375
423,2024-06-11,Iraq,Vietnam,3.0,1.0,FIFA World Cup qualification,Basra,Iraq,0,2024,0,1,424,2024-04-04,58.0,59.0,1.0,1420.47,1409.44,2024-04-04,115.0,105.0,-10.0,1164.54,1194.58,57.0,255.9300000000001,1621.0,1318.0,303.0,1,1.0,0.6,0.7142857142857143,0.873291015625,0.7745300042714054,0.6963798403739929,-0.3333333333333333,-0.6,-0.42857142857142855,0.021484375,-0.23795491879625402,-0.34009742736816406,1.3333333333333333,1.2,1.1428571428571428,0.851806640625,1.0124849230676594,1.036477267742157
424,2024-06-11,Tajikistan,Pakistan,3.0,0.0,FIFA World Cup qualification,Dushanbe,Tajikistan,0,2024,0,1,425,2024-04-04,99.0,99.0,0.0,1216.76,1218.89,2024-04-04,195.0,195.0,0.0,849.94,856.54,96.0,366.82,1380.0,828.0,552.0,1,-0.6666666666666666,-0.8,-0.42857142857142855,-0.703125,-0.6021947873799726,-0.515869140625,-1.0,-1.0,-0.5714285714285714,-0.953125,-0.8244170096021947,-0.703369140625,0.33333333333333337,0.19999999999999996,0.14285714285714285,0.25,0.2222222222222221,0.1875
425,2024-06-11,Saudi Arabia,Jordan,1.0,2.0,FIFA World Cup qualification,Riyadh,Saudi Arabia,0,2024,0,1,426,2024-04-04,53.0,53.0,0.0,1443.53,1441.4,2024-04-04,71.0,70.0,-1.0,1350.21,1343.6,18.0,93.31999999999994,1586.0,1503.0,83.0,-1,0.6666666666666666,0.4,0.5714285714285714,0.6531982421875,0.5802697724642023,0.5473822969943285,1.0,0.6,0.7142857142857143,0.86376953125,0.7273225061671944,0.6269004344940186,-0.33333333333333337,-0.19999999999999996,-0.1428571428571429,-0.2105712890625,-0.1470527337029921,-0.07951813749969006
426,2024-06-11,United Arab Emirates,Bahrain,1.0,1.0,FIFA World Cup qualification,Dubai,United Arab Emirates,0,2024,0,1,427,2024-04-04,67.0,69.0,2.0,1366.45,1355.55,2024-04-04,80.0,82.0,2.0,1307.53,1297.32,13.0,58.92000000000007,1504.0,1461.0,43.0,0,1.0,0.6,0.42857142857142855,0.853515625,0.7005876475469525,0.6124744415283203,0.6666666666666666,0.4,0.0,0.328125,0.32281664380429814,0.3314208984375,0.33333333333333337,0.19999999999999996,0.42857142857142855,0.525390625,0.3777710037426543,0.2810535430908203
427,2024-06-11,Yemen,Nepal,2.0,2.0,FIFA World Cup qualification,Dammam,Saudi Arabia,1,2024,0,1,428,2024-04-04,156.0,151.0,-5.0,1017.05,1027.94,2024-04-04,178.0,175.0,-3.0,937.84,948.05,22.0,79.20999999999992,1101.0,894.0,207.0,0,-0.6666666666666666,-0.4,-0.14285714285714285,-0.328125,-0.24965706447187921,-0.123779296875,-1.0,-1.0,-0.5714285714285714,-0.953125,-0.8244170096021947,-0.703369140625,0.33333333333333337,0.6,0.42857142857142855,0.625,0.5747599451303155,0.57958984375
428,2024-06-11,Lebanon,Bangladesh,4.0,0.0,FIFA World Cup qualification,Al Rayyan,Qatar,1,2024,0,1,429,2024-04-04,120.0,115.0,-5.0,1158.96,1168.07,2024-04-04,184.0,183.0,-1.0,905.3,916.75,64.0,253.66000000000008,1284.0,939.0,345.0,1,-0.6666666666666666,-0.6,-0.5714285714285714,-0.451171875,-0.5439211502311639,-0.5865440368652344,-1.0,-0.8,-0.42857142857142855,-0.890625,-0.7256515775034292,-0.597900390625,0.33333333333333337,0.20000000000000007,-0.14285714285714285,0.439453125,0.1817304272722653,0.011356353759765625
429,2024-06-11,Cuba,Cayman Islands,3.0,0.0,FIFA World Cup qualification,Santiago,Cuba,0,2024,0,1,430,2024-04-04,169.0,169.0,0.0,980.65,980.65,2024-04-04,196.0,197.0,1.0,847.81,851.19,27.0,132.84000000000003,1305.0,865.0,440.0,1,-1.0,-1.0,-1.0,-1.0,-1.0,-1.0,1.0,1.0,1.0,1.0,1.0,1.0,-2.0,-2.0,-2.0,-2.0,-2.0,-2.0
430,2024-06-11,Saint Kitts and Nevis,Bahamas,1.0,0.0,FIFA World Cup qualification,Basseterre,Saint Kitts and Nevis,0,2024,0,1,431,2024-04-04,147.0,147.0,0.0,1056.61,1057.05,2024-04-04,200.0,202.0,2.0,835.81,835.81,53.0,220.79999999999995,1131.0,872.0,259.0,1,-1.0,-1.0,-1.0,-1.0,-1.0,-1.0,-1.0,-1.0,-1.0,-1.0,-1.0,-1.0,0.0,0.0,0.0,0.0,0.0,0.0
431,2024-06-11,Saint Lucia,Aruba,2.0,2.0,FIFA World Cup qualification,Bridgetown,Barbados,1,2024,0,1,432,2024-04-04,165.0,167.0,2.0,988.67,988.67,2024-04-04,193.0,193.0,0.0,875.82,879.32,28.0,112.84999999999992,1136.0,935.0,201.0,0,-1.0,-1.0,-1.0,-1.0,-1.0,-1.0,-1.0,-1.0,-1.0,-1.0,-1.0,-1.0,0.0,0.0,0.0,0.0,0.0,0.0
432,2024-06-11,Guyana,Belize,3.0,1.0,FIFA World Cup qualification,Bridgetown,Barbados,1,2024,0,1,433,2024-04-04,154.0,157.0,3.0,1020.31,1018.14,2024-04-04,182.0,182.0,0.0,919.52,918.68,28.0,100.78999999999996,1268.0,1057.0,211.0,1,-1.0,-1.0,-1.0,-1.0,-1.0,-1.0,-1.0,-1.0,-1.0,-1.0,-1.0,-1.0,0.0,0.0,0.0,0.0,0.0,0.0
433,2024-06-11,Dominican Republic,British Virgin Islands,4.0,0.0,FIFA World Cup qualification,San Cristóbal,Dominican Republic,0,2024,0,1,434,2024-04-04,150.0,150.0,0.0,1042.86,1040.77,2024-04-04,207.0,207.0,0.0,813.31,807.57,57.0,229.54999999999995,1193.0,658.0,535.0,1,-1.0,-1.0,-1.0,-1.0,-1.0,-1.0,-0.3333333333333333,-0.3333333333333333,-0.3333333333333333,-0.5,-0.33333333333333326,-0.25,-0.6666666666666667,-0.6666666666666667,-0.6666666666666667,-0.5,-0.6666666666666667,-0.75
434,2024-06-11,Puerto Rico,Anguilla,8.0,0.0,FIFA World Cup qualification,Bayamón,Puerto Rico,0,2024,0,1,435,2024-04-04,160.0,160.0,0.0,1006.35,1007.19,2024-04-04,209.0,209.0,0.0,793.48,785.69,49.0,212.87,1146.0,578.0,568.0,1,0.0,0.0,0.0,0.0,0.0,0.0,-0.3333333333333333,-0.3333333333333333,-0.3333333333333333,-0.5,-0.33333333333333326,-0.25,0.3333333333333333,0.3333333333333333,0.3333333333333333,0.5,0.33333333333333326,0.25
435,2024-06-11,Malaysia,Taiwan,3.0,1.0,FIFA World Cup qualification,Kuala Lumpur,Malaysia,0,2024,0,1,436,2024-04-04,138.0,132.0,-6.0,1094.54,1110.17,2024-04-04,159.0,153.0,-6.0,1007.3,1023.93,21.0,87.24000000000001,1285.0,912.0,373.0,1,-0.6666666666666666,-0.6,-0.14285714285714285,-0.375,-0.3045267489711933,-0.169921875,-1.0,-1.0,-0.42857142857142855,-0.9375,-0.736625514403292,-0.525390625,0.33333333333333337,0.4,0.2857142857142857,0.5625,0.43209876543209874,0.35546875
436,2024-06-11,Australia,Palestine,5.0,0.0,FIFA World Cup qualification,Perth,Australia,0,2024,0,1,437,2024-04-04,24.0,23.0,-1.0,1563.93,1554.82,2024-04-04,93.0,97.0,4.0,1238.66,1227.2,69.0,325.27,1784.0,1417.0,367.0,1,1.0,0.6,0.5714285714285714,0.8582210540771484,0.7405279065317236,0.6750672529415169,0.6666666666666666,0.0,-0.14285714285714285,0.265625,0.1618655692729766,0.084228515625,0.33333333333333337,0.6,0.7142857142857142,0.5925960540771484,0.578662337258747,0.5908387373165169
437,2024-06-11,Oman,Kyrgyzstan,1.0,1.0,FIFA World Cup qualification,Muscat,Oman,0,2024,0,1,438,2024-04-04,77.0,80.0,3.0,1323.23,1307.6,2024-04-04,100.0,104.0,4.0,1213.6,1196.97,23.0,109.63000000000012,1526.0,1266.0,260.0,0,1.0,0.2,0.42857142857142855,0.806640625,0.6057511558197428,0.4556617736816406,0.6666666666666666,0.4,0.16666666666666666,0.3125,0.20576131687242788,0.064453125,0.33333333333333337,-0.2,0.26190476190476186,0.494140625,0.39998983894731494,0.3912086486816406
438,2024-06-11,Angola,Cameroon,1.0,1.0,FIFA World Cup qualification,Luanda,Angola,0,2024,0,1,439,2024-04-04,94.0,93.0,-1.0,1235.76,1238.11,2024-04-04,51.0,51.0,0.0,1452.59,1452.59,-43.0,-216.83,1398.0,1625.0,-227.0,0,0.3333333333333333,0.25,0.25,0.5,0.33333333333333326,0.25,0.0,0.4,0.14285714285714285,0.3359375,0.22694711172077423,0.135833740234375,0.3333333333333333,-0.15000000000000002,0.10714285714285715,0.1640625,0.10638622161255903,0.114166259765625
439,2024-06-11,Thailand,Singapore,3.0,1.0,FIFA World Cup qualification,Bangkok,Thailand,0,2024,0,1,440,2024-04-04,101.0,101.0,0.0,1208.93,1206.72,2024-04-04,155.0,156.0,1.0,1019.06,1020.5,54.0,189.8700000000001,1437.0,1127.0,310.0,1,-0.3333333333333333,-0.4,-0.2857142857142857,-0.3125,-0.36488340192043894,-0.41162109375,-0.6666666666666666,-0.8,-0.2857142857142857,-0.8125,-0.5884773662551439,-0.384765625,0.3333333333333333,0.4,0.0,0.5,0.22359396433470496,-0.02685546875
440,2024-06-11,South Sudan,Sudan,0.0,3.0,FIFA World Cup qualification,Juba,South Sudan,0,2024,0,1,441,2024-04-04,167.0,166.0,-1.0,984.65,989.29,2024-04-04,127.0,127.0,0.0,1129.32,1128.74,-40.0,-144.66999999999996,1136.0,1296.0,-160.0,-1,-0.3333333333333333,-0.3333333333333333,-0.3333333333333333,-0.25,-0.44444444444444453,-0.5625,0.6666666666666666,0.6666666666666666,0.6666666666666666,0.75,0.5555555555555555,0.4375,-1.0,-1.0,-1.0,-1.0,-1.0,-1.0
441,2024-06-11,Lesotho,Rwanda,0.0,1.0,FIFA World Cup qualification,Durban,South Africa,1,2024,0,1,442,2024-04-04,149.0,148.0,-1.0,1047.58,1047.27,2024-04-04,131.0,133.0,2.0,1112.44,1107.04,-18.0,-64.86000000000013,1252.0,1271.0,-19.0,-1,0.3333333333333333,0.3333333333333333,0.3333333333333333,0.5,0.33333333333333326,0.25,0.0,0.0,0.0,-0.25,-0.11111111111111106,-0.0625,0.3333333333333333,0.3333333333333333,0.3333333333333333,0.75,0.4444444444444443,0.3125
442,2024-06-11,South Africa,Zimbabwe,3.0,1.0,FIFA World Cup qualification,Bloemfontein,South Africa,0,2024,0,1,443,2024-04-04,59.0,58.0,-1.0,1407.67,1410.23,2024-04-04,122.0,124.0,2.0,1143.66,1144.56,63.0,264.01,1486.0,1333.0,153.0,1,0.0,0.2,0.2857142857142857,0.03515625,0.08860437941370729,0.14028167724609375,-0.3333333333333333,-0.3333333333333333,-0.3333333333333333,-0.5,-0.33333333333333326,-0.25,0.3333333333333333,0.5333333333333333,0.6190476190476191,0.53515625,0.42193771274704056,0.39028167724609375
443,2024-06-11,Cape Verde,Libya,1.0,0.0,FIFA World Cup qualification,Praia,Cape Verde,0,2024,0,1,444,2024-04-04,65.0,65.0,0.0,1383.44,1377.06,2024-04-04,114.0,120.0,6.0,1166.71,1159.51,49.0,216.73,1479.0,1347.0,132.0,1,0.0,0.2,0.42857142857142855,-0.3203125,-0.04618198445358927,0.07354736328125,0.6666666666666666,0.6666666666666666,0.6666666666666666,0.75,0.7777777777777778,0.8125,-0.6666666666666666,-0.4666666666666666,-0.23809523809523808,-1.0703125,-0.823959762231367,-0.73895263671875
444,2024-06-11,Mauritius,Eswatini,2.0,1.0,FIFA World Cup qualification,Saint Pierre,Mauritius,0,2024,0,1,445,2024-04-04,183.0,177.0,-6.0,919.4,944.95,2024-04-04,148.0,149.0,1.0,1048.89,1045.88,-35.0,-129.49000000000012,1029.0,1269.0,-240.0,1,-0.6666666666666666,-0.6666666666666666,-0.6666666666666666,-0.75,-0.7777777777777778,-0.8125,-1.0,-1.0,-1.0,-1.0,-1.0,-1.0,0.33333333333333337,0.33333333333333337,0.33333333333333337,0.25,0.2222222222222222,0.1875
445,2024-06-11,South Korea,China PR,1.0,0.0,FIFA World Cup qualification,Seoul,South Korea,0,2024,0,1,446,2024-04-04,23.0,22.0,-1.0,1563.99,1566.21,2024-04-04,88.0,88.0,0.0,1275.22,1273.78,65.0,288.77,1799.0,1400.0,399.0,1,0.6666666666666666,0.4,0.2857142857142857,0.72198486328125,0.5478550851759417,0.4671133100055158,0.3333333333333333,-0.2,-0.14285714285714285,0.16015625,0.03322664228014014,-0.0823516845703125,0.3333333333333333,0.6000000000000001,0.42857142857142855,0.56182861328125,0.5146284428958016,0.5494649945758283
446,2024-06-11,Morocco,Congo,6.0,0.0,FIFA World Cup qualification,Agadir,Morocco,0,2024,0,1,447,2024-04-04,13.0,12.0,-1.0,1661.42,1663.39,2024-04-04,111.0,112.0,1.0,1179.8,1179.8,98.0,481.6200000000001,1846.0,1266.0,580.0,1,0.3333333333333333,0.4,0.2857142857142857,0.41290283203125,0.34457864978844727,0.3192918412387371,-1.0,-1.0,-1.0,-1.0,-1.0,-1.0,1.3333333333333333,1.4,1.2857142857142856,1.41290283203125,1.3445786497884473,1.319291841238737
447,2024-06-11,Kenya,Ivory Coast,0.0,0.0,FIFA World Cup qualification,Lilongwe,Malawi,1,2024,0,1,448,2024-04-04,107.0,111.0,4.0,1191.24,1181.92,2024-04-04,38.0,39.0,1.0,1498.8,1494.57,-69.0,-307.55999999999995,1371.0,1642.0,-271.0,0,0.0,0.0,0.0,0.0,-0.22222222222222235,-0.375,1.0,0.8,0.2857142857142857,0.921875,0.7878372199359853,0.7132568359375,-1.0,-0.8,-0.2857142857142857,-0.921875,-1.0100594421582076,-1.0882568359375
448,2024-06-11,Zambia,Tanzania,0.0,1.0,FIFA World Cup qualification,Ndola,Zambia,0,2024,0,1,449,2024-04-04,86.0,87.0,1.0,1278.26,1275.71,2024-04-04,119.0,119.0,0.0,1159.81,1160.98,33.0,118.45000000000005,1523.0,1313.0,210.0,-1,-0.6666666666666666,-0.4,-0.4,-0.75,-0.45679012345678993,-0.2265625,-0.6666666666666666,-0.25,-0.25,-0.25,-0.07407407407407395,0.09375,0.0,-0.15000000000000002,-0.15000000000000002,-0.5,-0.382716049382716,-0.3203125
449,2024-06-11,Seychelles,Burundi,1.0,3.0,FIFA World Cup qualification,Berkane,Morocco,1,2024,0,1,450,2024-04-04,197.0,199.0,2.0,845.53,845.53,2024-04-04,140.0,140.0,0.0,1081.63,1085.83,-57.0,-236.1000000000001,859.0,1246.0,-387.0,-1,-1.0,-1.0,-1.0,-1.0,-1.0,-1.0,0.0,0.0,0.0,0.0,0.22222222222222235,0.375,-1.0,-1.0,-1.0,-1.0,-1.2222222222222223,-1.375
450,2024-06-11,Madagascar,Mali,0.0,0.0,FIFA World Cup qualification,Johannesburg,South Africa,1,2024,0,1,451,2024-04-04,109.0,109.0,0.0,1185.86,1187.63,2024-04-04,44.0,47.0,3.0,1477.9,1469.81,-65.0,-292.0400000000002,1288.0,1631.0,-343.0,0,0.3333333333333333,0.3333333333333333,0.3333333333333333,0.5,0.11111111111111091,-0.125,-0.6666666666666666,-0.2,0.0,-0.6796875,-0.4714220393232738,-0.40618896484375,1.0,0.5333333333333333,0.3333333333333333,1.1796875,0.5825331504343847,0.28118896484375
451,2024-06-11,Chad,Comoros,0.0,2.0,FIFA World Cup qualification,Oujda,Morocco,1,2024,0,1,452,2024-04-04,176.0,181.0,5.0,945.92,920.37,2024-04-04,117.0,121.0,4.0,1163.02,1156.45,-59.0,-217.1,1178.0,1241.0,-63.0,-1,-1.0,-1.0,-1.0,-1.0,-1.0,-1.0,0.3333333333333333,0.3333333333333333,0.3333333333333333,0.0,0.3333333333333335,0.5,-1.3333333333333333,-1.3333333333333333,-1.3333333333333333,-1.0,-1.3333333333333335,-1.5
452,2024-06-11,Kuwait,Afghanistan,1.0,0.0,FIFA World Cup qualification,Kuwait City,Kuwait,0,2024,0,1,453,2024-04-04,139.0,137.0,-2.0,1085.46,1094.05,2024-04-04,151.0,158.0,7.0,1036.92,1017.68,12.0,48.53999999999997,1340.0,1085.0,255.0,1,-0.6666666666666666,-0.4,-0.4,-0.375,-0.4691358024691359,-0.5390625,0.3333333333333333,-0.2,0.14285714285714285,0.1875,0.18930041152263374,0.240234375,-1.0,-0.2,-0.5428571428571429,-0.5625,-0.6584362139917697,-0.779296875
453,2024-06-11,Qatar,India,2.0,1.0,FIFA World Cup qualification,Al Rayyan,Qatar,0,2024,0,1,454,2024-04-04,34.0,37.0,3.0,1507.94,1499.34,2024-04-04,121.0,117.0,-4.0,1145.94,1165.17,87.0,362.0,1534.0,1228.0,306.0,1,0.6666666666666666,0.8,0.7142857142857143,0.48388671875,0.6073562258086975,0.6273211240768433,-0.3333333333333333,-0.6,-0.42857142857142855,-0.34375,-0.34293552812071326,-0.25341796875,1.0,1.4,1.1428571428571428,0.82763671875,0.9502917539294108,0.8807390928268433
454,2024-06-11,Japan,Syria,5.0,0.0,FIFA World Cup qualification,Hiroshima,Japan,0,2024,0,1,455,2024-04-04,18.0,18.0,0.0,1621.88,1614.33,2024-04-04,89.0,89.0,0.0,1266.52,1265.51,71.0,355.3600000000001,1905.0,1444.0,461.0,1,0.3333333333333333,0.6,0.42857142857142855,0.71722412109375,0.597821353222235,0.5542696006596088,0.0,-0.2,-0.2857142857142857,-0.28515625,-0.1953801080458602,-0.19026756286621094,0.3333333333333333,0.8,0.7142857142857142,1.00238037109375,0.7932014612680951,0.7445371635258198
455,2024-06-11,North Korea,Myanmar,4.0,1.0,FIFA World Cup qualification,Vientiane,Laos,1,2024,0,1,456,2024-04-04,118.0,114.0,-4.0,1160.57,1168.12,2024-04-04,163.0,162.0,-1.0,999.46,1000.46,45.0,161.1099999999999,1370.0,926.0,444.0,1,0.3333333333333333,0.0,0.0,0.25,-0.03703703703703717,-0.21875,-0.6666666666666666,-0.8,-0.42857142857142855,-0.828125,-0.6323731138545953,-0.444091796875,1.0,0.8,0.42857142857142855,1.078125,0.5953360768175581,0.225341796875
456,2024-06-11,Gabon,Gambia,3.0,2.0,FIFA World Cup qualification,Franceville,Gabon,0,2024,0,1,457,2024-04-04,84.0,84.0,0.0,1287.33,1289.52,2022-03-31,123.0,125.0,2.0,1138.19,1135.18,39.0,149.13999999999987,1494.0,1443.0,51.0,1,0.3333333333333333,0.3333333333333333,0.3333333333333333,0.0,0.3333333333333335,0.5,-0.3333333333333333,-0.5,-0.5,0.0,-0.3333333333333335,-0.5,0.6666666666666666,0.8333333333333333,0.8333333333333333,0.0,0.666666666666667,1.0
457,2024-09-05,Jordan,Kuwait,1.0,1.0,FIFA World Cup qualification,Amman,Jordan,0,2024,0,1,458,2024-07-18,68.0,68.0,0.0,1374.13,1374.13,2024-07-18,136.0,137.0,1.0,1098.42,1098.42,68.0,275.71000000000004,1503.0,1340.0,163.0,0,1.0,0.6,0.7142857142857143,0.931884765625,0.8182150041114629,0.7201753258705139,0.0,0.0,-0.16666666666666666,0.3125,0.020576131687242632,-0.154296875,1.0,0.6,0.8809523809523809,0.619384765625,0.7976388724242203,0.8744722008705139
458,2024-09-05,Saudi Arabia,Indonesia,1.0,1.0,FIFA World Cup qualification,Jeddah,Saudi Arabia,0,2024,0,1,459,2024-07-18,56.0,56.0,0.0,1431.3,1431.3,2024-07-18,133.0,134.0,1.0,1108.73,1108.73,77.0,322.56999999999994,1586.0,1297.0,289.0,0,0.0,0.2,0.2857142857142857,-0.17340087890625,0.05351318164280165,0.16053672274574637,0.3333333333333333,0.2,-0.14285714285714285,0.3828125,0.2320276380633033,0.17572784423828125,-0.3333333333333333,0.0,0.42857142857142855,-0.55621337890625,-0.17851445642050162,-0.015191121492534876
459,2024-09-05,Australia,Bahrain,0.0,1.0,FIFA World Cup qualification,Robina,Australia,0,2024,0,1,460,2024-07-18,24.0,23.0,-1.0,1571.29,1571.29,2024-07-18,80.0,81.0,1.0,1302.86,1302.86,56.0,268.43000000000006,1784.0,1461.0,323.0,-1,1.0,0.6,0.5714285714285714,0.9291105270385742,0.8270186043544824,0.7563004397061377,0.3333333333333333,0.2,0.14285714285714285,0.1640625,0.21521109586953213,0.248565673828125,0.6666666666666667,0.39999999999999997,0.42857142857142855,0.7650480270385742,0.6118075084849502,0.5077347658780127
460,2024-09-05,Japan,China PR,7.0,0.0,FIFA World Cup qualification,Saitama,Japan,0,2024,0,1,461,2024-07-18,18.0,17.0,-1.0,1628.81,1628.81,2024-07-18,87.0,88.0,1.0,1267.51,1267.51,69.0,361.3,1905.0,1400.0,505.0,1,1.0,0.6,0.42857142857142855,0.858612060546875,0.7318809021481566,0.6657022004947066,0.0,-0.2,-0.14285714285714285,-0.419921875,-0.3111822384799065,-0.3117637634277344,1.0,0.8,0.5714285714285714,1.278533935546875,1.043063140628063,0.977465963922441
461,2024-09-05,South Korea,Palestine,0.0,0.0,FIFA World Cup qualification,Seoul,South Korea,0,2024,0,1,462,2024-07-18,23.0,22.0,-1.0,1572.87,1572.87,2024-07-18,96.0,95.0,-1.0,1231.25,1231.25,73.0,341.6199999999999,1799.0,1417.0,382.0,0,1.0,0.4,0.42857142857142855,0.860992431640625,0.6985700567839611,0.6003349825041369,0.0,0.0,-0.2857142857142857,-0.3671875,-0.22542295381801553,-0.18682861328125,1.0,0.4,0.7142857142857142,1.228179931640625,0.9239930106019767,0.7871635957853869
462,2024-09-05,Bolivia,Venezuela,4.0,0.0,FIFA World Cup qualification,El Alto,Bolivia,0,2024,0,1,463,2024-07-18,89.0,84.0,-5.0,1258.56,1282.43,2024-07-18,37.0,54.0,17.0,1501.46,1442.29,-52.0,-242.9000000000001,1590.0,1750.0,-160.0,1,-1.0,-0.6,-0.7142857142857143,-0.9375,-0.8683127572016461,-0.841796875,0.6666666666666666,0.4,0.42857142857142855,0.39111328125,0.4101715900730279,0.38406193256378174,-1.6666666666666665,-1.0,-1.1428571428571428,-1.32861328125,-1.278484347274674,-1.2258588075637817
463,2024-09-05,Iran,Kyrgyzstan,1.0,0.0,FIFA World Cup qualification,Fuladshahr,Iran,0,2024,0,1,464,2024-07-18,20.0,20.0,0.0,1611.16,1611.16,2024-07-18,102.0,101.0,-1.0,1213.58,1213.58,82.0,397.58000000000015,1827.0,1266.0,561.0,1,0.6666666666666666,0.4,0.42857142857142855,0.4288787841796875,0.49149823358980893,0.5034654195187613,0.3333333333333333,0.2,0.14285714285714285,0.15625,0.13717421124828527,0.04833984375,0.3333333333333333,0.2,0.2857142857142857,0.2726287841796875,0.35432402234152366,0.45512557576876134
464,2024-09-05,Argentina,Chile,3.0,0.0,FIFA World Cup qualification,Buenos Aires,Argentina,0,2024,0,1,465,2024-07-18,1.0,1.0,0.0,1901.48,1860.14,2024-07-18,43.0,40.0,-3.0,1489.5,1496.13,42.0,411.98,2139.0,1739.0,400.0,1,0.6666666666666666,0.8,0.8571428571428571,0.867030143737793,0.8085210075482381,0.7763835559280778,-0.6666666666666666,-0.6,-0.2857142857142857,-0.3974609375,-0.4392848876921427,-0.45322751998901367,1.3333333333333333,1.4,1.1428571428571428,1.264491081237793,1.2478058952403808,1.2296110759170915
465,2024-09-05,Iraq,Oman,1.0,0.0,FIFA World Cup qualification,Basra,Iraq,0,2024,0,1,466,2024-07-18,55.0,55.0,0.0,1433.07,1433.07,2024-07-18,76.0,76.0,0.0,1326.18,1326.18,21.0,106.88999999999989,1621.0,1526.0,95.0,1,1.0,0.6,0.7142857142857143,0.9366455078125,0.8496866695142703,0.7722848802804947,0.6666666666666666,0.4,0.2857142857142857,0.4033203125,0.4038341038798286,0.34174633026123047,0.33333333333333337,0.19999999999999996,0.4285714285714286,0.5333251953125,0.4458525656344417,0.4305385500192642
466,2024-09-05,Uzbekistan,North Korea,1.0,0.0,FIFA World Cup qualification,Tashkent,Uzbekistan,0,2024,0,1,467,2024-07-18,61.0,62.0,1.0,1397.41,1397.41,2024-07-18,110.0,110.0,0.0,1183.96,1183.96,49.0,213.45000000000005,1643.0,1370.0,273.0,1,0.6666666666666666,0.6,0.5714285714285714,0.4580078125,0.5498823011397315,0.5826044082641602,0.3333333333333333,0.2,0.2,0.625,0.3086419753086418,0.0859375,0.3333333333333333,0.39999999999999997,0.3714285714285714,-0.1669921875,0.24124032583108967,0.49666690826416016
467,2024-09-05,Qatar,United Arab Emirates,1.0,3.0,FIFA World Cup qualification,Al Rayyan,Qatar,0,2024,0,1,468,2024-07-18,34.0,35.0,1.0,1504.06,1504.06,2024-07-18,69.0,69.0,0.0,1368.84,1368.84,35.0,135.22000000000003,1534.0,1504.0,30.0,-1,0.6666666666666666,0.8,0.7142857142857143,0.741943359375,0.738237483872465,0.7204908430576324,0.6666666666666666,0.4,0.5714285714285714,0.4267578125,0.46705843169796835,0.45935583114624023,0.0,0.4,0.1428571428571429,0.315185546875,0.27117905217449667,0.2611350119113922
468,2024-09-06,Peru,Colombia,1.0,1.0,FIFA World Cup qualification,Lima,Peru,0,2024,0,1,471,2024-07-18,42.0,31.0,-11.0,1489.68,1515.01,2024-07-18,9.0,12.0,3.0,1727.32,1669.44,-33.0,-237.63999999999987,1798.0,1984.0,-186.0,0,-0.6666666666666666,-0.8,-0.8571428571428571,-0.866455078125,-0.7827265867706856,-0.6895219683647156,0.3333333333333333,0.4,0.5714285714285714,-0.0660400390625,0.20025950408626955,0.3010175749659538,-1.0,-1.2000000000000002,-1.4285714285714284,-0.8004150390625,-0.9829860908569552,-0.9905395433306694
469,2024-09-06,Uruguay,Paraguay,0.0,0.0,FIFA World Cup qualification,Montevideo,Uruguay,0,2024,0,1,472,2024-07-18,11.0,14.0,3.0,1713.15,1663.44,2024-07-18,62.0,58.0,-4.0,1396.8,1427.11,51.0,316.35000000000014,2006.0,1706.0,300.0,0,-0.3333333333333333,0.2,0.42857142857142855,-0.127105712890625,0.04927497265122714,0.17111395206302404,-1.0,-0.8,-0.5714285714285714,-0.9345703125,-0.8217977160211575,-0.749061107635498,0.6666666666666667,1.0,1.0,0.807464599609375,0.8710726886723846,0.9201750596985221
470,2024-09-06,Brazil,Ecuador,1.0,0.0,FIFA World Cup qualification,Curitiba,Brazil,0,2024,0,1,473,2024-07-18,5.0,4.0,-1.0,1785.61,1791.85,2024-07-18,27.0,30.0,3.0,1530.44,1517.54,22.0,255.16999999999985,2011.0,1883.0,128.0,1,0.3333333333333333,0.0,-0.2857142857142857,0.07348251342773438,0.03656800918446002,0.02226128695474472,0.3333333333333333,0.2,0.14285714285714285,0.098236083984375,0.13471771752371106,0.1432720636948943,0.0,-0.2,-0.42857142857142855,-0.024753570556640625,-0.09814970833925105,-0.1210107767401496
471,2024-09-09,Samoa,Tonga,2.0,1.0,FIFA World Cup qualification,Apia,Samoa,0,2024,0,1,474,2024-07-18,192.0,181.0,-11.0,876.45,920.54,2024-07-18,200.0,200.0,0.0,833.12,833.12,8.0,43.33000000000004,677.0,546.0,131.0,1,,,,,,,,,,,,,,,,,,
472,2024-09-10,China PR,Saudi Arabia,1.0,2.0,FIFA World Cup qualification,Dalian,China PR,0,2024,0,1,475,2024-07-18,87.0,88.0,1.0,1267.51,1267.51,2024-07-18,56.0,56.0,0.0,1431.3,1431.3,-31.0,-163.78999999999996,1400.0,1586.0,-186.0,-1,-0.6666666666666666,-0.2,-0.42857142857142855,-0.7099609375,-0.5407881589866043,-0.4838228225708008,0.0,0.2,0.14285714285714285,-0.086700439453125,0.03567545442853444,0.12040254205930978,-0.6666666666666666,-0.4,-0.5714285714285714,-0.623260498046875,-0.5764636134151387,-0.6042253646301106
473,2024-09-10,Indonesia,Australia,0.0,0.0,FIFA World Cup qualification,Jakarta,Indonesia,0,2024,0,1,476,2024-07-18,133.0,134.0,1.0,1108.73,1108.73,2024-07-18,24.0,23.0,-1.0,1571.29,1571.29,-109.0,-462.56,1297.0,1784.0,-487.0,0,0.0,0.4,0.0,0.19140625,0.1546850920422022,0.13179588317871094,0.3333333333333333,0.6,0.42857142857142855,-0.03544473648071289,0.2180124029029884,0.31722532977960327,-0.3333333333333333,-0.19999999999999996,-0.42857142857142855,0.2268509864807129,-0.06332731086078619,-0.18542944660089233
474,2024-09-10,Bahrain,Japan,0.0,5.0,FIFA World Cup qualification,Riffa,Bahrain,0,2024,0,1,477,2024-07-18,80.0,81.0,1.0,1302.86,1302.86,2024-07-18,18.0,17.0,-1.0,1628.81,1628.81,-62.0,-325.95000000000005,1461.0,1905.0,-444.0,-1,0.3333333333333333,0.6,0.42857142857142855,0.58203125,0.4768073972463547,0.43642425537109375,1.0,0.6,0.7142857142857143,0.9293060302734375,0.8212539347654377,0.74927665037103,-0.6666666666666667,0.0,-0.28571428571428575,-0.3472747802734375,-0.34444653751908305,-0.3128523949999362
475,2024-09-10,Palestine,Jordan,1.0,3.0,FIFA World Cup qualification,Kuala Lumpur,Malaysia,1,2024,0,1,478,2024-07-18,96.0,95.0,-1.0,1231.25,1231.25,2024-07-18,68.0,68.0,0.0,1374.13,1374.13,-28.0,-142.8800000000001,1417.0,1503.0,-86.0,-1,-0.3333333333333333,0.2,-0.14285714285714285,-0.18359375,-0.15028196921201037,-0.1401214599609375,0.6666666666666666,0.8,0.5714285714285714,0.4659423828125,0.545476669407642,0.5401314944028854,-1.0,-0.6000000000000001,-0.7142857142857142,-0.6495361328125,-0.6957586386196524,-0.6802529543638229
476,2024-09-10,Kuwait,Iraq,0.0,0.0,FIFA World Cup qualification,Kuwait City,Kuwait,0,2024,0,1,479,2024-07-18,136.0,137.0,1.0,1098.42,1098.42,2024-07-18,55.0,55.0,0.0,1433.07,1433.07,-81.0,-334.64999999999986,1340.0,1621.0,-281.0,0,0.3333333333333333,-0.2,-0.14285714285714285,0.15625,0.013717421124828422,-0.11572265625,1.0,1.0,0.7142857142857143,0.96832275390625,0.8997911130095135,0.829213660210371,-0.6666666666666667,-1.2,-0.8571428571428572,-0.81207275390625,-0.8860736918846851,-0.944936316460371
477,2024-09-10,Oman,South Korea,1.0,3.0,FIFA World Cup qualification,Muscat,Oman,0,2024,0,1,480,2024-07-18,76.0,76.0,0.0,1326.18,1326.18,2024-07-18,23.0,22.0,-1.0,1572.87,1572.87,-53.0,-246.68999999999983,1526.0,1799.0,-273.0,-1,0.0,0.4,0.0,-0.29833984375,-0.0641105974134475,0.0063097476959228516,0.6666666666666666,0.6,0.42857142857142855,0.4304962158203125,0.46571337118930745,0.45025123687810265,-0.6666666666666666,-0.19999999999999996,-0.42857142857142855,-0.7288360595703125,-0.5298239686027549,-0.4439414891821798
478,2024-09-10,United Arab Emirates,Iran,0.0,1.0,FIFA World Cup qualification,Al Ain,United Arab Emirates,0,2024,0,1,481,2024-07-18,69.0,69.0,0.0,1368.84,1368.84,2024-07-18,20.0,20.0,0.0,1611.16,1611.16,-49.0,-242.32000000000016,1504.0,1827.0,-323.0,-1,0.6666666666666666,0.8,0.5714285714285714,0.71337890625,0.6447056211319788,0.5945168733596802,0.6666666666666666,0.8,0.5714285714285714,0.7144393920898438,0.660998822393206,0.627599064639071,0.0,0.0,0.0,-0.00106048583984375,-0.01629320126122713,-0.03308219127939083
479,2024-09-10,Kyrgyzstan,Uzbekistan,2.0,3.0,FIFA World Cup qualification,Bishkek,Kyrgyzstan,0,2024,0,1,482,2024-07-18,102.0,101.0,-1.0,1213.58,1213.58,2024-07-18,61.0,62.0,1.0,1397.41,1397.41,-41.0,-183.83000000000013,1266.0,1643.0,-377.0,-1,-0.3333333333333333,0.2,0.14285714285714285,-0.421875,-0.24188385916780974,-0.2137451171875,0.6666666666666666,0.8,0.7142857142857143,0.72900390625,0.6999215340931543,0.6869533061981201,-1.0,-0.6000000000000001,-0.5714285714285714,-1.15087890625,-0.941805393260964,-0.9006984233856201
480,2024-09-10,Venezuela,Uruguay,0.0,0.0,FIFA World Cup qualification,Maturín,Venezuela,0,2024,0,1,483,2024-07-18,37.0,54.0,17.0,1501.46,1442.29,2024-07-18,11.0,14.0,3.0,1713.15,1663.44,-26.0,-211.69000000000003,1750.0,2006.0,-256.0,0,0.0,0.2,0.2857142857142857,-0.304443359375,-0.0598856066179813,0.038046449422836304,-0.3333333333333333,0.0,0.2857142857142857,-0.0635528564453125,0.032849981767484764,0.12833546404726803,0.3333333333333333,0.2,0.0,-0.2408905029296875,-0.09273558838546606,-0.09028901462443173
481,2024-09-10,Chile,Bolivia,1.0,2.0,FIFA World Cup qualification,Santiago,Chile,0,2024,0,1,484,2024-07-18,43.0,40.0,-3.0,1489.5,1496.13,2024-07-18,89.0,84.0,-5.0,1258.56,1282.43,46.0,230.94000000000003,1739.0,1590.0,149.0,-1,-0.6666666666666666,-0.6,-0.42857142857142855,-0.69873046875,-0.6261899251280951,-0.5899206399917603,-0.3333333333333333,-0.6,-0.42857142857142855,0.03125,-0.2455418381344309,-0.38134765625,-0.3333333333333333,0.0,0.0,-0.72998046875,-0.38064808699366426,-0.20857298374176025
482,2024-09-10,Ecuador,Peru,1.0,0.0,FIFA World Cup qualification,Quito,Ecuador,0,2024,0,1,485,2024-07-18,27.0,30.0,3.0,1530.44,1517.54,2024-07-18,42.0,31.0,-11.0,1489.68,1515.01,15.0,40.75999999999999,1883.0,1798.0,85.0,1,-0.3333333333333333,-0.2,0.0,-0.4508819580078125,-0.24352152165085922,-0.14254595222882926,-0.6666666666666666,-0.6,-0.7142857142857143,-0.4332275390625,-0.5218177245137905,-0.5171414762735367,0.3333333333333333,0.39999999999999997,0.7142857142857143,-0.0176544189453125,0.2782962028629313,0.3745955240447074
483,2024-09-10,Colombia,Argentina,2.0,1.0,FIFA World Cup qualification,Barranquilla,Colombia,0,2024,0,1,486,2024-07-18,9.0,12.0,3.0,1727.32,1669.44,2024-07-18,1.0,1.0,0.0,1901.48,1860.14,-8.0,-174.16000000000008,1984.0,2139.0,-155.0,1,0.0,0.2,0.42857142857142855,-0.03302001953125,0.13350633605751305,0.22576318122446537,1.0,0.8,0.8571428571428571,0.9335150718688965,0.872347338365492,0.8322876669460584,-1.0,-0.6000000000000001,-0.42857142857142855,-0.9665350914001465,-0.738841002307979,-0.606524485721593
484,2024-09-10,North Korea,Qatar,2.0,2.0,FIFA World Cup qualification,Vientiane,Laos,1,2024,0,1,487,2024-07-18,110.0,110.0,0.0,1183.96,1183.96,2024-07-18,34.0,35.0,1.0,1504.06,1504.06,-76.0,-320.0999999999999,1370.0,1534.0,-164.0,0,0.3333333333333333,0.2,0.0,-0.1875,-0.12757201646090538,-0.185546875,0.0,0.4,0.5714285714285714,-0.1290283203125,0.15882498924831015,0.29036813229322433,0.3333333333333333,-0.2,-0.5714285714285714,-0.0584716796875,-0.28639700570921556,-0.47591500729322433
485,2024-09-10,Paraguay,Brazil,1.0,0.0,FIFA World Cup qualification,Asunción,Paraguay,0,2024,0,1,488,2024-07-18,62.0,58.0,-4.0,1396.8,1427.11,2024-07-18,5.0,4.0,-1.0,1785.61,1791.85,-57.0,-388.81,1706.0,2011.0,-305.0,1,-0.6666666666666666,-0.8,-0.42857142857142855,-0.46728515625,-0.547865144014105,-0.5617958307266235,0.3333333333333333,0.4,0.0,0.5367412567138672,0.35771200612297327,0.26669596521605854,-1.0,-1.2000000000000002,-0.42857142857142855,-1.0040264129638672,-0.9055771501370783,-0.8284917959426821
486,2024-10-10,United Arab Emirates,North Korea,1.0,1.0,FIFA World Cup qualification,Al Ain,United Arab Emirates,0,2024,0,1,489,2024-09-19,69.0,69.0,0.0,1377.22,1368.84,2024-09-19,111.0,110.0,-1.0,1183.02,1183.96,42.0,194.20000000000005,1504.0,1370.0,134.0,0,0.0,0.4,0.2857142857142857,-0.143310546875,0.096470414087986,0.19588765501976013,0.0,0.0,0.0,-0.09375,-0.08504801097393692,-0.13916015625,0.0,0.4,0.2857142857142857,-0.049560546875,0.18151842506192292,0.33504781126976013
487,2024-10-10,Saudi Arabia,Japan,0.0,2.0,FIFA World Cup qualification,Jeddah,Saudi Arabia,0,2024,0,1,490,2024-09-19,56.0,56.0,0.0,1433.16,1431.3,2024-09-19,16.0,18.0,2.0,1639.6,1628.81,-40.0,-206.43999999999983,1586.0,1905.0,-319.0,-1,0.0,0.2,0.2857142857142857,0.4566497802734375,0.3571169696190229,0.34030190654448234,1.0,1.0,0.7142857142857143,0.9646530151367188,0.8808359565102918,0.8119574877782725,-1.0,-0.8,-0.4285714285714286,-0.5080032348632812,-0.5237189868912688,-0.47165558123379014
488,2024-10-10,Australia,China PR,3.0,1.0,FIFA World Cup qualification,Adelaide,Australia,0,2024,0,1,491,2024-09-19,25.0,24.0,-1.0,1544.3,1571.29,2024-09-19,91.0,87.0,-4.0,1253.77,1267.51,66.0,290.53,1784.0,1400.0,384.0,1,0.0,0.4,0.2857142857142857,-0.017722368240356445,0.1453416019353256,0.23791899733470245,-1.0,-0.4,-0.42857142857142855,-0.85498046875,-0.6938587726577361,-0.6128671169281006,1.0,0.8,0.7142857142857142,0.8372581005096436,0.8392003745930617,0.850786114262803
489,2024-10-10,Bahrain,Indonesia,2.0,2.0,FIFA World Cup qualification,Riffa,Bahrain,0,2024,0,1,492,2024-09-19,76.0,80.0,4.0,1315.49,1302.86,2024-09-19,129.0,133.0,4.0,1124.17,1108.73,53.0,191.32,1461.0,1297.0,164.0,0,0.0,0.2,0.14285714285714285,-0.208984375,-0.01546173516909677,0.07731819152832031,0.3333333333333333,0.2,0.14285714285714285,0.095703125,0.10312339469480149,0.0988469123840332,-0.3333333333333333,0.0,0.0,-0.3046875,-0.11858512986389826,-0.02152872085571289
490,2024-10-10,Iraq,Palestine,1.0,0.0,FIFA World Cup qualification,Basra,Iraq,0,2024,0,1,493,2024-09-19,55.0,55.0,0.0,1435.9,1433.07,2024-09-19,98.0,96.0,-2.0,1228.99,1231.25,43.0,206.91000000000008,1621.0,1417.0,204.0,1,0.6666666666666666,0.8,0.5714285714285714,0.484161376953125,0.5998607420063424,0.6219102451577783,-0.6666666666666666,-0.2,-0.14285714285714285,-0.591796875,-0.4335213128080069,-0.3550910949707031,1.3333333333333333,1.0,0.7142857142857142,1.075958251953125,1.0333820548143493,0.9770013401284814
491,2024-10-10,Oman,Kuwait,4.0,0.0,FIFA World Cup qualification,Muscat,Oman,0,2024,0,1,494,2024-09-19,78.0,76.0,-2.0,1309.27,1326.18,2024-09-19,134.0,136.0,2.0,1111.62,1098.42,56.0,197.6500000000001,1526.0,1340.0,186.0,1,-0.6666666666666666,0.0,0.0,-0.649169921875,-0.37607373160896496,-0.24526768922805786,0.3333333333333333,0.0,0.0,0.078125,0.009144947416552283,-0.0867919921875,-1.0,0.0,0.0,-0.727294921875,-0.38521867902551726,-0.15847569704055786
492,2024-10-10,Jordan,South Korea,0.0,2.0,FIFA World Cup qualification,Amman,Jordan,0,2024,0,1,495,2024-09-19,68.0,68.0,0.0,1377.52,1374.13,2024-09-19,23.0,23.0,0.0,1572.61,1572.87,-45.0,-195.08999999999992,1503.0,1799.0,-296.0,-1,0.6666666666666666,0.8,0.5714285714285714,0.73297119140625,0.6969844462717613,0.6550986208021641,0.6666666666666666,0.8,0.42857142857142855,0.7152481079101562,0.6438089141262049,0.587688427658577,0.0,0.0,0.14285714285714285,0.01772308349609375,0.05317553214555637,0.0674101931435871
493,2024-10-10,Qatar,Kyrgyzstan,3.0,1.0,FIFA World Cup qualification,Doha,Qatar,0,2024,0,1,496,2024-09-19,44.0,34.0,-10.0,1481.69,1504.06,2024-09-19,106.0,102.0,-4.0,1201.11,1213.58,62.0,280.5800000000001,1534.0,1266.0,268.0,1,0.0,0.2,0.42857142857142855,-0.06451416015625,0.10588332616554011,0.21777609921991825,-0.6666666666666666,-0.2,-0.14285714285714285,-0.7109375,-0.49458923944520644,-0.410308837890625,0.6666666666666666,0.4,0.5714285714285714,0.64642333984375,0.6004725656107466,0.6280849371105433
494,2024-10-10,Fiji,Solomon Islands,1.0,0.0,FIFA World Cup qualification,Suva,Fiji,0,2024,0,1,497,2024-09-19,150.0,153.0,3.0,1038.29,1033.09,2024-09-19,144.0,141.0,-3.0,1064.11,1075.06,-6.0,-25.819999999999936,1221.0,1253.0,-32.0,1,-0.3333333333333333,-0.3333333333333333,-0.3333333333333333,-0.5,-0.11111111111111091,0.125,0.3333333333333333,0.3333333333333333,0.3333333333333333,0.0,0.3333333333333335,0.5,-0.6666666666666666,-0.6666666666666666,-0.6666666666666666,-0.5,-0.4444444444444444,-0.375
495,2024-10-10,Papua New Guinea,New Caledonia,1.0,3.0,FIFA World Cup qualification,Suva,Fiji,1,2024,0,1,498,2024-09-19,168.0,168.0,0.0,984.23,984.23,2024-09-19,160.0,160.0,0.0,1008.92,1008.92,-8.0,-24.68999999999994,1173.0,1180.0,-7.0,-1,0.3333333333333333,0.0,0.0,-0.25,-0.2592592592592593,-0.34375,-1.0,-1.0,-1.0,-1.0,-1.0,-1.0,1.3333333333333333,1.0,1.0,0.75,0.7407407407407407,0.65625
496,2024-10-10,Chile,Brazil,1.0,2.0,FIFA World Cup qualification,Santiago,Chile,0,2024,0,1,499,2024-09-19,49.0,43.0,-6.0,1467.98,1489.5,2024-09-19,5.0,5.0,0.0,1772.02,1785.61,-44.0,-304.04,1739.0,2011.0,-272.0,-1,-0.6666666666666666,-0.8,-0.7142857142857143,-0.849365234375,-0.7507932834187301,-0.6924404799938202,0.0,0.2,0.0,-0.2316293716430664,-0.09485866258468438,-0.049978026087956096,-0.6666666666666666,-1.0,-0.7142857142857143,-0.6177358627319336,-0.6559346208340457,-0.6424624539058641
497,2024-10-10,Venezuela,Argentina,1.0,1.0,FIFA World Cup qualification,Maturín,Venezuela,0,2024,0,1,500,2024-09-19,40.0,37.0,-3.0,1488.56,1501.46,2024-09-19,1.0,1.0,0.0,1889.02,1901.48,-39.0,-400.46,1750.0,2139.0,-389.0,0,-0.3333333333333333,0.2,0.14285714285714285,-0.1522216796875,-0.03992373774532087,0.028534837067127228,0.3333333333333333,0.4,0.5714285714285714,-0.03324246406555176,0.24823155891032817,0.3742157502095438,-0.6666666666666666,-0.2,-0.42857142857142855,-0.11897921562194824,-0.28815529665564904,-0.34568091314241656
498,2024-10-10,Ecuador,Paraguay,0.0,0.0,FIFA World Cup qualification,Quito,Ecuador,0,2024,0,1,501,2024-09-19,27.0,27.0,0.0,1535.43,1530.44,2024-09-19,57.0,62.0,5.0,1423.98,1396.8,30.0,111.45000000000005,1883.0,1706.0,177.0,0,0.0,0.2,0.14285714285714285,0.27455902099609375,0.17098565223276044,0.14309053582837805,0.0,-0.4,-0.42857142857142855,0.266357421875,-0.03191009600940346,-0.17134687304496765,0.0,0.6000000000000001,0.5714285714285714,0.00820159912109375,0.2028957482421639,0.3144374088733457
499,2024-10-10,Bolivia,Colombia,1.0,0.0,FIFA World Cup qualification,El Alto,Bolivia,0,2024,0,1,502,2024-09-19,83.0,89.0,6.0,1293.76,1258.56,2024-09-19,9.0,9.0,0.0,1738.72,1727.32,-74.0,-444.96,1590.0,1984.0,-394.0,1,0.3333333333333333,-0.2,-0.14285714285714285,0.515625,0.169638774577046,-0.0360107421875,0.0,0.4,0.42857142857142855,0.483489990234375,0.42233755737167533,0.419322385918349,0.3333333333333333,-0.6000000000000001,-0.5714285714285714,0.032135009765625,-0.2526987827946293,-0.455333128105849
500,2024-10-10,Uzbekistan,Iran,0.0,0.0,FIFA World Cup qualification,Tashkent,Uzbekistan,0,2024,0,1,503,2024-09-19,60.0,61.0,1.0,1413.06,1397.41,2024-09-19,19.0,20.0,1.0,1622.92,1611.16,-41.0,-209.86000000000013,1643.0,1827.0,-184.0,0,0.6666666666666666,0.8,0.7142857142857143,0.864501953125,0.7999476893954361,0.7652149796485901,0.6666666666666666,0.8,0.5714285714285714,0.8572196960449219,0.773999214928804,0.7206992984793033,0.0,0.0,0.1428571428571429,0.007282257080078125,0.025948474466632176,0.044515681169286836
501,2024-10-11,New Zealand,Tahiti,3.0,0.0,FIFA World Cup qualification,Port Vila,Vanuatu,1,2024,0,1,504,2024-09-19,95.0,94.0,-1.0,1247.08,1245.73,2024-09-19,158.0,158.0,0.0,1016.83,1016.83,63.0,230.2499999999999,1525.0,1147.0,378.0,1,0.3333333333333333,0.6,0.6666666666666666,0.0,0.3333333333333335,0.5,-1.0,-1.0,-1.0,-1.0,-1.0,-1.0,1.3333333333333333,1.6,1.6666666666666665,1.0,1.3333333333333335,1.5
502,2024-10-11,Peru,Uruguay,1.0,0.0,FIFA World Cup qualification,Lima,Peru,0,2024,0,1,505,2024-09-19,43.0,42.0,-1.0,1483.2,1489.68,2024-09-19,11.0,11.0,0.0,1701.34,1713.15,-32.0,-218.13999999999987,1798.0,2006.0,-208.0,1,-0.6666666666666666,-0.6,-0.7142857142857143,-0.71661376953125,-0.6812118163425269,-0.6378561072051525,0.0,-0.2,0.14285714285714285,-0.03177642822265625,0.021899987844989845,0.09625159803545102,-0.6666666666666666,-0.39999999999999997,-0.8571428571428572,-0.6848373413085938,-0.7031118041875167,-0.7341077052406035
503,2024-10-12,Vanuatu,Samoa,4.0,1.0,FIFA World Cup qualification,Port Vila,Vanuatu,0,2024,0,1,506,2024-09-19,162.0,162.0,0.0,1005.49,1005.49,2024-09-19,185.0,192.0,7.0,900.79,876.45,23.0,104.70000000000005,1081.0,739.0,342.0,1,,,,,,,1.0,1.0,1.0,1.0,1.0,1.0,,,,,,
504,2024-10-15,Jordan,Oman,4.0,0.0,FIFA World Cup qualification,Amman,Jordan,0,2024,0,1,507,2024-09-19,68.0,68.0,0.0,1377.52,1374.13,2024-09-19,78.0,76.0,-2.0,1309.27,1326.18,10.0,68.25,1503.0,1526.0,-23.0,1,0.0,0.4,0.5714285714285714,-0.133514404296875,0.1313229641811743,0.24132396560162306,-0.3333333333333333,0.0,0.2857142857142857,0.1754150390625,0.08261751226068993,0.0660492330789566,0.3333333333333333,0.4,0.2857142857142857,-0.308929443359375,0.04870545192048438,0.17527473252266645
505,2024-10-15,China PR,Indonesia,2.0,1.0,FIFA World Cup qualification,Qingdao,China PR,0,2024,0,1,508,2024-09-19,91.0,87.0,-4.0,1253.77,1267.51,2024-09-19,129.0,133.0,4.0,1124.17,1108.73,38.0,129.5999999999999,1400.0,1297.0,103.0,1,-1.0,-0.8,-0.42857142857142855,-0.927490234375,-0.7959058484384907,-0.7096503376960754,0.0,0.0,0.2857142857142857,0.0478515625,0.06874892979653434,0.0741351842880249,-1.0,-0.8,-0.7142857142857142,-0.975341796875,-0.864654778235025,-0.7837855219841003
506,2024-10-15,Japan,Australia,1.0,1.0,FIFA World Cup qualification,Saitama,Japan,0,2024,0,1,509,2024-09-19,16.0,18.0,2.0,1639.6,1628.81,2024-09-19,25.0,24.0,-1.0,1544.3,1571.29,9.0,95.29999999999995,1905.0,1784.0,121.0,0,1.0,1.0,0.7142857142857143,0.9823265075683594,0.9205573043401946,0.8589681158337044,0.0,0.4,0.5714285714285714,0.4911388158798218,0.43022773462355035,0.42843924800102684,1.0,0.6,0.1428571428571429,0.4911876916885376,0.4903295697166442,0.4305288678326775
507,2024-10-15,South Korea,Iraq,3.0,2.0,FIFA World Cup qualification,Yongin,South Korea,0,2024,0,1,510,2024-09-19,23.0,23.0,0.0,1572.61,1572.87,2024-09-19,55.0,55.0,0.0,1435.9,1433.07,32.0,136.7099999999998,1799.0,1621.0,178.0,1,0.6666666666666666,0.8,0.7142857142857143,0.8576240539550781,0.7625392760841365,0.6907663207439327,0.6666666666666666,0.8,0.8571428571428571,0.7420806884765625,0.7332404946708949,0.7164326838683337,0.0,0.0,-0.1428571428571428,0.11554336547851562,0.029298781413241604,-0.02566636312440096
508,2024-10-15,Palestine,Kuwait,2.0,2.0,FIFA World Cup qualification,Al Rayyan,Qatar,1,2024,0,1,511,2024-09-19,98.0,96.0,-2.0,1228.99,1231.25,2024-09-19,134.0,136.0,2.0,1111.62,1098.42,36.0,117.37000000000012,1417.0,1340.0,77.0,0,-0.6666666666666666,-0.6,-0.14285714285714285,-0.7958984375,-0.6223475418720046,-0.5163183212280273,-0.3333333333333333,0.0,-0.2857142857142857,-0.4609375,-0.3272367017222984,-0.315093994140625,-0.3333333333333333,-0.6,0.14285714285714285,-0.3349609375,-0.2951108401497062,-0.20122432708740234
509,2024-10-15,Saudi Arabia,Bahrain,0.0,0.0,FIFA World Cup qualification,Jeddah,Saudi Arabia,0,2024,0,1,512,2024-09-19,56.0,56.0,0.0,1433.16,1431.3,2024-09-19,76.0,80.0,4.0,1315.49,1302.86,20.0,117.67000000000009,1586.0,1461.0,125.0,0,0.0,0.0,0.14285714285714285,-0.27167510986328125,-0.09525535358731797,0.005226429908361752,0.0,0.0,0.2857142857142857,-0.1044921875,-0.010307823446064514,0.057988643646240234,0.0,0.0,-0.14285714285714285,-0.16718292236328125,-0.08494753014125346,-0.05276221373787848
510,2024-10-15,Kyrgyzstan,North Korea,1.0,0.0,FIFA World Cup qualification,Bishkek,Kyrgyzstan,0,2024,0,1,513,2024-09-19,106.0,102.0,-4.0,1201.11,1213.58,2024-09-19,111.0,110.0,-1.0,1183.02,1183.96,5.0,18.08999999999992,1266.0,1370.0,-104.0,1,-1.0,-0.6,-0.14285714285714285,-0.85546875,-0.6630594929634709,-0.5577316284179688,-0.3333333333333333,0.2,0.14285714285714285,-0.046875,-0.056698673982624626,-0.1043701171875,-0.6666666666666667,-0.8,-0.2857142857142857,-0.80859375,-0.6063608189808463,-0.45336151123046875
511,2024-10-15,Brazil,Peru,4.0,0.0,FIFA World Cup qualification,Brasília,Brazil,0,2024,0,1,514,2024-09-19,5.0,5.0,0.0,1772.02,1785.61,2024-09-19,43.0,42.0,-1.0,1483.2,1489.68,38.0,288.81999999999994,2011.0,1798.0,213.0,1,0.3333333333333333,0.2,0.2857142857142857,0.3841853141784668,0.2700942249435437,0.21251648043403293,0.0,-0.4,-0.42857142857142855,0.141693115234375,-0.12080787756168473,-0.22839208040386438,0.3333333333333333,0.6000000000000001,0.7142857142857142,0.2424921989440918,0.3909021025052284,0.4409085608378973
512,2024-10-15,Uzbekistan,United Arab Emirates,1.0,0.0,FIFA World Cup qualification,Tashkent,Uzbekistan,0,2024,0,1,515,2024-09-19,60.0,61.0,1.0,1413.06,1397.41,2024-09-19,69.0,69.0,0.0,1377.22,1368.84,9.0,35.83999999999992,1643.0,1504.0,139.0,1,0.6666666666666666,0.6,0.7142857142857143,0.4322509765625,0.5332984595969575,0.5739112347364426,0.0,0.2,0.42857142857142855,-0.0716552734375,0.06431360939199067,0.1469157412648201,0.6666666666666666,0.39999999999999997,0.28571428571428575,0.50390625,0.4689848502049669,0.42699549347162247
513,2024-10-15,Argentina,Bolivia,6.0,0.0,FIFA World Cup qualification,Buenos Aires,Argentina,0,2024,0,1,516,2024-09-19,1.0,1.0,0.0,1889.02,1901.48,2024-09-19,83.0,89.0,6.0,1293.76,1258.56,82.0,595.26,2139.0,1590.0,549.0,1,0.0,0.4,0.42857142857142855,-0.01662123203277588,0.1654877059402188,0.28066181265715784,1.0,0.2,-0.14285714285714285,0.7578125,0.4464258497180306,0.222991943359375,-1.0,0.2,0.5714285714285714,-0.7744337320327759,-0.2809381437778118,0.05766986929778284
514,2024-10-15,Uruguay,Ecuador,0.0,0.0,FIFA World Cup qualification,Montevideo,Uruguay,0,2024,0,1,517,2024-09-19,11.0,11.0,0.0,1701.34,1713.15,2024-09-19,27.0,27.0,0.0,1535.43,1530.44,16.0,165.90999999999983,2006.0,1883.0,123.0,0,-0.3333333333333333,-0.4,-0.14285714285714285,-0.5158882141113281,-0.31873334143667337,-0.17781130147341173,0.0,0.0,0.0,0.13727951049804688,0.1139904348218403,0.10731790187128354,-0.3333333333333333,-0.4,-0.14285714285714285,-0.653167724609375,-0.43272377625851366,-0.28512920334469527
515,2024-10-15,Paraguay,Venezuela,2.0,1.0,FIFA World Cup qualification,Asunción,Paraguay,0,2024,0,1,518,2024-09-19,57.0,62.0,5.0,1423.98,1396.8,2024-09-19,40.0,37.0,-3.0,1488.56,1501.46,-17.0,-64.57999999999993,1706.0,1750.0,-44.0,1,0.3333333333333333,-0.2,-0.42857142857142855,0.1331787109375,-0.02127339733960231,-0.12851015478372574,-0.3333333333333333,0.0,0.14285714285714285,-0.07611083984375,-0.026615825163547248,0.02140112780034542,0.6666666666666666,-0.2,-0.5714285714285714,0.20928955078125,0.005342427823944937,-0.14991128258407116
516,2024-10-15,Colombia,Chile,4.0,0.0,FIFA World Cup qualification,Barranquilla,Colombia,0,2024,0,1,519,2024-09-19,9.0,9.0,0.0,1738.72,1727.32,2024-09-19,49.0,43.0,-6.0,1467.98,1489.5,40.0,270.74,1984.0,1739.0,245.0,1,0.0,0.0,0.14285714285714285,-0.2582550048828125,-0.05177496175221634,0.06449178943876177,-1.0,-0.8,-0.7142857142857143,-0.9246826171875,-0.8338621889458201,-0.7693303599953651,1.0,0.8,0.8571428571428572,0.6664276123046875,0.7820872271936038,0.8338221494341269
517,2024-10-15,Iran,Qatar,4.0,1.0,FIFA World Cup qualification,Dubai,United Arab Emirates,1,2024,0,1,520,2024-09-19,19.0,20.0,1.0,1622.92,1611.16,2024-09-19,44.0,34.0,-10.0,1481.69,1504.06,25.0,141.23000000000002,1827.0,1534.0,293.0,1,0.6666666666666666,0.6,0.7142857142857143,0.42860984802246094,0.5159994766192028,0.5405244738594774,0.0,0.2,0.42857142857142855,0.467742919921875,0.40392221744369333,0.4133320744149387,0.6666666666666666,0.39999999999999997,0.28571428571428575,-0.03913307189941406,0.11207725917550942,0.12719239944453875
518,2024-11-14,United Arab Emirates,Kyrgyzstan,3.0,0.0,FIFA World Cup qualification,Abu Dhabi,United Arab Emirates,0,2024,0,1,521,2024-10-24,68.0,69.0,1.0,1361.34,1377.22,2024-10-24,103.0,106.0,3.0,1207.08,1201.11,35.0,154.26,1504.0,1266.0,238.0,1,-0.6666666666666666,-0.2,0.14285714285714285,-0.53582763671875,-0.2904575937386728,-0.13981319405138493,-0.3333333333333333,-0.4,-0.14285714285714285,0.072265625,-0.10870632864231405,-0.16829872131347656,-0.3333333333333333,0.2,0.2857142857142857,-0.60809326171875,-0.18175126509635875,0.028485527262091637
519,2024-11-14,Australia,Saudi Arabia,0.0,0.0,FIFA World Cup qualification,Melbourne,Australia,0,2024,0,1,522,2024-10-24,24.0,25.0,1.0,1552.77,1544.3,2024-10-24,59.0,56.0,-3.0,1422.67,1433.16,35.0,130.0999999999999,1784.0,1586.0,198.0,0,0.3333333333333333,0.2,0.42857142857142855,0.2455694079399109,0.2868184897490336,0.32132943600077013,0.0,-0.2,0.0,-0.13583755493164062,-0.06350356905821199,0.003919822431271314,0.3333333333333333,0.4,0.42857142857142855,0.3814069628715515,0.3503220588072456,0.3174096135694988
520,2024-11-14,Oman,Palestine,1.0,0.0,FIFA World Cup qualification,Muscat,Oman,0,2024,0,1,523,2024-10-24,80.0,78.0,-2.0,1305.99,1309.27,2024-10-24,100.0,98.0,-2.0,1218.43,1228.99,20.0,87.55999999999995,1526.0,1417.0,109.0,1,-0.3333333333333333,-0.4,0.0,-0.41229248046875,-0.2782549918262066,-0.20046307519078255,-0.6666666666666666,-0.6,-0.2857142857142857,-0.39794921875,-0.4148983612480031,-0.3872387409210205,0.3333333333333333,0.19999999999999996,0.2857142857142857,-0.01434326171875,0.1366433694217965,0.18677566573023796
521,2024-11-14,Iraq,Jordan,0.0,0.0,FIFA World Cup qualification,Basra,Iraq,0,2024,0,1,524,2024-10-24,56.0,55.0,-1.0,1434.4,1435.9,2024-10-24,64.0,68.0,4.0,1380.75,1377.52,8.0,53.65000000000009,1621.0,1503.0,118.0,0,0.0,0.4,0.5714285714285714,-0.12895965576171875,0.15549366311393006,0.2873245129012503,0.3333333333333333,0.4,0.5714285714285714,0.4332427978515625,0.4208819761207828,0.4309929742012173,-0.3333333333333333,0.0,0.0,-0.5622024536132812,-0.2653883130068527,-0.14366846129996702
522,2024-11-14,Kuwait,South Korea,1.0,3.0,FIFA World Cup qualification,Kuwait City,Kuwait,0,2024,0,1,525,2024-10-24,135.0,134.0,-1.0,1106.42,1111.62,2024-10-24,22.0,23.0,1.0,1589.93,1572.61,-113.0,-483.51,1340.0,1799.0,-459.0,-1,-0.3333333333333333,0.0,-0.14285714285714285,-0.23046875,-0.21815780114819897,-0.23632049560546875,1.0,0.8,0.8571428571428571,0.9288120269775391,0.8416928507227577,0.7680747405579496,-1.3333333333333333,-0.8,-1.0,-1.159280776977539,-1.0598506518709567,-1.0043952361634183
523,2024-11-14,Qatar,Uzbekistan,3.0,2.0,FIFA World Cup qualification,Al Rayyan,Qatar,0,2024,0,1,526,2024-10-24,46.0,44.0,-2.0,1478.6,1481.69,2024-10-24,58.0,60.0,2.0,1429.26,1413.06,12.0,49.33999999999992,1534.0,1643.0,-109.0,1,0.0,0.0,0.14285714285714285,-0.2661285400390625,-0.06405185503753767,0.059999055811204016,0.6666666666666666,0.6,0.7142857142857143,0.71612548828125,0.688865639731305,0.6804334260523319,-0.6666666666666666,-0.6,-0.5714285714285714,-0.9822540283203125,-0.7529174947688426,-0.6204343702411279
524,2024-11-14,Bahrain,China PR,0.0,1.0,FIFA World Cup qualification,Riffa,Bahrain,0,2024,0,1,527,2024-10-24,76.0,76.0,0.0,1313.8,1315.49,2024-10-24,92.0,91.0,-1.0,1257.29,1253.77,16.0,56.50999999999999,1461.0,1400.0,61.0,-1,-0.3333333333333333,0.0,0.14285714285714285,-0.05224609375,-0.006871882297376343,0.043491482734680176,-0.3333333333333333,-0.6,-0.2857142857142857,0.0362548828125,-0.19727056562566056,-0.2822377532720566,0.0,0.6,0.42857142857142855,-0.0885009765625,0.19039868332828422,0.32572923600673676
525,2024-11-14,Papua New Guinea,Fiji,3.0,3.0,FIFA World Cup qualification,Port Moresby,Papua New Guinea,0,2024,0,1,528,2024-10-24,171.0,168.0,-3.0,972.32,984.23,2024-10-24,146.0,150.0,4.0,1051.41,1038.29,-25.0,-79.09000000000003,1173.0,1221.0,-48.0,0,-0.3333333333333333,-0.2,-0.2,-0.625,-0.5061728395061729,-0.5078125,-0.3333333333333333,0.0,0.0,0.25,0.2592592592592593,0.34375,0.0,-0.2,-0.2,-0.875,-0.7654320987654322,-0.8515625
526,2024-11-14,Solomon Islands,New Caledonia,2.0,3.0,FIFA World Cup qualification,Port Moresby,Papua New Guinea,1,2024,0,1,529,2024-10-24,147.0,144.0,-3.0,1050.99,1064.11,2024-10-24,155.0,160.0,5.0,1020.83,1008.92,8.0,30.159999999999968,1253.0,1180.0,73.0,-1,-0.3333333333333333,0.0,0.0,-0.5,-0.11111111111111091,0.125,-0.3333333333333333,-0.5,-0.5,0.0,-0.3333333333333335,-0.5,0.0,0.5,0.5,-0.5,0.22222222222222257,0.625
527,2024-11-14,Paraguay,Argentina,2.0,1.0,FIFA World Cup qualification,Asunción,Paraguay,0,2024,0,1,530,2024-10-24,55.0,57.0,2.0,1440.78,1423.98,2024-10-24,1.0,1.0,0.0,1883.5,1889.02,-54.0,-442.72,1706.0,2139.0,-433.0,1,0.6666666666666666,0.2,-0.14285714285714285,0.56658935546875,0.31915106844026503,0.1536173839122057,0.0,0.4,0.42857142857142855,0.49168938398361206,0.44365847062681246,0.4604963594928684,0.6666666666666666,-0.2,-0.5714285714285714,0.07489997148513794,-0.12450740218654743,-0.3068789755806627
528,2024-11-14,Ecuador,Bolivia,4.0,0.0,FIFA World Cup qualification,Guayaquil,Ecuador,0,2024,0,1,531,2024-10-24,27.0,27.0,0.0,1536.32,1535.43,2024-10-24,79.0,83.0,4.0,1312.36,1293.76,52.0,223.96000000000004,1883.0,1590.0,293.0,1,0.3333333333333333,0.0,0.14285714285714285,0.06863975524902344,0.07599362321456021,0.08048842640346265,0.3333333333333333,0.2,-0.14285714285714285,-0.12109375,-0.03571610018797948,-0.08275604248046875,0.0,-0.2,0.2857142857142857,0.18973350524902344,0.11170972340253969,0.1632444688839314
529,2024-11-14,North Korea,Iran,2.0,3.0,FIFA World Cup qualification,Vientiane,Laos,1,2024,0,1,532,2024-10-24,111.0,111.0,0.0,1175.14,1183.02,2024-10-24,19.0,19.0,0.0,1627.58,1622.92,-92.0,-452.4399999999998,1370.0,1827.0,-457.0,-1,-0.3333333333333333,-0.2,-0.14285714285714285,-0.5234375,-0.37113244932174966,-0.328277587890625,0.6666666666666666,0.6,0.7142857142857143,0.7143049240112305,0.6773329844128018,0.6553933553946081,-1.0,-0.8,-0.8571428571428572,-1.2377424240112305,-1.0484654337345514,-0.9836709432852331
530,2024-11-14,Venezuela,Brazil,1.0,1.0,FIFA World Cup qualification,Maturín,Venezuela,0,2024,0,1,533,2024-10-24,44.0,40.0,-4.0,1482.47,1488.56,2024-10-24,5.0,5.0,0.0,1784.37,1772.02,-39.0,-301.89999999999986,1750.0,2011.0,-261.0,0,-0.3333333333333333,-0.4,0.0,-0.538055419921875,-0.3510772167756981,-0.23394915414974093,0.3333333333333333,0.4,0.42857142857142855,0.6920926570892334,0.5133961499623624,0.4093873603255247,-0.6666666666666666,-0.8,-0.42857142857142855,-1.2301480770111084,-0.8644733667380604,-0.6433365144752656
531,2024-11-15,Peru,Chile,0.0,0.0,FIFA World Cup qualification,Lima,Peru,0,2024,0,1,534,2024-10-24,38.0,43.0,5.0,1494.24,1483.2,2024-10-24,53.0,49.0,-4.0,1455.22,1467.98,15.0,39.01999999999998,1798.0,1739.0,59.0,0,-0.3333333333333333,-0.4,-0.42857142857142855,-0.4291534423828125,-0.4138719183744564,-0.4212940603028983,-1.0,-0.8,-0.8571428571428571,-0.96234130859375,-0.8892414592972134,-0.8269977699965239,0.6666666666666667,0.4,0.42857142857142855,0.5331878662109375,0.475369540922757,0.40570370969362557
532,2024-11-15,Uruguay,Colombia,3.0,2.0,FIFA World Cup qualification,Montevideo,Uruguay,0,2024,0,1,535,2024-10-24,14.0,11.0,-3.0,1680.36,1701.34,2024-10-24,10.0,9.0,-1.0,1724.37,1738.72,-4.0,-44.00999999999999,2006.0,1984.0,22.0,1,-0.3333333333333333,-0.2,-0.2857142857142857,-0.25794410705566406,-0.21248889429111562,-0.1333584761050588,0.3333333333333333,0.0,0.2857142857142857,0.37087249755859375,0.298816692165189,0.29836884207907133,-0.6666666666666666,-0.2,-0.5714285714285714,-0.6288166046142578,-0.5113055864563046,-0.4317273181841301
533,2024-11-15,Samoa,Tahiti,0.0,3.0,FIFA World Cup qualification,Hamilton,New Zealand,1,2024,0,1,536,2024-10-24,186.0,185.0,-1.0,890.77,900.79,2024-10-24,159.0,158.0,-1.0,1009.52,1016.83,-27.0,-118.75,734.0,1147.0,-413.0,-1,0.0,0.0,0.0,0.0,0.3333333333333335,0.5,-1.0,-1.0,-1.0,-1.0,-1.0,-1.0,1.0,1.0,1.0,1.0,1.3333333333333335,1.5
534,2024-11-15,New Zealand,Vanuatu,8.0,1.0,FIFA World Cup qualification,Hamilton,New Zealand,0,2024,0,1,537,2024-10-24,91.0,95.0,4.0,1258.11,1247.08,2024-10-24,157.0,162.0,5.0,1015.52,1005.49,66.0,242.58999999999992,1525.0,1097.0,428.0,1,0.3333333333333333,0.6,0.7142857142857143,0.5,0.5555555555555556,0.625,1.0,1.0,1.0,1.0,1.0,1.0,-0.6666666666666667,-0.4,-0.2857142857142857,-0.5,-0.4444444444444444,-0.375
535,2024-11-15,Indonesia,Japan,0.0,4.0,FIFA World Cup qualification,Jakarta,Indonesia,0,2024,0,1,538,2024-10-24,130.0,129.0,-1.0,1118.87,1124.17,2024-10-24,15.0,16.0,1.0,1645.09,1639.6,-115.0,-526.22,1297.0,1905.0,-608.0,-1,-0.3333333333333333,0.0,0.0,-0.47607421875,-0.28750071346897704,-0.19439861178398132,0.6666666666666666,0.8,0.8571428571428571,0.4911632537841797,0.6137048695601298,0.6442260868752783,-1.0,-0.8,-0.8571428571428571,-0.9672374725341797,-0.9012055830291068,-0.8386246986592596
536,2024-11-17,Fiji,New Caledonia,1.0,1.0,FIFA World Cup qualification,Port Moresby,Papua New Guinea,1,2024,0,1,539,2024-10-24,146.0,150.0,4.0,1051.41,1038.29,2024-10-24,155.0,160.0,5.0,1020.83,1008.92,9.0,30.58000000000004,1221.0,1180.0,41.0,0,0.0,0.0,0.0,0.125,0.17283950617283955,0.2578125,0.3333333333333333,-0.2,-0.2,0.5,0.11111111111111091,-0.125,-0.3333333333333333,0.2,0.2,-0.375,0.06172839506172864,0.3828125
537,2024-11-17,Papua New Guinea,Solomon Islands,1.0,2.0,FIFA World Cup qualification,Port Moresby,Papua New Guinea,0,2024,0,1,540,2024-10-24,171.0,168.0,-3.0,972.32,984.23,2024-10-24,147.0,144.0,-3.0,1050.99,1064.11,-24.0,-78.66999999999996,1173.0,1253.0,-80.0,-1,-0.6666666666666666,0.0,-0.16666666666666666,-0.3125,-0.33744855967078197,-0.380859375,-1.0,-0.2,-0.2,-0.75,-0.4074074074074072,-0.15625,0.33333333333333337,0.2,0.033333333333333354,0.4375,0.06995884773662525,-0.224609375
538,2024-11-18,New Zealand,Samoa,8.0,0.0,FIFA World Cup qualification,Auckland,New Zealand,0,2024,0,1,541,2024-10-24,91.0,95.0,4.0,1258.11,1247.08,2024-10-24,186.0,185.0,-1.0,890.77,900.79,95.0,367.3399999999999,1525.0,734.0,791.0,1,0.3333333333333333,0.6,0.7142857142857143,0.75,0.7037037037037037,0.71875,-0.3333333333333333,-0.3333333333333333,-0.3333333333333333,-0.5,-0.11111111111111091,0.125,0.6666666666666666,0.9333333333333333,1.0476190476190477,1.25,0.8148148148148147,0.59375
539,2024-11-18,Tahiti,Vanuatu,2.0,0.0,FIFA World Cup qualification,Auckland,New Zealand,1,2024,0,1,542,2024-10-24,159.0,158.0,-1.0,1009.52,1016.83,2024-10-24,157.0,162.0,5.0,1015.52,1005.49,-2.0,-6.0,1147.0,1097.0,50.0,1,-0.3333333333333333,-0.5,-0.5,0.0,-0.3333333333333335,-0.5,0.0,0.0,0.0,0.0,0.3333333333333335,0.5,-0.3333333333333333,-0.5,-0.5,0.0,-0.666666666666667,-1.0
540,2024-11-19,China PR,Japan,1.0,3.0,FIFA World Cup qualification,Xiamen,China PR,0,2024,0,1,543,2024-10-24,92.0,91.0,-1.0,1257.29,1253.77,2024-10-24,15.0,16.0,1.0,1645.09,1639.6,-77.0,-387.8,1400.0,1905.0,-505.0,-1,0.3333333333333333,-0.2,-0.2857142857142857,0.51812744140625,0.2018196229162262,0.038321685045957565,0.6666666666666666,0.8,0.8571428571428571,0.7455816268920898,0.7424699130400865,0.7331695651564587,-0.3333333333333333,-1.0,-1.1428571428571428,-0.22745418548583984,-0.5406502901238602,-0.6948478801105011
541,2024-11-19,Bolivia,Paraguay,2.0,2.0,FIFA World Cup qualification,El Alto,Bolivia,0,2024,0,1,544,2024-10-24,79.0,83.0,4.0,1312.36,1293.76,2024-10-24,55.0,57.0,2.0,1440.78,1423.98,-24.0,-128.42000000000007,1590.0,1706.0,-116.0,0,-0.3333333333333333,0.2,-0.14285714285714285,-0.560546875,-0.35714406679198624,-0.31206703186035156,0.6666666666666666,0.6,0.14285714285714285,0.783294677734375,0.54610071229351,0.36521303793415427,-1.0,-0.39999999999999997,-0.2857142857142857,-1.343841552734375,-0.9032447790854963,-0.6772800697945058
542,2024-11-19,Colombia,Ecuador,0.0,1.0,FIFA World Cup qualification,Barranquilla,Colombia,0,2024,0,1,545,2024-10-24,10.0,9.0,-1.0,1724.37,1738.72,2024-10-24,27.0,27.0,0.0,1536.32,1535.43,17.0,188.04999999999995,1984.0,1883.0,101.0,-1,-0.3333333333333333,0.0,0.0,-0.3145637512207031,-0.13412220522320722,-0.026223368440696504,0.3333333333333333,0.2,0.14285714285714285,0.5343198776245117,0.3839957488097067,0.310366319802597,-0.6666666666666666,-0.2,-0.14285714285714285,-0.8488836288452148,-0.5181179540329139,-0.3365896882432935
543,2024-11-19,Argentina,Peru,1.0,0.0,FIFA World Cup qualification,Buenos Aires,Argentina,0,2024,0,1,546,2024-10-24,1.0,1.0,0.0,1883.5,1889.02,2024-10-24,38.0,43.0,5.0,1494.24,1483.2,37.0,389.26,2139.0,1798.0,341.0,1,0.0,0.0,0.2857142857142857,-0.25415530800819397,-0.03756101958212492,0.09537226961965128,0.0,-0.2,-0.42857142857142855,-0.21457672119140625,-0.27591461224963765,-0.3159705452271737,0.0,0.2,0.7142857142857142,-0.03957858681678772,0.23835359266751271,0.411342814846825
544,2024-11-19,Chile,Venezuela,4.0,2.0,FIFA World Cup qualification,Santiago,Chile,0,2024,0,1,547,2024-10-24,53.0,49.0,-4.0,1455.22,1467.98,2024-10-24,44.0,40.0,-4.0,1482.47,1488.56,-9.0,-27.25,1739.0,1750.0,-11.0,1,-0.6666666666666666,-0.8,-0.7142857142857143,-0.481170654296875,-0.5928276395314757,-0.6202483274973929,-0.3333333333333333,-0.4,-0.14285714285714285,-0.2690277099609375,-0.23405147785046543,-0.1754618656123057,-0.3333333333333333,-0.4,-0.5714285714285714,-0.2121429443359375,-0.35877616168101023,-0.4447864618850872
545,2024-11-19,Brazil,Uruguay,1.0,1.0,FIFA World Cup qualification,Salvador,Brazil,0,2024,0,1,548,2024-10-24,5.0,5.0,0.0,1784.37,1772.02,2024-10-24,14.0,11.0,-3.0,1680.36,1701.34,9.0,104.01,2011.0,2006.0,5.0,0,0.6666666666666666,0.4,0.2857142857142857,0.3460463285446167,0.3422640999749083,0.3070405202441435,0.0,0.0,-0.14285714285714285,0.37102794647216797,0.1916740704725895,0.1499811429212059,0.6666666666666666,0.4,0.42857142857142855,-0.02498161792755127,0.1505900295023188,0.15705937732293762
546,2024-11-19,North Korea,Uzbekistan,0.0,1.0,FIFA World Cup qualification,Vientiane,Laos,1,2024,0,1,549,2024-10-24,111.0,111.0,0.0,1175.14,1183.02,2024-10-24,58.0,60.0,2.0,1429.26,1413.06,-53.0,-254.1199999999999,1370.0,1643.0,-273.0,-1,-0.6666666666666666,-0.6,-0.14285714285714285,-0.76171875,-0.5807549662144997,-0.49620819091796875,0.0,0.4,0.42857142857142855,-0.141937255859375,0.12591042648753678,0.26032506953924894,-0.6666666666666666,-1.0,-0.5714285714285714,-0.619781494140625,-0.7066653927020365,-0.7565332604572177
547,2024-11-19,Kyrgyzstan,Iran,2.0,3.0,FIFA World Cup qualification,Bishkek,Kyrgyzstan,0,2024,0,1,550,2024-10-24,103.0,106.0,3.0,1207.08,1201.11,2024-10-24,19.0,19.0,0.0,1627.58,1622.92,-84.0,-420.5,1266.0,1827.0,-561.0,-1,-0.3333333333333333,-0.6,-0.42857142857142855,-0.4638671875,-0.40580421909487596,-0.3762240409851074,0.6666666666666666,0.8,0.7142857142857143,0.8571524620056152,0.7848886562752011,0.7415450165459561,-1.0,-1.4,-1.1428571428571428,-1.3210196495056152,-1.1906928753700772,-1.1177690575310635
548,2024-11-19,United Arab Emirates,Qatar,5.0,0.0,FIFA World Cup qualification,Abu Dhabi,United Arab Emirates,0,2024,0,1,551,2024-10-24,68.0,69.0,1.0,1361.34,1377.22,2024-10-24,46.0,44.0,-2.0,1478.6,1481.69,-22.0,-117.26,1504.0,1534.0,-30.0,1,0.0,0.0,0.14285714285714285,0.232086181640625,0.13969493750755138,0.1451401044614613,0.3333333333333333,0.0,0.14285714285714285,0.36693572998046875,0.29063209664164147,0.294999291858403,-0.3333333333333333,0.0,0.0,-0.13484954833984375,-0.1509371591340901,-0.1498591873969417
549,2024-11-19,Palestine,South Korea,1.0,1.0,FIFA World Cup qualification,Amman,Jordan,1,2024,0,1,552,2024-10-24,100.0,98.0,-2.0,1218.43,1228.99,2024-10-24,22.0,23.0,1.0,1589.93,1572.61,-78.0,-371.5,1417.0,1799.0,-382.0,0,-0.6666666666666666,-0.6,-0.5714285714285714,-0.698974609375,-0.609932240832002,-0.5404290556907654,1.0,0.8,0.8571428571428571,0.9644060134887695,0.8944619004818385,0.8260560554184622,-1.6666666666666665,-1.4,-1.4285714285714284,-1.6633806228637695,-1.5043941413138406,-1.3664851111092275
550,2024-11-19,Oman,Iraq,0.0,1.0,FIFA World Cup qualification,Muscat,Oman,0,2024,0,1,553,2024-10-24,80.0,78.0,-2.0,1305.99,1309.27,2024-10-24,56.0,55.0,-1.0,1434.4,1435.9,-24.0,-128.41000000000008,1526.0,1621.0,-95.0,-1,0.3333333333333333,-0.2,0.0,0.293853759765625,0.1478300054491955,0.09965269360691309,0.0,0.2,0.42857142857142855,-0.06447982788085938,0.10366244207595339,0.2154933846759377,0.3333333333333333,-0.4,-0.42857142857142855,0.3583335876464844,0.04416756337324211,-0.11584069106902461
551,2024-11-19,Kuwait,Jordan,1.0,1.0,FIFA World Cup qualification,Kuwait City,Kuwait,0,2024,0,1,554,2024-10-24,135.0,134.0,-1.0,1106.42,1111.62,2024-10-24,64.0,68.0,4.0,1380.75,1377.52,-71.0,-274.3299999999999,1340.0,1503.0,-163.0,0,-0.6666666666666666,-0.4,-0.14285714285714285,-0.615234375,-0.47877186743213257,-0.42724037170410156,0.0,0.2,0.42857142857142855,0.21662139892578125,0.28058798408052193,0.32324473065091297,-0.6666666666666666,-0.6000000000000001,-0.5714285714285714,-0.8318557739257812,-0.7593598515126545,-0.7504851023550145
552,2024-11-19,Bahrain,Australia,2.0,2.0,FIFA World Cup qualification,Riffa,Bahrain,0,2024,0,1,555,2024-10-24,76.0,76.0,0.0,1313.8,1315.49,2024-10-24,24.0,25.0,1.0,1552.77,1544.3,-52.0,-238.97000000000003,1461.0,1784.0,-323.0,0,-0.3333333333333333,-0.2,-0.14285714285714285,-0.526123046875,-0.3379145881982508,-0.21738138794898987,0.3333333333333333,0.0,0.2857142857142857,0.12278470396995544,0.19121232649935577,0.2409970770005776,-0.6666666666666666,-0.2,-0.42857142857142855,-0.6489077508449554,-0.5291269146976065,-0.45837846494956747
553,2024-11-19,Indonesia,Saudi Arabia,2.0,0.0,FIFA World Cup qualification,Jakarta,Indonesia,0,2024,0,1,556,2024-10-24,130.0,129.0,-1.0,1118.87,1124.17,2024-10-24,59.0,56.0,-3.0,1422.67,1433.16,-71.0,-303.8000000000002,1297.0,1586.0,-289.0,1,-0.6666666666666666,-0.4,-0.2857142857142857,-0.738037109375,-0.5250004756459846,-0.395798958837986,-0.3333333333333333,0.0,0.0,-0.06791877746582031,-0.04233571270547466,0.0029398668234534853,-0.3333333333333333,-0.4,-0.2857142857142857,-0.6701183319091797,-0.48266476294051,-0.3987388256614395
554,2025-03-19,Liberia,Tunisia,0.0,1.0,FIFA World Cup qualification,Monrovia,Liberia,0,2025,0,1,557,2024-12-19,145.0,145.0,0.0,1063.04,1063.04,2024-12-19,52.0,52.0,0.0,1464.42,1464.42,-93.0,-401.3800000000001,1270.0,1598.0,-328.0,-1,0.6666666666666666,0.25,0.25,0.5,0.185185185185185,-0.03125,0.3333333333333333,0.0,0.2857142857142857,0.24462890625,0.24760227381778976,0.26279711723327637,0.3333333333333333,0.25,-0.0357142857142857,0.25537109375,-0.062417088632604756,-0.29404711723327637
555,2025-03-19,Central African Republic,Madagascar,1.0,4.0,FIFA World Cup qualification,Casablanca,Morocco,1,2025,0,1,558,2024-12-19,135.0,135.0,0.0,1102.23,1102.23,2024-12-19,116.0,115.0,-1.0,1162.02,1162.02,-19.0,-59.78999999999997,1328.0,1325.0,3.0,-1,0.0,-0.25,-0.25,-0.375,-0.40740740740740744,-0.484375,0.6666666666666666,0.25,0.25,0.25,0.07407407407407395,-0.09375,-0.6666666666666666,-0.5,-0.5,-0.625,-0.4814814814814814,-0.390625
556,2025-03-19,Eswatini,Cameroon,0.0,0.0,FIFA World Cup qualification,Mbombela,South Africa,1,2025,0,1,559,2024-12-19,159.0,159.0,0.0,1015.25,1015.25,2024-12-19,49.0,49.0,0.0,1471.49,1471.49,-110.0,-456.24,1269.0,1625.0,-356.0,0,-1.0,-1.0,-1.0,-1.0,-1.0,-1.0,0.0,0.2,0.2857142857142857,0.16796875,0.15129807448051616,0.10187530517578125,-1.0,-1.2,-1.2857142857142856,-1.16796875,-1.1512980744805161,-1.1018753051757812
557,2025-03-20,Cape Verde,Mauritius,1.0,0.0,FIFA World Cup qualification,Praia,Cape Verde,0,2025,0,1,560,2024-12-19,72.0,72.0,0.0,1328.51,1328.51,2024-12-19,179.0,179.0,0.0,923.46,923.46,107.0,405.05,1472.0,1029.0,443.0,1,0.0,0.2,0.42857142857142855,0.33984375,0.30254534369760705,0.3051605224609375,0.0,-0.25,-0.25,0.125,-0.1851851851851853,-0.359375,0.0,0.45,0.6785714285714286,0.21484375,0.48773052888279234,0.6645355224609375
558,2025-03-20,Comoros,Mali,0.0,3.0,FIFA World Cup qualification,Berkane,Morocco,1,2025,0,1,561,2024-12-19,103.0,103.0,0.0,1208.99,1208.99,2024-12-19,51.0,51.0,0.0,1466.1,1466.1,-52.0,-257.1099999999999,1340.0,1631.0,-291.0,-1,0.3333333333333333,0.5,0.5,0.5,0.5555555555555556,0.625,-0.6666666666666666,-0.2,0.0,-0.33984375,-0.3142813595488492,-0.3046417236328125,1.0,0.7,0.5,0.83984375,0.8698369151044048,0.9296417236328125
559,2025-03-20,Malawi,Namibia,0.0,1.0,FIFA World Cup qualification,Lilongwe,Malawi,0,2025,0,1,562,2024-12-19,131.0,131.0,0.0,1129.31,1129.31,2024-12-19,111.0,111.0,0.0,1179.26,1179.26,-20.0,-49.950000000000045,1354.0,1414.0,-60.0,-1,-0.3333333333333333,0.0,0.0,-0.25,0.03703703703703717,0.21875,-0.3333333333333333,0.2,0.3333333333333333,0.0,0.14814814814814825,0.28125,0.0,-0.2,-0.3333333333333333,-0.25,-0.11111111111111108,-0.0625
560,2025-03-20,Mozambique,Uganda,3.0,1.0,FIFA World Cup qualification,Cairo,Egypt,1,2025,0,1,563,2024-12-19,96.0,96.0,0.0,1232.7,1232.7,2024-12-19,88.0,88.0,0.0,1270.42,1270.42,-8.0,-37.72000000000003,1311.0,1389.0,-78.0,1,0.6666666666666666,0.2,0.14285714285714285,0.6875,0.5006858710562414,0.45068359375,0.3333333333333333,0.0,0.0,-0.25,-0.2592592592592593,-0.34375,0.3333333333333333,0.2,0.14285714285714285,0.9375,0.7599451303155007,0.79443359375
561,2025-03-20,Gabon,Seychelles,3.0,0.0,FIFA World Cup qualification,Franceville,Gabon,0,2025,0,1,564,2024-12-19,84.0,84.0,0.0,1297.87,1297.87,2024-12-19,201.0,201.0,0.0,831.19,831.19,117.0,466.67999999999984,1494.0,859.0,635.0,1,0.3333333333333333,0.5,0.5,0.5,0.5555555555555556,0.625,-1.0,-1.0,-1.0,-1.0,-1.0,-1.0,1.3333333333333333,1.5,1.5,1.5,1.5555555555555556,1.625
562,2025-03-20,Gambia,Kenya,3.0,3.0,FIFA World Cup qualification,Ebimpé,Ivory Coast,1,2025,0,1,565,2022-03-31,123.0,125.0,2.0,1138.19,1135.18,2024-12-19,108.0,108.0,0.0,1189.65,1189.65,-15.0,-51.46000000000004,1443.0,1371.0,72.0,0,-0.3333333333333333,-0.6,-0.6,-0.5,-0.5555555555555556,-0.625,0.3333333333333333,0.0,0.0,0.0,-0.14814814814814825,-0.28125,-0.6666666666666666,-0.6,-0.6,-0.5,-0.40740740740740733,-0.34375
563,2025-03-20,Libya,Angola,1.0,1.0,FIFA World Cup qualification,Benghazi,Libya,0,2025,0,1,566,2024-12-19,118.0,118.0,0.0,1158.03,1158.03,2024-12-19,85.0,85.0,0.0,1296.48,1296.48,-33.0,-138.45000000000005,1347.0,1581.0,-234.0,0,0.0,0.25,0.25,-0.125,0.1851851851851853,0.359375,0.3333333333333333,0.2,0.2,0.25,0.2222222222222222,0.1875,-0.3333333333333333,0.04999999999999999,0.04999999999999999,-0.375,-0.037037037037036896,0.171875
564,2025-03-20,Zimbabwe,Benin,2.0,2.0,FIFA World Cup qualification,Durban,South Africa,1,2025,0,1,567,2024-12-19,121.0,121.0,0.0,1151.06,1151.06,2024-12-19,94.0,94.0,0.0,1250.99,1250.99,-27.0,-99.93000000000006,1333.0,1476.0,-143.0,0,-0.6666666666666666,-0.5,-0.5,-0.75,-0.5555555555555555,-0.4375,0.6666666666666666,0.25,0.25,0.625,0.2592592592592591,0.015625,-1.3333333333333333,-0.75,-0.75,-1.375,-0.8148148148148145,-0.453125
565,2025-03-20,Sierra Leone,Guinea-Bissau,3.0,1.0,FIFA World Cup qualification,Monrovia,Liberia,1,2025,0,1,568,2024-12-19,129.0,129.0,0.0,1132.06,1132.06,2024-12-19,120.0,120.0,0.0,1151.72,1151.72,-9.0,-19.66000000000008,1333.0,1411.0,-78.0,1,0.0,0.0,0.0,0.125,0.07407407407407406,0.046875,-0.3333333333333333,0.0,0.0,-0.0625,-0.049382716049382706,-0.03515625,0.3333333333333333,0.0,0.0,0.1875,0.12345679012345676,0.08203125
566,2025-03-20,Australia,Indonesia,5.0,1.0,FIFA World Cup qualification,Sydney,Australia,0,2025,0,1,569,2024-12-19,26.0,26.0,0.0,1544.15,1544.15,2024-12-19,127.0,125.0,-2.0,1133.41,1135.11,101.0,410.74,1719.0,1397.0,322.0,1,0.0,0.2,0.14285714285714285,0.06139235198497772,0.12747488433290385,0.1807478077504332,-0.3333333333333333,-0.2,0.0,0.1309814453125,-0.01666698376398986,-0.046849219128489494,0.3333333333333333,0.4,0.14285714285714285,-0.06958909332752228,0.14414186809689372,0.2275970268789227
567,2025-03-20,Saudi Arabia,China PR,1.0,0.0,FIFA World Cup qualification,Riyadh,Saudi Arabia,0,2025,0,1,570,2024-12-19,59.0,59.0,0.0,1406.56,1406.56,2024-12-19,90.0,90.0,0.0,1266.38,1266.38,31.0,140.17999999999984,1536.0,1400.0,136.0,1,-0.3333333333333333,-0.2,-0.2857142857142857,-0.5339593887329102,-0.36155714180364973,-0.24779509988240989,0.3333333333333333,-0.2,-0.42857142857142855,-0.240936279296875,-0.1987869180558491,-0.22125873621553183,-0.6666666666666666,0.0,0.14285714285714285,-0.29302310943603516,-0.16277022374780062,-0.02653636366687806
568,2025-03-20,Jordan,Palestine,3.0,1.0,FIFA World Cup qualification,Amman,Jordan,0,2025,0,1,571,2024-12-19,64.0,64.0,0.0,1375.91,1375.91,2024-12-19,101.0,101.0,0.0,1215.87,1215.87,37.0,160.0400000000002,1617.0,1417.0,200.0,1,0.3333333333333333,0.2,0.2857142857142857,0.10831069946289062,0.1870586560536813,0.24243354798818473,-0.3333333333333333,-0.6,-0.5714285714285714,-0.3494873046875,-0.4066214938880014,-0.40532179176807404,0.6666666666666666,0.8,0.8571428571428571,0.4577980041503906,0.5936801499416827,0.6477553397562588
569,2025-03-20,Iraq,Kuwait,2.0,2.0,FIFA World Cup qualification,Basra,Iraq,0,2025,0,1,572,2024-12-19,56.0,56.0,0.0,1442.86,1442.86,2024-12-19,134.0,134.0,0.0,1108.72,1109.16,78.0,334.1399999999999,1584.0,1345.0,239.0,0,0.0,0.2,0.42857142857142855,0.4677600860595703,0.40244162805063555,0.4116200385069533,-0.3333333333333333,-0.4,-0.14285714285714285,-0.3076171875,-0.3191812449547551,-0.32043027877807617,0.3333333333333333,0.6000000000000001,0.5714285714285714,0.7753772735595703,0.7216228730053906,0.7320503172850295
570,2025-03-20,South Korea,Oman,1.0,1.0,FIFA World Cup qualification,Goyang,South Korea,0,2025,0,1,573,2024-12-19,23.0,23.0,0.0,1585.45,1585.45,2024-12-19,80.0,80.0,0.0,1306.67,1306.67,57.0,278.78,1774.0,1526.0,248.0,0,0.6666666666666666,0.8,0.7142857142857143,0.48220300674438477,0.596307933654559,0.6195420415638466,-0.3333333333333333,-0.2,-0.2857142857142857,-0.3530731201171875,-0.23477999636720293,-0.17526047979481518,1.0,1.0,1.0,0.8352761268615723,0.831087930021762,0.7948025213586618
571,2025-03-20,Qatar,North Korea,5.0,1.0,FIFA World Cup qualification,Al Rayyan,Qatar,0,2025,0,1,574,2024-12-19,48.0,48.0,0.0,1474.6,1474.6,2024-12-19,115.0,114.0,-1.0,1164.41,1164.41,67.0,310.1899999999998,1524.0,1370.0,154.0,1,-0.3333333333333333,0.0,0.0,-0.3165321350097656,-0.13957860223890559,-0.02875053110619774,-1.0,-0.6,-0.42857142857142855,-0.880859375,-0.7205033108096665,-0.6221561431884766,0.6666666666666667,0.6,0.42857142857142855,0.5643272399902344,0.5809247085707608,0.5934056120822788
572,2025-03-20,Uzbekistan,Kyrgyzstan,1.0,0.0,FIFA World Cup qualification,Tashkent,Uzbekistan,0,2025,0,1,575,2024-12-19,58.0,58.0,0.0,1424.93,1424.93,2024-12-19,107.0,107.0,0.0,1194.19,1194.19,49.0,230.74,1684.0,1266.0,418.0,1,0.3333333333333333,0.4,0.42857142857142855,0.4290313720703125,0.4172736176583578,0.4452438021544367,-0.3333333333333333,-0.6,-0.5714285714285714,-0.73193359375,-0.603869479396584,-0.5321680307388306,0.6666666666666666,1.0,1.0,1.1609649658203125,1.0211430970549418,0.9774118328932673
573,2025-03-20,Iran,United Arab Emirates,2.0,0.0,FIFA World Cup qualification,Tehran,Iran,0,2025,0,1,576,2024-12-19,18.0,18.0,0.0,1635.31,1635.31,2024-12-19,63.0,63.0,0.0,1385.57,1385.57,45.0,249.74,1838.0,1504.0,334.0,1,1.0,0.8,0.7142857142857143,0.9285762310028076,0.8565924375168007,0.806158762409467,0.3333333333333333,0.0,0.14285714285714285,0.6160430908203125,0.4264632916717009,0.358855078346096,0.6666666666666667,0.8,0.5714285714285714,0.3125331401824951,0.4301291458450998,0.44730368406337107
574,2025-03-20,Brazil,Colombia,2.0,1.0,FIFA World Cup qualification,Brasília,Brazil,0,2025,0,1,577,2024-12-19,5.0,5.0,0.0,1775.85,1775.85,2024-12-19,12.0,12.0,0.0,1694.44,1694.44,7.0,81.40999999999985,1996.0,1977.0,19.0,1,0.3333333333333333,0.2,0.2857142857142857,0.17302316427230835,0.2281760666499389,0.23028039018310764,-0.3333333333333333,-0.2,-0.2857142857142857,-0.6572818756103516,-0.4227481368154714,-0.2696675263305224,0.6666666666666666,0.4,0.5714285714285714,0.8303050398826599,0.6509242034654104,0.49994791651363
575,2025-03-20,Peru,Bolivia,3.0,1.0,FIFA World Cup qualification,Lima,Peru,0,2025,0,1,578,2024-12-19,40.0,40.0,0.0,1488.42,1488.42,2024-12-19,79.0,79.0,0.0,1308.58,1308.58,39.0,179.84000000000017,1798.0,1590.0,208.0,1,-0.6666666666666666,-0.4,-0.42857142857142855,-0.6072883605957031,-0.5172764081664251,-0.4869779089203803,-0.6666666666666666,0.0,0.0,-0.2802734375,-0.23809604452799085,-0.23405027389526367,0.0,-0.4,-0.42857142857142855,-0.3270149230957031,-0.27918036363843424,-0.2529276350251166
576,2025-03-20,Paraguay,Chile,1.0,0.0,FIFA World Cup qualification,Asunción,Paraguay,0,2025,0,1,579,2024-12-19,53.0,53.0,0.0,1458.26,1458.26,2024-12-19,50.0,50.0,0.0,1469.44,1469.44,-3.0,-11.180000000000064,1775.0,1739.0,36.0,1,0.6666666666666666,0.6,0.2857142857142857,0.3916473388671875,0.3640671415290067,0.2739097784506157,0.0,-0.4,-0.42857142857142855,0.2594146728515625,-0.06188509302098389,-0.21518624562304467,0.6666666666666666,1.0,0.7142857142857142,0.132232666015625,0.4259522345499906,0.4890960240736604
577,2025-03-20,Japan,Bahrain,2.0,0.0,FIFA World Cup qualification,Saitama,Japan,0,2025,0,1,580,2024-12-19,15.0,15.0,0.0,1652.79,1652.79,2024-12-19,81.0,81.0,0.0,1305.52,1305.52,66.0,347.27,1889.0,1461.0,428.0,1,0.6666666666666666,0.8,0.8571428571428571,0.8727908134460449,0.8283132753600576,0.799877173867344,-0.3333333333333333,-0.4,-0.14285714285714285,-0.2630615234375,-0.22527639213216724,-0.1630360409617424,1.0,1.2000000000000002,1.0,1.135852336883545,1.053589667492225,0.9629132148290864
578,2025-03-21,Malta,Finland,0.0,1.0,FIFA World Cup qualification,Ta' Qali,Malta,0,2025,0,1,581,2024-12-19,168.0,169.0,1.0,983.95,983.95,2024-12-19,69.0,69.0,0.0,1361.53,1361.53,-99.0,-377.5799999999999,1258.0,1621.0,-363.0,-1,,,,,,,,,,,,,,,,,,
579,2025-03-21,Equatorial Guinea,São Tomé and Príncipe,2.0,0.0,FIFA World Cup qualification,Malabo,Equatorial Guinea,0,2025,0,1,582,2024-12-19,93.0,93.0,0.0,1256.2,1256.2,2024-12-19,189.0,189.0,0.0,878.09,878.09,96.0,378.11,1522.0,1062.0,460.0,1,0.3333333333333333,-0.2,-0.2,0.25,-0.03703703703703717,-0.21875,-1.0,-1.0,-1.0,-1.0,-1.0,-1.0,1.3333333333333333,0.8,0.8,1.25,0.9629629629629628,0.78125
580,2025-03-21,Ghana,Chad,5.0,0.0,FIFA World Cup qualification,Accra,Ghana,0,2025,0,1,583,2024-12-19,77.0,77.0,0.0,1320.52,1320.52,2024-12-19,176.0,176.0,0.0,935.41,935.41,99.0,385.11,1429.0,1178.0,251.0,1,0.6666666666666666,0.2,0.14285714285714285,0.7080078125,0.4599061796135412,0.3164529800415039,-1.0,-1.0,-1.0,-1.0,-1.0,-1.0,1.6666666666666665,1.2,1.1428571428571428,1.7080078125,1.459906179613541,1.316452980041504
581,2025-03-21,Poland,Lithuania,1.0,0.0,FIFA World Cup qualification,Warsaw,Poland,0,2025,0,1,584,2024-12-19,35.0,35.0,0.0,1510.62,1510.62,2024-12-19,142.0,142.0,0.0,1069.96,1069.96,107.0,440.6599999999999,1728.0,1308.0,420.0,1,-0.6666666666666666,-0.8,-0.42857142857142855,-0.4453125,-0.4325560128029263,-0.31988525390625,,,,,,,,,,,,
582,2025-03-21,Guinea,Somalia,0.0,0.0,FIFA World Cup qualification,Ebimpé,Ivory Coast,1,2025,0,1,585,2024-12-19,78.0,78.0,0.0,1311.88,1311.88,2024-12-19,202.0,202.0,0.0,829.81,829.81,124.0,482.07000000000016,1466.0,857.0,609.0,0,-0.3333333333333333,-0.6,-0.3333333333333333,-0.4375,-0.29218106995884763,-0.150390625,-1.0,-1.0,-1.0,-1.0,-1.0,-1.0,0.6666666666666667,0.4,0.6666666666666667,0.5625,0.7078189300411524,0.849609375
583,2025-03-21,Romania,Bosnia and Herzegovina,0.0,1.0,FIFA World Cup qualification,Bucharest,Romania,0,2025,0,1,586,2024-12-19,38.0,38.0,0.0,1494.2,1494.2,2024-12-19,74.0,74.0,0.0,1326.69,1326.69,36.0,167.51,1723.0,1485.0,238.0,-1,-1.0,-1.0,-1.0,-1.0,-1.0,-1.0,,,,,,,,,,,,
584,2025-03-21,England,Albania,2.0,0.0,FIFA World Cup qualification,London,England,0,2025,0,1,587,2024-12-19,4.0,4.0,0.0,1813.81,1813.81,2024-12-19,65.0,65.0,0.0,1375.57,1375.57,61.0,438.24,2006.0,1616.0,390.0,1,0.0,0.2,0.2857142857142857,-0.18017578125,0.03064686390398945,0.14012694358825684,-0.5,-0.5,-0.5,-0.5,-0.33333333333333326,-0.25,0.5,0.7,0.7857142857142857,0.31982421875,0.3639801972373227,0.39012694358825684
585,2025-03-21,Andorra,Latvia,0.0,1.0,FIFA World Cup qualification,Andorra la Vella,Andorra,0,2025,0,1,588,2024-12-19,171.0,171.0,0.0,971.54,971.54,2024-12-19,140.0,140.0,0.0,1084.11,1084.11,-31.0,-112.56999999999994,1115.0,1349.0,-234.0,-1,,,,,,,,,,,,,,,,,,
586,2025-03-21,Cyprus,San Marino,2.0,0.0,FIFA World Cup qualification,Larnaca,Cyprus,0,2025,0,1,589,2024-12-19,130.0,130.0,0.0,1131.32,1131.32,2024-12-19,210.0,210.0,0.0,747.42,747.42,80.0,383.9,1299.0,777.0,522.0,1,,,,,,,,,,,,,,,,,,
587,2025-03-21,Botswana,Algeria,1.0,3.0,FIFA World Cup qualification,Francistown,Botswana,0,2025,0,1,590,2024-12-19,136.0,136.0,0.0,1098.85,1098.85,2024-12-19,37.0,37.0,0.0,1495.85,1495.85,-99.0,-397.0,1326.0,1685.0,-359.0,-1,0.3333333333333333,0.0,0.0,0.25,-0.03703703703703717,-0.21875,-0.3333333333333333,-0.2,0.14285714285714285,0.1484375,0.05563176345069351,0.092437744140625,0.6666666666666666,0.2,-0.14285714285714285,0.1015625,-0.09266880048773068,-0.311187744140625
588,2025-03-21,Burkina Faso,Djibouti,4.0,1.0,FIFA World Cup qualification,El Jadida,Morocco,1,2025,0,1,591,2024-12-19,66.0,66.0,0.0,1373.76,1373.76,2024-12-19,191.0,191.0,0.0,877.37,877.37,125.0,496.39,1549.0,752.0,797.0,1,-0.3333333333333333,0.0,0.0,-0.1875,-0.12345679012345674,-0.08203125,-0.6666666666666666,-0.75,-0.75,-0.5,-0.6666666666666667,-0.75,0.3333333333333333,0.75,0.75,0.3125,0.54320987654321,0.66796875
589,2025-03-21,Morocco,Niger,2.0,1.0,FIFA World Cup qualification,Oujda,Morocco,0,2025,0,1,592,2024-12-19,14.0,14.0,0.0,1688.18,1688.18,2024-12-19,122.0,122.0,0.0,1145.96,1145.96,108.0,542.22,1802.0,1239.0,563.0,1,0.3333333333333333,0.4,0.5714285714285714,0.706451416015625,0.5630524331922981,0.48946888092905283,0.0,0.0,0.0,0.0,-0.3333333333333335,-0.5,0.3333333333333333,0.4,0.5714285714285714,0.706451416015625,0.8963857665256316,0.9894688809290528
590,2025-03-21,South Africa,Lesotho,0.0,3.0,FIFA World Cup qualification,Polokwane,South Africa,0,2025,0,1,593,2024-12-19,57.0,57.0,0.0,1428.87,1428.87,2024-12-19,149.0,150.0,1.0,1046.76,1046.76,92.0,382.1099999999999,1576.0,1203.0,373.0,-1,0.3333333333333333,0.2,0.2857142857142857,0.517578125,0.39240291960913815,0.3552112579345703,0.0,0.0,0.0,-0.25,-0.11111111111111106,-0.0625,0.3333333333333333,0.2,0.2857142857142857,0.767578125,0.5035140307202493,0.4177112579345703
591,2025-03-21,Rwanda,Nigeria,0.0,2.0,FIFA World Cup qualification,Kigali,Rwanda,0,2025,0,1,594,2024-12-19,124.0,124.0,0.0,1136.06,1136.06,2024-12-19,44.0,44.0,0.0,1482.23,1482.23,-80.0,-346.1700000000001,1271.0,1657.0,-386.0,-1,0.3333333333333333,0.25,0.25,0.375,0.2592592592592592,0.203125,-0.6666666666666666,-0.2,-0.14285714285714285,-0.59375,-0.4156378600823044,-0.3115234375,1.0,0.45,0.39285714285714285,0.96875,0.6748971193415636,0.5146484375
592,2025-03-21,DR Congo,South Sudan,1.0,0.0,FIFA World Cup qualification,Kinshasa,DR Congo,0,2025,0,1,595,2024-12-19,61.0,61.0,0.0,1395.77,1395.77,2024-12-19,170.0,170.0,0.0,973.55,973.55,109.0,422.22,1540.0,1136.0,404.0,1,0.3333333333333333,0.2,0.14285714285714285,0.468017578125,0.2936675943331432,0.20838123559951782,-0.3333333333333333,-0.5,-0.5,-0.625,-0.6296296296296297,-0.671875,0.6666666666666666,0.7,0.6428571428571428,1.093017578125,0.9232972239627728,0.8802562355995178
593,2025-03-21,Ethiopia,Egypt,0.0,2.0,FIFA World Cup qualification,Casablanca,Morocco,1,2025,0,1,596,2024-12-19,146.0,146.0,0.0,1059.94,1059.94,2024-12-19,33.0,33.0,0.0,1513.48,1513.48,-113.0,-453.54,1276.0,1657.0,-381.0,-1,-0.3333333333333333,-0.25,-0.25,-0.125,-0.14814814814814817,-0.140625,0.3333333333333333,0.2,0.2857142857142857,0.26171875,0.2840014225473759,0.31542205810546875,-0.6666666666666666,-0.45,-0.5357142857142857,-0.38671875,-0.43214957069552407,-0.45604705810546875
594,2025-03-21,New Zealand,Fiji,7.0,0.0,FIFA World Cup qualification,Wellington,New Zealand,0,2025,0,1,597,2024-12-19,89.0,89.0,0.0,1269.83,1269.83,2024-12-19,148.0,147.0,-1.0,1048.48,1049.15,59.0,221.3499999999999,1583.0,1221.0,362.0,1,1.0,0.6,0.7142857142857143,0.875,0.8024691358024691,0.7890625,0.3333333333333333,-0.2,0.0,0.0625,0.11522633744855972,0.193359375,0.6666666666666667,0.8,0.7142857142857143,0.8125,0.6872427983539094,0.595703125
595,2025-03-21,New Caledonia,Tahiti,3.0,0.0,FIFA World Cup qualification,Wellington,New Zealand,1,2025,0,1,598,2024-12-19,152.0,152.0,0.0,1034.43,1034.43,2024-12-19,153.0,153.0,0.0,1031.47,1031.47,1.0,2.9600000000000364,1180.0,1147.0,33.0,1,0.6666666666666666,0.0,-0.16666666666666666,0.25,0.07407407407407395,-0.09375,0.3333333333333333,-0.2,-0.2,0.5,0.11111111111111091,-0.125,0.3333333333333333,0.2,0.033333333333333354,-0.25,-0.037037037037036966,0.03125
596,2025-03-21,Uruguay,Argentina,0.0,1.0,FIFA World Cup qualification,Montevideo,Uruguay,0,2025,0,1,599,2024-12-19,11.0,11.0,0.0,1695.91,1695.91,2024-12-19,1.0,1.0,0.0,1867.25,1867.25,-10.0,-171.33999999999992,1948.0,2108.0,-160.0,-1,0.3333333333333333,0.0,0.0,0.18551397323608398,0.12778271364839303,0.11248585719090443,0.3333333333333333,0.0,0.2857142857142857,0.372922345995903,0.30829265361191666,0.32152920221473846,0.0,0.0,-0.2857142857142857,-0.18740837275981903,-0.18050993996352363,-0.20904334502383404
597,2025-03-21,Ecuador,Venezuela,2.0,1.0,FIFA World Cup qualification,Quito,Ecuador,0,2025,0,1,600,2024-12-19,24.0,24.0,0.0,1560.13,1560.13,2024-12-19,47.0,47.0,0.0,1475.71,1475.71,23.0,84.42000000000007,1910.0,1750.0,160.0,1,0.6666666666666666,0.6,0.2857142857142857,0.7671599388122559,0.5893304992064711,0.48277473985194774,-0.6666666666666666,-0.4,-0.42857142857142855,-0.6345138549804688,-0.48936765190031023,-0.3815963992092293,1.3333333333333333,1.0,0.7142857142857142,1.4016737937927246,1.0786981511067812,0.864371139061177
598,2025-03-21,Burundi,Ivory Coast,0.0,1.0,FIFA World Cup qualification,Meknes,Morocco,1,2025,0,1,601,2024-12-19,139.0,139.0,0.0,1087.26,1087.26,2024-12-19,46.0,46.0,0.0,1478.47,1478.47,-93.0,-391.21,1311.0,1579.0,-268.0,-1,0.0,0.25,0.25,0.5,0.4814814814814815,0.53125,0.6666666666666666,0.8,0.42857142857142855,0.4609375,0.525224813290657,0.534942626953125,-0.6666666666666666,-0.55,-0.17857142857142855,0.0390625,-0.043743331809175445,-0.003692626953125
599,2025-03-22,Czech Republic,Faroe Islands,2.0,1.0,FIFA World Cup qualification,Hradec Králové,Czech Republic,0,2025,0,1,602,2022-03-31,33.0,31.0,-2.0,1500.62,1510.42,2024-12-19,137.0,137.0,0.0,1096.88,1096.88,104.0,403.7399999999998,1753.0,1248.0,505.0,1,-0.6666666666666666,-0.75,-0.75,-0.75,-0.7777777777777778,-0.8125,,,,,,,,,,,,
600,2025-03-22,Montenegro,Gibraltar,3.0,1.0,FIFA World Cup qualification,Nikšić,Montenegro,0,2025,0,1,603,2024-12-19,73.0,73.0,0.0,1326.76,1326.76,2024-12-19,196.0,197.0,1.0,848.58,848.58,123.0,478.18,1516.0,1051.0,465.0,1,,,,,,,,,,,,,,,,,,
601,2025-03-22,Wales,Kazakhstan,3.0,1.0,FIFA World Cup qualification,Cardiff,Wales,0,2025,0,1,604,2024-12-19,29.0,29.0,0.0,1534.39,1534.39,2024-12-19,110.0,110.0,0.0,1180.18,1180.18,81.0,354.21000000000004,1701.0,1425.0,276.0,1,-0.6666666666666666,0.0,0.0,-0.625,-0.2592592592592591,-0.015625,,,,,,,,,,,,
602,2025-03-22,Liechtenstein,North Macedonia,0.0,3.0,FIFA World Cup qualification,Vaduz,Liechtenstein,0,2025,0,1,605,2024-12-19,204.0,204.0,0.0,821.71,821.71,2024-12-19,67.0,67.0,0.0,1368.96,1368.96,-137.0,-547.25,977.0,1551.0,-574.0,-1,,,,,,,0.0,0.0,0.0,0.0,0.3333333333333335,0.5,,,,,,
603,2025-03-22,Israel,Estonia,2.0,1.0,FIFA World Cup qualification,Debrecen,Hungary,1,2025,0,1,606,2024-12-19,76.0,76.0,0.0,1322.25,1322.25,2024-12-19,123.0,123.0,0.0,1142.53,1142.53,47.0,179.72000000000003,1556.0,1357.0,199.0,1,,,,,,,,,,,,,,,,,,
604,2025-03-22,Sudan,Senegal,0.0,0.0,FIFA World Cup qualification,Benghazi,Libya,1,2025,0,1,607,2024-12-19,113.0,113.0,0.0,1165.41,1165.41,2024-12-19,17.0,17.0,0.0,1637.25,1637.25,-96.0,-471.8399999999999,1383.0,1771.0,-388.0,0,1.0,0.75,0.75,0.875,0.7037037037037036,0.578125,0.3333333333333333,0.6,0.5714285714285714,0.612548828125,0.556369694221309,0.508691817522049,0.6666666666666667,0.15000000000000002,0.1785714285714286,0.262451171875,0.1473340094823946,0.06943318247795105
605,2025-03-22,Togo,Mauritania,2.0,2.0,FIFA World Cup qualification,Lomé,Togo,0,2025,0,1,608,2024-12-19,119.0,119.0,0.0,1152.18,1152.18,2024-12-19,109.0,109.0,0.0,1183.16,1183.16,-10.0,-30.98000000000001,1368.0,1372.0,-4.0,0,-0.3333333333333333,-0.25,-0.25,-0.5,-0.33333333333333326,-0.25,-1.0,-0.4,-0.5,-0.84375,-0.7366255144032922,-0.7099609375,0.6666666666666667,0.15000000000000002,0.25,0.34375,0.4032921810699589,0.4599609375
606,2025-03-23,Eswatini,Mauritius,3.0,3.0,FIFA World Cup qualification,Mbombela,South Africa,1,2025,0,1,610,2024-12-19,159.0,159.0,0.0,1015.25,1015.25,2024-12-19,179.0,179.0,0.0,923.46,923.46,20.0,91.78999999999996,1233.0,1029.0,204.0,0,-0.6666666666666666,-0.8,-0.8,-0.5,-0.6666666666666667,-0.75,-0.3333333333333333,-0.4,-0.4,-0.4375,-0.45679012345679015,-0.51953125,-0.3333333333333333,-0.4,-0.4,-0.0625,-0.2098765432098766,-0.23046875
607,2025-03-23,Kenya,Gabon,1.0,2.0,FIFA World Cup qualification,Nairobi,Kenya,0,2025,0,1,611,2024-12-19,108.0,108.0,0.0,1189.65,1189.65,2024-12-19,84.0,84.0,0.0,1297.87,1297.87,-24.0,-108.2199999999998,1371.0,1494.0,-123.0,-1,0.0,0.0,0.0,0.0,-0.09876543209876551,-0.2109375,0.3333333333333333,0.6,0.6,0.75,0.7037037037037037,0.71875,-0.3333333333333333,-0.6,-0.6,-0.75,-0.8024691358024693,-0.9296875
608,2025-03-24,Albania,Andorra,3.0,0.0,FIFA World Cup qualification,Tirana,Albania,0,2025,0,1,612,2024-12-19,65.0,65.0,0.0,1375.57,1375.57,2024-12-19,171.0,171.0,0.0,971.54,971.54,106.0,404.03,1616.0,1115.0,501.0,1,-0.6666666666666666,-0.6666666666666666,-0.6666666666666666,-0.75,-0.5555555555555555,-0.4375,-1.0,-1.0,-1.0,-1.0,-1.0,-1.0,0.33333333333333337,0.33333333333333337,0.33333333333333337,0.25,0.44444444444444453,0.5625
609,2025-03-24,England,Latvia,3.0,0.0,FIFA World Cup qualification,London,England,0,2025,0,1,613,2024-12-19,4.0,4.0,0.0,1813.81,1813.81,2024-12-19,140.0,140.0,0.0,1084.11,1084.11,136.0,729.7,2006.0,1349.0,657.0,1,0.3333333333333333,0.4,0.2857142857142857,0.409912109375,0.3537645759359929,0.3550952076911926,1.0,1.0,1.0,1.0,1.0,1.0,-0.6666666666666667,-0.6,-0.7142857142857143,-0.590087890625,-0.6462354240640071,-0.6449047923088074
610,2025-03-24,San Marino,Romania,1.0,5.0,FIFA World Cup qualification,Serravalle,San Marino,0,2025,0,1,614,2024-12-19,210.0,210.0,0.0,747.42,747.42,2024-12-19,38.0,38.0,0.0,1494.2,1494.2,-172.0,-746.7800000000001,777.0,1723.0,-946.0,-1,-1.0,-1.0,-1.0,-1.0,-1.0,-1.0,-1.0,-1.0,-1.0,-1.0,-1.0,-1.0,0.0,0.0,0.0,0.0,0.0,0.0
611,2025-03-24,Bosnia and Herzegovina,Cyprus,2.0,1.0,FIFA World Cup qualification,Zenica,Bosnia and Herzegovina,0,2025,0,1,615,2024-12-19,74.0,74.0,0.0,1326.69,1326.69,2024-12-19,130.0,130.0,0.0,1131.32,1131.32,56.0,195.3700000000001,1485.0,1299.0,186.0,1,1.0,1.0,1.0,1.0,1.0,1.0,1.0,1.0,1.0,1.0,1.0,1.0,0.0,0.0,0.0,0.0,0.0,0.0
612,2025-03-24,Poland,Malta,2.0,0.0,FIFA World Cup qualification,Warsaw,Poland,0,2025,0,1,616,2024-12-19,35.0,35.0,0.0,1510.62,1510.62,2024-12-19,168.0,169.0,1.0,983.95,983.95,133.0,526.6699999999998,1728.0,1258.0,470.0,1,0.0,-0.4,-0.2857142857142857,0.27734375,0.044962658131382345,0.0100860595703125,-1.0,-1.0,-1.0,-1.0,-1.0,-1.0,1.0,0.6,0.7142857142857143,1.27734375,1.0449626581313824,1.0100860595703125
613,2025-03-24,Lithuania,Finland,2.0,2.0,FIFA World Cup qualification,Kaunas,Lithuania,0,2025,0,1,617,2024-12-19,142.0,142.0,0.0,1069.96,1069.96,2024-12-19,69.0,69.0,0.0,1361.53,1361.53,-73.0,-291.56999999999994,1308.0,1621.0,-313.0,0,-1.0,-1.0,-1.0,-1.0,-1.0,-1.0,1.0,1.0,1.0,1.0,1.0,1.0,-2.0,-2.0,-2.0,-2.0,-2.0,-2.0
614,2025-03-24,Madagascar,Ghana,0.0,3.0,FIFA World Cup qualification,Al Hoceima,Morocco,1,2025,0,1,618,2024-12-19,116.0,115.0,-1.0,1162.02,1162.02,2024-12-19,77.0,77.0,0.0,1320.52,1320.52,-39.0,-158.5,1323.0,1429.0,-106.0,-1,0.6666666666666666,0.4,0.4,0.625,0.3827160493827159,0.1796875,1.0,0.6,0.14285714285714285,0.85400390625,0.639937453075694,0.48733973503112793,-0.33333333333333337,-0.19999999999999996,0.2571428571428572,-0.22900390625,-0.25722140369297813,-0.30765223503112793
615,2025-03-24,Liberia,São Tomé and Príncipe,2.0,1.0,FIFA World Cup qualification,Monrovia,Liberia,0,2025,0,1,619,2024-12-19,145.0,145.0,0.0,1063.04,1063.04,2024-12-19,189.0,189.0,0.0,878.09,878.09,44.0,184.95,1256.0,1062.0,194.0,1,0.0,0.0,0.0,-0.25,-0.2098765432098766,-0.2734375,-1.0,-1.0,-1.0,-1.0,-1.0,-1.0,1.0,1.0,1.0,0.75,0.7901234567901234,0.7265625
616,2025-03-24,Tunisia,Malawi,2.0,0.0,FIFA World Cup qualification,Radès,Tunisia,0,2025,0,1,620,2024-12-19,52.0,52.0,0.0,1464.42,1464.42,2024-12-19,131.0,131.0,0.0,1129.31,1129.31,79.0,335.1100000000001,1598.0,1354.0,244.0,1,0.6666666666666666,0.4,0.2857142857142857,0.622314453125,0.49840151587852644,0.4470978379249573,-0.3333333333333333,-0.2,-0.2,-0.625,-0.3086419753086418,-0.0859375,1.0,0.6000000000000001,0.4857142857142857,1.247314453125,0.8070434911871682,0.5330353379249573
617,2025-03-24,Namibia,Equatorial Guinea,1.0,1.0,FIFA World Cup qualification,Johannesburg,South Africa,1,2025,0,1,621,2024-12-19,111.0,111.0,0.0,1179.26,1179.26,2024-12-19,93.0,93.0,0.0,1256.2,1256.2,-18.0,-76.94000000000005,1414.0,1522.0,-108.0,0,0.3333333333333333,0.2,0.42857142857142855,0.5,0.4320987654320988,0.4609375,0.3333333333333333,0.2,0.0,0.625,0.3086419753086418,0.0859375,0.0,0.0,0.42857142857142855,-0.125,0.123456790123457,0.375
618,2025-03-24,Ivory Coast,Gambia,1.0,0.0,FIFA World Cup qualification,Abidjan,Ivory Coast,0,2025,0,1,622,2024-12-19,46.0,46.0,0.0,1478.47,1478.47,2022-03-31,123.0,125.0,2.0,1138.19,1135.18,77.0,340.28,1579.0,1443.0,136.0,1,0.6666666666666666,0.8,0.7142857142857143,0.73046875,0.6834832088604379,0.6512069702148438,0.0,-0.4,-0.5,-0.25,-0.3703703703703704,-0.46875,0.6666666666666666,1.2000000000000002,1.2142857142857144,0.98046875,1.0538535792308084,1.1199569702148438
619,2025-03-24,Ethiopia,Djibouti,6.0,1.0,FIFA World Cup qualification,El Jadida,Morocco,1,2025,0,1,623,2024-12-19,146.0,146.0,0.0,1059.94,1059.94,2024-12-19,191.0,191.0,0.0,877.37,877.37,45.0,182.57000000000005,1276.0,752.0,524.0,1,-0.3333333333333333,-0.4,-0.4,-0.5625,-0.43209876543209874,-0.35546875,-0.6666666666666666,-0.8,-0.8,-0.75,-0.7777777777777778,-0.8125,0.3333333333333333,0.4,0.4,0.1875,0.34567901234567905,0.45703125
620,2025-03-24,Guinea-Bissau,Burkina Faso,1.0,2.0,FIFA World Cup qualification,Bissau,Guinea-Bissau,0,2025,0,1,624,2024-12-19,120.0,120.0,0.0,1151.72,1151.72,2024-12-19,66.0,66.0,0.0,1373.76,1373.76,-54.0,-222.04,1411.0,1549.0,-138.0,-1,-0.3333333333333333,-0.2,-0.16666666666666666,-0.53125,-0.36625514403292175,-0.2763671875,0.0,0.2,0.16666666666666666,0.40625,0.2510288065843621,0.1884765625,-0.3333333333333333,-0.4,-0.3333333333333333,-0.9375,-0.6172839506172838,-0.46484375
621,2025-03-24,New Zealand,New Caledonia,3.0,0.0,FIFA World Cup qualification,Auckland,New Zealand,0,2025,0,1,625,2024-12-19,89.0,89.0,0.0,1269.83,1269.83,2024-12-19,152.0,152.0,0.0,1034.43,1034.43,63.0,235.39999999999984,1583.0,1180.0,403.0,1,1.0,0.6,0.7142857142857143,0.9375,0.8683127572016461,0.841796875,0.6666666666666666,0.4,0.0,0.625,0.3827160493827159,0.1796875,0.33333333333333337,0.19999999999999996,0.7142857142857143,0.3125,0.4855967078189302,0.662109375
622,2025-03-24,Central African Republic,Mali,0.0,0.0,FIFA World Cup qualification,Casablanca,Morocco,1,2025,0,1,626,2024-12-19,135.0,135.0,0.0,1102.23,1102.23,2024-12-19,51.0,51.0,0.0,1466.1,1466.1,-84.0,-363.8699999999999,1250.0,1631.0,-381.0,0,-0.3333333333333333,-0.4,-0.4,-0.6875,-0.6049382716049383,-0.61328125,0.0,-0.2,0.0,0.330078125,0.12381242696743375,0.021518707275390625,-0.3333333333333333,-0.2,-0.4,-1.017578125,-0.7287506985723721,-0.6347999572753906
623,2025-03-25,Nigeria,Zimbabwe,1.0,1.0,FIFA World Cup qualification,Uyo,Nigeria,0,2025,0,1,627,2024-12-19,44.0,44.0,0.0,1482.23,1482.23,2024-12-19,121.0,121.0,0.0,1151.06,1151.06,77.0,331.1700000000001,1657.0,1333.0,324.0,0,0.0,-0.2,0.0,0.203125,0.05624142661179696,0.016357421875,-0.6666666666666666,-0.4,-0.4,-0.375,-0.37037037037037035,-0.328125,0.6666666666666666,0.2,0.4,0.578125,0.42661179698216734,0.344482421875
624,2025-03-25,Rwanda,Lesotho,1.0,1.0,FIFA World Cup qualification,Kigali,Rwanda,0,2025,0,1,628,2024-12-19,124.0,124.0,0.0,1136.06,1136.06,2024-12-19,149.0,150.0,1.0,1046.76,1046.76,25.0,89.29999999999995,1271.0,1203.0,68.0,0,-0.3333333333333333,0.0,0.0,-0.3125,-0.1604938271604938,-0.09765625,0.3333333333333333,0.2,0.2,0.375,0.2592592592592592,0.203125,-0.6666666666666666,-0.2,-0.2,-0.6875,-0.41975308641975295,-0.30078125
625,2025-03-25,Angola,Cape Verde,1.0,2.0,FIFA World Cup qualification,Luanda,Angola,0,2025,0,1,629,2024-12-19,85.0,85.0,0.0,1296.48,1296.48,2024-12-19,72.0,72.0,0.0,1328.51,1328.51,-13.0,-32.02999999999997,1581.0,1472.0,109.0,-1,0.3333333333333333,0.2,0.16666666666666666,0.125,0.14814814814814817,0.140625,0.3333333333333333,0.4,0.42857142857142855,0.669921875,0.535030229131738,0.4788703918457031,0.0,-0.2,-0.26190476190476186,-0.544921875,-0.3868820809835899,-0.3382453918457031
626,2025-03-25,Cameroon,Libya,3.0,1.0,FIFA World Cup qualification,Yaounde,Cameroon,0,2025,0,1,630,2024-12-19,49.0,49.0,0.0,1471.49,1471.49,2024-12-19,118.0,118.0,0.0,1158.03,1158.03,69.0,313.46000000000004,1578.0,1347.0,231.0,1,0.3333333333333333,0.0,0.2857142857142857,0.083984375,0.10086538298701078,0.07640647888183594,0.0,0.2,0.2,-0.0625,0.1234567901234569,0.26953125,0.3333333333333333,-0.2,0.08571428571428569,0.146484375,-0.022591407136446112,-0.19312477111816406
627,2025-03-25,Morocco,Tanzania,2.0,0.0,FIFA World Cup qualification,Oujda,Morocco,0,2025,0,1,631,2024-12-19,14.0,14.0,0.0,1688.18,1688.18,2024-12-19,106.0,106.0,0.0,1199.33,1199.33,92.0,488.85000000000014,1802.0,1313.0,489.0,1,1.0,0.6,0.5714285714285714,0.8532257080078125,0.7087016221281988,0.6171016606967896,0.0,0.0,0.0,0.375,0.2839506172839506,0.3203125,1.0,0.6,0.5714285714285714,0.4782257080078125,0.42475100484424816,0.2967891606967896
628,2025-03-25,Burundi,Seychelles,5.0,0.0,FIFA World Cup qualification,Meknes,Morocco,1,2025,0,1,632,2024-12-19,139.0,139.0,0.0,1087.26,1087.26,2024-12-19,201.0,201.0,0.0,831.19,831.19,62.0,256.06999999999994,1311.0,859.0,452.0,1,0.0,0.0,0.0,-0.25,-0.01234567901234555,0.1484375,-1.0,-1.0,-1.0,-1.0,-1.0,-1.0,1.0,1.0,1.0,0.75,0.9876543209876545,1.1484375
629,2025-03-25,Uganda,Guinea,1.0,0.0,FIFA World Cup qualification,Kira,Uganda,0,2025,0,1,633,2024-12-19,88.0,88.0,0.0,1270.42,1270.42,2024-12-19,78.0,78.0,0.0,1311.88,1311.88,-10.0,-41.46000000000004,1389.0,1466.0,-77.0,1,-0.3333333333333333,-0.2,-0.2,-0.625,-0.5061728395061729,-0.5078125,0.0,-0.4,-0.2857142857142857,-0.21875,-0.1947873799725651,-0.11279296875,-0.3333333333333333,0.2,0.08571428571428569,-0.40625,-0.31138545953360774,-0.39501953125
630,2025-03-25,Israel,Norway,2.0,4.0,FIFA World Cup qualification,Debrecen,Hungary,1,2025,0,1,634,2024-12-19,76.0,76.0,0.0,1322.25,1322.25,2024-12-19,43.0,43.0,0.0,1484.44,1484.44,-33.0,-162.19000000000003,1556.0,1806.0,-250.0,-1,1.0,1.0,1.0,1.0,1.0,1.0,,,,,,,,,,,,
631,2025-03-25,Algeria,Mozambique,5.0,1.0,FIFA World Cup qualification,Tizi Ouzou,Algeria,0,2025,0,1,635,2024-12-19,37.0,37.0,0.0,1495.85,1495.85,2024-12-19,96.0,96.0,0.0,1232.7,1232.7,59.0,263.14999999999986,1685.0,1311.0,374.0,1,0.3333333333333333,0.0,0.14285714285714285,0.57421875,0.3704211756337956,0.31932830810546875,1.0,0.4,0.14285714285714285,0.84375,0.6671239140374943,0.5880126953125,-0.6666666666666667,-0.4,0.0,-0.26953125,-0.29670273840369865,-0.26868438720703125
632,2025-03-25,Liechtenstein,Kazakhstan,0.0,2.0,FIFA World Cup qualification,Vaduz,Liechtenstein,0,2025,0,1,637,2024-12-19,204.0,204.0,0.0,821.71,821.71,2024-12-19,110.0,110.0,0.0,1180.18,1180.18,-94.0,-358.47,977.0,1425.0,-448.0,-1,-1.0,-1.0,-1.0,-1.0,-1.0,-1.0,-1.0,-1.0,-1.0,-1.0,-1.0,-1.0,0.0,0.0,0.0,0.0,0.0,0.0
633,2025-03-25,North Macedonia,Wales,1.0,1.0,FIFA World Cup qualification,Skopje,North Macedonia,0,2025,0,1,638,2024-12-19,67.0,67.0,0.0,1368.96,1368.96,2024-12-19,29.0,29.0,0.0,1534.39,1534.39,-38.0,-165.43000000000006,1551.0,1701.0,-150.0,0,0.3333333333333333,0.3333333333333333,0.3333333333333333,0.5,0.5555555555555556,0.625,-0.3333333333333333,0.0,0.16666666666666666,0.1875,0.16049382716049385,0.23828125,0.6666666666666666,0.3333333333333333,0.16666666666666666,0.3125,0.3950617283950617,0.38671875
634,2025-03-25,Gibraltar,Czech Republic,0.0,4.0,FIFA World Cup qualification,Faro-Loulé,Portugal,1,2025,0,1,639,2024-12-19,196.0,197.0,1.0,848.58,848.58,2022-03-31,33.0,31.0,-2.0,1500.62,1510.42,-163.0,-652.0399999999998,1051.0,1753.0,-702.0,-1,-1.0,-1.0,-1.0,-1.0,-1.0,-1.0,0.0,-0.4,-0.4,0.125,-0.1851851851851853,-0.359375,-1.0,-0.6,-0.6,-1.125,-0.8148148148148147,-0.640625
635,2025-03-25,Montenegro,Faroe Islands,1.0,0.0,FIFA World Cup qualification,Nikšić,Montenegro,0,2025,0,1,640,2024-12-19,73.0,73.0,0.0,1326.76,1326.76,2024-12-19,137.0,137.0,0.0,1096.88,1096.88,64.0,229.87999999999988,1516.0,1248.0,268.0,1,1.0,1.0,1.0,1.0,1.0,1.0,-1.0,-1.0,-1.0,-1.0,-1.0,-1.0,2.0,2.0,2.0,2.0,2.0,2.0
636,2025-03-25,Benin,South Africa,0.0,2.0,FIFA World Cup qualification,Abidjan,Ivory Coast,1,2025,0,1,641,2024-12-19,94.0,94.0,0.0,1250.99,1250.99,2024-12-19,57.0,57.0,0.0,1428.87,1428.87,-37.0,-177.87999999999988,1476.0,1576.0,-100.0,-1,0.6666666666666666,0.2,0.2,0.3125,0.1728395061728394,0.01171875,0.0,0.0,0.14285714285714285,-0.2412109375,-0.07173138692724114,0.016408443450927734,0.6666666666666666,0.2,0.05714285714285716,0.5537109375,0.24457089310008057,-0.004689693450927734
637,2025-03-25,Botswana,Somalia,2.0,0.0,FIFA World Cup qualification,Francistown,Botswana,0,2025,0,1,642,2024-12-19,136.0,136.0,0.0,1098.85,1098.85,2024-12-19,202.0,202.0,0.0,829.81,829.81,66.0,269.04,1326.0,857.0,469.0,1,-0.3333333333333333,-0.2,-0.2,-0.375,-0.3580246913580247,-0.4140625,-0.6666666666666666,-0.8,-0.8,-0.5,-0.6666666666666667,-0.75,0.3333333333333333,0.6000000000000001,0.6000000000000001,0.125,0.308641975308642,0.3359375
638,2025-03-25,Sudan,South Sudan,1.0,1.0,FIFA World Cup qualification,Benghazi,Libya,1,2025,0,1,643,2024-12-19,113.0,113.0,0.0,1165.41,1165.41,2024-12-19,170.0,170.0,0.0,973.55,973.55,57.0,191.86000000000013,1383.0,1136.0,247.0,0,0.6666666666666666,0.6,0.6,0.4375,0.4691358024691358,0.43359375,-0.6666666666666666,-0.6,-0.6,-0.8125,-0.7530864197530864,-0.75390625,1.3333333333333333,1.2,1.2,1.25,1.2222222222222223,1.1875
639,2025-03-25,Comoros,Chad,1.0,0.0,FIFA World Cup qualification,Berkane,Morocco,1,2025,0,1,644,2024-12-19,103.0,103.0,0.0,1208.99,1208.99,2024-12-19,176.0,176.0,0.0,935.41,935.41,73.0,273.58000000000004,1340.0,1178.0,162.0,1,-0.3333333333333333,0.2,0.2,-0.25,0.03703703703703717,0.21875,-1.0,-1.0,-1.0,-1.0,-1.0,-1.0,0.6666666666666667,1.2,1.2,0.75,1.0370370370370372,1.21875
640,2025-03-25,Mauritania,DR Congo,0.0,2.0,FIFA World Cup qualification,Nouadhibou,Mauritania,0,2025,0,1,645,2024-12-19,109.0,109.0,0.0,1183.16,1183.16,2024-12-19,61.0,61.0,0.0,1395.77,1395.77,-48.0,-212.6099999999999,1372.0,1540.0,-168.0,-1,-0.6666666666666666,-0.4,-0.42857142857142855,-0.421875,-0.4910836762688615,-0.532470703125,0.6666666666666666,0.2,0.2857142857142857,0.7340087890625,0.5291117295554287,0.40628592669963837,-1.3333333333333333,-0.6000000000000001,-0.7142857142857142,-1.1558837890625,-1.0201954058242904,-0.9387566298246384
641,2025-03-25,Bolivia,Uruguay,0.0,0.0,FIFA World Cup qualification,El Alto,Bolivia,0,2025,0,1,646,2024-12-19,79.0,79.0,0.0,1308.58,1308.58,2024-12-19,11.0,11.0,0.0,1695.91,1695.91,-68.0,-387.33000000000015,1590.0,1948.0,-358.0,0,-0.6666666666666666,-0.4,0.0,-0.64013671875,-0.4920640296853272,-0.42553770542144775,0.0,-0.2,-0.14285714285714285,-0.407243013381958,-0.2481448575677379,-0.16563560710682168,-0.6666666666666666,-0.2,0.14285714285714285,-0.232893705368042,-0.2439191721175893,-0.2599020983146261
642,2025-03-25,Colombia,Paraguay,2.0,2.0,FIFA World Cup qualification,Barranquilla,Colombia,0,2025,0,1,647,2024-12-19,12.0,12.0,0.0,1694.44,1694.44,2024-12-19,53.0,53.0,0.0,1458.26,1458.26,41.0,236.1800000000001,1977.0,1775.0,202.0,0,-1.0,-0.6,-0.2857142857142857,-0.8286409378051758,-0.6151654245436475,-0.4522506447478918,0.6666666666666666,0.6,0.5714285714285714,0.6958236694335938,0.5760447610193378,0.4554323338379618,-1.6666666666666665,-1.2,-0.8571428571428571,-1.5244646072387695,-1.1912101855629853,-0.9076829785858536
643,2025-03-25,Venezuela,Peru,1.0,0.0,FIFA World Cup qualification,Maturín,Venezuela,0,2025,0,1,648,2024-12-19,47.0,47.0,0.0,1475.71,1475.71,2024-12-19,40.0,40.0,0.0,1488.42,1488.42,-7.0,-12.710000000000036,1750.0,1798.0,-48.0,1,-0.6666666666666666,-0.6,-0.5714285714285714,-0.8172569274902344,-0.6595784346002068,-0.536197299406922,0.0,0.0,-0.14285714285714285,0.19635581970214844,-0.011517605444283487,-0.11523343169028522,-0.6666666666666666,-0.6,-0.42857142857142855,-1.0136127471923828,-0.6480608291559233,-0.42096386771663674
644,2025-03-25,Argentina,Brazil,4.0,1.0,FIFA World Cup qualification,Buenos Aires,Argentina,0,2025,0,1,649,2024-12-19,1.0,1.0,0.0,1867.25,1867.25,2024-12-19,5.0,5.0,0.0,1775.85,1775.85,4.0,91.40000000000008,2108.0,1996.0,112.0,1,0.3333333333333333,0.4,0.2857142857142857,0.6864611729979515,0.538861769074611,0.49114690166105385,0.3333333333333333,0.6,0.42857142857142855,0.5865115821361542,0.4854507110999592,0.42271029263733073,0.0,-0.19999999999999996,-0.14285714285714285,0.09994959086179733,0.05341105797465184,0.06843660902372312
645,2025-03-25,Chile,Ecuador,0.0,0.0,FIFA World Cup qualification,Santiago,Chile,0,2025,0,1,650,2024-12-19,50.0,50.0,0.0,1469.44,1469.44,2024-12-19,24.0,24.0,0.0,1560.13,1560.13,-26.0,-90.69000000000004,1739.0,1910.0,-171.0,0,0.0,-0.4,-0.5714285714285714,-0.37029266357421875,-0.3745900620139892,-0.4113896842172835,1.0,0.6,0.42857142857142855,0.8835799694061279,0.726220332804314,0.6120810548889608,-1.0,-1.0,-1.0,-1.2538726329803467,-1.1008103948183032,-1.0234707391062443
646,2025-03-25,Iran,Uzbekistan,2.0,2.0,FIFA World Cup qualification,Tehran,Iran,0,2025,0,1,651,2024-12-19,18.0,18.0,0.0,1635.31,1635.31,2024-12-19,58.0,58.0,0.0,1424.93,1424.93,40.0,210.37999999999988,1838.0,1684.0,154.0,0,1.0,0.8,0.8571428571428571,0.9642881155014038,0.9043949583445338,0.8546190718071003,0.3333333333333333,0.4,0.5714285714285714,0.7145156860351562,0.6115157451055718,0.5839328516158275,0.6666666666666667,0.4,0.2857142857142857,0.24977242946624756,0.29287921323896193,0.27068622019127275
647,2025-03-25,Senegal,Togo,2.0,0.0,FIFA World Cup qualification,Diamniadio,Senegal,0,2025,0,1,652,2024-12-19,17.0,17.0,0.0,1637.25,1637.25,2024-12-19,119.0,119.0,0.0,1152.18,1152.18,102.0,485.07,1771.0,1368.0,403.0,1,0.3333333333333333,0.4,0.5714285714285714,0.3062744140625,0.3709131294808727,0.3815188631415367,-0.3333333333333333,-0.2,-0.2,-0.25,-0.2222222222222222,-0.1875,0.6666666666666666,0.6000000000000001,0.7714285714285714,0.5562744140625,0.5931353517030948,0.5690188631415367
648,2025-03-25,Kyrgyzstan,Qatar,3.0,1.0,FIFA World Cup qualification,Bishkek,Kyrgyzstan,0,2025,0,1,653,2024-12-19,107.0,107.0,0.0,1194.19,1194.19,2024-12-19,48.0,48.0,0.0,1474.6,1474.6,-59.0,-280.40999999999985,1266.0,1524.0,-258.0,1,-1.0,-0.6,-0.7142857142857143,-0.865966796875,-0.7359129862643893,-0.6491260230541229,0.3333333333333333,0.2,0.0,0.3417339324951172,0.24028093184072952,0.2284371016703517,-1.3333333333333333,-0.8,-0.7142857142857143,-1.2077007293701172,-0.9761939181051188,-0.8775631247244746
649,2025-03-25,South Korea,Jordan,1.0,1.0,FIFA World Cup qualification,Suwon,South Korea,0,2025,0,1,654,2024-12-19,23.0,23.0,0.0,1585.45,1585.45,2024-12-19,64.0,64.0,0.0,1375.91,1375.91,41.0,209.54,1774.0,1617.0,157.0,0,0.3333333333333333,0.6,0.5714285714285714,0.24110150337219238,0.3975386224363727,0.46465653117288497,0.3333333333333333,0.2,0.2857142857142857,0.5541553497314453,0.45803910403578746,0.43182516099113855,0.0,0.39999999999999997,0.2857142857142857,-0.31305384635925293,-0.060500481599414735,0.03283137018174642
650,2025-03-25,Kuwait,Oman,0.0,1.0,FIFA World Cup qualification,Kuwait City,Kuwait,0,2025,0,1,655,2024-12-19,134.0,134.0,0.0,1108.72,1109.16,2024-12-19,80.0,80.0,0.0,1306.67,1306.67,-54.0,-197.95000000000005,1345.0,1526.0,-181.0,-1,-0.3333333333333333,-0.4,-0.2857142857142857,-0.15380859375,-0.21278749663650343,-0.24032270908355713,0.0,0.0,-0.2857142857142857,-0.17653656005859375,-0.1565199975781353,-0.1314453598461114,-0.3333333333333333,-0.4,0.0,0.02272796630859375,-0.056267499058368114,-0.10887734923744574
651,2025-03-25,Palestine,Iraq,2.0,1.0,FIFA World Cup qualification,Amman,Jordan,1,2025,0,1,656,2024-12-19,101.0,101.0,0.0,1215.87,1215.87,2024-12-19,56.0,56.0,0.0,1442.86,1442.86,-45.0,-226.99,1417.0,1584.0,-167.0,1,-0.6666666666666666,-0.6,-0.5714285714285714,-0.67474365234375,-0.6044143292586676,-0.5539913438260555,0.3333333333333333,0.2,0.2857142857142857,0.23388004302978516,0.26829441870042375,0.30871502888021496,-1.0,-0.8,-0.8571428571428571,-0.9086236953735352,-0.8727087479590914,-0.8627063727062705
652,2025-03-25,China PR,Australia,0.0,2.0,FIFA World Cup qualification,Hangzhou,China PR,0,2025,0,1,657,2024-12-19,90.0,90.0,0.0,1266.38,1266.38,2024-12-19,26.0,26.0,0.0,1544.15,1544.15,-64.0,-277.77,1400.0,1719.0,-319.0,-1,-0.3333333333333333,-0.2,-0.42857142857142855,-0.6204681396484375,-0.465857945370566,-0.41594405216164887,0.3333333333333333,0.4,0.14285714285714285,0.5306961759924889,0.4183165895552692,0.3855608558128249,-0.6666666666666666,-0.6000000000000001,-0.5714285714285714,-1.1511643156409264,-0.8841745349258352,-0.8015049079744738
653,2025-03-25,Japan,Saudi Arabia,0.0,0.0,FIFA World Cup qualification,Saitama,Japan,0,2025,0,1,658,2024-12-19,15.0,15.0,0.0,1652.79,1652.79,2024-12-19,59.0,59.0,0.0,1406.56,1406.56,44.0,246.23,1889.0,1536.0,353.0,0,1.0,0.8,0.8571428571428571,0.9363954067230225,0.8855421835733718,0.849907880400508,0.0,-0.2,0.0,0.23302030563354492,0.09229523879756675,0.06415367508819259,1.0,1.0,0.8571428571428571,0.7033751010894775,0.793246944775805,0.7857542053123154
654,2025-03-25,Indonesia,Bahrain,1.0,0.0,FIFA World Cup qualification,Jakarta,Indonesia,0,2025,0,1,659,2024-12-19,127.0,125.0,-2.0,1133.41,1135.11,2024-12-19,81.0,81.0,0.0,1305.52,1305.52,-46.0,-172.1099999999999,1397.0,1461.0,-64.0,1,-0.3333333333333333,-0.4,-0.2857142857142857,-0.43450927734375,-0.3444446558426598,-0.2851369143463671,-0.6666666666666666,-0.4,-0.2857142857142857,-0.63153076171875,-0.4835175947547781,-0.3722770307213068,0.3333333333333333,0.0,0.0,0.197021484375,0.1390729389121183,0.08714011637493968
655,2025-03-25,Egypt,Sierra Leone,1.0,0.0,FIFA World Cup qualification,Cairo,Egypt,0,2025,0,1,660,2024-12-19,33.0,33.0,0.0,1513.48,1513.48,2024-12-19,129.0,129.0,0.0,1132.06,1132.06,96.0,381.4200000000001,1657.0,1333.0,324.0,1,0.6666666666666666,0.4,0.2857142857142857,0.630859375,0.5226676150315839,0.48656654357910156,0.6666666666666666,0.2,0.2,0.5625,0.382716049382716,0.28515625,0.0,0.2,0.08571428571428569,0.068359375,0.1399515656488679,0.20141029357910156
656,2025-03-25,North Korea,United Arab Emirates,1.0,2.0,FIFA World Cup qualification,Riyadh,Saudi Arabia,1,2025,0,1,661,2024-12-19,115.0,114.0,-1.0,1164.41,1164.41,2024-12-19,63.0,63.0,0.0,1385.57,1385.57,-52.0,-221.15999999999983,1370.0,1504.0,-134.0,-1,-1.0,-0.8,-0.7142857142857143,-0.9404296875,-0.8136688738731109,-0.7166171073913574,0.3333333333333333,0.0,0.0,-0.19197845458984375,-0.04902447221886597,0.019141308759571984,-1.3333333333333333,-0.8,-0.7142857142857143,-0.7484512329101562,-0.764644401654245,-0.7357584161509294
657,2025-06-04,Saint Vincent and the Grenadines,Anguilla,6.0,0.0,FIFA World Cup qualification,Kingstown,Saint Vincent and the Grenadines,0,2025,0,1,662,2025-04-03,172.0,173.0,1.0,966.08,962.0,2025-04-03,209.0,209.0,0.0,769.31,769.0,37.0,196.7700000000001,1037.0,622.0,415.0,1,-1.0,-1.0,-1.0,-1.0,-1.0,-1.0,-0.6666666666666666,-0.5,-0.5,-0.75,-0.5555555555555555,-0.4375,-0.33333333333333337,-0.5,-0.5,-0.25,-0.44444444444444453,-0.5625
658,2025-06-04,Dominica,British Virgin Islands,3.0,0.0,FIFA World Cup qualification,Roseau,Dominica,0,2025,0,1,663,2025-04-03,184.0,183.0,-1.0,900.0,900.0,2025-04-03,207.0,207.0,0.0,780.3,780.0,23.0,119.70000000000005,999.0,626.0,373.0,1,-1.0,-1.0,-1.0,-1.0,-1.0,-1.0,-0.6666666666666666,-0.5,-0.5,-0.75,-0.5555555555555555,-0.4375,-0.33333333333333337,-0.5,-0.5,-0.25,-0.44444444444444453,-0.5625
659,2025-06-04,Montserrat,Belize,1.0,0.0,FIFA World Cup qualification,Couva,Trinidad and Tobago,1,2025,0,1,664,2025-04-03,180.0,181.0,1.0,914.26,914.0,2025-04-03,179.0,178.0,-1.0,919.26,925.0,-1.0,-5.0,1003.0,1057.0,-54.0,1,-1.0,-1.0,-1.0,-1.0,-1.0,-1.0,-1.0,-1.0,-1.0,-1.0,-1.0,-1.0,0.0,0.0,0.0,0.0,0.0,0.0
660,2025-06-04,Grenada,Bahamas,6.0,0.0,FIFA World Cup qualification,St. George's,Grenada,0,2025,0,1,665,2025-04-03,174.0,174.0,0.0,955.5,955.0,2025-04-03,204.0,205.0,1.0,818.58,819.0,30.0,136.91999999999996,1072.0,806.0,266.0,1,-0.5,-0.5,-0.5,-0.5,-0.33333333333333326,-0.25,-1.0,-1.0,-1.0,-1.0,-1.0,-1.0,0.5,0.5,0.5,0.5,0.6666666666666667,0.75
661,2025-06-04,Bermuda,Cayman Islands,5.0,0.0,FIFA World Cup qualification,Devonshire Parish,Bermuda,0,2025,0,1,666,2025-04-03,168.0,166.0,-2.0,977.52,988.0,2025-04-03,191.0,194.0,3.0,866.71,867.0,23.0,110.80999999999996,1145.0,821.0,324.0,1,-0.5,-0.5,-0.5,-0.5,-0.33333333333333326,-0.25,0.0,0.0,0.0,0.0,0.3333333333333335,0.5,-0.5,-0.5,-0.5,-0.5,-0.6666666666666667,-0.75
662,2025-06-04,Barbados,Aruba,1.0,1.0,FIFA World Cup qualification,Wildey,Barbados,0,2025,0,1,667,2025-04-03,176.0,177.0,1.0,933.3,933.0,2025-04-03,195.0,195.0,0.0,860.78,858.0,19.0,72.51999999999998,955.0,943.0,12.0,0,-1.0,-1.0,-1.0,-1.0,-1.0,-1.0,-0.5,-0.5,-0.5,-0.5,-0.6666666666666667,-0.75,-0.5,-0.5,-0.5,-0.5,-0.33333333333333326,-0.25
663,2025-06-05,Iraq,South Korea,0.0,2.0,FIFA World Cup qualification,Basra,Iraq,0,2025,0,1,668,2025-04-03,59.0,56.0,-3.0,1413.39,1443.0,2025-04-03,23.0,23.0,0.0,1574.9,1585.0,-36.0,-161.51,1584.0,1774.0,-190.0,-1,0.0,-0.2,0.0,-0.3830599784851074,-0.15447038753305073,-0.01846372833983878,0.0,0.4,0.5714285714285714,0.12055075168609619,0.2650257482909152,0.3484923983796637,0.0,-0.6000000000000001,-0.5714285714285714,-0.5036107301712036,-0.41949613582396594,-0.3669561267195025
664,2025-06-05,Indonesia,China PR,1.0,0.0,FIFA World Cup qualification,Jakarta,Indonesia,0,2025,0,1,669,2025-04-03,123.0,127.0,4.0,1142.83,1133.0,2025-04-03,94.0,90.0,-4.0,1252.74,1266.0,-29.0,-109.91000000000008,1397.0,1400.0,-3.0,1,0.3333333333333333,-0.2,-0.14285714285714285,0.282745361328125,0.10370356277156002,0.03614731424022466,-1.0,-0.2,-0.42857142857142855,-0.8102340698242188,-0.6439052969137107,-0.5619580391212367,1.3333333333333333,0.0,0.2857142857142857,1.0929794311523438,0.7476088596852707,0.5981053533614613
665,2025-06-05,Australia,Japan,1.0,0.0,FIFA World Cup qualification,Perth,Australia,0,2025,0,1,670,2025-04-03,26.0,26.0,0.0,1554.59,1544.0,2025-04-03,15.0,15.0,0.0,1652.63,1653.0,-11.0,-98.0400000000002,1719.0,1889.0,-170.0,1,0.6666666666666666,0.4,0.42857142857142855,0.7653480879962444,0.6122110597035127,0.5391706418596187,0.6666666666666666,0.6,0.7142857142857143,0.46819770336151123,0.5903614557155813,0.637430910300381,0.0,-0.19999999999999996,-0.28571428571428575,0.2971503846347332,0.021849603987931454,-0.0982602684407623
666,2025-06-05,Bahrain,Saudi Arabia,0.0,2.0,FIFA World Cup qualification,Riffa,Bahrain,0,2025,0,1,671,2025-04-03,85.0,81.0,-4.0,1286.02,1306.0,2025-04-03,58.0,59.0,1.0,1421.84,1407.0,-27.0,-135.81999999999994,1461.0,1536.0,-75.0,-1,-0.6666666666666666,-0.6,-0.5714285714285714,-0.815765380859375,-0.6556783965031854,-0.5292077730409801,0.0,0.0,0.0,0.11651015281677246,0.06153015919837784,0.04811525631614444,-0.6666666666666666,-0.6,-0.5714285714285714,-0.9322755336761475,-0.7172085557015633,-0.5773230293571245
667,2025-06-05,Kuwait,Palestine,0.0,2.0,FIFA World Cup qualification,Kuwait City,Kuwait,0,2025,0,1,672,2025-04-03,134.0,134.0,0.0,1111.92,1109.0,2025-04-03,101.0,101.0,0.0,1224.64,1216.0,-33.0,-112.72000000000004,1345.0,1417.0,-72.0,-1,-0.3333333333333333,-0.4,-0.42857142857142855,-0.576904296875,-0.4751916644243356,-0.43024203181266785,0.0,-0.2,-0.42857142857142855,0.162628173828125,-0.06960955283911183,-0.16549350786954165,-0.3333333333333333,-0.2,0.0,-0.739532470703125,-0.4055821115852237,-0.2647485239431262
668,2025-06-05,Oman,Jordan,0.0,3.0,FIFA World Cup qualification,Muscat,Oman,0,2025,0,1,673,2025-04-03,77.0,80.0,3.0,1322.85,1307.0,2025-04-03,62.0,64.0,2.0,1388.46,1376.0,-15.0,-65.61000000000013,1526.0,1617.0,-91.0,-1,0.0,0.0,0.0,0.4117317199707031,0.22898666828124303,0.15141598011541646,0.3333333333333333,0.4,0.2857142857142857,0.27707767486572266,0.30535940269052503,0.3238688707433539,-0.3333333333333333,-0.4,-0.2857142857142857,0.13465404510498047,-0.076372734409282,-0.17245289062793745
669,2025-06-05,Qatar,Iran,1.0,0.0,FIFA World Cup qualification,Al Rayyan,Qatar,0,2025,0,1,674,2025-04-03,55.0,48.0,-7.0,1456.6,1475.0,2025-04-03,17.0,18.0,1.0,1637.39,1635.0,-38.0,-180.7900000000002,1524.0,1838.0,-314.0,1,-0.3333333333333333,-0.2,0.0,-0.3291330337524414,-0.17314604543951356,-0.07867217374723623,0.6666666666666666,0.8,0.7142857142857143,0.4821440577507019,0.6029299722296892,0.6409643038553252,-1.0,-1.0,-0.7142857142857143,-0.8112770915031433,-0.7760760176692028,-0.7196364776025614
670,2025-06-05,North Korea,Kyrgyzstan,2.0,2.0,FIFA World Cup qualification,Riyadh,Saudi Arabia,1,2025,0,1,675,2025-04-03,118.0,115.0,-3.0,1154.3,1164.0,2025-04-03,103.0,107.0,4.0,1205.67,1194.0,-15.0,-51.37000000000012,1370.0,1266.0,104.0,0,-1.0,-1.0,-0.7142857142857143,-0.97021484375,-0.8757792492487406,-0.7874628305435181,-0.3333333333333333,-0.2,-0.42857142857142855,0.0670166015625,-0.15727532417625964,-0.2368445172905922,-0.6666666666666667,-0.8,-0.28571428571428575,-1.0372314453125,-0.718503925072481,-0.5506183132529259
671,2025-06-05,United Arab Emirates,Uzbekistan,0.0,0.0,FIFA World Cup qualification,Abu Dhabi,United Arab Emirates,0,2025,0,1,676,2025-04-03,65.0,63.0,-2.0,1382.73,1386.0,2025-04-03,57.0,58.0,1.0,1436.79,1425.0,-8.0,-54.059999999999945,1504.0,1684.0,-180.0,0,0.3333333333333333,0.2,0.0,0.4040107727050781,0.3006503518540893,0.264355981569679,0.6666666666666666,0.4,0.42857142857142855,0.3572578430175781,0.40767716340371457,0.43794963871187065,-0.3333333333333333,-0.2,-0.42857142857142855,0.0467529296875,-0.10702681154962529,-0.17359365714219166
672,2025-06-05,Chile,Argentina,0.0,1.0,FIFA World Cup qualification,Santiago,Chile,0,2025,0,1,677,2025-04-03,52.0,50.0,-2.0,1461.91,1469.0,2025-04-03,1.0,1.0,0.0,1886.16,1867.0,-51.0,-424.25,1739.0,2108.0,-369.0,-1,0.0,-0.2,-0.42857142857142855,-0.18514633178710938,-0.24972670800932617,-0.3085422631629626,1.0,0.6,0.2857142857142857,0.8432305864989758,0.6925745127164074,0.6183601762457904,-1.0,-0.8,-0.7142857142857142,-1.0283769182860851,-0.9423012207257335,-0.926902439408753
673,2025-06-05,Paraguay,Uruguay,2.0,0.0,FIFA World Cup qualification,Asunción,Paraguay,0,2025,0,1,678,2025-04-03,48.0,53.0,5.0,1475.93,1458.0,2025-04-03,13.0,11.0,-2.0,1679.49,1696.0,-35.0,-203.56,1775.0,1948.0,-173.0,1,0.3333333333333333,0.6,0.5714285714285714,0.3479118347167969,0.38402984067955853,0.34157425037847133,-0.3333333333333333,0.0,-0.14285714285714285,-0.203621506690979,-0.16542990504515862,-0.12422670533011626,0.6666666666666666,0.6,0.7142857142857142,0.5515333414077759,0.5494597457247171,0.4658009557085876
674,2025-06-05,Ecuador,Brazil,0.0,0.0,FIFA World Cup qualification,Guayaquil,Ecuador,0,2025,0,1,679,2025-04-03,24.0,24.0,0.0,1567.95,1560.0,2025-04-03,5.0,5.0,0.0,1776.04,1776.0,-19.0,-208.08999999999992,1910.0,1996.0,-86.0,0,0.6666666666666666,0.6,0.5714285714285714,0.44178998470306396,0.48414688853620935,0.4590607911667206,0.0,0.2,0.14285714285714285,-0.2067442089319229,-0.009699525933360433,0.06703271947799805,0.6666666666666666,0.39999999999999997,0.42857142857142855,0.6485341936349869,0.4938464144695698,0.39202807168872256
675,2025-06-06,Trinidad and Tobago,Saint Kitts and Nevis,6.0,2.0,FIFA World Cup qualification,Port of Spain,Trinidad and Tobago,0,2025,0,1,680,2025-04-03,100.0,102.0,2.0,1228.7,1215.0,2025-04-03,145.0,144.0,-1.0,1064.99,1065.0,45.0,163.71000000000004,1373.0,1131.0,242.0,1,0.5,0.5,0.5,0.5,0.33333333333333326,0.25,0.0,0.0,0.0,0.0,-0.3333333333333335,-0.5,0.5,0.5,0.5,0.5,0.6666666666666667,0.75
676,2025-06-06,Curaçao,Saint Lucia,4.0,0.0,FIFA World Cup qualification,Willemstad,Curaçao,0,2025,0,1,681,2025-04-03,91.0,91.0,0.0,1258.95,1265.0,2025-04-03,165.0,167.0,2.0,985.72,986.0,74.0,273.23,1335.0,1140.0,195.0,1,1.0,1.0,1.0,1.0,1.0,1.0,-0.5,-0.5,-0.5,-0.5,-0.6666666666666667,-0.75,1.5,1.5,1.5,1.5,1.6666666666666667,1.75
677,2025-06-06,Antigua and Barbuda,Cuba,0.0,1.0,FIFA World Cup qualification,Piggotts,Antigua and Barbuda,0,2025,0,1,682,2025-04-03,159.0,161.0,2.0,1010.97,1011.0,2025-04-03,167.0,163.0,-4.0,979.68,994.0,8.0,31.29000000000008,933.0,1305.0,-372.0,-1,-0.5,-0.5,-0.5,-0.5,-0.33333333333333326,-0.25,0.0,0.0,0.0,0.0,-0.3333333333333335,-0.5,-0.5,-0.5,-0.5,-0.5,2.220446049250313e-16,0.25
678,2025-06-06,Guatemala,Dominican Republic,4.0,2.0,FIFA World Cup qualification,Guatemala City,Guatemala,0,2025,0,1,683,2025-04-03,106.0,105.0,-1.0,1197.12,1201.0,2025-04-03,141.0,141.0,0.0,1085.0,1083.0,35.0,112.11999999999988,1503.0,1251.0,252.0,1,1.0,1.0,1.0,1.0,1.0,1.0,0.0,0.0,0.0,0.0,-0.3333333333333335,-0.5,1.0,1.0,1.0,1.0,1.3333333333333335,1.5
679,2025-06-06,Suriname,Puerto Rico,1.0,0.0,FIFA World Cup qualification,Paramaribo,Suriname,0,2025,0,1,684,2025-04-03,137.0,138.0,1.0,1096.6,1097.0,2025-04-03,156.0,157.0,1.0,1021.19,1023.0,19.0,75.40999999999985,1338.0,1141.0,197.0,1,1.0,1.0,1.0,1.0,1.0,1.0,0.5,0.5,0.5,0.5,0.33333333333333326,0.25,0.5,0.5,0.5,0.5,0.6666666666666667,0.75
680,2025-06-06,Nicaragua,Guyana,1.0,0.0,FIFA World Cup qualification,Managua,Nicaragua,0,2025,0,1,685,2025-04-03,133.0,133.0,0.0,1114.28,1114.0,2025-04-03,152.0,154.0,2.0,1037.92,1031.0,19.0,76.3599999999999,1344.0,1251.0,93.0,1,1.0,1.0,1.0,1.0,1.0,1.0,0.0,0.0,0.0,0.0,-0.3333333333333335,-0.5,1.0,1.0,1.0,1.0,1.3333333333333335,1.5
681,2025-06-06,Gibraltar,Croatia,0.0,7.0,FIFA World Cup qualification,Faro-Loulé,Portugal,1,2025,0,1,686,2025-04-03,196.0,196.0,0.0,843.19,849.0,2025-04-03,11.0,13.0,2.0,1707.99,1692.0,-185.0,-864.8,1051.0,1886.0,-835.0,-1,-1.0,-1.0,-1.0,-1.0,-1.0,-1.0,-0.3333333333333333,-0.2,-0.14285714285714285,-0.091796875,-0.10222019001168521,-0.08922958374023438,-0.6666666666666667,-0.8,-0.8571428571428572,-0.908203125,-0.8977798099883147,-0.9107704162597656
682,2025-06-06,Czech Republic,Montenegro,2.0,0.0,FIFA World Cup qualification,Plzeň,Czech Republic,0,2025,0,1,687,2022-03-31,33.0,31.0,-2.0,1500.62,1510.42,2025-04-03,73.0,73.0,0.0,1337.36,1327.0,40.0,163.26,1753.0,1516.0,237.0,1,0.3333333333333333,0.0,-0.16666666666666666,0.5625,0.20987654320987637,-0.01953125,1.0,1.0,1.0,1.0,1.0,1.0,-0.6666666666666667,-1.0,-1.1666666666666667,-0.4375,-0.7901234567901236,-1.01953125
683,2025-06-06,North Macedonia,Belgium,1.0,1.0,FIFA World Cup qualification,Skopje,North Macedonia,0,2025,0,1,688,2025-04-03,67.0,67.0,0.0,1375.58,1369.0,2025-04-03,8.0,8.0,0.0,1735.75,1741.0,-59.0,-360.1700000000001,1551.0,1851.0,-300.0,0,0.0,0.25,0.25,0.25,0.3703703703703704,0.46875,0.0,-0.2,-0.14285714285714285,-0.4375,-0.24005486968449918,-0.09619140625,0.0,0.45,0.39285714285714285,0.6875,0.6104252400548695,0.56494140625
684,2025-06-06,Wales,Liechtenstein,3.0,0.0,FIFA World Cup qualification,Cardiff,Wales,0,2025,0,1,689,2025-04-03,28.0,29.0,1.0,1535.66,1534.0,2025-04-03,205.0,204.0,-1.0,813.95,822.0,177.0,721.71,1701.0,977.0,724.0,1,0.0,-0.2,0.14285714285714285,0.09375,0.10699588477366258,0.1787109375,-1.0,-1.0,-1.0,-1.0,-1.0,-1.0,1.0,0.8,1.1428571428571428,1.09375,1.1069958847736625,1.1787109375
685,2025-06-06,Estonia,Israel,1.0,3.0,FIFA World Cup qualification,Tallinn,Estonia,0,2025,0,1,690,2025-04-03,121.0,123.0,2.0,1144.48,1143.0,2025-04-03,78.0,76.0,-2.0,1321.77,1322.0,-43.0,-177.28999999999996,1357.0,1556.0,-199.0,-1,-1.0,-1.0,-1.0,-1.0,-1.0,-1.0,0.0,0.0,0.0,0.0,0.3333333333333335,0.5,-1.0,-1.0,-1.0,-1.0,-1.3333333333333335,-1.5
686,2025-06-06,Norway,Italy,3.0,0.0,FIFA World Cup qualification,Oslo,Norway,0,2025,0,1,691,2025-04-03,38.0,43.0,5.0,1497.18,1484.0,2025-04-03,9.0,9.0,0.0,1731.51,1732.0,-29.0,-234.33,1806.0,1943.0,-137.0,1,1.0,1.0,1.0,1.0,1.0,1.0,-0.6666666666666666,-0.75,-0.75,-0.75,-0.7777777777777778,-0.8125,1.6666666666666665,1.75,1.75,1.75,1.7777777777777777,1.8125
687,2025-06-06,Venezuela,Bolivia,2.0,0.0,FIFA World Cup qualification,Maturín,Venezuela,0,2025,0,1,692,2025-04-03,47.0,47.0,0.0,1476.84,1476.0,2025-04-03,80.0,79.0,-1.0,1308.12,1309.0,33.0,168.72000000000003,1750.0,1590.0,160.0,1,-0.3333333333333333,-0.4,-0.2857142857142857,0.09137153625488281,-0.10638562306680467,-0.15214797455519147,-0.3333333333333333,-0.6,-0.14285714285714285,-0.320068359375,-0.32804268645688484,-0.3191532790660858,0.0,0.19999999999999996,-0.14285714285714285,0.4114398956298828,0.22165706339008018,0.16700530451089435
688,2025-06-06,Colombia,Peru,0.0,0.0,FIFA World Cup qualification,Barranquilla,Colombia,0,2025,0,1,693,2025-04-03,14.0,12.0,-2.0,1679.04,1694.0,2025-04-03,42.0,40.0,-2.0,1483.47,1488.0,28.0,195.57,1977.0,1798.0,179.0,0,-0.6666666666666666,-0.4,-0.2857142857142857,-0.4143204689025879,-0.4101102830290984,-0.33918798356091884,-0.3333333333333333,-0.4,-0.2857142857142857,-0.4018220901489258,-0.3410117369628556,-0.3364250737677139,-0.3333333333333333,0.0,0.0,-0.01249837875366211,-0.06909854606624283,-0.0027629097932049262
689,2025-06-07,Anguilla,El Salvador,0.0,3.0,FIFA World Cup qualification,The Valley,Anguilla,0,2025,0,1,694,2025-04-03,209.0,209.0,0.0,769.31,769.0,2025-04-03,81.0,83.0,2.0,1300.81,1301.0,-128.0,-531.5,622.0,1483.0,-861.0,-1,-1.0,-0.6,-0.6,-0.875,-0.7037037037037036,-0.578125,0.0,-0.2,-0.14285714285714285,0.296875,0.013260173754000794,-0.1444091796875,-1.0,-0.39999999999999997,-0.45714285714285713,-1.171875,-0.7169638774577044,-0.4337158203125
690,2025-06-07,British Virgin Islands,Jamaica,0.0,1.0,FIFA World Cup qualification,Road Town,British Virgin Islands,0,2025,0,1,695,2025-04-03,207.0,207.0,0.0,780.3,780.0,2025-04-03,63.0,62.0,-1.0,1387.49,1391.0,-144.0,-607.19,626.0,1610.0,-984.0,-1,-1.0,-0.6,-0.6,-0.875,-0.7037037037037036,-0.578125,-0.3333333333333333,0.2,0.0,-0.5546875,-0.3452217649748513,-0.30511474609375,-0.6666666666666667,-0.8,-0.6,-0.3203125,-0.3584819387288523,-0.27301025390625
691,2025-06-07,Belize,Panama,0.0,2.0,FIFA World Cup qualification,Belmopan,Belize,0,2025,0,1,696,2025-04-03,179.0,178.0,-1.0,919.26,925.0,2025-04-03,35.0,36.0,1.0,1507.98,1504.0,-144.0,-588.72,1057.0,1726.0,-669.0,-1,-1.0,-1.0,-1.0,-1.0,-1.0,-1.0,0.3333333333333333,0.2,0.42857142857142855,-0.1376953125,0.04331430958469525,0.07527971267700195,-1.3333333333333333,-1.2,-1.4285714285714286,-0.8623046875,-1.0433143095846953,-1.075279712677002
692,2025-06-07,Aruba,Haiti,0.0,5.0,FIFA World Cup qualification,Oranjestad,Aruba,0,2025,0,1,697,2025-04-03,195.0,195.0,0.0,860.78,858.0,2025-04-03,83.0,86.0,3.0,1291.54,1288.0,-112.0,-430.76,943.0,1538.0,-595.0,-1,-0.3333333333333333,-0.3333333333333333,-0.3333333333333333,-0.25,-0.44444444444444453,-0.5625,1.0,1.0,1.0,1.0,1.0,1.0,-1.3333333333333333,-1.3333333333333333,-1.3333333333333333,-1.25,-1.4444444444444446,-1.5625
693,2025-06-07,Bahamas,Costa Rica,0.0,8.0,FIFA World Cup qualification,Wildey,Barbados,1,2025,0,1,698,2025-04-03,204.0,205.0,1.0,818.58,819.0,2025-04-03,54.0,54.0,0.0,1459.13,1455.0,-150.0,-640.5500000000001,806.0,1661.0,-855.0,-1,-1.0,-1.0,-1.0,-1.0,-1.0,-1.0,0.0,0.4,0.2857142857142857,0.33587646484375,0.27888472620249055,0.2930413968861103,-1.0,-1.4,-1.2857142857142856,-1.33587646484375,-1.2788847262024905,-1.2930413968861103
694,2025-06-07,Cayman Islands,Honduras,0.0,1.0,FIFA World Cup qualification,George Town,Cayman Islands,0,2025,0,1,699,2025-04-03,191.0,194.0,3.0,866.71,867.0,2025-04-03,75.0,75.0,0.0,1333.51,1326.0,-116.0,-466.8,821.0,1538.0,-717.0,-1,-0.3333333333333333,-0.3333333333333333,-0.3333333333333333,-0.5,-0.11111111111111091,0.125,0.3333333333333333,0.0,-0.2857142857142857,0.53125,0.17695473251028787,-0.0458984375,-0.6666666666666666,-0.3333333333333333,-0.047619047619047616,-1.03125,-0.28806584362139875,0.1708984375
695,2025-06-07,Andorra,England,0.0,1.0,FIFA World Cup qualification,Barcelona,Spain,1,2025,0,1,700,2025-04-03,173.0,171.0,-2.0,957.4,972.0,2025-04-03,4.0,4.0,0.0,1819.2,1814.0,-169.0,-861.8000000000001,1115.0,2006.0,-891.0,-1,-1.0,-1.0,-1.0,-1.0,-1.0,-1.0,0.3333333333333333,0.4,0.42857142857142855,0.7049560546875,0.5691763839573286,0.5163214057683945,-1.3333333333333333,-1.4,-1.4285714285714286,-1.7049560546875,-1.5691763839573287,-1.5163214057683945
696,2025-06-07,Austria,Romania,2.0,1.0,FIFA World Cup qualification,Vienna,Austria,0,2025,0,1,701,2025-04-03,22.0,22.0,0.0,1580.21,1590.0,2025-04-03,45.0,38.0,-7.0,1479.22,1494.0,23.0,100.99,1871.0,1723.0,148.0,1,0.3333333333333333,-0.2,-0.2,-0.25,-0.2592592592592593,-0.34375,-0.3333333333333333,-0.5,-0.5,0.0,-0.3333333333333335,-0.5,0.6666666666666666,0.3,0.3,-0.25,0.07407407407407418,0.15625
697,2025-06-07,Bosnia and Herzegovina,San Marino,1.0,0.0,FIFA World Cup qualification,Zenica,Bosnia and Herzegovina,0,2025,0,1,702,2024-12-19,74.0,74.0,0.0,1326.69,1326.69,2025-04-03,210.0,210.0,0.0,741.35,747.0,136.0,585.34,1485.0,777.0,708.0,1,1.0,1.0,1.0,1.0,1.0,1.0,-1.0,-1.0,-1.0,-1.0,-1.0,-1.0,2.0,2.0,2.0,2.0,2.0,2.0
698,2025-06-07,Finland,Netherlands,0.0,2.0,FIFA World Cup qualification,Helsinki,Finland,0,2025,0,1,703,2025-04-03,69.0,69.0,0.0,1359.79,1362.0,2025-04-03,7.0,7.0,0.0,1752.5,1748.0,-62.0,-392.71,1621.0,1938.0,-317.0,-1,0.5,0.5,0.5,0.5,0.6666666666666667,0.75,0.3333333333333333,0.0,0.14285714285714285,-0.1650390625,0.03202425104574177,0.14669513702392578,0.16666666666666669,0.5,0.35714285714285715,0.6650390625,0.6346424156209249,0.6033048629760742
699,2025-06-07,Malta,Lithuania,0.0,0.0,FIFA World Cup qualification,Ta' Qali,Malta,0,2025,0,1,704,2025-04-03,169.0,168.0,-1.0,976.36,984.0,2025-04-03,143.0,142.0,-1.0,1072.57,1070.0,-26.0,-96.20999999999992,1258.0,1308.0,-50.0,0,-1.0,-1.0,-1.0,-1.0,-1.0,-1.0,-0.5,-0.5,-0.5,-0.5,-0.6666666666666667,-0.75,-0.5,-0.5,-0.5,-0.5,-0.33333333333333326,-0.25
700,2025-06-07,Albania,Serbia,0.0,0.0,FIFA World Cup qualification,Tirana,Albania,0,2025,0,1,705,2025-04-03,66.0,65.0,-1.0,1375.94,1376.0,2025-04-03,30.0,32.0,2.0,1523.91,1514.0,-36.0,-147.97000000000003,1616.0,1812.0,-196.0,0,-0.3333333333333333,-0.25,-0.25,0.125,-0.0370370370370371,-0.078125,-0.6666666666666666,-0.75,-0.75,-0.875,-0.8518518518518519,-0.859375,0.3333333333333333,0.5,0.5,1.0,0.8148148148148148,0.78125
701,2025-06-09,Faroe Islands,Gibraltar,2.0,1.0,FIFA World Cup qualification,Tórshavn,Faroe Islands,0,2025,0,1,706,2025-04-03,140.0,137.0,-3.0,1085.12,1097.0,2025-04-03,196.0,196.0,0.0,843.19,849.0,56.0,241.92999999999984,1248.0,1051.0,197.0,1,-1.0,-1.0,-1.0,-1.0,-1.0,-1.0,-1.0,-1.0,-1.0,-1.0,-1.0,-1.0,0.0,0.0,0.0,0.0,0.0,0.0
702,2025-06-09,Croatia,Czech Republic,5.0,1.0,FIFA World Cup qualification,Osijek,Croatia,0,2025,0,1,707,2025-04-03,11.0,13.0,2.0,1707.99,1692.0,2022-03-31,33.0,31.0,-2.0,1500.62,1510.42,22.0,207.3700000000001,1886.0,1753.0,133.0,1,0.3333333333333333,0.2,0.0,0.4541015625,0.26518653999220976,0.18307781219482422,1.0,0.4,0.0,0.78125,0.4732510288065842,0.2353515625,-0.6666666666666667,-0.2,0.0,-0.3271484375,-0.20806448881437445,-0.05227375030517578
703,2025-06-09,Belgium,Wales,4.0,3.0,FIFA World Cup qualification,Brussels,Belgium,0,2025,0,1,708,2025-04-03,8.0,8.0,0.0,1735.75,1741.0,2025-04-03,28.0,29.0,1.0,1535.66,1534.0,20.0,200.08999999999992,1851.0,1701.0,150.0,1,-0.3333333333333333,-0.2,-0.2857142857142857,-0.21875,-0.16003657978966615,-0.0721435546875,0.6666666666666666,0.0,0.14285714285714285,0.546875,0.40466392318244165,0.384033203125,-1.0,-0.2,-0.42857142857142855,-0.765625,-0.5647005029721078,-0.4561767578125
704,2025-06-09,Estonia,Norway,0.0,1.0,FIFA World Cup qualification,Tallinn,Estonia,0,2025,0,1,709,2025-04-03,121.0,123.0,2.0,1144.48,1143.0,2025-04-03,38.0,43.0,5.0,1497.18,1484.0,-83.0,-352.70000000000005,1357.0,1806.0,-449.0,-1,-1.0,-1.0,-1.0,-1.0,-1.0,-1.0,1.0,1.0,1.0,1.0,1.0,1.0,-2.0,-2.0,-2.0,-2.0,-2.0,-2.0
705,2025-06-09,Kazakhstan,North Macedonia,0.0,1.0,FIFA World Cup qualification,Astana,Kazakhstan,0,2025,0,1,711,2025-04-03,110.0,110.0,0.0,1183.3,1180.0,2025-04-03,67.0,67.0,0.0,1375.58,1369.0,-43.0,-192.28,1425.0,1551.0,-126.0,-1,0.0,0.0,0.0,0.0,-0.3333333333333335,-0.5,0.3333333333333333,0.2,0.2,0.125,0.24691358024691362,0.3515625,-0.3333333333333333,-0.2,-0.2,-0.125,-0.580246913580247,-0.8515625
706,2025-06-10,Romania,Cyprus,2.0,0.0,FIFA World Cup qualification,Bucharest,Romania,0,2025,0,1,712,2025-04-03,45.0,38.0,-7.0,1479.22,1494.0,2025-04-03,129.0,130.0,1.0,1128.2,1131.0,84.0,351.02,1677.0,1299.0,378.0,1,-0.3333333333333333,-0.6,-0.6,-0.5,-0.5555555555555556,-0.625,0.0,0.0,0.0,0.0,0.3333333333333335,0.5,-0.3333333333333333,-0.6,-0.6,-0.5,-0.8888888888888891,-1.125
707,2025-06-10,Serbia,Andorra,3.0,0.0,FIFA World Cup qualification,Leskovac,Serbia,0,2025,0,1,713,2025-04-03,30.0,32.0,2.0,1523.91,1514.0,2025-04-03,173.0,171.0,-2.0,957.4,972.0,143.0,566.5100000000001,1838.0,1066.0,772.0,1,-0.6666666666666666,-0.6,-0.6,-0.4375,-0.5679012345679013,-0.64453125,-1.0,-1.0,-1.0,-1.0,-1.0,-1.0,0.33333333333333337,0.4,0.4,0.5625,0.4320987654320987,0.35546875
708,2025-06-10,Latvia,Albania,1.0,1.0,FIFA World Cup qualification,Riga,Latvia,0,2025,0,1,714,2025-04-03,138.0,140.0,2.0,1092.49,1084.0,2025-04-03,66.0,65.0,-1.0,1375.94,1376.0,-72.0,-283.45000000000005,1289.0,1639.0,-350.0,0,0.0,0.0,0.0,0.0,0.3333333333333335,0.5,0.0,-0.2,-0.2,0.0625,-0.024691358024691402,-0.05859375,0.0,0.2,0.2,-0.0625,0.3580246913580249,0.55859375
709,2025-06-10,Cuba,Bermuda,1.0,2.0,FIFA World Cup qualification,Santiago de Cuba,Cuba,0,2025,0,1,715,2025-04-03,167.0,163.0,-4.0,979.68,994.0,2025-04-03,168.0,166.0,-2.0,977.52,988.0,1.0,2.159999999999968,1305.0,1145.0,160.0,-1,0.3333333333333333,0.3333333333333333,0.3333333333333333,0.5,0.11111111111111091,-0.125,0.0,0.0,0.0,0.25,0.11111111111111106,0.0625,0.3333333333333333,0.3333333333333333,0.3333333333333333,0.25,-1.5265566588595902e-16,-0.1875
710,2025-06-10,Honduras,Antigua and Barbuda,2.0,0.0,FIFA World Cup qualification,Tegucigalpa,Honduras,0,2025,0,1,716,2025-04-03,75.0,75.0,0.0,1333.51,1326.0,2025-04-03,159.0,161.0,2.0,1010.97,1011.0,84.0,322.54,1561.0,933.0,628.0,1,1.0,0.2,0.0,0.765625,0.4513031550068585,0.215576171875,-0.6666666666666666,-0.6666666666666666,-0.6666666666666666,-0.75,-0.5555555555555555,-0.4375,1.6666666666666665,0.8666666666666667,0.6666666666666666,1.515625,1.006858710562414,0.653076171875
711,2025-06-10,Saint Kitts and Nevis,Grenada,2.0,3.0,FIFA World Cup qualification,Basseterre,Saint Kitts and Nevis,0,2025,0,1,717,2025-04-03,145.0,144.0,-1.0,1064.99,1065.0,2025-04-03,174.0,174.0,0.0,955.5,955.0,29.0,109.49,1131.0,1072.0,59.0,-1,-0.3333333333333333,-0.3333333333333333,-0.3333333333333333,-0.5,-0.5555555555555556,-0.625,0.0,0.0,0.0,0.25,0.11111111111111106,0.0625,-0.3333333333333333,-0.3333333333333333,-0.3333333333333333,-0.75,-0.6666666666666666,-0.6875
712,2025-06-10,Costa Rica,Trinidad and Tobago,2.0,1.0,FIFA World Cup qualification,San José,Costa Rica,0,2025,0,1,718,2025-04-03,54.0,54.0,0.0,1459.13,1455.0,2025-04-03,100.0,102.0,2.0,1228.7,1215.0,46.0,230.4300000000001,1653.0,1373.0,280.0,1,0.3333333333333333,0.4,0.2857142857142857,0.667938232421875,0.5192564841349937,0.46978104766458273,0.6666666666666666,0.6666666666666666,0.6666666666666666,0.75,0.5555555555555555,0.4375,-0.3333333333333333,-0.2666666666666666,-0.38095238095238093,-0.082061767578125,-0.03629907142056177,0.03228104766458273
713,2025-06-10,Haiti,Curaçao,1.0,5.0,FIFA World Cup qualification,Oranjestad,Aruba,1,2025,0,1,719,2025-04-03,83.0,86.0,3.0,1291.54,1288.0,2025-04-03,91.0,91.0,0.0,1258.95,1265.0,8.0,32.58999999999992,1538.0,1335.0,203.0,-1,1.0,1.0,1.0,1.0,1.0,1.0,1.0,1.0,1.0,1.0,1.0,1.0,0.0,0.0,0.0,0.0,0.0,0.0
714,2025-06-10,Guyana,Montserrat,3.0,0.0,FIFA World Cup qualification,Leonora,Guyana,0,2025,0,1,720,2025-04-03,152.0,154.0,2.0,1037.92,1031.0,2025-04-03,180.0,181.0,1.0,914.26,914.0,28.0,123.66000000000008,1251.0,1003.0,248.0,1,-0.3333333333333333,-0.3333333333333333,-0.3333333333333333,-0.5,-0.5555555555555556,-0.625,-0.3333333333333333,-0.3333333333333333,-0.3333333333333333,0.0,-0.3333333333333335,-0.5,0.0,0.0,0.0,-0.5,-0.2222222222222221,-0.125
715,2025-06-10,Panama,Nicaragua,3.0,0.0,FIFA World Cup qualification,Panama City,Panama,0,2025,0,1,721,2025-04-03,35.0,36.0,1.0,1507.98,1504.0,2025-04-03,133.0,133.0,0.0,1114.28,1114.0,98.0,393.7000000000001,1726.0,1344.0,382.0,1,0.3333333333333333,0.2,0.42857142857142855,0.43115234375,0.3622095397231301,0.30645978450775146,1.0,1.0,1.0,1.0,1.0,1.0,-0.6666666666666667,-0.8,-0.5714285714285714,-0.56884765625,-0.6377904602768699,-0.6935402154922485
716,2025-06-10,Dominican Republic,Dominica,5.0,0.0,FIFA World Cup qualification,Santo Domingo,Dominican Republic,0,2025,0,1,722,2025-04-03,141.0,141.0,0.0,1085.0,1083.0,2025-04-03,184.0,183.0,-1.0,900.0,900.0,43.0,185.0,1251.0,999.0,252.0,1,-0.3333333333333333,-0.3333333333333333,-0.3333333333333333,-0.5,-0.5555555555555556,-0.625,-0.3333333333333333,-0.3333333333333333,-0.3333333333333333,0.0,-0.3333333333333335,-0.5,0.0,0.0,0.0,-0.5,-0.2222222222222221,-0.125
717,2025-06-10,Jamaica,Guatemala,3.0,0.0,FIFA World Cup qualification,Kingston,Jamaica,0,2025,0,1,723,2025-04-03,63.0,62.0,-1.0,1387.49,1391.0,2025-04-03,106.0,105.0,-1.0,1197.12,1201.0,43.0,190.3700000000001,1569.0,1503.0,66.0,1,-0.3333333333333333,0.2,0.14285714285714285,0.22265625,0.1031854900167657,0.0211639404296875,1.0,1.0,1.0,1.0,1.0,1.0,-1.3333333333333333,-0.8,-0.8571428571428572,-0.77734375,-0.8968145099832343,-0.9788360595703125
718,2025-06-10,El Salvador,Suriname,1.0,1.0,FIFA World Cup qualification,San Salvador,El Salvador,0,2025,0,1,724,2025-04-03,81.0,83.0,2.0,1300.81,1301.0,2025-04-03,137.0,138.0,1.0,1096.6,1097.0,56.0,204.21000000000004,1394.0,1338.0,56.0,0,0.6666666666666666,0.0,-0.14285714285714285,0.6484375,0.3421734491693338,0.141693115234375,1.0,1.0,1.0,1.0,1.0,1.0,-0.33333333333333337,-1.0,-1.1428571428571428,-0.3515625,-0.6578265508306662,-0.858306884765625
719,2025-06-10,Puerto Rico,Saint Vincent and the Grenadines,2.0,1.0,FIFA World Cup qualification,Mayagüez,Puerto Rico,0,2025,0,1,725,2025-04-03,156.0,157.0,1.0,1021.19,1023.0,2025-04-03,172.0,173.0,1.0,966.08,962.0,16.0,55.110000000000014,1141.0,1037.0,104.0,1,0.0,0.0,0.0,-0.25,-0.11111111111111106,-0.0625,-0.3333333333333333,-0.3333333333333333,-0.3333333333333333,0.0,-0.3333333333333335,-0.5,0.3333333333333333,0.3333333333333333,0.3333333333333333,-0.25,0.22222222222222243,0.4375
720,2025-06-10,Saint Lucia,Barbados,2.0,1.0,FIFA World Cup qualification,Gros Islet,Saint Lucia,0,2025,0,1,726,2025-04-03,165.0,167.0,2.0,985.72,986.0,2025-04-03,176.0,177.0,1.0,933.3,933.0,11.0,52.42000000000007,1140.0,955.0,185.0,1,-0.6666666666666666,-0.6666666666666666,-0.6666666666666666,-0.75,-0.7777777777777778,-0.8125,-0.6666666666666666,-0.6666666666666666,-0.6666666666666666,-0.5,-0.6666666666666667,-0.75,0.0,0.0,0.0,-0.25,-0.11111111111111105,-0.0625
721,2025-06-10,San Marino,Austria,0.0,4.0,FIFA World Cup qualification,Serravalle,San Marino,0,2025,0,1,727,2025-04-03,210.0,210.0,0.0,741.35,747.0,2025-04-03,22.0,22.0,0.0,1580.21,1590.0,-188.0,-838.86,845.0,1871.0,-1026.0,-1,-1.0,-1.0,-1.0,-1.0,-1.0,-1.0,0.3333333333333333,0.2,0.0,0.375,0.1604938271604937,-0.0078125,-1.3333333333333333,-1.2,-1.0,-1.375,-1.1604938271604937,-0.9921875
722,2025-06-10,Uruguay,Venezuela,2.0,0.0,FIFA World Cup qualification,Montevideo,Uruguay,0,2025,0,1,728,2025-04-03,13.0,11.0,-2.0,1679.49,1696.0,2025-04-03,47.0,47.0,0.0,1476.84,1476.0,34.0,202.6500000000001,1948.0,1750.0,198.0,1,-0.6666666666666666,-0.2,-0.2857142857142857,-0.6018107533454895,-0.44361993669677235,-0.3431700289975872,0.3333333333333333,0.0,-0.14285714285714285,0.5456857681274414,0.26240958462213015,0.1358890190836064,-1.0,-0.2,-0.14285714285714285,-1.147496521472931,-0.7060295213189025,-0.4790590480811936
723,2025-06-10,Netherlands,Malta,8.0,0.0,FIFA World Cup qualification,Groningen,Netherlands,0,2025,0,1,729,2025-04-03,7.0,7.0,0.0,1752.5,1748.0,2025-04-03,169.0,168.0,-1.0,976.36,984.0,162.0,776.14,1938.0,1252.0,686.0,1,0.3333333333333333,0.2,0.2857142857142857,0.41748046875,0.35468283403049444,0.36002135276794434,-0.6666666666666666,-0.6666666666666666,-0.6666666666666666,-0.5,-0.6666666666666667,-0.75,1.0,0.8666666666666667,0.9523809523809523,0.91748046875,1.0213495006971611,1.1100213527679443
724,2025-06-10,Finland,Poland,2.0,1.0,FIFA World Cup qualification,Helsinki,Finland,0,2025,0,1,730,2025-04-03,69.0,69.0,0.0,1359.79,1362.0,2025-04-03,33.0,35.0,2.0,1517.35,1511.0,-36.0,-157.55999999999997,1532.0,1728.0,-196.0,1,0.0,0.0,0.0,-0.25,0.11111111111111129,0.3125,0.6666666666666666,0.0,-0.2857142857142857,0.638671875,0.36330843875425484,0.2575645446777344,-0.6666666666666666,0.0,0.2857142857142857,-0.888671875,-0.25219732764314357,0.054935455322265625
725,2025-06-10,Peru,Ecuador,0.0,0.0,FIFA World Cup qualification,Lima,Peru,0,2025,0,1,731,2025-04-03,42.0,40.0,-2.0,1483.47,1488.0,2025-04-03,24.0,24.0,0.0,1567.95,1560.0,-18.0,-84.48000000000002,1798.0,1910.0,-112.0,0,0.0,-0.2,-0.14285714285714285,-0.2009110450744629,-0.22734115797523707,-0.25231880532578543,0.3333333333333333,0.6,0.42857142857142855,0.22089499235153198,0.32276459235747296,0.34429559337504045,-0.3333333333333333,-0.8,-0.5714285714285714,-0.4218060374259949,-0.55010575033271,-0.5966143987008259
726,2025-06-10,Argentina,Colombia,1.0,1.0,FIFA World Cup qualification,Buenos Aires,Argentina,0,2025,0,1,732,2025-04-03,1.0,1.0,0.0,1886.16,1867.0,2025-04-03,14.0,12.0,-2.0,1679.04,1694.0,13.0,207.1200000000001,2108.0,1977.0,131.0,0,1.0,0.6,0.5714285714285714,0.9216152932494879,0.7950496751442715,0.7137701321843428,-0.3333333333333333,-0.6,-0.42857142857142855,-0.20716023445129395,-0.2734068553527323,-0.25439098767068913,1.3333333333333333,1.2,1.0,1.1287755277007818,1.0684565304970037,0.968161119855032
727,2025-06-10,Brazil,Paraguay,1.0,0.0,FIFA World Cup qualification,São Paulo,Brazil,0,2025,0,1,733,2025-04-03,5.0,5.0,0.0,1776.04,1776.0,2025-04-03,48.0,53.0,5.0,1475.93,1458.0,43.0,300.1099999999999,1996.0,1775.0,221.0,1,0.0,0.0,0.2857142857142857,-0.10337210446596146,-0.006466350622240289,0.050274539608498536,0.6666666666666666,0.6,0.5714285714285714,0.6739559173583984,0.5893532271197056,0.5061806877838535,-0.6666666666666666,-0.6,-0.2857142857142857,-0.7773280218243599,-0.5958195777419459,-0.45590614817535496
728,2025-06-10,Uzbekistan,Qatar,3.0,0.0,FIFA World Cup qualification,Tashkent,Uzbekistan,0,2025,0,1,734,2025-04-03,57.0,58.0,1.0,1436.79,1425.0,2025-04-03,55.0,48.0,-7.0,1456.6,1475.0,-2.0,-19.809999999999945,1684.0,1524.0,160.0,1,0.3333333333333333,0.2,0.2857142857142857,0.17862892150878906,0.27178477560247644,0.328462229033903,0.3333333333333333,0.2,0.14285714285714285,0.3354334831237793,0.21790263637365753,0.19099586968957283,0.0,0.0,0.14285714285714285,-0.15680456161499023,0.053882139228818904,0.13746635934433016
729,2025-06-10,Iran,North Korea,3.0,0.0,FIFA World Cup qualification,Tehran,Iran,0,2025,0,1,735,2025-04-03,17.0,18.0,1.0,1637.39,1635.0,2025-04-03,118.0,115.0,-3.0,1154.3,1164.0,101.0,483.09000000000015,1838.0,1370.0,468.0,1,0.0,0.4,0.42857142857142855,-0.25892797112464905,0.06861998148645962,0.2307232278914939,-0.6666666666666666,-0.8,-0.7142857142857143,-0.485107421875,-0.5838528328324938,-0.5905971229076385,0.6666666666666666,1.2000000000000002,1.1428571428571428,0.22617945075035095,0.6524728143189534,0.8213203507991325
730,2025-06-10,Bolivia,Chile,2.0,0.0,FIFA World Cup qualification,El Alto,Bolivia,0,2025,0,1,736,2025-04-03,80.0,79.0,-1.0,1308.12,1309.0,2025-04-03,52.0,50.0,-2.0,1461.91,1469.0,-28.0,-153.7900000000002,1590.0,1739.0,-149.0,1,-0.6666666666666666,-0.6,-0.42857142857142855,-0.6600341796875,-0.5520284576379232,-0.48936495929956436,-0.6666666666666666,-0.2,-0.42857142857142855,-0.5925731658935547,-0.4998178053395507,-0.48140669737222197,0.0,-0.39999999999999997,0.0,-0.06746101379394531,-0.05221065229837246,-0.007958261927342392
731,2025-06-10,South Korea,Kuwait,4.0,0.0,FIFA World Cup qualification,Seoul,South Korea,0,2025,0,1,737,2025-04-03,23.0,23.0,0.0,1574.9,1585.0,2025-04-03,134.0,134.0,0.0,1111.92,1109.0,111.0,462.98,1774.0,1345.0,429.0,1,0.3333333333333333,0.4,0.5714285714285714,0.5602753758430481,0.5100171655272767,0.5113692987847478,-0.6666666666666666,-0.6,-0.5714285714285714,-0.7884521484375,-0.6501277762828903,-0.5726815238595009,1.0,1.0,1.1428571428571428,1.348727524280548,1.160144941810167,1.0840508226442487
732,2025-06-10,Jordan,Iraq,0.0,1.0,FIFA World Cup qualification,Amman,Jordan,0,2025,0,1,738,2025-04-03,62.0,64.0,2.0,1388.46,1376.0,2025-04-03,59.0,56.0,-3.0,1413.39,1443.0,-3.0,-24.930000000000064,1617.0,1584.0,33.0,-1,0.6666666666666666,0.4,0.2857142857142857,0.6385388374328613,0.53690626846035,0.49290165305751543,-0.6666666666666666,-0.2,-0.14285714285714285,-0.6915299892425537,-0.43631359168870043,-0.2638477962548791,1.3333333333333333,0.6000000000000001,0.42857142857142855,1.330068826675415,0.9732198601490504,0.7567494493123945
733,2025-06-10,Palestine,Oman,1.0,1.0,FIFA World Cup qualification,Amman,Jordan,1,2025,0,1,739,2025-04-03,101.0,101.0,0.0,1224.64,1216.0,2025-04-03,77.0,80.0,3.0,1322.85,1307.0,-24.0,-98.2099999999998,1417.0,1526.0,-109.0,0,0.3333333333333333,0.0,-0.14285714285714285,0.5813140869140625,0.2869269647739254,0.12587986909784377,0.0,0.0,0.0,-0.29413414001464844,-0.18067555447917122,-0.13643801491343766,0.3333333333333333,0.0,-0.14285714285714285,0.8754482269287109,0.4676025192530966,0.2623178840112814
734,2025-06-10,China PR,Bahrain,1.0,0.0,FIFA World Cup qualification,Chongqing,China PR,0,2025,0,1,740,2025-04-03,94.0,90.0,-4.0,1252.74,1266.0,2025-04-03,85.0,81.0,-4.0,1286.02,1306.0,-9.0,-33.27999999999997,1400.0,1461.0,-61.0,1,-1.0,-0.6,-0.42857142857142855,-0.9051170349121094,-0.762603531275807,-0.6714685293409275,-1.0,-0.8,-0.5714285714285714,-0.9078826904296875,-0.7704522643354569,-0.6469058297807351,0.0,0.20000000000000007,0.14285714285714285,0.002765655517578125,0.007848733059649837,-0.024562699560192414
735,2025-06-10,Japan,Indonesia,6.0,0.0,FIFA World Cup qualification,Suita,Japan,0,2025,0,1,741,2025-04-03,15.0,15.0,0.0,1652.63,1653.0,2025-04-03,123.0,127.0,4.0,1142.83,1133.0,108.0,509.8000000000002,1889.0,1397.0,492.0,1,0.0,0.4,0.42857142857142855,-0.2659011483192444,0.06024097047705432,0.22807318272528576,0.3333333333333333,0.2,0.0,0.6413726806640625,0.4024690418477066,0.2771104856801685,-0.3333333333333333,0.2,0.42857142857142855,-0.9072738289833069,-0.34222807137065225,-0.04903730295488273
736,2025-06-10,Saudi Arabia,Australia,1.0,2.0,FIFA World Cup qualification,Jeddah,Saudi Arabia,0,2025,0,1,742,2025-04-03,58.0,59.0,1.0,1421.84,1407.0,2025-04-03,26.0,26.0,0.0,1554.59,1544.0,-32.0,-132.75,1536.0,1719.0,-183.0,-1,0.6666666666666666,0.2,0.0,0.5582550764083862,0.37435343946558514,0.28608644223710833,1.0,0.6,0.5714285714285714,0.8826740439981222,0.7414740398023418,0.654377981394714,-0.33333333333333337,-0.39999999999999997,-0.5714285714285714,-0.324418967589736,-0.3671206003367567,-0.3682915391576057
737,2025-06-10,Kyrgyzstan,United Arab Emirates,1.0,1.0,FIFA World Cup qualification,Bishkek,Kyrgyzstan,0,2025,0,1,743,2025-04-03,103.0,107.0,4.0,1205.67,1194.0,2025-04-03,65.0,63.0,-2.0,1382.73,1386.0,-38.0,-177.05999999999997,1266.0,1504.0,-238.0,0,0.0,-0.4,-0.2857142857142857,0.03350830078125,-0.10485021611750645,-0.17763338796794415,0.0,0.4,0.14285714285714285,0.20200538635253906,0.2004335679027262,0.19826698617725924,0.0,-0.8,-0.42857142857142855,-0.16849708557128906,-0.30528378402023265,-0.3759003741452034
738,2025-09-03,Seychelles,Gabon,0.0,4.0,FIFA World Cup qualification,Saint Pierre,Mauritius,1,2025,0,1,744,2025-07-10,203.0,203.0,0.0,820.71,821.0,2025-07-10,80.0,79.0,-1.0,1306.59,1310.0,-123.0,-485.8799999999999,859.0,1494.0,-635.0,-1,-1.0,-1.0,-1.0,-1.0,-1.0,-1.0,1.0,0.6,0.6666666666666666,0.875,0.8024691358024691,0.7890625,-2.0,-1.6,-1.6666666666666665,-1.875,-1.8024691358024691,-1.7890625
739,2025-09-04,Mali,Comoros,3.0,0.0,FIFA World Cup qualification,Berkane,Morocco,1,2025,0,1,745,2025-07-10,54.0,53.0,-1.0,1454.72,1460.0,2025-07-10,107.0,105.0,-2.0,1198.51,1203.0,53.0,256.21000000000004,1631.0,1340.0,291.0,1,0.3333333333333333,-0.2,0.0,0.1650390625,0.08254161797828917,0.01613903045654297,0.3333333333333333,0.2,0.3333333333333333,0.375,0.3580246913580247,0.4140625,0.0,-0.4,-0.3333333333333333,-0.2099609375,-0.27548307337973554,-0.39792346954345703
740,2025-09-04,Luxembourg,Northern Ireland,1.0,3.0,FIFA World Cup qualification,Luxembourg,Luxembourg,0,2025,0,1,746,2025-07-10,92.0,91.0,-1.0,1260.17,1262.0,2025-07-10,71.0,71.0,0.0,1351.01,1349.0,-21.0,-90.83999999999992,1455.0,1561.0,-106.0,-1,,,,,,,,,,,,,,,,,,
741,2025-09-04,Slovakia,Germany,2.0,0.0,FIFA World Cup qualification,Bratislava,Slovakia,0,2025,0,1,747,2025-07-10,52.0,46.0,-6.0,1466.56,1478.0,2025-07-10,9.0,10.0,1.0,1716.98,1717.0,-43.0,-250.42000000000007,1665.0,1971.0,-306.0,1,0.0,0.0,0.0,0.0,0.3333333333333335,0.5,0.0,0.4,0.42857142857142855,-0.1484375,0.03886602652034758,0.04791259765625,0.0,-0.4,-0.42857142857142855,0.1484375,0.2944673068129859,0.45208740234375
742,2025-09-04,Georgia,Turkey,2.0,3.0,FIFA World Cup qualification,Tbilisi,Georgia,0,2025,0,1,748,2025-07-10,67.0,68.0,1.0,1375.23,1373.0,2022-03-31,43.0,39.0,-4.0,1461.81,1472.72,-24.0,-86.57999999999993,1650.0,1774.0,-124.0,-1,0.0,-0.25,-0.25,-0.375,-0.40740740740740744,-0.484375,0.3333333333333333,0.2,0.0,-0.1875,-0.12757201646090538,-0.185546875,-0.3333333333333333,-0.45,-0.25,-0.1875,-0.27983539094650206,-0.298828125
743,2025-09-04,Bulgaria,Spain,0.0,3.0,FIFA World Cup qualification,Sofia,Bulgaria,0,2025,0,1,749,2025-07-10,84.0,85.0,1.0,1284.42,1289.0,2025-07-10,2.0,2.0,0.0,1867.09,1855.0,-82.0,-582.6699999999998,1451.0,2178.0,-727.0,-1,,,,,,,1.0,1.0,1.0,0.9912109375,0.9458077190130231,0.897801399230957,,,,,,
744,2025-09-04,Liechtenstein,Belgium,0.0,6.0,FIFA World Cup qualification,Vaduz,Liechtenstein,0,2025,0,1,750,2025-07-10,204.0,205.0,1.0,811.65,814.0,2025-07-10,8.0,8.0,0.0,1736.38,1736.0,-196.0,-924.73,977.0,1851.0,-874.0,-1,-1.0,-1.0,-1.0,-1.0,-1.0,-1.0,0.0,0.2,0.0,0.390625,0.22664228014022247,0.195892333984375,-1.0,-1.2,-1.0,-1.390625,-1.2266422801402226,-1.195892333984375
745,2025-09-04,Netherlands,Poland,1.0,1.0,FIFA World Cup qualification,Rotterdam,Netherlands,0,2025,0,1,751,2025-07-10,7.0,6.0,-1.0,1758.18,1752.0,2025-07-10,37.0,34.0,-3.0,1502.39,1517.0,30.0,255.79,1938.0,1682.0,256.0,0,0.3333333333333333,0.6,0.2857142857142857,0.708740234375,0.5697885560203296,0.5200160145759583,0.3333333333333333,0.0,-0.2857142857142857,-0.1806640625,-0.09112770749716334,-0.05682659149169922,0.0,0.6,0.5714285714285714,0.889404296875,0.660916263517493,0.5768426060676575
746,2025-09-04,Kazakhstan,Wales,0.0,1.0,FIFA World Cup qualification,Astana,Kazakhstan,0,2025,0,1,752,2025-07-10,114.0,113.0,-1.0,1165.49,1178.0,2025-07-10,31.0,29.0,-2.0,1528.94,1536.0,-83.0,-363.4500000000001,1425.0,1701.0,-276.0,-1,-0.3333333333333333,-0.3333333333333333,-0.3333333333333333,-0.5,-0.5555555555555556,-0.625,0.0,0.0,-0.14285714285714285,-0.2265625,-0.0635573845450388,0.03802490234375,-0.3333333333333333,-0.3333333333333333,-0.19047619047619047,-0.2734375,-0.4919981710105168,-0.66302490234375
747,2025-09-04,Suriname,Panama,0.0,0.0,FIFA World Cup qualification,Paramaribo,Suriname,0,2025,0,1,753,2025-07-10,136.0,137.0,1.0,1099.98,1097.0,2025-07-10,30.0,33.0,3.0,1545.08,1518.0,-106.0,-445.0999999999999,1411.0,1726.0,-315.0,0,0.6666666666666666,0.75,0.75,0.5,0.6666666666666667,0.75,0.3333333333333333,0.6,0.42857142857142855,0.715576171875,0.57480635981542,0.4798448383808136,0.3333333333333333,0.15000000000000002,0.32142857142857145,-0.215576171875,0.09186030685124669,0.2701551616191864
748,2025-09-04,Guatemala,El Salvador,0.0,1.0,FIFA World Cup qualification,Guatemala City,Guatemala,0,2025,0,1,754,2025-07-10,100.0,106.0,6.0,1235.64,1197.0,2025-07-10,87.0,81.0,-6.0,1272.7,1301.0,-13.0,-37.059999999999945,1481.0,1389.0,92.0,-1,0.3333333333333333,0.5,0.5,0.0,0.3333333333333335,0.5,0.6666666666666666,0.2,0.0,0.32421875,0.22811563277955588,0.10626983642578125,-0.3333333333333333,0.3,0.5,-0.32421875,0.1052177005537776,0.39373016357421875
749,2025-09-04,Lithuania,Malta,1.0,1.0,FIFA World Cup qualification,Kaunas,Lithuania,0,2025,0,1,755,2025-07-10,143.0,143.0,0.0,1069.2,1073.0,2025-07-10,168.0,169.0,1.0,977.43,976.0,25.0,91.7700000000001,1293.0,1251.0,42.0,0,-0.3333333333333333,-0.3333333333333333,-0.3333333333333333,-0.25,-0.44444444444444453,-0.5625,-0.6666666666666666,-0.75,-0.75,-0.75,-0.7777777777777778,-0.8125,0.3333333333333333,0.4166666666666667,0.4166666666666667,0.5,0.33333333333333326,0.25
750,2025-09-04,Madagascar,Central African Republic,2.0,0.0,FIFA World Cup qualification,Casablanca,Morocco,1,2025,0,1,756,2025-07-10,115.0,115.0,0.0,1162.86,1163.0,2025-07-10,134.0,135.0,1.0,1107.54,1102.0,19.0,55.319999999999936,1325.0,1250.0,75.0,1,0.0,0.4,0.16666666666666666,-0.1875,-0.07818930041152262,-0.115234375,-0.6666666666666666,-0.2,-0.3333333333333333,-0.34375,-0.4032921810699589,-0.4599609375,0.6666666666666666,0.6000000000000001,0.5,0.15625,0.3251028806584363,0.3447265625
751,2025-09-04,São Tomé and Príncipe,Equatorial Guinea,2.0,3.0,FIFA World Cup qualification,Oujda,Morocco,1,2025,0,1,757,2025-07-10,193.0,194.0,1.0,865.08,865.0,2025-07-10,93.0,92.0,-1.0,1251.59,1256.0,-100.0,-386.5099999999999,1062.0,1522.0,-460.0,-1,-1.0,-1.0,-1.0,-1.0,-1.0,-1.0,0.6666666666666666,0.4,0.0,0.3125,0.20576131687242788,0.064453125,-1.6666666666666665,-1.4,-1.0,-1.3125,-1.205761316872428,-1.064453125
752,2025-09-04,Tunisia,Liberia,3.0,0.0,FIFA World Cup qualification,Radès,Tunisia,0,2025,0,1,758,2025-07-10,49.0,49.0,0.0,1471.09,1474.0,2025-07-10,144.0,144.0,0.0,1068.31,1068.0,95.0,402.78,1598.0,1256.0,342.0,1,0.6666666666666666,0.6,0.2857142857142857,0.8111572265625,0.6656010105856842,0.585323378443718,0.3333333333333333,0.4,0.16666666666666666,0.375,0.19341563786008217,0.044921875,0.3333333333333333,0.19999999999999996,0.11904761904761904,0.4361572265625,0.472185372725602,0.540401503443718
753,2025-09-04,Chad,Ghana,1.0,1.0,FIFA World Cup qualification,N'Djamena,Chad,0,2025,0,1,759,2025-07-10,175.0,177.0,2.0,924.6,925.0,2025-07-10,76.0,76.0,0.0,1333.33,1333.0,-99.0,-408.7299999999999,1150.0,1429.0,-279.0,0,-1.0,-1.0,-1.0,-1.0,-1.0,-1.0,1.0,0.8,0.42857142857142855,0.927001953125,0.7599583020504627,0.615504801273346,-2.0,-1.8,-1.4285714285714286,-1.927001953125,-1.7599583020504626,-1.615504801273346
754,2025-09-04,Colombia,Bolivia,3.0,0.0,FIFA World Cup qualification,Barranquilla,Colombia,0,2025,0,1,760,2025-07-10,14.0,14.0,0.0,1679.46,1679.0,2025-07-10,78.0,80.0,2.0,1315.71,1308.0,64.0,363.75,1977.0,1663.0,314.0,1,0.0,-0.4,-0.2857142857142857,-0.10358011722564697,-0.18227123690182154,-0.19079324075301685,0.0,-0.2,-0.42857142857142855,0.16998291015625,-0.03468563842528224,-0.11702371947467327,0.0,-0.2,0.14285714285714285,-0.273563027381897,-0.1475855984765393,-0.07376952127834357
755,2025-09-04,Argentina,Venezuela,3.0,0.0,FIFA World Cup qualification,Buenos Aires,Argentina,0,2025,0,1,761,2025-07-10,1.0,1.0,0.0,1885.36,1886.0,2025-07-10,46.0,47.0,1.0,1477.02,1477.0,45.0,408.3399999999999,2108.0,1745.0,363.0,1,0.6666666666666666,0.8,0.5714285714285714,0.46080764662474394,0.5300331167628477,0.5353275991382571,0.3333333333333333,-0.2,-0.2857142857142857,-0.2271571159362793,-0.15839361025191315,-0.1480832356872952,0.3333333333333333,1.0,0.8571428571428571,0.6879647625610232,0.6884267270147608,0.6834108348255523
756,2025-09-04,Uruguay,Peru,3.0,0.0,FIFA World Cup qualification,Montevideo,Uruguay,0,2025,0,1,762,2025-07-10,16.0,13.0,-3.0,1670.75,1679.0,2025-07-10,42.0,42.0,0.0,1489.98,1483.0,26.0,180.77,1948.0,1744.0,204.0,1,0.0,-0.2,0.0,0.19909462332725525,0.037586708868818326,-0.0073775217481903965,-0.3333333333333333,-0.2,-0.2857142857142857,-0.10045552253723145,-0.1515607719834914,-0.18923910399433908,0.3333333333333333,0.0,0.2857142857142857,0.2995501458644867,0.18914748085230973,0.18186158224614868
757,2025-09-04,Brazil,Chile,3.0,0.0,FIFA World Cup qualification,Rio de Janeiro,Brazil,0,2025,0,1,763,2025-07-10,5.0,5.0,0.0,1777.68,1776.0,2025-07-10,57.0,52.0,-5.0,1441.62,1462.0,52.0,336.0600000000002,1996.0,1689.0,307.0,1,0.0,0.2,0.2857142857142857,0.44831394776701927,0.3290224329185064,0.2877059047063739,-0.6666666666666666,-0.4,-0.42857142857142855,-0.7962865829467773,-0.6665452035597005,-0.6110550230291665,0.6666666666666666,0.6000000000000001,0.7142857142857142,1.2446005307137966,0.9955676364782069,0.8987609277355404
758,2025-09-04,Paraguay,Ecuador,0.0,0.0,FIFA World Cup qualification,Asunción,Paraguay,0,2025,0,1,764,2025-07-10,43.0,48.0,5.0,1486.68,1476.0,2025-07-10,25.0,24.0,-1.0,1570.68,1568.0,-18.0,-84.0,1775.0,1910.0,-135.0,0,0.0,0.2,0.42857142857142855,-0.16302204132080078,0.05956881807980386,0.12963551583789013,0.0,0.4,0.42857142857142855,0.11044749617576599,0.215176394904982,0.25822169503128034,0.0,-0.2,0.0,-0.2734695374965668,-0.15560757682517815,-0.12858617919339022
759,2025-09-04,Angola,Libya,0.0,1.0,FIFA World Cup qualification,Luanda,Angola,0,2025,0,1,765,2025-07-10,85.0,87.0,2.0,1279.55,1280.0,2025-07-10,117.0,117.0,0.0,1155.19,1155.0,32.0,124.3599999999999,1543.0,1347.0,196.0,-1,-0.3333333333333333,0.0,0.0,-0.4375,-0.2345679012345678,-0.14453125,-0.6666666666666666,-0.2,0.0,-0.53125,-0.251028806584362,-0.0478515625,0.3333333333333333,0.2,0.0,0.09375,0.01646090534979419,-0.0966796875
760,2025-09-04,Cameroon,Eswatini,3.0,0.0,FIFA World Cup qualification,Yaoundé,Cameroon,0,2025,0,1,766,2025-07-10,51.0,50.0,-1.0,1466.97,1466.0,2025-07-10,155.0,155.0,0.0,1022.87,1023.0,104.0,444.1,1578.0,1233.0,345.0,1,0.3333333333333333,0.2,0.2857142857142857,0.5419921875,0.40057692199134043,0.30730485916137695,-0.3333333333333333,-0.6,-0.6666666666666666,-0.25,-0.44444444444444453,-0.5625,0.6666666666666666,0.8,0.9523809523809523,0.7919921875,0.845021366435785,0.869804859161377
761,2025-09-04,Mauritius,Cape Verde,0.0,2.0,FIFA World Cup qualification,Saint Pierre,Mauritius,0,2025,0,1,767,2025-07-10,177.0,178.0,1.0,921.61,922.0,2025-07-10,73.0,72.0,-1.0,1343.68,1344.0,-104.0,-422.0700000000001,1094.0,1472.0,-378.0,-1,0.0,-0.2,-0.3333333333333333,-0.21875,-0.3045267489711935,-0.3896484375,1.0,0.4,0.42857142857142855,0.8349609375,0.690020152754492,0.6091527938842773,-1.0,-0.6000000000000001,-0.7619047619047619,-1.0537109375,-0.9945469017256855,-0.9988012313842773
762,2025-09-04,Algeria,Botswana,3.0,1.0,FIFA World Cup qualification,Tizi Ouzou,Algeria,0,2025,0,1,768,2025-07-10,36.0,36.0,0.0,1503.8,1507.0,2025-07-10,135.0,136.0,1.0,1101.2,1101.0,99.0,402.5999999999999,1685.0,1326.0,359.0,1,1.0,0.2,0.14285714285714285,0.787109375,0.5802807837558637,0.48949623107910156,0.3333333333333333,0.2,0.0,0.3125,0.09465020576131675,-0.060546875,0.6666666666666667,0.0,0.14285714285714285,0.474609375,0.4856305779945469,0.5500431060791016
763,2025-09-04,Guinea-Bissau,Sierra Leone,1.0,1.0,FIFA World Cup qualification,Bissau,Guinea-Bissau,0,2025,0,1,769,2025-07-10,131.0,128.0,-3.0,1119.53,1128.0,2025-07-10,124.0,124.0,0.0,1140.06,1140.0,-7.0,-20.529999999999973,1411.0,1333.0,78.0,0,-0.6666666666666666,-0.6,-0.2857142857142857,-0.765625,-0.5775034293552811,-0.457275390625,0.0,0.0,0.0,-0.21875,-0.07818930041152258,-0.0361328125,-0.6666666666666666,-0.6,-0.2857142857142857,-0.546875,-0.4993141289437585,-0.421142578125
764,2025-09-05,Ukraine,France,0.0,2.0,FIFA World Cup qualification,Wrocław,Poland,1,2025,0,1,770,2025-07-10,26.0,25.0,-1.0,1557.21,1560.0,2025-07-10,3.0,3.0,0.0,1862.03,1853.0,-23.0,-304.81999999999994,1799.0,2055.0,-256.0,-1,0.0,0.0,0.0,0.0,0.22222222222222235,0.375,0.0,0.0,0.14285714285714285,-0.3525390625,-0.09432279406368708,0.05527830123901367,0.0,0.0,-0.14285714285714285,0.3525390625,0.3165450162859094,0.31972169876098633
765,2025-09-05,Denmark,Scotland,0.0,0.0,FIFA World Cup qualification,Copenhagen,Denmark,0,2025,0,1,771,2025-07-10,21.0,21.0,0.0,1621.25,1618.0,2025-07-10,47.0,44.0,-3.0,1474.69,1480.0,26.0,146.55999999999997,1864.0,1759.0,105.0,0,-0.6666666666666666,-0.6,-0.6,-0.6875,-0.5802469135802468,-0.49609375,-0.6666666666666666,-0.75,-0.75,-0.75,-0.7777777777777778,-0.8125,0.0,0.15000000000000002,0.15000000000000002,0.0625,0.19753086419753096,0.31640625
766,2025-09-05,Greece,Belarus,5.0,1.0,FIFA World Cup qualification,Athens,Greece,0,2025,0,1,772,2025-07-10,39.0,40.0,1.0,1497.82,1490.0,2025-07-10,97.0,98.0,1.0,1237.24,1235.0,58.0,260.5799999999999,1838.0,1492.0,346.0,1,,,,,,,,,,,,,,,,,,
767,2025-09-05,Iceland,Azerbaijan,5.0,0.0,FIFA World Cup qualification,Reykjavík,Iceland,0,2025,0,1,773,2025-07-10,74.0,74.0,0.0,1337.93,1337.0,2025-07-10,122.0,119.0,-3.0,1148.01,1151.0,48.0,189.92000000000007,1550.0,1365.0,185.0,1,,,,,,,,,,,,,,,,,,
768,2025-09-05,Italy,Estonia,5.0,0.0,FIFA World Cup qualification,Bergamo,Italy,0,2025,0,1,774,2025-07-10,11.0,9.0,-2.0,1702.57,1718.0,2025-07-10,126.0,121.0,-5.0,1131.34,1144.0,115.0,571.23,1943.0,1357.0,586.0,1,-0.6666666666666666,-0.8,-0.8,-0.875,-0.8518518518518519,-0.859375,-1.0,-1.0,-1.0,-1.0,-1.0,-1.0,0.33333333333333337,0.19999999999999996,0.19999999999999996,0.125,0.14814814814814814,0.140625
769,2025-09-05,Nicaragua,Costa Rica,1.0,1.0,FIFA World Cup qualification,Managua,Nicaragua,0,2025,0,1,775,2025-07-10,130.0,133.0,3.0,1120.02,1114.0,2025-07-10,40.0,54.0,14.0,1493.85,1459.0,-90.0,-373.8299999999999,1325.0,1658.0,-333.0,0,0.3333333333333333,0.5,0.5,0.0,0.3333333333333335,0.5,1.0,0.4,0.5714285714285714,0.8339691162109375,0.6795043227566624,0.602335785748437,-0.6666666666666667,0.09999999999999998,-0.0714285714285714,-0.8339691162109375,-0.3461709894233289,-0.10233578574843705
770,2025-09-05,Faroe Islands,Croatia,0.0,1.0,FIFA World Cup qualification,Tórshavn,Faroe Islands,0,2025,0,1,776,2025-07-10,141.0,141.0,0.0,1089.74,1085.0,2025-07-10,10.0,11.0,1.0,1707.51,1699.0,-131.0,-617.77,1248.0,1886.0,-638.0,-1,-0.3333333333333333,-0.3333333333333333,-0.3333333333333333,0.0,-0.3333333333333335,-0.5,0.6666666666666666,0.2,0.14285714285714285,0.72705078125,0.5101243599948064,0.38730835914611816,-1.0,-0.5333333333333333,-0.47619047619047616,-0.72705078125,-0.8434576933281399,-0.8873083591461182
771,2025-09-05,Montenegro,Czech Republic,0.0,2.0,FIFA World Cup qualification,Podgorica,Montenegro,0,2025,0,1,777,2025-07-10,77.0,73.0,-4.0,1327.28,1337.0,2022-03-31,33.0,31.0,-2.0,1500.62,1510.42,-44.0,-173.33999999999992,1516.0,1753.0,-237.0,-1,0.3333333333333333,0.3333333333333333,0.3333333333333333,0.0,0.3333333333333335,0.5,0.3333333333333333,0.2,0.0,-0.109375,-0.017832647462277088,-0.073486328125,0.0,0.1333333333333333,0.3333333333333333,0.109375,0.35116598079561057,0.573486328125
772,2025-09-05,Bermuda,Jamaica,0.0,4.0,FIFA World Cup qualification,Devonshire Parish,Bermuda,0,2025,0,1,778,2025-07-10,162.0,168.0,6.0,1000.04,978.0,2025-04-03,63.0,62.0,-1.0,1387.49,1391.0,-99.0,-387.4500000000001,1169.0,1588.0,-419.0,-1,0.3333333333333333,0.25,0.25,0.625,0.40740740740740733,0.296875,0.3333333333333333,0.2,0.42857142857142855,0.611328125,0.40212366001117705,0.2658729553222656,0.0,0.04999999999999999,-0.17857142857142855,0.013671875,0.005283747396230276,0.031002044677734375
773,2025-09-05,Trinidad and Tobago,Curaçao,0.0,0.0,FIFA World Cup qualification,Port of Spain,Trinidad and Tobago,0,2025,0,1,779,2025-07-10,101.0,100.0,-1.0,1229.11,1230.0,2025-07-10,86.0,90.0,4.0,1277.22,1265.0,-15.0,-48.11000000000013,1395.0,1335.0,60.0,0,0.3333333333333333,0.25,0.25,-0.125,0.0370370370370371,0.078125,1.0,1.0,1.0,1.0,1.0,1.0,-0.6666666666666667,-0.75,-0.75,-1.125,-0.9629629629629629,-0.921875
774,2025-09-05,Switzerland,Kosovo,4.0,0.0,FIFA World Cup qualification,Basel,Switzerland,0,2025,0,1,780,2025-07-10,19.0,20.0,1.0,1635.09,1625.0,2025-07-10,95.0,97.0,2.0,1247.71,1238.0,76.0,387.3799999999999,1814.0,1527.0,287.0,1,0.3333333333333333,0.4,0.2857142857142857,0.2734375,0.29294314891022716,0.318511962890625,,,,,,,,,,,,
775,2025-09-05,Slovenia,Sweden,2.0,2.0,FIFA World Cup qualification,Ljubljana,Slovenia,0,2025,0,1,782,2025-07-10,50.0,51.0,1.0,1469.76,1463.0,2025-07-10,29.0,28.0,-1.0,1545.43,1536.0,-21.0,-75.67000000000007,1752.0,1744.0,8.0,0,0.0,0.0,0.0,0.0,0.0,0.0,0.0,0.0,0.0,0.0,0.3333333333333335,0.5,0.0,0.0,0.0,0.0,-0.3333333333333335,-0.5
776,2025-09-05,Haiti,Honduras,0.0,0.0,FIFA World Cup qualification,Willemstad,Curaçao,1,2025,0,1,783,2025-07-10,90.0,83.0,-7.0,1261.42,1292.0,2025-07-10,66.0,75.0,9.0,1379.84,1334.0,-24.0,-118.41999999999985,1538.0,1562.0,-24.0,0,0.3333333333333333,0.5,0.5,0.0,0.3333333333333335,0.5,1.0,0.6,0.2857142857142857,0.8828125,0.6342021033379056,0.41168212890625,-0.6666666666666667,-0.09999999999999998,0.2142857142857143,-0.8828125,-0.30086877000457213,0.08831787109375
777,2025-09-05,Uganda,Mozambique,4.0,0.0,FIFA World Cup qualification,Kampala,Uganda,0,2025,0,1,784,2025-07-10,88.0,89.0,1.0,1269.37,1274.0,2025-07-10,99.0,96.0,-3.0,1236.18,1239.0,11.0,33.18999999999983,1389.0,1432.0,-43.0,1,-0.3333333333333333,0.2,0.0,0.1875,-0.004115226337448689,-0.130859375,0.3333333333333333,0.4,0.14285714285714285,-0.078125,0.11141594269166297,0.191009521484375,-0.6666666666666666,-0.2,-0.14285714285714285,0.265625,-0.11553116902911166,-0.321868896484375
778,2025-09-05,Namibia,Malawi,1.0,2.0,FIFA World Cup qualification,Francistown,Botswana,1,2025,0,1,785,2025-07-10,108.0,108.0,0.0,1192.29,1192.0,2025-07-10,129.0,132.0,3.0,1121.1,1118.0,21.0,71.19000000000005,1380.0,1256.0,124.0,-1,0.3333333333333333,0.0,0.2857142857142857,0.25,0.28806584362139925,0.345703125,-1.0,-0.6,-0.3333333333333333,-0.8125,-0.5390946502057612,-0.314453125,1.3333333333333333,0.6,0.6190476190476191,1.0625,0.8271604938271604,0.66015625
779,2025-09-05,Djibouti,Burkina Faso,0.0,6.0,FIFA World Cup qualification,Bissau,Guinea-Bissau,1,2025,0,1,786,2025-07-10,191.0,192.0,1.0,865.75,866.0,2025-07-10,63.0,64.0,1.0,1388.03,1385.0,-128.0,-522.28,752.0,1549.0,-797.0,-1,-0.6666666666666666,-0.8,-0.8333333333333334,-0.875,-0.8518518518518519,-0.859375,0.6666666666666666,0.2,0.2857142857142857,0.703125,0.5006858710562414,0.391357421875,-1.3333333333333333,-1.0,-1.119047619047619,-1.578125,-1.3525377229080933,-1.250732421875
780,2025-09-05,Egypt,Ethiopia,2.0,0.0,FIFA World Cup qualification,Cairo,Egypt,0,2025,0,1,787,2025-07-10,34.0,32.0,-2.0,1518.79,1519.0,2025-07-10,146.0,147.0,1.0,1060.62,1061.0,112.0,458.1700000000001,1657.0,1276.0,381.0,1,0.6666666666666666,0.6,0.42857142857142855,0.8154296875,0.6817784100210559,0.6149249076843262,0.0,-0.2,-0.16666666666666666,0.21875,0.04526748971193407,-0.0166015625,0.6666666666666666,0.8,0.5952380952380952,0.5966796875,0.6365109203091218,0.6315264701843262
781,2025-09-05,South Sudan,DR Congo,1.0,4.0,FIFA World Cup qualification,Juba,South Sudan,0,2025,0,1,788,2025-07-10,169.0,170.0,1.0,975.6,976.0,2025-07-10,61.0,61.0,0.0,1412.1,1407.0,-108.0,-436.4999999999999,1136.0,1540.0,-404.0,-1,-0.6666666666666666,-0.4,-0.5,-0.40625,-0.5020576131687243,-0.5654296875,1.0,0.6,0.42857142857142855,0.86700439453125,0.6860744863702858,0.5547144450247288,-1.6666666666666665,-1.0,-0.9285714285714286,-1.27325439453125,-1.1881320995390101,-1.1201441325247288
782,2025-09-05,Mauritania,Togo,2.0,0.0,FIFA World Cup qualification,Nouadhibou,Mauritania,0,2025,0,1,789,2025-07-10,111.0,110.0,-1.0,1173.04,1180.0,2025-07-10,120.0,120.0,0.0,1149.49,1149.0,9.0,23.549999999999955,1331.0,1368.0,-37.0,1,-0.6666666666666666,-0.8,-0.42857142857142855,-0.7109375,-0.6607224508459076,-0.64935302734375,-0.6666666666666666,-0.4,-0.3333333333333333,-0.625,-0.4814814814814814,-0.390625,0.0,-0.4,-0.09523809523809523,-0.0859375,-0.17924096936442624,-0.25872802734375
783,2025-09-05,Benin,Zimbabwe,1.0,0.0,FIFA World Cup qualification,Ebimpé,Ivory Coast,1,2025,0,1,790,2025-07-10,96.0,95.0,-1.0,1238.97,1240.0,2025-07-10,116.0,116.0,0.0,1157.45,1161.0,20.0,81.51999999999998,1476.0,1398.0,78.0,1,0.0,0.2,0.0,-0.34375,-0.21810699588477364,-0.2412109375,-0.3333333333333333,-0.4,-0.3333333333333333,-0.1875,-0.2469135802469136,-0.24609375,0.3333333333333333,0.6000000000000001,0.3333333333333333,-0.15625,0.028806584362139953,0.0048828125
784,2025-09-05,Senegal,Sudan,2.0,0.0,FIFA World Cup qualification,Diamniadio,Senegal,0,2025,0,1,791,2025-07-10,18.0,19.0,1.0,1635.1,1630.0,2025-07-10,110.0,114.0,4.0,1173.59,1174.0,92.0,461.51,1771.0,1383.0,388.0,1,0.6666666666666666,0.4,0.5714285714285714,0.65313720703125,0.5806087529872485,0.5361391473561525,0.3333333333333333,0.6,0.5,0.21875,0.31275720164609055,0.3251953125,0.3333333333333333,-0.19999999999999996,0.0714285714285714,0.43438720703125,0.2678515513411579,0.21094383485615253
785,2025-09-05,Congo,Tanzania,1.0,1.0,FIFA World Cup qualification,Brazzaville,Congo,0,2025,0,1,792,2025-07-10,132.0,125.0,-7.0,1116.26,1136.0,2025-07-10,103.0,107.0,4.0,1209.14,1196.0,-29.0,-92.88000000000012,1261.0,1383.0,-122.0,0,-1.0,-1.0,-1.0,-1.0,-1.0,-1.0,0.0,-0.4,-0.16666666666666666,-0.3125,-0.14403292181069952,-0.009765625,-1.0,-0.6,-0.8333333333333334,-0.6875,-0.8559670781893005,-0.990234375
786,2025-09-05,Morocco,Niger,5.0,0.0,FIFA World Cup qualification,Rabat,Morocco,0,2025,0,1,793,2025-07-10,12.0,12.0,0.0,1698.72,1694.0,2025-07-10,121.0,122.0,1.0,1148.22,1143.0,109.0,550.5,1802.0,1337.0,465.0,1,1.0,0.6,0.5714285714285714,0.9266128540039062,0.8058010814187991,0.7128262455225922,-0.3333333333333333,-0.3333333333333333,-0.3333333333333333,-0.5,-0.5555555555555556,-0.625,1.3333333333333333,0.9333333333333333,0.9047619047619047,1.4266128540039062,1.3613566369743548,1.3378262455225922
787,2025-09-05,Kenya,Gambia,1.0,3.0,FIFA World Cup qualification,Nairobi,Kenya,0,2025,0,1,794,2025-07-10,109.0,111.0,2.0,1179.05,1179.0,2022-03-31,123.0,125.0,2.0,1138.19,1135.18,14.0,40.8599999999999,1376.0,1443.0,-67.0,-1,-0.3333333333333333,0.0,-0.16666666666666666,-0.5,-0.39917695473251025,-0.408203125,-0.6666666666666666,-0.4,-0.5714285714285714,-0.625,-0.5802469135802469,-0.6015625,0.3333333333333333,0.4,0.40476190476190477,0.125,0.1810699588477367,0.193359375
788,2025-09-05,Ivory Coast,Burundi,1.0,0.0,FIFA World Cup qualification,Abidjan,Ivory Coast,0,2025,0,1,795,2025-07-10,45.0,41.0,-4.0,1480.96,1487.0,2025-07-10,139.0,140.0,1.0,1092.51,1086.0,94.0,388.4500000000001,1579.0,1291.0,288.0,1,0.6666666666666666,0.8,0.8571428571428571,0.865234375,0.7889888059069585,0.7384052276611328,0.3333333333333333,0.0,0.16666666666666666,0.375,0.32510288065843623,0.361328125,0.3333333333333333,0.8,0.6904761904761905,0.490234375,0.4638859252485223,0.3770771026611328
789,2025-09-05,Somalia,Guinea,0.0,3.0,FIFA World Cup qualification,Kampala,Uganda,1,2025,0,1,796,2025-07-10,200.0,201.0,1.0,832.13,832.0,2025-07-10,81.0,82.0,1.0,1292.63,1293.0,-119.0,-460.5000000000001,857.0,1466.0,-609.0,-1,-0.6666666666666666,-0.8,-0.8333333333333334,-0.75,-0.7777777777777778,-0.8125,-0.6666666666666666,-0.4,-0.5714285714285714,-0.609375,-0.4631915866483767,-0.3345947265625,0.0,-0.4,-0.261904761904762,-0.140625,-0.3145861911294011,-0.4779052734375
790,2025-09-05,South Africa,Lesotho,3.0,0.0,FIFA World Cup qualification,Bloemfontein,South Africa,0,2025,0,1,797,2025-07-10,56.0,56.0,0.0,1443.31,1445.0,2025-07-10,148.0,148.0,0.0,1046.35,1046.0,92.0,396.96,1576.0,1221.0,355.0,1,0.3333333333333333,0.2,0.14285714285714285,0.37939453125,0.28551240871517247,0.2623063325881958,0.0,0.2,0.16666666666666666,0.1875,0.17283950617283947,0.15234375,0.3333333333333333,0.0,-0.023809523809523808,0.19189453125,0.112672902542333,0.1099625825881958
791,2025-09-06,San Marino,Bosnia and Herzegovina,0.0,6.0,FIFA World Cup qualification,Serravalle,San Marino,0,2025,0,1,798,2025-07-10,210.0,210.0,0.0,738.24,741.0,2025-07-10,72.0,70.0,-2.0,1349.11,1351.0,-138.0,-610.8699999999999,845.0,1485.0,-640.0,-1,-1.0,-1.0,-1.0,-1.0,-1.0,-1.0,1.0,1.0,1.0,1.0,1.0,1.0,-2.0,-2.0,-2.0,-2.0,-2.0,-2.0
792,2025-09-06,England,Andorra,2.0,0.0,FIFA World Cup qualification,London,England,0,2025,0,1,799,2025-07-10,4.0,4.0,0.0,1813.32,1819.0,2025-07-10,174.0,173.0,-1.0,953.95,957.0,170.0,859.3699999999999,2006.0,1066.0,940.0,1,1.0,0.6,0.5714285714285714,0.85247802734375,0.7127842559715524,0.6372410543262959,-1.0,-1.0,-1.0,-1.0,-1.0,-1.0,2.0,1.6,1.5714285714285714,1.85247802734375,1.7127842559715525,1.6372410543262959
793,2025-09-06,Austria,Cyprus,1.0,0.0,FIFA World Cup qualification,Linz,Austria,0,2025,0,1,800,2025-07-10,22.0,22.0,0.0,1591.25,1580.0,2025-07-10,128.0,129.0,1.0,1124.35,1128.0,106.0,466.9000000000001,1871.0,1299.0,572.0,1,0.3333333333333333,0.6,0.14285714285714285,0.6875,0.44032921810699577,0.244140625,-0.3333333333333333,-0.3333333333333333,-0.3333333333333333,-0.5,-0.11111111111111091,0.125,0.6666666666666666,0.9333333333333333,0.47619047619047616,1.1875,0.5514403292181067,0.119140625
794,2025-09-06,Latvia,Serbia,0.0,1.0,FIFA World Cup qualification,Riga,Latvia,0,2025,0,1,801,2025-07-10,137.0,138.0,1.0,1099.3,1092.0,2025-07-10,32.0,31.0,-1.0,1523.03,1524.0,-105.0,-423.73,1301.0,1838.0,-537.0,-1,0.0,0.0,0.0,0.0,0.22222222222222235,0.375,0.0,-0.2,-0.3333333333333333,0.28125,-0.045267489711934325,-0.2333984375,0.0,0.2,0.3333333333333333,-0.28125,0.26748971193415666,0.6083984375
795,2025-09-06,Republic of Ireland,Hungary,2.0,2.0,FIFA World Cup qualification,Dublin,Republic of Ireland,0,2025,0,1,802,2025-07-10,60.0,60.0,0.0,1412.76,1412.0,2025-07-10,38.0,37.0,-1.0,1500.73,1503.0,-22.0,-87.97000000000003,1633.0,1701.0,-68.0,0,,,,,,,-0.3333333333333333,-0.3333333333333333,-0.3333333333333333,0.0,-0.3333333333333335,-0.5,,,,,,
796,2025-09-06,Nigeria,Rwanda,1.0,0.0,FIFA World Cup qualification,Uyo,Nigeria,0,2025,0,1,803,2025-07-10,44.0,43.0,-1.0,1484.27,1481.0,2025-07-10,127.0,130.0,3.0,1125.47,1127.0,83.0,358.79999999999995,1657.0,1271.0,386.0,1,0.0,-0.2,0.0,0.1015625,0.03749428440786464,0.01226806640625,0.0,0.0,0.0,-0.15625,-0.10699588477366254,-0.0732421875,0.0,-0.2,0.0,0.2578125,0.14449016918152718,0.08551025390625
797,2025-09-06,Armenia,Portugal,0.0,5.0,FIFA World Cup qualification,Yerevan,Armenia,0,2025,0,1,804,2025-07-10,105.0,102.0,-3.0,1204.77,1208.0,2025-07-10,6.0,7.0,1.0,1770.53,1750.0,-99.0,-565.76,1470.0,1993.0,-523.0,-1,,,,,,,-0.3333333333333333,0.2,0.14285714285714285,-0.0390625,0.021338210638622204,0.095855712890625,,,,,,
798,2025-09-07,Belgium,Kazakhstan,6.0,0.0,FIFA World Cup qualification,Anderlecht,Belgium,0,2025,0,1,805,2025-07-10,8.0,8.0,0.0,1736.38,1736.0,2025-07-10,114.0,113.0,-1.0,1165.49,1178.0,106.0,570.8900000000001,1851.0,1425.0,426.0,1,0.6666666666666666,0.2,0.14285714285714285,0.6953125,0.48442818676014826,0.39691925048828125,-0.3333333333333333,-0.5,-0.5,-0.75,-0.7037037037037037,-0.71875,1.0,0.7,0.6428571428571428,1.4453125,1.188131890463852,1.1156692504882812
799,2025-09-07,Poland,Finland,3.0,1.0,FIFA World Cup qualification,Chorzów,Poland,0,2025,0,1,806,2025-07-10,37.0,34.0,-3.0,1502.39,1517.0,2025-07-10,69.0,69.0,0.0,1371.55,1360.0,32.0,130.84000000000017,1682.0,1556.0,126.0,1,0.0,0.2,-0.14285714285714285,-0.09033203125,-0.0607518049981089,-0.042619943618774414,0.0,0.25,0.25,0.375,0.40740740740740744,0.484375,0.0,-0.04999999999999999,-0.39285714285714285,-0.46533203125,-0.46815921240551633,-0.5269949436187744
800,2025-09-07,Lithuania,Netherlands,2.0,3.0,FIFA World Cup qualification,Kaunas,Lithuania,0,2025,0,1,807,2025-07-10,143.0,143.0,0.0,1069.2,1073.0,2025-07-10,7.0,6.0,-1.0,1758.18,1752.0,-136.0,-688.98,1293.0,1938.0,-645.0,-1,0.0,-0.25,-0.25,-0.125,-0.2962962962962964,-0.421875,0.6666666666666666,0.4,0.2857142857142857,0.3543701171875,0.3798590373468865,0.3900120109319687,-0.6666666666666666,-0.65,-0.5357142857142857,-0.4793701171875,-0.6761553336431829,-0.8118870109319687
801,2025-09-07,Turkey,Spain,0.0,6.0,FIFA World Cup qualification,Konya,Turkey,0,2025,0,1,808,2022-03-31,43.0,39.0,-4.0,1461.81,1472.72,2025-07-10,2.0,2.0,0.0,1867.09,1855.0,-41.0,-405.28,1774.0,2178.0,-404.0,-1,0.3333333333333333,0.2,0.14285714285714285,0.40625,0.24828532235939632,0.11083984375,1.0,1.0,1.0,0.99560546875,0.9638718126753487,0.9233510494232178,-0.6666666666666667,-0.8,-0.8571428571428572,-0.58935546875,-0.7155864903159523,-0.8125112056732178
802,2025-09-07,North Macedonia,Liechtenstein,5.0,0.0,FIFA World Cup qualification,Skopje,North Macedonia,0,2025,0,1,809,2025-07-10,62.0,67.0,5.0,1390.79,1376.0,2025-07-10,204.0,205.0,1.0,811.65,814.0,142.0,579.14,1551.0,977.0,574.0,1,0.3333333333333333,0.2,0.3333333333333333,0.5625,0.4979423868312757,0.513671875,-1.0,-1.0,-1.0,-1.0,-1.0,-1.0,1.3333333333333333,1.2,1.3333333333333333,1.5625,1.4979423868312756,1.513671875
803,2025-09-07,Luxembourg,Slovakia,0.0,1.0,FIFA World Cup qualification,Luxembourg,Luxembourg,0,2025,0,1,810,2025-07-10,92.0,91.0,-1.0,1260.17,1262.0,2025-07-10,52.0,46.0,-6.0,1466.56,1478.0,-40.0,-206.38999999999987,1455.0,1665.0,-210.0,-1,-1.0,-1.0,-1.0,-1.0,-1.0,-1.0,0.3333333333333333,0.3333333333333333,0.3333333333333333,0.5,0.5555555555555556,0.625,-1.3333333333333333,-1.3333333333333333,-1.3333333333333333,-1.5,-1.5555555555555556,-1.625
804,2025-09-07,Germany,Northern Ireland,3.0,1.0,FIFA World Cup qualification,Cologne,Germany,0,2025,0,1,811,2025-07-10,9.0,10.0,1.0,1716.98,1717.0,2025-07-10,71.0,71.0,0.0,1351.01,1349.0,62.0,365.97,1971.0,1561.0,410.0,1,-0.3333333333333333,0.0,0.2857142857142857,-0.57421875,-0.30742264898643484,-0.2140655517578125,1.0,1.0,1.0,1.0,1.0,1.0,-1.3333333333333333,-1.0,-0.7142857142857143,-1.57421875,-1.307422648986435,-1.2140655517578125
805,2025-09-07,Central African Republic,Comoros,0.0,2.0,FIFA World Cup qualification,Meknes,Morocco,1,2025,0,1,812,2025-07-10,134.0,135.0,1.0,1107.54,1102.0,2025-07-10,107.0,105.0,-2.0,1198.51,1203.0,-27.0,-90.97000000000004,1250.0,1340.0,-90.0,-1,-0.6666666666666666,-0.4,-0.42857142857142855,-0.671875,-0.6021947873799726,-0.594970703125,-0.3333333333333333,-0.2,0.14285714285714285,-0.3125,-0.09465020576131675,0.060546875,-0.3333333333333333,-0.2,-0.5714285714285714,-0.359375,-0.5075445816186558,-0.655517578125
806,2025-09-07,Georgia,Bulgaria,3.0,0.0,FIFA World Cup qualification,Tbilisi,Georgia,0,2025,0,1,813,2025-07-10,67.0,68.0,1.0,1375.23,1373.0,2025-07-10,84.0,85.0,1.0,1284.42,1289.0,17.0,90.80999999999996,1650.0,1451.0,199.0,1,-0.3333333333333333,-0.4,-0.4,-0.6875,-0.6049382716049383,-0.61328125,-1.0,-1.0,-1.0,-1.0,-1.0,-1.0,0.6666666666666667,0.6,0.6,0.3125,0.3950617283950617,0.38671875
807,2025-09-08,Switzerland,Slovenia,3.0,0.0,FIFA World Cup qualification,Basel,Switzerland,0,2025,0,1,814,2025-07-10,19.0,20.0,1.0,1635.09,1625.0,2025-07-10,50.0,51.0,1.0,1469.76,1463.0,31.0,165.32999999999993,1814.0,1752.0,62.0,1,0.6666666666666666,0.4,0.2857142857142857,0.63671875,0.5286287659401514,0.48888397216796875,0.0,0.0,0.0,0.0,0.0,0.0,0.6666666666666666,0.4,0.2857142857142857,0.63671875,0.5286287659401514,0.48888397216796875
808,2025-09-08,Panama,Guatemala,1.0,1.0,FIFA World Cup qualification,Panama City,Panama,0,2025,0,1,815,2025-07-10,30.0,33.0,3.0,1545.08,1518.0,2025-07-10,100.0,106.0,6.0,1235.64,1197.0,70.0,309.4399999999998,1726.0,1481.0,245.0,0,0.6666666666666666,0.4,0.2857142857142857,0.3577880859375,0.38320423987694674,0.3598836287856102,-0.3333333333333333,0.2,0.2,-0.5,-0.11111111111111091,0.125,1.0,0.2,0.08571428571428569,0.8577880859375,0.4943153509880577,0.2348836287856102
809,2025-09-08,El Salvador,Suriname,1.0,2.0,FIFA World Cup qualification,San Salvador,El Salvador,0,2025,0,1,816,2025-07-10,87.0,81.0,-6.0,1272.7,1301.0,2025-07-10,136.0,137.0,1.0,1099.98,1097.0,49.0,172.72000000000003,1389.0,1411.0,-22.0,-1,0.6666666666666666,0.6,0.14285714285714285,0.662109375,0.4854104218530372,0.32970237731933594,0.3333333333333333,0.6,0.6,0.25,0.44444444444444453,0.5625,0.3333333333333333,0.0,-0.45714285714285713,0.412109375,0.040965977408592646,-0.23279762268066406
810,2025-09-08,Gibraltar,Faroe Islands,0.0,1.0,FIFA World Cup qualification,Gibraltar,Gibraltar,0,2025,0,1,817,2025-07-10,199.0,196.0,-3.0,835.17,843.0,2025-07-10,141.0,141.0,0.0,1089.74,1085.0,-58.0,-254.57000000000005,1051.0,1248.0,-197.0,-1,-1.0,-1.0,-1.0,-1.0,-1.0,-1.0,-0.3333333333333333,-0.5,-0.5,-0.5,-0.5555555555555556,-0.625,-0.6666666666666667,-0.5,-0.5,-0.5,-0.4444444444444444,-0.375
811,2025-09-08,Croatia,Montenegro,4.0,0.0,FIFA World Cup qualification,Zagreb,Croatia,0,2025,0,1,818,2025-07-10,10.0,11.0,1.0,1707.51,1699.0,2025-07-10,77.0,73.0,-4.0,1327.28,1337.0,67.0,380.23,1886.0,1516.0,370.0,1,1.0,0.6,0.42857142857142855,0.863525390625,0.6734162399965375,0.5404812693595886,-0.3333333333333333,0.0,0.0,-0.5,-0.11111111111111091,0.125,1.3333333333333333,0.6,0.42857142857142855,1.363525390625,0.7845273511076485,0.4154812693595886
812,2025-09-08,Israel,Italy,4.0,5.0,FIFA World Cup qualification,Debrecen,Hungary,1,2025,0,1,819,2025-07-10,75.0,78.0,3.0,1336.52,1322.0,2025-07-10,11.0,9.0,-2.0,1702.57,1718.0,-64.0,-366.05,1629.0,1943.0,-314.0,-1,0.3333333333333333,0.3333333333333333,0.3333333333333333,0.5,0.5555555555555556,0.625,-0.3333333333333333,-0.4,-0.5,0.0625,-0.23456790123456805,-0.39453125,0.6666666666666666,0.7333333333333334,0.8333333333333333,0.4375,0.7901234567901236,1.01953125
813,2025-09-08,Greece,Denmark,0.0,3.0,FIFA World Cup qualification,Athens,Greece,0,2025,0,1,820,2025-07-10,39.0,40.0,1.0,1497.82,1490.0,2025-07-10,21.0,21.0,0.0,1621.25,1618.0,-18.0,-123.43000000000006,1838.0,1864.0,-26.0,-1,1.0,1.0,1.0,1.0,1.0,1.0,-0.3333333333333333,-0.6,-0.5,-0.34375,-0.38683127572016457,-0.3720703125,1.3333333333333333,1.6,1.5,1.34375,1.3868312757201646,1.3720703125
814,2025-09-08,Belarus,Scotland,0.0,2.0,FIFA World Cup qualification,Zalaegerszeg,Hungary,1,2025,0,1,821,2025-07-10,97.0,98.0,1.0,1237.24,1235.0,2025-07-10,47.0,44.0,-3.0,1474.69,1480.0,-50.0,-237.45000000000005,1492.0,1759.0,-267.0,-1,-1.0,-1.0,-1.0,-1.0,-1.0,-1.0,-0.3333333333333333,-0.6,-0.6,-0.375,-0.5185185185185186,-0.609375,-0.6666666666666667,-0.4,-0.4,-0.625,-0.4814814814814814,-0.390625
815,2025-09-08,Kosovo,Sweden,2.0,0.0,FIFA World Cup qualification,Pristina,Kosovo,0,2025,0,1,822,2025-07-10,95.0,97.0,2.0,1247.71,1238.0,2025-07-10,29.0,28.0,-1.0,1545.43,1536.0,-66.0,-297.72,1527.0,1744.0,-217.0,1,-1.0,-1.0,-1.0,-1.0,-1.0,-1.0,0.0,0.0,0.0,0.0,0.22222222222222235,0.375,-1.0,-1.0,-1.0,-1.0,-1.2222222222222223,-1.375
816,2025-09-08,Zambia,Morocco,0.0,2.0,FIFA World Cup qualification,Ndola,Zambia,0,2025,0,1,823,2025-07-10,83.0,88.0,5.0,1285.32,1276.0,2025-07-10,12.0,12.0,0.0,1698.72,1694.0,-71.0,-413.4000000000001,1523.0,1802.0,-279.0,-1,-1.0,-0.8,-0.5,-0.875,-0.6378600823045266,-0.419921875,1.0,1.0,0.7142857142857143,0.9633064270019531,0.8705340542791994,0.7846196841419442,-2.0,-1.8,-1.2142857142857144,-1.8383064270019531,-1.5083941365837261,-1.2045415591419442
817,2025-09-08,Madagascar,Chad,3.0,1.0,FIFA World Cup qualification,Casablanca,Morocco,1,2025,0,1,824,2025-07-10,115.0,115.0,0.0,1162.86,1163.0,2025-07-10,175.0,177.0,2.0,924.6,925.0,60.0,238.25999999999988,1325.0,1150.0,175.0,1,0.3333333333333333,0.4,0.2857142857142857,0.40625,0.2812071330589848,0.16357421875,-0.6666666666666666,-0.8,-0.8571428571428571,-0.5,-0.6666666666666667,-0.75,1.0,1.2000000000000002,1.1428571428571428,0.90625,0.9478737997256516,0.91357421875
818,2025-09-08,Malawi,Liberia,2.0,2.0,FIFA World Cup qualification,Lilongwe,Malawi,0,2025,0,1,825,2025-07-10,129.0,132.0,3.0,1121.1,1118.0,2025-07-10,144.0,144.0,0.0,1068.31,1068.0,15.0,52.78999999999997,1256.0,1256.0,0.0,0,-0.3333333333333333,-0.2,-0.14285714285714285,0.09375,-0.026063100137174243,0.01416015625,-0.3333333333333333,0.0,0.0,-0.3125,-0.20438957475994513,-0.21630859375,0.0,-0.2,-0.14285714285714285,0.40625,0.17832647462277088,0.23046875
819,2025-09-08,Equatorial Guinea,Tunisia,0.0,1.0,FIFA World Cup qualification,Malabo,Equatorial Guinea,0,2025,0,1,826,2025-07-10,93.0,92.0,-1.0,1251.59,1256.0,2025-07-10,49.0,49.0,0.0,1471.09,1474.0,-44.0,-219.5,1522.0,1598.0,-76.0,-1,0.6666666666666666,0.4,0.2857142857142857,0.65625,0.47050754458161853,0.29833984375,1.0,0.8,0.5714285714285714,0.90557861328125,0.7770673403904561,0.6889925338327885,-0.33333333333333337,-0.4,-0.2857142857142857,-0.24932861328125,-0.3065597958088376,-0.39065269008278847
820,2025-09-08,Uganda,Somalia,2.0,0.0,FIFA World Cup qualification,Kampala,Uganda,0,2025,0,1,827,2025-07-10,88.0,89.0,1.0,1269.37,1274.0,2025-07-10,200.0,201.0,1.0,832.13,832.0,112.0,437.2399999999999,1389.0,857.0,532.0,1,0.3333333333333333,0.2,0.14285714285714285,0.59375,0.3305898491083675,0.15185546875,-0.6666666666666666,-0.8,-0.8571428571428571,-0.875,-0.8518518518518519,-0.859375,1.0,1.0,1.0,1.46875,1.1824417009602193,1.01123046875
821,2025-09-08,Guinea,Algeria,0.0,0.0,FIFA World Cup qualification,Casablanca,Morocco,1,2025,0,1,828,2025-07-10,81.0,82.0,1.0,1292.63,1293.0,2025-07-10,36.0,36.0,0.0,1503.8,1507.0,-45.0,-211.16999999999985,1466.0,1685.0,-219.0,0,0.0,0.0,-0.2857142857142857,0.1953125,0.024538942234415443,-0.000946044921875,1.0,0.6,0.2857142857142857,0.8935546875,0.7201871891705758,0.6171221733093262,-1.0,-0.6,-0.5714285714285714,-0.6982421875,-0.6956482469361603,-0.6180682182312012
822,2025-09-08,Mozambique,Botswana,2.0,0.0,FIFA World Cup qualification,Maputo,Mozambique,0,2025,0,1,829,2025-07-10,99.0,96.0,-3.0,1236.18,1239.0,2025-07-10,135.0,136.0,1.0,1101.2,1101.0,36.0,134.98000000000002,1432.0,1326.0,106.0,1,-0.3333333333333333,0.2,0.0,-0.5390625,-0.25905603820555795,-0.10674285888671875,-0.3333333333333333,-0.2,-0.14285714285714285,-0.34375,-0.2702331961591221,-0.29541015625,0.0,0.4,0.14285714285714285,-0.1953125,0.011177157953564165,0.18866729736328125
823,2025-09-08,Libya,Eswatini,2.0,0.0,FIFA World Cup qualification,Benghazi,Libya,0,2025,0,1,830,2025-07-10,117.0,117.0,0.0,1155.19,1155.0,2025-07-10,155.0,155.0,0.0,1022.87,1023.0,38.0,132.32000000000005,1347.0,1233.0,114.0,1,0.0,0.0,0.14285714285714285,0.234375,0.16598079561042525,0.214111328125,-0.3333333333333333,-0.6,-0.7142857142857143,-0.625,-0.6296296296296297,-0.671875,0.3333333333333333,0.6,0.8571428571428572,0.859375,0.7956104252400549,0.885986328125
824,2025-09-08,Guinea-Bissau,Djibouti,2.0,0.0,FIFA World Cup qualification,Bissau,Guinea-Bissau,0,2025,0,1,831,2025-07-10,131.0,128.0,-3.0,1119.53,1128.0,2025-07-10,191.0,192.0,1.0,865.75,866.0,60.0,253.78,1411.0,752.0,659.0,1,-0.6666666666666666,-0.4,-0.2857142857142857,-0.3828125,-0.3850022862368541,-0.34295654296875,-1.0,-0.8,-0.8571428571428571,-0.9375,-0.9012345679012346,-0.89453125,0.33333333333333337,0.4,0.5714285714285714,0.5546875,0.5162322816643805,0.55157470703125
825,2025-09-08,Ghana,Mali,1.0,0.0,FIFA World Cup qualification,Accra,Ghana,0,2025,0,1,832,2025-07-10,76.0,76.0,0.0,1333.33,1333.0,2025-07-10,54.0,53.0,-1.0,1454.72,1460.0,-22.0,-121.3900000000001,1429.0,1631.0,-202.0,1,0.6666666666666666,0.8,0.5714285714285714,0.4635009765625,0.5066388680336419,0.46162860095500946,0.6666666666666666,0.2,0.0,0.58251953125,0.3883610786521927,0.2621042728424072,0.0,0.6000000000000001,0.5714285714285714,-0.1190185546875,0.11827778938144917,0.19952432811260223
826,2025-09-09,Namibia,São Tomé and Príncipe,3.0,0.0,FIFA World Cup qualification,Francistown,Botswana,1,2025,0,1,833,2025-07-10,108.0,108.0,0.0,1192.29,1192.0,2025-07-10,193.0,194.0,1.0,865.08,865.0,85.0,327.2099999999999,1380.0,1062.0,318.0,1,0.0,0.0,0.0,-0.375,-0.14128943758573373,0.00927734375,-1.0,-1.0,-1.0,-1.0,-1.0,-1.0,1.0,1.0,1.0,0.625,0.8587105624142662,1.00927734375
827,2025-09-09,Azerbaijan,Ukraine,1.0,1.0,FIFA World Cup qualification,Baku,Azerbaijan,0,2025,0,1,834,2025-07-10,122.0,119.0,-3.0,1148.01,1151.0,2025-07-10,26.0,25.0,-1.0,1557.21,1560.0,-96.0,-409.2000000000001,1365.0,1799.0,-434.0,0,-1.0,-1.0,-1.0,-1.0,-1.0,-1.0,-0.6666666666666666,-0.25,-0.25,-0.5,-0.185185185185185,0.03125,-0.33333333333333337,-0.75,-0.75,-0.5,-0.814814814814815,-1.03125
828,2025-09-09,France,Iceland,2.0,1.0,FIFA World Cup qualification,Paris,France,0,2025,0,1,835,2025-07-10,3.0,3.0,0.0,1862.03,1853.0,2025-07-10,74.0,74.0,0.0,1337.93,1337.0,71.0,524.0999999999999,2055.0,1550.0,505.0,1,0.0,0.2,0.2857142857142857,0.32373046875,0.27045147062420855,0.29145872592926025,1.0,1.0,1.0,1.0,1.0,1.0,-1.0,-0.8,-0.7142857142857143,-0.67626953125,-0.7295485293757915,-0.7085412740707397
829,2025-09-09,Armenia,Republic of Ireland,2.0,1.0,FIFA World Cup qualification,Yerevan,Armenia,0,2025,0,1,836,2025-07-10,105.0,102.0,-3.0,1204.77,1208.0,2025-07-10,60.0,60.0,0.0,1412.76,1412.0,-45.0,-207.99,1470.0,1633.0,-163.0,1,-1.0,-1.0,-1.0,-1.0,-1.0,-1.0,0.0,0.0,0.0,0.0,0.0,0.0,-1.0,-1.0,-1.0,-1.0,-1.0,-1.0
830,2025-09-09,Hungary,Portugal,2.0,3.0,FIFA World Cup qualification,Budapest,Hungary,0,2025,0,1,837,2025-07-10,38.0,37.0,-1.0,1500.73,1503.0,2025-07-10,6.0,7.0,1.0,1770.53,1750.0,-32.0,-269.79999999999995,1701.0,1993.0,-292.0,-1,0.0,-0.25,-0.25,0.0,-0.22222222222222235,-0.375,0.3333333333333333,0.2,0.14285714285714285,0.48046875,0.3475588070924147,0.32189178466796875,-0.3333333333333333,-0.45,-0.39285714285714285,-0.48046875,-0.569781029314637,-0.6968917846679688
831,2025-09-09,Bosnia and Herzegovina,Austria,1.0,2.0,FIFA World Cup qualification,Zenica,Bosnia and Herzegovina,0,2025,0,1,838,2025-07-10,72.0,70.0,-2.0,1349.11,1351.0,2025-07-10,22.0,22.0,0.0,1591.25,1580.0,-50.0,-242.1400000000001,1485.0,1871.0,-386.0,-1,1.0,1.0,1.0,1.0,1.0,1.0,1.0,0.6,0.42857142857142855,0.84375,0.6268861454046638,0.43310546875,0.0,0.4,0.5714285714285714,0.15625,0.3731138545953362,0.56689453125
832,2025-09-09,Cyprus,Romania,2.0,2.0,FIFA World Cup qualification,Nicosia,Cyprus,0,2025,0,1,839,2025-07-10,128.0,129.0,1.0,1124.35,1128.0,2025-07-10,48.0,45.0,-3.0,1474.46,1479.0,-80.0,-350.1100000000001,1299.0,1681.0,-382.0,0,-1.0,-0.5,-0.5,-0.75,-0.4074074074074072,-0.15625,0.3333333333333333,-0.2,-0.3333333333333333,0.25,-0.03703703703703717,-0.21875,-1.3333333333333333,-0.3,-0.16666666666666669,-1.0,-0.3703703703703701,0.0625
833,2025-09-09,Jamaica,Trinidad and Tobago,2.0,0.0,FIFA World Cup qualification,Kingston,Jamaica,0,2025,0,1,840,2025-04-03,63.0,62.0,-1.0,1387.49,1391.0,2025-07-10,101.0,100.0,-1.0,1229.11,1230.0,38.0,158.3800000000001,1588.0,1395.0,193.0,1,1.0,0.2,0.42857142857142855,0.8056640625,0.6014157733407847,0.4494047164916992,0.0,0.2,0.2,-0.0625,0.024691358024691402,0.05859375,1.0,0.0,0.22857142857142854,0.8681640625,0.5767244153160933,0.3908109664916992
834,2025-09-09,Albania,Latvia,1.0,0.0,FIFA World Cup qualification,Tirana,Albania,0,2025,0,1,841,2025-07-10,68.0,66.0,-2.0,1373.15,1376.0,2025-07-10,137.0,138.0,1.0,1099.3,1092.0,69.0,273.85000000000014,1627.0,1301.0,326.0,1,0.3333333333333333,-0.2,-0.16666666666666666,0.03125,-0.01646090534979427,-0.0439453125,-0.6666666666666666,-0.25,-0.25,-0.5,-0.185185185185185,0.03125,1.0,0.04999999999999999,0.08333333333333334,0.53125,0.16872427983539073,-0.0751953125
835,2025-09-09,Serbia,England,0.0,5.0,FIFA World Cup qualification,Belgrade,Serbia,0,2025,0,1,842,2025-07-10,32.0,31.0,-1.0,1523.03,1524.0,2025-07-10,4.0,4.0,0.0,1813.32,1819.0,-28.0,-290.29,1838.0,2006.0,-168.0,-1,0.6666666666666666,0.0,-0.14285714285714285,0.640625,0.3031550068587104,0.074951171875,1.0,0.6,0.5714285714285714,0.926239013671875,0.8085228373143682,0.7279307907447219,-0.33333333333333337,-0.6,-0.7142857142857142,-0.285614013671875,-0.5053678304556579,-0.6529796188697219
836,2025-09-09,Curaçao,Bermuda,3.0,2.0,FIFA World Cup qualification,Willemstad,Curaçao,0,2025,0,1,843,2025-07-10,86.0,90.0,4.0,1277.22,1265.0,2025-07-10,162.0,168.0,6.0,1000.04,978.0,76.0,277.18000000000006,1335.0,1169.0,166.0,1,0.6666666666666666,0.8,0.8,0.5,0.6666666666666667,0.75,0.3333333333333333,0.0,0.0,-0.1875,-0.06172839506172834,-0.02734375,0.3333333333333333,0.8,0.8,0.6875,0.7283950617283951,0.77734375
837,2025-09-09,Costa Rica,Haiti,3.0,3.0,FIFA World Cup qualification,San José,Costa Rica,0,2025,0,1,844,2025-07-10,40.0,54.0,14.0,1493.85,1459.0,2025-07-10,90.0,83.0,-7.0,1261.42,1292.0,50.0,232.42999999999984,1658.0,1538.0,120.0,0,0.6666666666666666,0.4,0.42857142857142855,0.41698455810546875,0.453002881837775,0.4517518393113278,0.0,0.4,0.4,0.0,0.22222222222222235,0.375,0.6666666666666666,0.0,0.028571428571428525,0.41698455810546875,0.23078065961555264,0.07675183931132779
838,2025-09-09,Honduras,Nicaragua,2.0,0.0,FIFA World Cup qualification,Tegucigalpa,Honduras,0,2025,0,1,845,2025-07-10,66.0,75.0,9.0,1379.84,1334.0,2025-07-10,130.0,133.0,3.0,1120.02,1114.0,64.0,259.81999999999994,1562.0,1325.0,237.0,1,0.6666666666666666,0.8,0.2857142857142857,0.44140625,0.42280140222527046,0.3087615966796875,0.0,0.4,0.4,0.0,0.22222222222222235,0.375,0.6666666666666666,0.4,-0.11428571428571432,0.44140625,0.2005791800030481,-0.0662384033203125
839,2025-09-09,Gabon,Ivory Coast,0.0,0.0,FIFA World Cup qualification,Franceville,Gabon,0,2025,0,1,846,2025-07-10,80.0,79.0,-1.0,1306.59,1310.0,2025-07-10,45.0,41.0,-4.0,1480.96,1487.0,-35.0,-174.37000000000012,1494.0,1579.0,-85.0,0,1.0,0.6,0.7142857142857143,0.9375,0.8683127572016461,0.841796875,1.0,0.8,0.8571428571428571,0.9326171875,0.859325870604639,0.8038039207458496,0.0,-0.20000000000000007,-0.1428571428571428,0.0048828125,0.008986886597007082,0.03799295425415039
840,2025-09-09,Kenya,Seychelles,5.0,0.0,FIFA World Cup qualification,Nairobi,Kenya,0,2025,0,1,848,2025-07-10,109.0,111.0,2.0,1179.05,1179.0,2025-07-10,203.0,203.0,0.0,820.71,821.0,94.0,358.3399999999999,1376.0,859.0,517.0,1,-0.6666666666666666,-0.4,-0.2857142857142857,-0.75,-0.5994513031550068,-0.55615234375,-1.0,-1.0,-1.0,-1.0,-1.0,-1.0,0.33333333333333337,0.6,0.7142857142857143,0.25,0.40054869684499317,0.44384765625
841,2025-09-09,Gambia,Burundi,2.0,0.0,FIFA World Cup qualification,Nairobi,Kenya,1,2025,0,1,849,2022-03-31,123.0,125.0,2.0,1138.19,1135.18,2025-07-10,139.0,140.0,1.0,1092.51,1086.0,16.0,45.680000000000064,1443.0,1291.0,152.0,1,0.0,0.0,-0.2857142857142857,0.1875,-0.05349794238683141,-0.201171875,-0.3333333333333333,0.0,0.0,-0.3125,-0.11659807956104241,0.02099609375,0.3333333333333333,0.0,-0.2857142857142857,0.5,0.06310013717421101,-0.22216796875
842,2025-09-09,Angola,Mauritius,3.0,1.0,FIFA World Cup qualification,Luanda,Angola,0,2025,0,1,850,2025-07-10,85.0,87.0,2.0,1279.55,1280.0,2025-07-10,177.0,178.0,1.0,921.61,922.0,92.0,357.93999999999994,1543.0,1094.0,449.0,1,-0.6666666666666666,-0.2,-0.14285714285714285,-0.71875,-0.4897119341563785,-0.3583984375,-0.6666666666666666,-0.4,-0.42857142857142855,-0.609375,-0.5363511659807956,-0.542236328125,0.0,0.2,0.2857142857142857,-0.109375,0.04663923182441709,0.183837890625
843,2025-09-09,Ecuador,Argentina,1.0,0.0,FIFA World Cup qualification,Guayaquil,Ecuador,0,2025,0,1,851,2025-07-10,25.0,24.0,-1.0,1570.68,1568.0,2025-07-10,1.0,1.0,0.0,1885.36,1886.0,-24.0,-314.67999999999984,1910.0,2108.0,-198.0,1,0.0,0.2,0.42857142857142855,0.055223748087882996,0.14345092993665468,0.19366627127346026,0.6666666666666666,0.8,0.5714285714285714,0.730403823312372,0.6866887445085651,0.6514956993536929,-0.6666666666666666,-0.6000000000000001,-0.14285714285714285,-0.675180075224489,-0.5432378145719104,-0.45782942808023264
844,2025-09-09,Peru,Paraguay,0.0,1.0,FIFA World Cup qualification,Lima,Peru,0,2025,0,1,852,2025-07-10,42.0,42.0,0.0,1489.98,1483.0,2025-07-10,43.0,48.0,5.0,1486.68,1476.0,1.0,3.2999999999999545,1744.0,1775.0,-31.0,-1,-0.3333333333333333,-0.2,-0.2857142857142857,-0.5502277612686157,-0.4343738479889942,-0.3919293279957543,0.0,0.2,0.2857142857142857,-0.08151102066040039,0.03971254538653591,0.0972266368784176,-0.3333333333333333,-0.4,-0.5714285714285714,-0.46871674060821533,-0.4740863933755301,-0.4891559648741719
845,2025-09-09,Bolivia,Brazil,1.0,0.0,FIFA World Cup qualification,El Alto,Bolivia,0,2025,0,1,853,2025-07-10,78.0,80.0,2.0,1315.71,1308.0,2025-07-10,5.0,5.0,0.0,1777.68,1776.0,-73.0,-461.97,1663.0,1996.0,-333.0,1,-0.3333333333333333,-0.4,-0.42857142857142855,-0.415008544921875,-0.3564570922835214,-0.33776778960600495,0.6666666666666666,0.4,0.2857142857142857,0.7241569738835096,0.5526816219456709,0.46577942852978044,-1.0,-0.8,-0.7142857142857142,-1.1391655188053846,-0.9091387142291923,-0.8035472181357854
846,2025-09-09,Venezuela,Colombia,3.0,6.0,FIFA World Cup qualification,Maturín,Venezuela,0,2025,0,1,854,2025-07-10,46.0,47.0,1.0,1477.02,1477.0,2025-07-10,14.0,14.0,0.0,1679.46,1679.0,-32.0,-202.44000000000003,1745.0,1977.0,-232.0,-1,-0.3333333333333333,-0.2,-0.2857142857142857,-0.6135785579681396,-0.43892907350127536,-0.3610624267654714,0.3333333333333333,0.0,-0.2857142857142857,0.4482099413871765,0.21181917539878556,0.10690506943523737,-0.6666666666666666,-0.2,0.0,-1.0617884993553162,-0.6507482489000609,-0.46796749620070877
847,2025-09-09,Chile,Uruguay,0.0,0.0,FIFA World Cup qualification,Santiago,Chile,0,2025,0,1,855,2025-07-10,57.0,52.0,-5.0,1441.62,1462.0,2025-07-10,16.0,13.0,-3.0,1670.75,1679.0,-41.0,-229.1300000000001,1689.0,1948.0,-259.0,0,-1.0,-0.8,-0.42857142857142855,-0.8981432914733887,-0.7776968023731337,-0.7082912672718749,0.3333333333333333,0.0,0.14285714285714285,0.5995473116636276,0.3583911392458788,0.2444668586888572,-1.3333333333333333,-0.8,-0.5714285714285714,-1.4976906031370163,-1.1360879416190124,-0.9527581259607321
848,2025-09-09,Burkina Faso,Egypt,0.0,0.0,FIFA World Cup qualification,Ouagadougou,Burkina Faso,0,2025,0,1,856,2025-07-10,63.0,64.0,1.0,1388.03,1385.0,2025-07-10,34.0,32.0,-2.0,1518.79,1519.0,-29.0,-130.76,1549.0,1657.0,-108.0,0,1.0,0.4,0.42857142857142855,0.8515625,0.6671239140374943,0.54351806640625,1.0,0.8,0.5714285714285714,0.90771484375,0.7878522733473705,0.7111936807632446,0.0,-0.4,-0.14285714285714285,-0.05615234375,-0.12072835930987624,-0.16767561435699463
849,2025-09-09,Togo,Sudan,1.0,0.0,FIFA World Cup qualification,Lomé,Togo,0,2025,0,1,857,2025-07-10,120.0,120.0,0.0,1149.49,1149.0,2025-07-10,110.0,114.0,4.0,1173.59,1174.0,-10.0,-24.09999999999991,1368.0,1383.0,-15.0,1,-0.6666666666666666,-0.6,-0.42857142857142855,-0.8125,-0.6543209876543209,-0.54296875,-0.3333333333333333,0.2,0.2857142857142857,-0.390625,-0.12482853223593954,-0.006103515625,-0.3333333333333333,-0.8,-0.7142857142857142,-0.421875,-0.5294924554183813,-0.536865234375
850,2025-09-09,Sierra Leone,Ethiopia,2.0,0.0,FIFA World Cup qualification,Monrovia,Liberia,1,2025,0,1,858,2025-07-10,124.0,124.0,0.0,1140.06,1140.0,2025-07-10,146.0,147.0,1.0,1060.62,1061.0,22.0,79.44000000000005,1333.0,1276.0,57.0,1,0.0,0.2,0.0,-0.109375,-0.052126200274348396,-0.027099609375,-0.3333333333333333,-0.2,-0.2857142857142857,-0.390625,-0.30315500685871055,-0.262451171875,0.3333333333333333,0.4,0.2857142857142857,0.28125,0.25102880658436216,0.2353515625
851,2025-09-09,Mauritania,South Sudan,0.0,0.0,FIFA World Cup qualification,Nouadhibou,Mauritania,0,2025,0,1,859,2025-07-10,111.0,110.0,-1.0,1173.04,1180.0,2025-07-10,169.0,170.0,1.0,975.6,976.0,58.0,197.44,1331.0,1136.0,195.0,0,0.0,-0.4,-0.2857142857142857,0.14453125,-0.10714830056393855,-0.2370147705078125,-0.6666666666666666,-0.6,-0.5714285714285714,-0.703125,-0.6680384087791496,-0.674072265625,0.6666666666666666,0.19999999999999996,0.2857142857142857,0.84765625,0.560890108215211,0.4370574951171875
852,2025-09-09,Zimbabwe,Rwanda,0.0,1.0,FIFA World Cup qualification,Johannesburg,South Africa,1,2025,0,1,860,2025-07-10,116.0,116.0,0.0,1157.45,1161.0,2025-07-10,127.0,130.0,3.0,1125.47,1127.0,11.0,31.98000000000001,1398.0,1271.0,127.0,-1,-0.3333333333333333,-0.6,-0.42857142857142855,-0.59375,-0.4979423868312757,-0.4345703125,-0.6666666666666666,-0.4,-0.14285714285714285,-0.578125,-0.4046639231824416,-0.304931640625,0.3333333333333333,-0.19999999999999996,-0.2857142857142857,-0.015625,-0.09327846364883408,-0.129638671875
853,2025-09-09,South Africa,Nigeria,1.0,1.0,FIFA World Cup qualification,Bloemfontein,South Africa,0,2025,0,1,861,2025-07-10,56.0,56.0,0.0,1443.31,1445.0,2025-07-10,44.0,43.0,-1.0,1484.27,1481.0,-12.0,-40.96000000000004,1576.0,1657.0,-81.0,0,0.3333333333333333,0.4,0.2857142857142857,0.689697265625,0.5236749391434483,0.44672974944114685,0.6666666666666666,0.2,0.0,0.55078125,0.35832952293857634,0.2592010498046875,-0.3333333333333333,0.2,0.2857142857142857,0.138916015625,0.16534541620487198,0.18752869963645935
854,2025-09-09,Benin,Lesotho,4.0,0.0,FIFA World Cup qualification,Abidjan,Ivory Coast,1,2025,0,1,862,2025-07-10,96.0,95.0,-1.0,1238.97,1240.0,2025-07-10,148.0,148.0,0.0,1046.35,1046.0,52.0,192.6200000000001,1476.0,1221.0,255.0,1,0.0,0.4,0.14285714285714285,0.328125,0.18792866941015082,0.069091796875,0.0,0.0,0.0,-0.40625,-0.2181069958847736,-0.1357421875,0.0,0.4,0.14285714285714285,0.734375,0.4060356652949244,0.204833984375
855,2025-09-09,Cape Verde,Cameroon,1.0,0.0,FIFA World Cup qualification,Praia,Cape Verde,0,2025,0,1,863,2025-07-10,73.0,72.0,-1.0,1343.68,1344.0,2025-07-10,51.0,50.0,-1.0,1466.97,1466.0,-22.0,-123.28999999999996,1472.0,1578.0,-106.0,1,1.0,0.6,0.5714285714285714,0.91748046875,0.7933467685029947,0.706864595413208,0.6666666666666666,0.6,0.2857142857142857,0.77099609375,0.6003846146608935,0.4804786443710327,0.33333333333333337,0.0,0.2857142857142857,0.146484375,0.19296215384210114,0.2263859510421753
856,2025-09-09,Tanzania,Niger,0.0,1.0,FIFA World Cup qualification,Unguja,Tanzania,0,2025,0,1,864,2025-07-10,103.0,107.0,4.0,1209.14,1196.0,2025-07-10,121.0,122.0,1.0,1148.22,1143.0,18.0,60.92000000000007,1383.0,1337.0,46.0,-1,0.0,-0.2,-0.14285714285714285,-0.15625,-0.09602194787379968,-0.00732421875,-0.3333333333333333,-0.5,-0.5,-0.75,-0.7037037037037037,-0.71875,0.3333333333333333,0.3,0.35714285714285715,0.59375,0.607681755829904,0.71142578125
857,2025-09-09,DR Congo,Senegal,2.0,3.0,FIFA World Cup qualification,Kinshasa,DR Congo,0,2025,0,1,865,2025-07-10,61.0,61.0,0.0,1412.1,1407.0,2025-07-10,18.0,19.0,1.0,1635.1,1630.0,-43.0,-223.0,1540.0,1771.0,-231.0,-1,1.0,0.8,0.42857142857142855,0.933502197265625,0.7907163242468571,0.6660358337685466,0.6666666666666666,0.6,0.5714285714285714,0.826568603515625,0.7204058353248323,0.6521043605171144,0.33333333333333337,0.20000000000000007,-0.14285714285714285,0.10693359375,0.07031048892202485,0.01393147325143218
858,2025-10-08,Niger,Congo,3.0,1.0,FIFA World Cup qualification,Ouagadougou,Burkina Faso,1,2025,0,1,866,2025-09-18,117.0,121.0,4.0,1158.73,1148.0,2025-09-18,133.0,132.0,-1.0,1119.76,1116.0,16.0,38.97000000000003,1362.0,1261.0,101.0,1,-0.3333333333333333,-0.2,-0.2,0.125,-0.1358024691358026,-0.2890625,-0.6666666666666666,-0.6666666666666666,-0.6666666666666666,-0.5,-0.6666666666666667,-0.75,0.3333333333333333,0.4666666666666666,0.4666666666666666,0.625,0.5308641975308641,0.4609375
859,2025-10-08,Chad,Mali,0.0,2.0,FIFA World Cup qualification,N'Djamena,Chad,0,2025,0,1,867,2025-09-18,175.0,175.0,0.0,925.82,925.0,2025-09-18,56.0,54.0,-2.0,1445.83,1455.0,-119.0,-520.0099999999999,1150.0,1631.0,-481.0,-1,-0.6666666666666666,-0.8,-0.8571428571428571,-0.75,-0.7777777777777778,-0.8125,0.0,0.2,-0.14285714285714285,-0.208740234375,-0.07442594756520475,-0.05342179536819458,-0.6666666666666666,-1.0,-0.7142857142857142,-0.541259765625,-0.7033518302125731,-0.7590782046318054
860,2025-10-08,Central African Republic,Ghana,0.0,5.0,FIFA World Cup qualification,El Jadida,Morocco,1,2025,0,1,868,2025-09-18,140.0,134.0,-6.0,1081.36,1108.0,2025-09-18,75.0,76.0,1.0,1340.84,1333.0,-65.0,-259.48,1250.0,1429.0,-179.0,-1,-0.6666666666666666,-0.8,-0.42857142857142855,-0.8359375,-0.7347965249199817,-0.69622802734375,0.6666666666666666,0.8,0.7142857142857143,0.73175048828125,0.6710925786890946,0.5962214507162571,-1.3333333333333333,-1.6,-1.1428571428571428,-1.56768798828125,-1.4058891036090762,-1.292449478060007
861,2025-10-08,Comoros,Madagascar,1.0,2.0,FIFA World Cup qualification,Abidjan,Ivory Coast,1,2025,0,1,869,2025-09-18,105.0,107.0,2.0,1201.83,1199.0,2025-09-18,108.0,115.0,7.0,1187.61,1163.0,3.0,14.220000000000027,1340.0,1325.0,15.0,-1,0.3333333333333333,0.2,0.14285714285714285,0.34375,0.2702331961591221,0.29541015625,0.3333333333333333,0.4,0.5714285714285714,0.703125,0.5208047553726565,0.3726806640625,0.0,-0.2,-0.42857142857142855,-0.359375,-0.25057155921353436,-0.0772705078125
862,2025-10-08,Tanzania,Zambia,0.0,1.0,FIFA World Cup qualification,Unguja,Tanzania,0,2025,0,1,870,2025-09-18,107.0,103.0,-4.0,1199.43,1209.0,2025-09-18,85.0,83.0,-2.0,1273.0,1285.0,-22.0,-73.56999999999994,1363.0,1523.0,-160.0,-1,-0.6666666666666666,-0.2,-0.42857142857142855,-0.578125,-0.39734796524919974,-0.2554931640625,-1.0,-0.8,-0.5714285714285714,-0.9375,-0.7585733882030177,-0.56494140625,0.33333333333333337,0.6000000000000001,0.14285714285714285,0.359375,0.36122542295381793,0.3094482421875
863,2025-10-08,Mauritius,Cameroon,0.0,2.0,FIFA World Cup qualification,Saint Pierre,Mauritius,0,2025,0,1,871,2025-09-18,179.0,177.0,-2.0,912.24,922.0,2025-09-18,52.0,51.0,-1.0,1455.42,1467.0,-127.0,-543.1800000000001,1084.0,1579.0,-495.0,-1,-0.6666666666666666,-0.4,-0.42857142857142855,-0.8046875,-0.6909007773205303,-0.65667724609375,0.3333333333333333,0.2,0.14285714285714285,-0.114501953125,0.06692307644059582,0.11035898327827454,-1.0,-0.6000000000000001,-0.5714285714285714,-0.690185546875,-0.7578238537611262,-0.7670362293720245
864,2025-10-08,Ethiopia,Guinea-Bissau,1.0,0.0,FIFA World Cup qualification,Kigali,Rwanda,1,2025,0,1,872,2025-09-18,147.0,146.0,-1.0,1046.41,1061.0,2025-09-18,130.0,131.0,1.0,1126.81,1120.0,-17.0,-80.39999999999986,1250.0,1411.0,-161.0,1,-0.3333333333333333,-0.4,-0.42857142857142855,-0.6953125,-0.5354366712391403,-0.44683837890625,0.0,-0.2,-0.2857142857142857,0.30859375,0.07666514250876381,-0.0072174072265625,-0.3333333333333333,-0.2,-0.14285714285714285,-1.00390625,-0.6121018137479041,-0.4396209716796875
865,2025-10-08,Libya,Cape Verde,3.0,3.0,FIFA World Cup qualification,Tripoli,Libya,0,2025,0,1,873,2025-09-18,112.0,117.0,5.0,1179.56,1155.0,2025-07-10,73.0,72.0,-1.0,1343.68,1344.0,-39.0,-164.12000000000012,1347.0,1472.0,-125.0,0,0.3333333333333333,0.0,0.14285714285714285,0.6171875,0.4439871970736168,0.41058349609375,1.0,1.0,0.5714285714285714,0.958740234375,0.8622311790019964,0.780148446559906,-0.6666666666666667,-1.0,-0.42857142857142855,-0.341552734375,-0.41824398192837964,-0.369564950466156
866,2025-10-08,Djibouti,Egypt,0.0,3.0,FIFA World Cup qualification,Casablanca,Morocco,1,2025,0,1,874,2025-09-18,193.0,191.0,-2.0,855.91,866.0,2025-09-18,35.0,34.0,-1.0,1519.18,1519.0,-158.0,-663.2700000000001,752.0,1657.0,-905.0,-1,-1.0,-0.8,-0.8571428571428571,-0.96875,-0.934156378600823,-0.9208984375,0.6666666666666666,0.6,0.5714285714285714,0.453857421875,0.5252348488982471,0.5333952605724335,-1.6666666666666665,-1.4,-1.4285714285714284,-1.422607421875,-1.4593912274990701,-1.4542936980724335
867,2025-10-08,Sierra Leone,Burkina Faso,0.0,1.0,FIFA World Cup qualification,Monrovia,Liberia,1,2025,0,1,875,2025-09-18,122.0,124.0,2.0,1150.1,1140.0,2025-09-18,64.0,63.0,-1.0,1385.36,1388.0,-58.0,-235.26,1353.0,1508.0,-155.0,-1,0.0,0.2,0.14285714285714285,0.4453125,0.2985825331504343,0.22967529296875,0.6666666666666666,0.6,0.2857142857142857,0.42578125,0.44474927602499625,0.4076385498046875,-0.6666666666666666,-0.39999999999999997,-0.14285714285714285,0.01953125,-0.14616674287456194,-0.1779632568359375
868,2025-10-08,Saudi Arabia,Indonesia,3.0,2.0,FIFA World Cup qualification,Jeddah,Saudi Arabia,0,2025,0,1,876,2025-09-18,59.0,59.0,0.0,1420.65,1415.0,2025-09-18,119.0,118.0,-1.0,1157.94,1155.0,60.0,262.71000000000004,1536.0,1357.0,179.0,1,0.0,0.0,0.0,-0.22087246179580688,-0.0837643736896098,-0.03543516832216875,0.3333333333333333,0.2,-0.14285714285714285,-0.17931365966796875,-0.0650206387681955,-0.04216713573987363,-0.3333333333333333,-0.2,0.14285714285714285,-0.041558802127838135,-0.018743734921414304,0.006731967417704876
869,2025-10-08,Qatar,Oman,0.0,0.0,FIFA World Cup qualification,Al Rayyan,Qatar,0,2025,0,1,877,2025-09-18,53.0,53.0,0.0,1453.65,1460.0,2025-09-18,78.0,79.0,1.0,1321.97,1314.0,25.0,131.68000000000006,1524.0,1501.0,23.0,0,-0.3333333333333333,-0.2,-0.14285714285714285,-0.33228325843811035,-0.1880649090842282,-0.10675309773282038,0.0,-0.2,-0.14285714285714285,-0.14706707000732422,-0.12045036965278083,-0.10232851118507824,-0.3333333333333333,0.0,0.0,-0.18521618843078613,-0.06761453943144738,-0.0044245865477421376
870,2025-10-08,Eswatini,Angola,2.0,2.0,FIFA World Cup qualification,Lobamba,Eswatini,0,2025,0,1,878,2025-09-18,159.0,155.0,-4.0,1010.06,1023.0,2025-09-18,89.0,85.0,-4.0,1268.72,1280.0,-70.0,-258.6600000000001,1233.0,1571.0,-338.0,0,-0.6666666666666666,-0.6,-0.7142857142857143,-0.8125,-0.7530864197530864,-0.75390625,-0.3333333333333333,-0.2,0.0,0.140625,0.0068587105624142355,-0.018798828125,-0.3333333333333333,-0.39999999999999997,-0.7142857142857143,-0.953125,-0.7599451303155007,-0.735107421875
871,2025-10-09,Austria,San Marino,10.0,0.0,FIFA World Cup qualification,Vienna,Austria,0,2025,0,1,879,2025-09-18,22.0,22.0,0.0,1601.86,1591.0,2025-09-18,210.0,210.0,0.0,733.23,738.0,188.0,868.6299999999999,1871.0,841.0,1030.0,1,1.0,0.6,0.7142857142857143,0.921875,0.7512574302697759,0.5748291015625,-1.0,-1.0,-1.0,-1.0,-1.0,-1.0,2.0,1.6,1.7142857142857144,1.921875,1.7512574302697759,1.5748291015625
872,2025-10-09,Nicaragua,Haiti,0.0,3.0,FIFA World Cup qualification,Managua,Nicaragua,0,2025,0,1,880,2025-09-18,132.0,130.0,-2.0,1120.77,1120.0,2025-09-18,87.0,90.0,3.0,1269.23,1261.0,-45.0,-148.46000000000004,1331.0,1538.0,-207.0,-1,-0.6666666666666666,0.0,0.16666666666666666,-0.5,-0.185185185185185,0.03125,-0.3333333333333333,0.2,0.3333333333333333,0.0,0.14814814814814825,0.28125,-0.3333333333333333,-0.2,-0.16666666666666666,-0.5,-0.33333333333333326,-0.25
873,2025-10-09,Liberia,Namibia,3.0,1.0,FIFA World Cup qualification,Monrovia,Liberia,0,2025,0,1,881,2025-09-18,144.0,144.0,0.0,1065.62,1068.0,2025-09-18,109.0,108.0,-1.0,1183.79,1192.0,-35.0,-118.17000000000009,1256.0,1363.0,-107.0,1,0.0,0.0,0.14285714285714285,-0.15625,-0.1362597165066301,-0.1622314453125,0.0,0.2,0.0,0.3125,0.2391403749428441,0.2569580078125,0.0,-0.2,0.14285714285714285,-0.46875,-0.37540009144947417,-0.419189453125
874,2025-10-09,Czech Republic,Croatia,0.0,0.0,FIFA World Cup qualification,Prague,Czech Republic,0,2025,0,1,882,2022-03-31,33.0,31.0,-2.0,1500.62,1510.42,2025-09-18,9.0,10.0,1.0,1714.21,1708.0,-24.0,-213.5900000000001,1753.0,1886.0,-133.0,0,0.3333333333333333,0.6,0.2857142857142857,0.4453125,0.3214449016918152,0.19488525390625,1.0,0.8,0.42857142857142855,0.9317626953125,0.782277493331025,0.6553609520196915,-0.6666666666666667,-0.20000000000000007,-0.14285714285714285,-0.4864501953125,-0.4608325916392098,-0.46047569811344147
875,2025-10-09,Faroe Islands,Montenegro,4.0,0.0,FIFA World Cup qualification,Tórshavn,Faroe Islands,0,2025,0,1,883,2025-09-18,136.0,141.0,5.0,1094.46,1090.0,2025-09-18,80.0,77.0,-3.0,1314.05,1327.0,-56.0,-219.58999999999992,1248.0,1516.0,-268.0,1,0.3333333333333333,-0.2,-0.2,0.25,-0.03703703703703717,-0.21875,-1.0,-0.2,-0.2,-0.75,-0.4074074074074072,-0.15625,1.3333333333333333,0.0,0.0,1.0,0.3703703703703701,-0.0625
876,2025-10-09,Cyprus,Bosnia and Herzegovina,2.0,2.0,FIFA World Cup qualification,Larnaca,Cyprus,0,2025,0,1,884,2025-09-18,128.0,128.0,0.0,1128.11,1124.0,2025-09-18,73.0,72.0,-1.0,1344.25,1349.0,-55.0,-216.1400000000001,1311.0,1485.0,-174.0,0,-0.6666666666666666,-0.4,-0.4,-0.375,-0.27160493827160487,-0.1171875,0.3333333333333333,0.6,0.6,0.0,0.3333333333333335,0.5,-1.0,-1.0,-1.0,-0.375,-0.6049382716049383,-0.6171875
877,2025-10-09,Honduras,Costa Rica,0.0,0.0,FIFA World Cup qualification,San Pedro Sula,Honduras,0,2025,0,1,885,2025-09-18,65.0,66.0,1.0,1383.99,1380.0,2025-09-18,47.0,40.0,-7.0,1481.14,1494.0,-18.0,-97.15000000000008,1585.0,1666.0,-81.0,0,0.6666666666666666,0.8,0.5714285714285714,0.720703125,0.6152009348168469,0.4815711975097656,0.3333333333333333,0.6,0.2857142857142857,0.20849227905273438,0.3020019212251834,0.33881387948349584,0.3333333333333333,0.20000000000000007,0.2857142857142857,0.5122108459472656,0.3131990135916635,0.14275731802626979
878,2025-10-09,Finland,Lithuania,2.0,1.0,FIFA World Cup qualification,Helsinki,Finland,0,2025,0,1,886,2025-09-18,71.0,69.0,-2.0,1358.71,1372.0,2025-09-18,145.0,143.0,-2.0,1065.34,1069.0,74.0,293.3700000000001,1556.0,1293.0,263.0,1,-0.3333333333333333,0.0,0.0,-0.3125,-0.06172839506172827,0.11328125,-0.3333333333333333,-0.4,-0.4,-0.5625,-0.5308641975308642,-0.56640625,0.0,0.4,0.4,0.25,0.46913580246913594,0.6796875
879,2025-10-09,Scotland,Greece,3.0,1.0,FIFA World Cup qualification,Glasgow,Scotland,0,2025,0,1,887,2025-09-18,43.0,47.0,4.0,1485.08,1475.0,2025-09-18,40.0,39.0,-1.0,1494.71,1498.0,-3.0,-9.63000000000011,1759.0,1838.0,-79.0,1,0.0,-0.2,-0.3333333333333333,0.3125,-0.012345679012345847,-0.20703125,0.0,0.0,0.0,0.0,0.3333333333333335,0.5,0.0,-0.2,-0.3333333333333333,0.3125,-0.3456790123456793,-0.70703125
880,2025-10-09,Belarus,Denmark,0.0,6.0,FIFA World Cup qualification,Zalaegerszeg,Hungary,1,2025,0,1,888,2025-09-18,100.0,97.0,-3.0,1223.55,1237.0,2025-09-18,20.0,21.0,1.0,1627.64,1621.0,-80.0,-404.09000000000015,1492.0,1864.0,-372.0,-1,-1.0,-1.0,-1.0,-1.0,-1.0,-1.0,0.0,-0.2,-0.2857142857142857,0.328125,0.07544581618655685,-0.029052734375,-1.0,-0.8,-0.7142857142857143,-1.328125,-1.0754458161865568,-0.970947265625
881,2025-10-09,Malawi,Equatorial Guinea,3.0,0.0,FIFA World Cup qualification,Lilongwe,Malawi,0,2025,0,1,889,2025-09-18,126.0,129.0,3.0,1133.6,1121.0,2025-09-18,95.0,93.0,-2.0,1248.68,1252.0,-31.0,-115.08000000000015,1256.0,1522.0,-266.0,1,0.0,-0.4,-0.2857142857142857,0.046875,-0.017375400091449496,0.0106201171875,0.0,0.4,0.2857142857142857,-0.171875,-0.01966163694558754,-0.0262451171875,0.0,-0.8,-0.5714285714285714,0.21875,0.002286236854138042,0.036865234375
882,2025-10-09,Mozambique,Guinea,1.0,2.0,FIFA World Cup qualification,Maputo,Mozambique,0,2025,0,1,890,2025-09-18,97.0,99.0,2.0,1234.04,1236.0,2025-09-18,81.0,81.0,0.0,1299.48,1293.0,-16.0,-65.44000000000005,1432.0,1466.0,-34.0,-1,-0.3333333333333333,0.2,0.2857142857142857,0.23046875,0.16062930786296128,0.16994285583496094,0.0,-0.2,-0.14285714285714285,0.09765625,0.01635929482294363,-0.00070953369140625,-0.3333333333333333,0.4,0.42857142857142855,0.1328125,0.14427001304001766,0.1706523895263672
883,2025-10-09,Botswana,Uganda,0.0,1.0,FIFA World Cup qualification,Francistown,Botswana,0,2025,0,1,891,2025-09-18,139.0,135.0,-4.0,1087.27,1101.0,2025-09-18,82.0,88.0,6.0,1287.61,1269.0,-57.0,-200.33999999999992,1326.0,1389.0,-63.0,-1,-0.3333333333333333,-0.2,-0.14285714285714285,-0.671875,-0.5134887974394147,-0.4715576171875,1.0,0.2,0.42857142857142855,0.796875,0.5537265660722449,0.3638916015625,-1.3333333333333333,-0.4,-0.5714285714285714,-1.46875,-1.0672153635116595,-0.83544921875
884,2025-10-09,Algeria,Somalia,3.0,0.0,FIFA World Cup qualification,Bir El Djir,Algeria,0,2025,0,1,892,2025-09-18,38.0,36.0,-2.0,1500.73,1504.0,2025-09-18,201.0,200.0,-1.0,824.75,832.0,163.0,675.98,1685.0,857.0,828.0,1,0.6666666666666666,0.8,0.2857142857142857,0.44677734375,0.4801247927803839,0.46284162998199463,-1.0,-0.8,-0.8571428571428571,-0.9375,-0.9012345679012346,-0.89453125,1.6666666666666665,1.6,1.1428571428571428,1.38427734375,1.3813593606816186,1.3573728799819946
885,2025-10-09,Burundi,Kenya,0.0,1.0,FIFA World Cup qualification,Bujumbura,Burundi,0,2025,0,1,893,2025-09-18,141.0,139.0,-2.0,1077.05,1093.0,2025-09-18,111.0,109.0,-2.0,1181.64,1179.0,-30.0,-104.59000000000016,1268.0,1341.0,-73.0,-1,-0.3333333333333333,-0.2,-0.2857142857142857,-0.65625,-0.41106538637402823,-0.2342529296875,-0.3333333333333333,-0.2,0.0,0.125,-0.06630086877000467,-0.1671142578125,0.0,0.0,-0.2857142857142857,-0.78125,-0.34476451760402355,-0.067138671875
886,2025-10-09,Malta,Netherlands,0.0,4.0,FIFA World Cup qualification,Ta' Qali,Malta,0,2025,0,1,894,2025-09-18,166.0,168.0,2.0,982.43,977.0,2025-09-18,7.0,7.0,0.0,1754.17,1758.0,-159.0,-771.7400000000001,1260.0,1938.0,-678.0,-1,-0.3333333333333333,-0.6,-0.6,-0.375,-0.5185185185185186,-0.609375,0.6666666666666666,0.4,0.5714285714285714,0.67718505859375,0.5865726915645909,0.5425090081989765,-1.0,-1.0,-1.1714285714285713,-1.05218505859375,-1.1050912100831094,-1.1518840081989765
887,2025-10-10,Sweden,Switzerland,0.0,2.0,FIFA World Cup qualification,Solna,Sweden,0,2025,0,1,895,2025-09-18,32.0,29.0,-3.0,1524.63,1545.0,2025-09-18,17.0,19.0,2.0,1648.29,1635.0,-15.0,-123.65999999999984,1744.0,1814.0,-70.0,-1,-0.6666666666666666,-0.25,-0.25,-0.5,-0.185185185185185,0.03125,0.6666666666666666,0.6,0.5714285714285714,0.818359375,0.6857525106267676,0.6166629791259766,-1.3333333333333333,-0.85,-0.8214285714285714,-1.318359375,-0.8709376958119526,-0.5854129791259766
888,2025-10-10,Iceland,Ukraine,3.0,5.0,FIFA World Cup qualification,Reykjavík,Iceland,0,2025,0,1,896,2025-09-18,74.0,74.0,0.0,1343.09,1338.0,2025-09-18,28.0,26.0,-2.0,1543.06,1557.0,-46.0,-199.97000000000003,1562.0,1773.0,-211.0,-1,0.0,0.0,0.0,0.0,0.3333333333333335,0.5,-0.3333333333333333,-0.2,-0.2,-0.25,-0.12345679012345669,0.0234375,0.3333333333333333,0.2,0.2,0.25,0.45679012345679015,0.4765625
889,2025-10-10,France,Azerbaijan,3.0,0.0,FIFA World Cup qualification,Paris,France,0,2025,0,1,897,2025-09-18,2.0,3.0,1.0,1870.92,1862.0,2025-09-18,124.0,122.0,-2.0,1148.09,1148.0,122.0,722.8300000000002,2055.0,1367.0,688.0,1,0.3333333333333333,0.4,0.2857142857142857,0.661865234375,0.5136343137494723,0.4685940444469452,-0.5,-0.5,-0.5,-0.5,-0.6666666666666667,-0.75,0.8333333333333333,0.9,0.7857142857142857,1.161865234375,1.180300980416139,1.2185940444469452
890,2025-10-10,Kazakhstan,Liechtenstein,4.0,0.0,FIFA World Cup qualification,Astana,Kazakhstan,0,2025,0,1,898,2025-09-18,118.0,114.0,-4.0,1158.05,1165.0,2025-09-18,204.0,204.0,0.0,808.48,812.0,86.0,349.56999999999994,1425.0,977.0,448.0,1,-1.0,-0.6,-0.6,-0.875,-0.8024691358024691,-0.7890625,-1.0,-1.0,-1.0,-1.0,-1.0,-1.0,0.0,0.4,0.4,0.125,0.19753086419753085,0.2109375
891,2025-10-10,El Salvador,Panama,0.0,1.0,FIFA World Cup qualification,San Salvador,El Salvador,0,2025,0,1,899,2025-09-18,90.0,87.0,-3.0,1267.75,1273.0,2025-09-18,29.0,30.0,1.0,1529.71,1545.0,-61.0,-261.96000000000004,1389.0,1726.0,-337.0,-1,0.0,0.4,0.14285714285714285,-0.1689453125,-0.00972638543130844,-0.002723217010498047,0.3333333333333333,0.2,0.42857142857142855,0.17889404296875,0.25546949325129786,0.26991272158920765,-0.3333333333333333,0.2,-0.2857142857142857,-0.34783935546875,-0.2651958786826063,-0.2726359385997057
892,2025-10-10,Suriname,Guatemala,1.0,1.0,FIFA World Cup qualification,Paramaribo,Suriname,0,2025,0,1,900,2025-09-18,131.0,136.0,5.0,1125.2,1100.0,2025-09-18,98.0,100.0,2.0,1230.73,1236.0,-33.0,-105.52999999999996,1411.0,1481.0,-70.0,0,0.3333333333333333,0.6,0.6666666666666666,0.625,0.6296296296296297,0.671875,-0.6666666666666666,0.0,0.16666666666666666,-0.25,-0.07407407407407395,0.09375,1.0,0.6,0.5,0.875,0.7037037037037036,0.578125
893,2025-10-10,Bermuda,Trinidad and Tobago,0.0,3.0,FIFA World Cup qualification,Devonshire Parish,Bermuda,0,2025,0,1,901,2025-09-18,165.0,162.0,-3.0,988.72,1000.0,2025-09-18,102.0,101.0,-1.0,1220.99,1229.0,-63.0,-232.27,1151.0,1389.0,-238.0,-1,-0.3333333333333333,-0.2,-0.16666666666666666,-0.59375,-0.37448559670781884,-0.2705078125,-0.6666666666666666,0.0,0.0,-0.53125,-0.316872427983539,-0.2060546875,0.3333333333333333,-0.2,-0.16666666666666666,-0.0625,-0.05761316872427985,-0.064453125
894,2025-10-10,Curaçao,Jamaica,2.0,0.0,FIFA World Cup qualification,Willemstad,Curaçao,0,2025,0,1,902,2025-09-18,84.0,86.0,2.0,1282.42,1277.0,2025-09-18,69.0,70.0,1.0,1377.21,1363.0,-15.0,-94.78999999999996,1335.0,1569.0,-234.0,1,0.6666666666666666,0.8,0.8333333333333334,0.75,0.7777777777777778,0.8125,1.0,0.6,0.42857142857142855,0.90283203125,0.7342771822271897,0.5870535373687744,-0.33333333333333337,0.20000000000000007,0.4047619047619048,-0.15283203125,0.04350059555058805,0.22544646263122559
895,2025-10-10,Belgium,North Macedonia,0.0,0.0,FIFA World Cup qualification,Gent,Belgium,0,2025,0,1,903,2025-09-18,8.0,8.0,0.0,1739.55,1736.0,2025-09-18,63.0,62.0,-1.0,1388.5,1391.0,55.0,351.04999999999995,1851.0,1551.0,300.0,0,1.0,0.4,0.42857142857142855,0.84765625,0.6562854578400988,0.5476894378662109,0.6666666666666666,0.6,0.42857142857142855,0.78125,0.6652949245541837,0.63525390625,0.33333333333333337,-0.19999999999999996,0.0,0.06640625,-0.009009466714084868,-0.08756446838378906
896,2025-10-10,Kosovo,Slovenia,0.0,0.0,FIFA World Cup qualification,Pristina,Kosovo,0,2025,0,1,904,2025-09-18,91.0,95.0,4.0,1262.1,1248.0,2025-09-18,50.0,50.0,0.0,1462.96,1470.0,-41.0,-200.86000000000013,1527.0,1752.0,-225.0,0,0.0,0.0,0.0,0.0,-0.3333333333333335,-0.5,-0.3333333333333333,-0.25,-0.25,-0.5,-0.33333333333333326,-0.25,0.3333333333333333,0.25,0.25,0.5,-2.220446049250313e-16,-0.25
897,2025-10-10,Tunisia,São Tomé and Príncipe,6.0,0.0,FIFA World Cup qualification,Radès,Tunisia,0,2025,0,1,905,2025-09-18,46.0,49.0,3.0,1483.02,1471.0,2025-09-18,195.0,193.0,-2.0,854.76,865.0,149.0,628.26,1598.0,1024.0,574.0,1,1.0,0.8,0.7142857142857143,0.952789306640625,0.8513782269269707,0.7667444003745914,-1.0,-1.0,-1.0,-1.0,-1.0,-1.0,2.0,1.8,1.7142857142857144,1.952789306640625,1.8513782269269707,1.7667444003745914
898,2025-10-10,Northern Ireland,Slovakia,2.0,0.0,FIFA World Cup qualification,Belfast,Northern Ireland,0,2025,0,1,906,2025-09-18,72.0,71.0,-1.0,1355.98,1351.0,2025-09-18,42.0,52.0,10.0,1491.86,1467.0,-30.0,-135.87999999999988,1561.0,1665.0,-104.0,1,0.0,0.0,0.0,0.0,0.3333333333333335,0.5,0.3333333333333333,0.5,0.5,0.75,0.7037037037037037,0.71875,-0.3333333333333333,-0.5,-0.5,-0.75,-0.37037037037037024,-0.21875
899,2025-10-10,Seychelles,Ivory Coast,0.0,7.0,FIFA World Cup qualification,Saint Pierre,Mauritius,1,2025,0,1,907,2025-09-18,203.0,203.0,0.0,812.33,821.0,2025-09-18,44.0,45.0,1.0,1483.9,1483.0,-159.0,-671.57,845.0,1579.0,-734.0,-1,-1.0,-1.0,-1.0,-1.0,-1.0,-1.0,0.6666666666666666,0.6,0.7142857142857143,0.46630859375,0.5728839137364261,0.6028529405593872,-1.6666666666666665,-1.6,-1.7142857142857144,-1.46630859375,-1.572883913736426,-1.6028529405593872
900,2025-10-10,Gambia,Gabon,3.0,4.0,FIFA World Cup qualification,Nairobi,Kenya,1,2025,0,1,908,2022-03-31,123.0,125.0,2.0,1138.19,1135.18,2025-09-18,79.0,80.0,1.0,1314.06,1307.0,-44.0,-175.8699999999999,1443.0,1464.0,-21.0,-1,0.3333333333333333,0.0,0.0,0.59375,0.297668038408779,0.09912109375,0.6666666666666666,0.8,0.5714285714285714,0.46875,0.5788751714677641,0.63134765625,-0.3333333333333333,-0.8,-0.5714285714285714,0.125,-0.28120713305898515,-0.5322265625
901,2025-10-10,South Africa,Zimbabwe,0.0,0.0,FIFA World Cup qualification,Durban,South Africa,0,2025,0,1,909,2025-09-18,55.0,56.0,1.0,1448.67,1443.0,2025-09-18,125.0,116.0,-9.0,1133.75,1157.0,70.0,314.9200000000001,1576.0,1355.0,221.0,0,0.6666666666666666,0.4,0.2857142857142857,0.3448486328125,0.34911662609563227,0.33504731208086014,-0.6666666666666666,-0.6,-0.5714285714285714,-0.796875,-0.6652949245541837,-0.575927734375,1.3333333333333333,1.0,0.8571428571428571,1.1417236328125,1.014411550649816,0.9109750464558601
902,2025-10-10,Rwanda,Benin,0.0,1.0,FIFA World Cup qualification,Kigali,Rwanda,0,2025,0,1,910,2025-09-18,127.0,127.0,0.0,1133.5,1125.0,2025-09-18,93.0,96.0,3.0,1257.3,1239.0,-34.0,-123.79999999999995,1341.0,1445.0,-104.0,-1,0.0,0.0,0.0,0.2109375,0.06355738454503883,0.02130126953125,0.3333333333333333,0.4,0.42857142857142855,0.6640625,0.4586191129401005,0.30181884765625,-0.3333333333333333,-0.4,-0.42857142857142855,-0.453125,-0.39506172839506165,-0.280517578125
903,2025-10-10,Lesotho,Nigeria,1.0,2.0,FIFA World Cup qualification,Polokwane,South Africa,1,2025,0,1,911,2025-09-18,153.0,148.0,-5.0,1034.11,1046.0,2025-09-18,45.0,44.0,-1.0,1483.85,1484.0,-108.0,-449.74,1198.0,1584.0,-386.0,-1,-0.6666666666666666,-0.4,-0.14285714285714285,-0.703125,-0.47873799725651567,-0.351806640625,0.3333333333333333,0.2,0.0,0.275390625,0.2388863486257176,0.19440078735351562,-1.0,-0.6000000000000001,-0.14285714285714285,-0.978515625,-0.7176243458822332,-0.5462074279785156
904,2025-10-10,Sudan,Mauritania,0.0,0.0,FIFA World Cup qualification,Dar es Salaam,Tanzania,1,2025,0,1,912,2025-09-18,116.0,110.0,-6.0,1163.56,1174.0,2025-09-18,110.0,111.0,1.0,1183.29,1173.0,-6.0,-19.73000000000001,1374.0,1341.0,33.0,0,-0.6666666666666666,-0.2,0.14285714285714285,-0.6953125,-0.41655235482395964,-0.25457763671875,0.0,-0.2,-0.42857142857142855,0.072265625,-0.07143220037595904,-0.17776107788085938,-0.6666666666666666,0.0,0.5714285714285714,-0.767578125,-0.3451201544480006,-0.07681655883789062
905,2025-10-10,South Sudan,Senegal,0.0,5.0,FIFA World Cup qualification,Juba,South Sudan,0,2025,0,1,913,2025-09-18,169.0,169.0,0.0,976.55,976.0,2025-09-18,18.0,18.0,0.0,1645.22,1635.0,-151.0,-668.6700000000001,1139.0,1771.0,-632.0,-1,-0.3333333333333333,-0.6,-0.42857142857142855,-0.3515625,-0.44535893918609976,-0.50555419921875,1.0,0.8,0.5714285714285714,0.9132843017578125,0.8136038902165548,0.7390782703878358,-1.3333333333333333,-1.4,-1.0,-1.2648468017578125,-1.2589628294026545,-1.2446324696065858
906,2025-10-10,Togo,DR Congo,0.0,1.0,FIFA World Cup qualification,Lomé,Togo,0,2025,0,1,914,2025-09-18,120.0,120.0,0.0,1151.07,1149.0,2025-09-18,60.0,61.0,1.0,1407.6,1412.0,-60.0,-256.53,1360.0,1540.0,-180.0,-1,-0.3333333333333333,-0.4,-0.2857142857142857,0.09375,-0.10288065843621405,-0.1572265625,0.3333333333333333,0.6,0.42857142857142855,-0.0332489013671875,0.1938108828312382,0.24952687532640994,-0.6666666666666666,-1.0,-0.7142857142857142,0.1269989013671875,-0.29669154126745223,-0.40675343782640994
907,2025-10-10,Germany,Luxembourg,4.0,0.0,FIFA World Cup qualification,Sinsheim,Germany,0,2025,0,1,915,2025-09-18,12.0,9.0,-3.0,1704.27,1717.0,2025-09-18,96.0,92.0,-4.0,1242.61,1260.0,84.0,461.6600000000001,1971.0,1455.0,516.0,1,-0.3333333333333333,0.0,0.2857142857142857,0.212890625,0.12838490067571,0.08945083618164062,-1.0,-1.0,-1.0,-1.0,-1.0,-1.0,0.6666666666666667,1.0,1.2857142857142856,1.212890625,1.12838490067571,1.0894508361816406
908,2025-10-11,Norway,Israel,5.0,0.0,FIFA World Cup qualification,Oslo,Norway,0,2025,0,1,916,2025-09-18,31.0,33.0,2.0,1526.23,1519.0,2025-09-18,76.0,75.0,-1.0,1337.4,1337.0,45.0,188.83,1806.0,1629.0,177.0,1,1.0,1.0,1.0,1.0,1.0,1.0,-0.3333333333333333,0.0,0.0,-0.25,0.03703703703703717,0.21875,1.3333333333333333,1.0,1.0,1.25,0.9629629629629628,0.78125
909,2025-10-11,Serbia,Albania,0.0,1.0,FIFA World Cup qualification,Leskovac,Serbia,0,2025,0,1,917,2025-09-18,34.0,32.0,-2.0,1520.9,1523.0,2025-09-18,66.0,68.0,2.0,1380.66,1373.0,32.0,140.24,1806.0,1631.0,175.0,-1,0.3333333333333333,0.0,-0.14285714285714285,-0.1796875,-0.1312299954275263,-0.19378662109375,0.3333333333333333,0.2,0.0,0.515625,0.3223593964334704,0.217041015625,0.0,-0.2,-0.14285714285714285,-0.6953125,-0.45358939186099667,-0.41082763671875
910,2025-10-11,Estonia,Italy,1.0,3.0,FIFA World Cup qualification,Tallinn,Estonia,0,2025,0,1,918,2025-09-18,129.0,126.0,-3.0,1127.19,1131.0,2025-09-18,10.0,11.0,1.0,1710.07,1703.0,-119.0,-582.8799999999999,1356.0,1943.0,-587.0,-1,-1.0,-1.0,-1.0,-1.0,-1.0,-1.0,0.3333333333333333,0.0,-0.2857142857142857,0.53125,0.17695473251028787,-0.0458984375,-1.3333333333333333,-1.0,-0.7142857142857143,-1.53125,-1.1769547325102878,-0.9541015625
911,2025-10-11,Portugal,Republic of Ireland,1.0,0.0,FIFA World Cup qualification,Lisbon,Portugal,0,2025,0,1,919,2025-09-18,5.0,6.0,1.0,1779.56,1771.0,2025-09-18,61.0,60.0,-1.0,1397.52,1413.0,56.0,382.04,1993.0,1603.0,390.0,1,0.6666666666666666,0.2,0.42857142857142855,0.740234375,0.5650392047282764,0.49141883850097656,-0.5,-0.5,-0.5,-0.5,-0.33333333333333326,-0.25,1.1666666666666665,0.7,0.9285714285714286,1.240234375,0.8983725380616097,0.7414188385009766
912,2025-10-11,Latvia,Andorra,2.0,2.0,FIFA World Cup qualification,Riga,Latvia,0,2025,0,1,920,2025-09-18,137.0,137.0,0.0,1088.8,1099.0,2025-09-18,174.0,174.0,0.0,954.69,954.0,37.0,134.1099999999999,1295.0,1074.0,221.0,0,-0.6666666666666666,-0.4,-0.4,-0.75,-0.45679012345678993,-0.2265625,-1.0,-1.0,-1.0,-1.0,-1.0,-1.0,0.33333333333333337,0.6,0.6,0.25,0.5432098765432101,0.7734375
913,2025-10-11,Bulgaria,Turkey,1.0,6.0,FIFA World Cup qualification,Sofia,Bulgaria,0,2025,0,1,921,2025-09-18,86.0,84.0,-2.0,1271.53,1284.0,2022-03-31,43.0,39.0,-4.0,1461.81,1472.72,-43.0,-190.28,1451.0,1774.0,-323.0,-1,-1.0,-1.0,-1.0,-1.0,-1.0,-1.0,-0.3333333333333333,0.2,0.14285714285714285,-0.296875,-0.1678097850937357,-0.1668701171875,-0.6666666666666667,-1.2,-1.1428571428571428,-0.703125,-0.8321902149062643,-0.8331298828125
914,2025-10-11,United Arab Emirates,Oman,2.0,1.0,FIFA World Cup qualification,Al Rayyan,Qatar,1,2025,0,1,922,2025-09-18,67.0,65.0,-2.0,1379.86,1380.0,2025-09-18,78.0,79.0,1.0,1321.97,1314.0,11.0,57.88999999999987,1538.0,1501.0,37.0,1,0.3333333333333333,0.2,0.14285714285714285,0.10100269317626953,0.1336223786018175,0.14870023963294443,-0.3333333333333333,0.0,0.0,-0.07353353500366211,-0.08030024643518723,-0.07674638338880868,0.6666666666666666,0.2,0.14285714285714285,0.17453622817993164,0.2139226250370047,0.2254466230217531
915,2025-10-11,Hungary,Armenia,2.0,0.0,FIFA World Cup qualification,Budapest,Hungary,0,2025,0,1,923,2025-09-18,41.0,38.0,-3.0,1492.18,1501.0,2025-09-18,103.0,105.0,2.0,1219.55,1205.0,62.0,272.6300000000001,1695.0,1412.0,283.0,1,0.0,-0.4,-0.4,-0.5,-0.4814814814814815,-0.53125,0.0,0.0,0.0,0.0,-0.3333333333333335,-0.5,0.0,-0.4,-0.4,-0.5,-0.14814814814814803,-0.03125
916,2025-10-11,Spain,Georgia,2.0,0.0,FIFA World Cup qualification,Elche,Spain,0,2025,0,1,924,2025-09-18,1.0,2.0,1.0,1875.37,1867.0,2025-09-18,68.0,67.0,-1.0,1377.32,1375.0,67.0,498.05,2178.0,1650.0,528.0,1,1.0,1.0,1.0,0.997802734375,0.9759145417835658,0.9425132870674133,-0.3333333333333333,0.0,-0.16666666666666666,0.15625,-0.06995884773662565,-0.2099609375,1.3333333333333333,1.0,1.1666666666666667,0.841552734375,1.0458733895201915,1.1524742245674133
917,2025-10-11,Iraq,Indonesia,1.0,0.0,FIFA World Cup qualification,Jeddah,Saudi Arabia,1,2025,0,1,925,2025-09-18,58.0,58.0,0.0,1422.19,1417.0,2025-09-18,119.0,118.0,-1.0,1157.94,1155.0,61.0,264.25,1584.0,1357.0,227.0,1,-0.3333333333333333,0.0,-0.14285714285714285,0.15423500537872314,0.04245760554086627,0.052114152808840686,-0.3333333333333333,-0.2,-0.14285714285714285,-0.5896568298339844,-0.3766804258454636,-0.2816253518049052,0.0,0.2,0.0,0.7438918352127075,0.4191380313863298,0.3337395046137459
918,2025-10-12,Croatia,Gibraltar,3.0,0.0,FIFA World Cup qualification,Varaždin,Croatia,0,2025,0,1,926,2025-09-18,9.0,10.0,1.0,1714.21,1708.0,2025-09-18,200.0,199.0,-1.0,827.19,835.0,191.0,887.02,1886.0,1051.0,835.0,1,0.6666666666666666,0.8,0.5714285714285714,0.46588134765625,0.5215183288873501,0.4915207140147686,-1.0,-1.0,-1.0,-1.0,-1.0,-1.0,1.6666666666666665,1.8,1.5714285714285714,1.46588134765625,1.5215183288873502,1.4915207140147686
919,2025-10-12,Faroe Islands,Czech Republic,2.0,1.0,FIFA World Cup qualification,Tórshavn,Faroe Islands,0,2025,0,1,927,2025-09-18,136.0,141.0,5.0,1094.46,1090.0,2022-03-31,33.0,31.0,-2.0,1500.62,1510.42,-103.0,-406.1599999999999,1248.0,1753.0,-505.0,1,0.3333333333333333,0.2,0.0,0.625,0.3086419753086418,0.0859375,0.0,0.4,0.2857142857142857,0.22265625,0.21429660112787685,0.1461639404296875,0.3333333333333333,-0.2,-0.2857142857142857,0.40234375,0.09434537418076494,-0.0602264404296875
920,2025-10-12,Romania,Austria,1.0,0.0,FIFA World Cup qualification,Bucharest,Romania,0,2025,0,1,928,2025-09-18,51.0,48.0,-3.0,1462.85,1474.0,2025-09-18,22.0,22.0,0.0,1601.86,1591.0,-29.0,-139.01,1650.0,1871.0,-221.0,1,0.0,0.0,-0.2857142857142857,0.125,-0.024691358024691447,-0.1640625,1.0,1.0,0.7142857142857143,0.9609375,0.8341716201798506,0.681121826171875,-1.0,-1.0,-1.0,-0.8359375,-0.858862978204542,-0.845184326171875
921,2025-10-12,San Marino,Cyprus,0.0,4.0,FIFA World Cup qualification,Serravalle,San Marino,0,2025,0,1,929,2025-09-18,210.0,210.0,0.0,733.23,738.0,2025-09-18,128.0,128.0,0.0,1128.11,1124.0,-82.0,-394.8799999999999,841.0,1311.0,-470.0,-1,-1.0,-1.0,-1.0,-1.0,-1.0,-1.0,-0.3333333333333333,-0.6,-0.3333333333333333,-0.1875,-0.1810699588477366,-0.087890625,-0.6666666666666667,-0.4,-0.6666666666666667,-0.8125,-0.8189300411522634,-0.912109375
922,2025-10-12,Netherlands,Finland,4.0,0.0,FIFA World Cup qualification,Amsterdam,Netherlands,0,2025,0,1,930,2025-09-18,7.0,7.0,0.0,1754.17,1758.0,2025-09-18,71.0,69.0,-2.0,1358.71,1372.0,64.0,395.46,1938.0,1556.0,382.0,1,0.6666666666666666,0.8,0.5714285714285714,0.838592529296875,0.7243817943763939,0.6568817561492324,0.3333333333333333,0.0,0.16666666666666666,0.34375,0.29218106995884774,0.3349609375,0.3333333333333333,0.8,0.40476190476190477,0.494842529296875,0.4322007244175462,0.3219208186492324
923,2025-10-12,Denmark,Greece,3.0,1.0,FIFA World Cup qualification,Copenhagen,Denmark,0,2025,0,1,931,2025-09-18,20.0,21.0,1.0,1627.64,1621.0,2025-09-18,40.0,39.0,-1.0,1494.71,1498.0,20.0,132.93000000000006,1864.0,1838.0,26.0,1,0.6666666666666666,0.2,-0.14285714285714285,0.6640625,0.38363054412437114,0.22821044921875,-0.3333333333333333,-0.3333333333333333,-0.3333333333333333,-0.5,-0.11111111111111091,0.125,1.0,0.5333333333333333,0.19047619047619047,1.1640625,0.4947416552354821,0.10321044921875
924,2025-10-12,Scotland,Belarus,2.0,1.0,FIFA World Cup qualification,Glasgow,Scotland,0,2025,0,1,932,2025-09-18,43.0,47.0,4.0,1485.08,1475.0,2025-09-18,100.0,97.0,-3.0,1223.55,1237.0,57.0,261.53,1759.0,1492.0,267.0,1,0.6666666666666666,0.2,-0.14285714285714285,0.65625,0.325102880658436,0.0947265625,-1.0,-1.0,-1.0,-1.0,-1.0,-1.0,1.6666666666666665,1.2,0.8571428571428572,1.65625,1.325102880658436,1.0947265625
925,2025-10-12,Lithuania,Poland,0.0,2.0,FIFA World Cup qualification,Kaunas,Lithuania,0,2025,0,1,933,2025-09-18,145.0,143.0,-2.0,1065.34,1069.0,2025-09-18,36.0,37.0,1.0,1517.31,1502.0,-109.0,-451.97,1293.0,1682.0,-389.0,-1,-0.6666666666666666,-0.4,-0.5,-0.78125,-0.6872427983539094,-0.6748046875,0.0,0.4,0.14285714285714285,0.454833984375,0.2928321300012607,0.2180350422859192,-0.6666666666666666,-0.8,-0.6428571428571428,-1.236083984375,-0.9800749283551702,-0.8928397297859192
926,2025-10-12,Ghana,Comoros,1.0,0.0,FIFA World Cup qualification,Accra,Ghana,0,2025,0,1,934,2025-09-18,75.0,76.0,1.0,1340.84,1333.0,2025-09-18,105.0,107.0,2.0,1201.83,1199.0,30.0,139.01,1429.0,1340.0,89.0,1,0.6666666666666666,0.8,0.8571428571428571,0.865875244140625,0.7807283857927296,0.6971660880371928,-0.3333333333333333,-0.2,-0.14285714285714285,-0.328125,-0.15317786922725182,-0.0284423828125,1.0,1.0,1.0,1.194000244140625,0.9339062550199815,0.7256084708496928
927,2025-10-12,Chad,Central African Republic,2.0,3.0,FIFA World Cup qualification,N'Djamena,Chad,0,2025,0,1,935,2025-09-18,175.0,175.0,0.0,925.82,925.0,2025-09-18,140.0,134.0,-6.0,1081.36,1108.0,-35.0,-155.53999999999985,1150.0,1250.0,-100.0,-1,-0.6666666666666666,-0.8,-0.8571428571428571,-0.875,-0.8518518518518519,-0.859375,-1.0,-0.8,-0.5714285714285714,-0.91796875,-0.8231976832799878,-0.7721710205078125,0.33333333333333337,0.0,-0.2857142857142857,0.04296875,-0.02865416857186409,-0.0872039794921875
928,2025-10-12,Zambia,Niger,0.0,1.0,FIFA World Cup qualification,Ndola,Zambia,0,2025,0,1,936,2025-09-18,85.0,83.0,-2.0,1273.0,1285.0,2025-09-18,117.0,121.0,4.0,1158.73,1148.0,32.0,114.26999999999998,1523.0,1362.0,161.0,-1,-0.3333333333333333,-0.6,-0.5714285714285714,0.03125,-0.1723822588020119,-0.1737060546875,0.3333333333333333,0.2,0.0,0.5625,0.24279835390946486,0.033203125,-0.6666666666666666,-0.8,-0.5714285714285714,-0.53125,-0.41518061271147677,-0.2069091796875
929,2025-10-12,Egypt,Guinea-Bissau,1.0,0.0,FIFA World Cup qualification,Cairo,Egypt,0,2025,0,1,937,2025-09-18,35.0,34.0,-1.0,1519.18,1519.0,2025-09-18,130.0,131.0,1.0,1126.81,1120.0,95.0,392.3700000000001,1657.0,1411.0,246.0,1,0.6666666666666666,0.8,0.7142857142857143,0.7269287109375,0.6834898992654981,0.6500464454293251,0.0,-0.4,-0.2857142857142857,-0.345703125,-0.2822232383274907,-0.2554130554199219,0.6666666666666666,1.2000000000000002,1.0,1.0726318359375,0.9657131375929888,0.905459500849247
930,2025-10-12,Djibouti,Sierra Leone,1.0,2.0,FIFA World Cup qualification,Casablanca,Morocco,1,2025,0,1,938,2025-09-18,193.0,191.0,-2.0,855.91,866.0,2025-09-18,122.0,124.0,2.0,1150.1,1140.0,-71.0,-294.18999999999994,752.0,1353.0,-601.0,-1,-1.0,-1.0,-0.8571428571428571,-0.984375,-0.9561042524005486,-0.940673828125,0.0,0.0,0.14285714285714285,-0.27734375,-0.1342783112330437,-0.0777435302734375,-1.0,-1.0,-1.0,-0.70703125,-0.821825941167505,-0.8629302978515625
931,2025-10-12,Burkina Faso,Ethiopia,3.0,1.0,FIFA World Cup qualification,Ouagadougou,Burkina Faso,0,2025,0,1,939,2025-09-18,64.0,63.0,-1.0,1385.36,1388.0,2025-09-18,147.0,146.0,-1.0,1046.41,1061.0,83.0,338.9499999999998,1508.0,1250.0,258.0,1,0.6666666666666666,0.8,0.42857142857142855,0.712890625,0.6298328506833308,0.5557289123535156,-0.3333333333333333,-0.2,-0.14285714285714285,0.15234375,-0.023624447492760308,-0.0851287841796875,1.0,1.0,0.5714285714285714,0.560546875,0.6534572981760911,0.6408576965332031
932,2025-10-12,Mali,Madagascar,4.0,1.0,FIFA World Cup qualification,Bamako,Mali,0,2025,0,1,940,2025-09-18,56.0,54.0,-2.0,1445.83,1455.0,2025-09-18,108.0,115.0,7.0,1187.61,1163.0,52.0,258.22,1631.0,1325.0,306.0,1,0.3333333333333333,0.4,0.14285714285714285,0.3956298828125,0.2837160349565301,0.20993365347385406,1.0,0.6,0.5714285714285714,0.8515625,0.680536503581771,0.529510498046875,-0.6666666666666667,-0.19999999999999996,-0.42857142857142855,-0.4559326171875,-0.3968204686252409,-0.31957684457302094
933,2025-10-13,Slovakia,Luxembourg,2.0,0.0,FIFA World Cup qualification,Trnava,Slovakia,0,2025,0,1,941,2025-09-18,42.0,52.0,10.0,1491.86,1467.0,2025-09-18,96.0,92.0,-4.0,1242.61,1260.0,54.0,249.25,1665.0,1455.0,210.0,1,0.3333333333333333,0.2,0.2,-0.125,0.1358024691358026,0.2890625,-1.0,-1.0,-1.0,-1.0,-1.0,-1.0,1.3333333333333333,1.2,1.2,0.875,1.1358024691358026,1.2890625
934,2025-10-13,Costa Rica,Nicaragua,4.0,1.0,FIFA World Cup qualification,San José,Costa Rica,0,2025,0,1,942,2025-09-18,47.0,40.0,-7.0,1481.14,1494.0,2025-09-18,132.0,130.0,-2.0,1120.77,1120.0,85.0,360.3700000000001,1666.0,1331.0,335.0,1,0.0,0.4,0.2857142857142857,0.10424613952636719,0.20133461415012227,0.2541104096126219,-0.6666666666666666,-0.4,0.0,-0.75,-0.45679012345678993,-0.2265625,0.6666666666666666,0.8,0.2857142857142857,0.8542461395263672,0.6581247376069121,0.4806729096126219
935,2025-10-13,Wales,Belgium,2.0,4.0,FIFA World Cup qualification,Cardiff,Wales,0,2025,0,1,943,2025-09-18,30.0,31.0,1.0,1529.09,1529.0,2025-09-18,8.0,8.0,0.0,1739.55,1736.0,-22.0,-210.46000000000004,1724.0,1851.0,-127.0,-1,0.3333333333333333,0.4,0.0,0.38671875,0.29096174363664074,0.2785186767578125,0.6666666666666666,0.6,0.2857142857142857,0.423828125,0.43752363856006593,0.4107670783996582,-0.3333333333333333,-0.19999999999999996,-0.2857142857142857,-0.037109375,-0.1465618949234252,-0.1322484016418457
936,2025-10-13,Ukraine,Azerbaijan,2.0,1.0,FIFA World Cup qualification,Kraków,Poland,1,2025,0,1,944,2025-09-18,28.0,26.0,-2.0,1543.06,1557.0,2025-09-18,124.0,122.0,-2.0,1148.09,1148.0,96.0,394.97,1773.0,1367.0,406.0,1,0.0,-0.2,0.0,0.375,0.2510288065843621,0.267578125,-0.6666666666666666,-0.6666666666666666,-0.6666666666666666,-0.75,-0.7777777777777778,-0.8125,0.6666666666666666,0.4666666666666666,0.6666666666666666,1.125,1.02880658436214,1.080078125
937,2025-10-13,Iceland,France,2.0,2.0,FIFA World Cup qualification,Reykjavík,Iceland,0,2025,0,1,945,2025-09-18,74.0,74.0,0.0,1343.09,1338.0,2025-09-18,2.0,3.0,1.0,1870.92,1862.0,-72.0,-527.8300000000002,1562.0,2055.0,-493.0,0,-0.3333333333333333,-0.3333333333333333,-0.3333333333333333,-0.5,-0.11111111111111091,0.125,1.0,0.4,0.42857142857142855,0.8309326171875,0.6757562091663148,0.6014455333352089,-1.3333333333333333,-0.7333333333333334,-0.7619047619047619,-1.3309326171875,-0.7868673202774258,-0.4764455333352089
938,2025-10-13,Sweden,Kosovo,0.0,1.0,FIFA World Cup qualification,Gothenburg,Sweden,0,2025,0,1,946,2025-09-18,32.0,29.0,-3.0,1524.63,1545.0,2025-09-18,91.0,95.0,4.0,1262.1,1248.0,59.0,262.5300000000002,1744.0,1527.0,217.0,-1,-0.6666666666666666,-0.4,-0.4,-0.75,-0.45679012345678993,-0.2265625,0.0,0.0,0.0,0.0,-0.22222222222222235,-0.375,-0.6666666666666666,-0.4,-0.4,-0.75,-0.23456790123456758,0.1484375
939,2025-10-13,Slovenia,Switzerland,0.0,0.0,FIFA World Cup qualification,Ljubljana,Slovenia,0,2025,0,1,947,2025-09-18,50.0,50.0,0.0,1462.96,1470.0,2025-09-18,17.0,19.0,2.0,1648.29,1635.0,-33.0,-185.33,1752.0,1814.0,-62.0,0,-0.3333333333333333,-0.2,-0.2,-0.25,-0.2222222222222222,-0.1875,1.0,0.8,0.5714285714285714,0.9091796875,0.7905016737511783,0.7124972343444824,-1.3333333333333333,-1.0,-0.7714285714285714,-1.1591796875,-1.0127238959734006,-0.8999972343444824
940,2025-10-13,Northern Ireland,Germany,0.0,1.0,FIFA World Cup qualification,Belfast,Northern Ireland,0,2025,0,1,948,2025-09-18,72.0,71.0,-1.0,1355.98,1351.0,2025-09-18,12.0,9.0,-3.0,1704.27,1717.0,-60.0,-348.29,1561.0,1971.0,-410.0,-1,0.3333333333333333,0.3333333333333333,0.3333333333333333,0.5,0.5555555555555556,0.625,0.3333333333333333,0.2,0.2857142857142857,0.6064453125,0.41892326711713995,0.31708812713623047,0.0,0.1333333333333333,0.047619047619047616,-0.1064453125,0.13663228843841563,0.30791187286376953
941,2025-10-13,Honduras,Haiti,3.0,0.0,FIFA World Cup qualification,Tegucigalpa,Honduras,0,2025,0,1,949,2025-09-18,65.0,66.0,1.0,1383.99,1380.0,2025-09-18,87.0,90.0,3.0,1269.23,1261.0,22.0,114.76,1585.0,1538.0,47.0,1,0.3333333333333333,0.6,0.7142857142857143,0.3603515625,0.41013395654456464,0.3611783981323242,0.3333333333333333,0.2,0.42857142857142855,0.5,0.4320987654320988,0.4609375,0.0,0.39999999999999997,0.28571428571428575,-0.1396484375,-0.02196480888753416,-0.09975910186767578
942,2025-10-13,São Tomé and Príncipe,Malawi,1.0,0.0,FIFA World Cup qualification,Sousse,Tunisia,1,2025,0,1,950,2025-09-18,195.0,193.0,-2.0,854.76,865.0,2025-09-18,126.0,129.0,3.0,1133.6,1121.0,-69.0,-278.8399999999999,1024.0,1256.0,-232.0,1,-1.0,-1.0,-1.0,-1.0,-1.0,-1.0,0.6666666666666666,0.0,0.0,0.5234375,0.32174973327236694,0.257965087890625,-1.6666666666666665,-1.0,-1.0,-1.5234375,-1.321749733272367,-1.257965087890625
943,2025-10-13,Tunisia,Namibia,3.0,0.0,FIFA World Cup qualification,Radès,Tunisia,0,2025,0,1,951,2025-09-18,46.0,49.0,3.0,1483.02,1471.0,2025-09-18,109.0,108.0,-1.0,1183.79,1192.0,63.0,299.23,1598.0,1363.0,235.0,1,1.0,1.0,0.8571428571428571,0.9763946533203125,0.9009188179513138,0.8250583002809435,-0.3333333333333333,0.0,0.0,-0.34375,-0.1739064167047705,-0.057281494140625,1.3333333333333333,1.0,0.8571428571428571,1.3201446533203125,1.0748252346560843,0.8823397944215685
944,2025-10-13,South Sudan,Togo,0.0,0.0,FIFA World Cup qualification,Juba,South Sudan,0,2025,0,1,952,2025-09-18,169.0,169.0,0.0,976.55,976.0,2025-09-18,120.0,120.0,0.0,1151.07,1149.0,-49.0,-174.51999999999998,1139.0,1360.0,-221.0,0,-0.6666666666666666,-0.6,-0.5714285714285714,-0.67578125,-0.6302392927907331,-0.6291656494140625,-0.3333333333333333,-0.4,-0.42857142857142855,-0.453125,-0.401920438957476,-0.367919921875,-0.3333333333333333,-0.19999999999999996,-0.14285714285714285,-0.22265625,-0.22831885383325712,-0.2612457275390625
945,2025-10-13,Lesotho,Zimbabwe,1.0,0.0,FIFA World Cup qualification,Polokwane,South Africa,1,2025,0,1,953,2025-09-18,153.0,148.0,-5.0,1034.11,1046.0,2025-09-18,125.0,116.0,-9.0,1133.75,1157.0,-28.0,-99.6400000000001,1198.0,1355.0,-157.0,1,-1.0,-0.4,-0.2857142857142857,-0.8515625,-0.6524919981710104,-0.51385498046875,-0.6666666666666666,-0.4,-0.5714285714285714,-0.3984375,-0.4435299497027892,-0.43194580078125,-0.33333333333333337,0.0,0.2857142857142857,-0.453125,-0.20896204846822125,-0.0819091796875
946,2025-10-13,North Macedonia,Kazakhstan,1.0,1.0,FIFA World Cup qualification,Skopje,North Macedonia,0,2025,0,1,954,2025-09-18,63.0,62.0,-1.0,1388.5,1391.0,2025-09-18,118.0,114.0,-4.0,1158.05,1165.0,55.0,230.45000000000005,1551.0,1425.0,126.0,0,0.6666666666666666,0.4,0.2857142857142857,0.390625,0.4435299497027892,0.4764404296875,-0.3333333333333333,-0.2,-0.3333333333333333,0.0625,-0.20164609053497956,-0.341796875,1.0,0.6000000000000001,0.6190476190476191,0.328125,0.6451760402377688,0.8182373046875
947,2025-10-13,Cameroon,Angola,0.0,0.0,FIFA World Cup qualification,Yaoundé,Cameroon,0,2025,0,1,955,2025-09-18,52.0,51.0,-1.0,1455.42,1467.0,2025-09-18,89.0,85.0,-4.0,1268.72,1280.0,37.0,186.70000000000005,1579.0,1571.0,8.0,0,0.3333333333333333,0.4,0.42857142857142855,0.4427490234375,0.37794871762706383,0.3327692374587059,0.0,-0.2,0.0,0.0703125,0.004572473708276158,-0.01409912109375,0.3333333333333333,0.6000000000000001,0.42857142857142855,0.3724365234375,0.37337624391878765,0.3468683585524559
948,2025-10-13,Mauritius,Libya,0.0,0.0,FIFA World Cup qualification,Saint Pierre,Mauritius,0,2025,0,1,956,2025-09-18,179.0,177.0,-2.0,912.24,922.0,2025-09-18,112.0,117.0,5.0,1179.56,1155.0,-67.0,-267.31999999999994,1084.0,1347.0,-263.0,0,-1.0,-0.8,-0.5714285714285714,-0.90234375,-0.7939338515470202,-0.7425079345703125,0.6666666666666666,0.2,0.14285714285714285,0.30859375,0.29599146471574456,0.3079376220703125,-1.6666666666666665,-1.0,-0.7142857142857142,-1.2109375,-1.089925316262765,-1.050445556640625
949,2025-10-13,Cape Verde,Eswatini,3.0,0.0,FIFA World Cup qualification,Praia,Cape Verde,0,2025,0,1,957,2025-07-10,73.0,72.0,-1.0,1343.68,1344.0,2025-09-18,159.0,155.0,-4.0,1010.06,1023.0,86.0,333.6200000000001,1472.0,1233.0,239.0,1,0.6666666666666666,0.8,0.5714285714285714,0.4793701171875,0.574820786001331,0.5851113349199295,-0.6666666666666666,-0.4,-0.5714285714285714,-0.40625,-0.5020576131687243,-0.5654296875,1.3333333333333333,1.2000000000000002,1.1428571428571428,0.8856201171875,1.0768783991700555,1.1505410224199295
950,2025-10-13,Equatorial Guinea,Liberia,1.0,1.0,FIFA World Cup qualification,Malabo,Equatorial Guinea,0,2025,0,1,958,2025-09-18,95.0,93.0,-2.0,1248.68,1252.0,2025-09-18,144.0,144.0,0.0,1065.62,1068.0,49.0,183.06000000000017,1522.0,1256.0,266.0,0,-0.3333333333333333,0.0,0.0,-0.5859375,-0.3464410912970583,-0.269683837890625,0.0,0.0,0.14285714285714285,0.421875,0.2424935223289132,0.128326416015625,-0.3333333333333333,0.0,-0.14285714285714285,-1.0078125,-0.5889346136259714,-0.39801025390625
951,2025-10-14,Jamaica,Bermuda,4.0,0.0,FIFA World Cup qualification,Kingston,Jamaica,0,2025,0,1,959,2025-09-18,69.0,70.0,1.0,1377.21,1363.0,2025-09-18,165.0,162.0,-3.0,988.72,1000.0,96.0,388.49,1569.0,1151.0,418.0,1,0.3333333333333333,0.6,0.14285714285714285,-0.048583984375,0.15618478815145995,0.1902901530265808,-1.0,-0.2,-0.2857142857142857,-0.796875,-0.5829903978052126,-0.452880859375,1.3333333333333333,0.8,0.42857142857142855,0.748291015625,0.7391751859566725,0.6431710124015808
952,2025-10-14,Curaçao,Trinidad and Tobago,1.0,1.0,FIFA World Cup qualification,Willemstad,Curaçao,0,2025,0,1,960,2025-09-18,84.0,86.0,2.0,1282.42,1277.0,2025-09-18,102.0,101.0,-1.0,1220.99,1229.0,18.0,61.430000000000064,1335.0,1389.0,-54.0,0,0.6666666666666666,0.8,0.8571428571428571,0.875,0.8518518518518519,0.859375,0.0,0.0,0.14285714285714285,0.234375,0.12208504801097392,0.095458984375,0.6666666666666666,0.8,0.7142857142857142,0.640625,0.729766803840878,0.763916015625
953,2025-10-14,El Salvador,Guatemala,0.0,1.0,FIFA World Cup qualification,San Salvador,El Salvador,0,2025,0,1,961,2025-09-18,90.0,87.0,-3.0,1267.75,1273.0,2025-09-18,98.0,100.0,2.0,1230.73,1236.0,8.0,37.01999999999998,1389.0,1481.0,-92.0,-1,-0.3333333333333333,0.0,0.14285714285714285,-0.58447265625,-0.3398175902875389,-0.25204241275787354,-0.3333333333333333,-0.2,0.14285714285714285,-0.125,-0.04938271604938264,0.0703125,0.0,0.2,0.0,-0.45947265625,-0.2904348742381562,-0.32235491275787354
954,2025-10-14,Panama,Suriname,1.0,1.0,FIFA World Cup qualification,Panama City,Panama,0,2025,0,1,962,2025-09-18,29.0,30.0,1.0,1529.71,1545.0,2025-09-18,131.0,136.0,5.0,1125.2,1100.0,102.0,404.51,1726.0,1411.0,315.0,0,0.3333333333333333,0.6,0.42857142857142855,0.589447021484375,0.5036463288341986,0.45243454119190574,0.3333333333333333,0.4,0.5714285714285714,0.3125,0.4197530864197532,0.50390625,0.0,0.19999999999999996,-0.14285714285714285,0.276947021484375,0.0838932424144454,-0.05147170880809426
955,2025-10-14,Latvia,England,0.0,5.0,FIFA World Cup qualification,Riga,Latvia,0,2025,0,1,963,2025-09-18,137.0,137.0,0.0,1088.8,1099.0,2025-09-18,4.0,4.0,0.0,1820.45,1813.0,-133.0,-731.6500000000001,1295.0,2006.0,-711.0,-1,-0.6666666666666666,-0.6,-0.3333333333333333,-0.375,-0.3045267489711933,-0.169921875,1.0,1.0,0.7142857142857143,0.9631195068359375,0.8723485582095788,0.7959480930585414,-1.6666666666666665,-1.6,-1.0476190476190477,-1.3381195068359375,-1.176875307180772,-0.9658699680585414
956,2025-10-14,Andorra,Serbia,1.0,3.0,FIFA World Cup qualification,Encamp,Andorra,0,2025,0,1,964,2025-09-18,174.0,174.0,0.0,954.69,954.0,2025-09-18,34.0,32.0,-2.0,1520.9,1523.0,-140.0,-566.21,1074.0,1806.0,-732.0,-1,-0.6666666666666666,-0.8,-0.8333333333333334,-0.5,-0.6666666666666667,-0.75,-0.3333333333333333,0.0,-0.2857142857142857,-0.58984375,-0.42081999695168415,-0.3953399658203125,-0.3333333333333333,-0.8,-0.5476190476190477,0.08984375,-0.2458466697149826,-0.3546600341796875
957,2025-10-14,Italy,Israel,3.0,0.0,FIFA World Cup qualification,Udine,Italy,0,2025,0,1,965,2025-09-18,10.0,11.0,1.0,1710.07,1703.0,2025-09-18,76.0,75.0,-1.0,1337.4,1337.0,66.0,372.6699999999999,1943.0,1629.0,314.0,1,1.0,0.2,0.0,0.765625,0.4513031550068585,0.215576171875,-0.3333333333333333,-0.2,-0.2,-0.625,-0.3086419753086418,-0.0859375,1.3333333333333333,0.4,0.2,1.390625,0.7599451303155003,0.301513671875
958,2025-10-14,Republic of Ireland,Armenia,1.0,0.0,FIFA World Cup qualification,Dublin,Republic of Ireland,0,2025,0,1,967,2025-09-18,61.0,60.0,-1.0,1397.52,1413.0,2025-09-18,103.0,105.0,2.0,1219.55,1205.0,42.0,177.97000000000003,1603.0,1412.0,191.0,1,-0.6666666666666666,-0.6666666666666666,-0.6666666666666666,-0.75,-0.5555555555555555,-0.4375,-0.3333333333333333,-0.3333333333333333,-0.3333333333333333,-0.5,-0.5555555555555556,-0.625,-0.3333333333333333,-0.3333333333333333,-0.3333333333333333,-0.25,1.1102230246251565e-16,0.1875
959,2025-10-14,Portugal,Hungary,2.0,2.0,FIFA World Cup qualification,Lisbon,Portugal,0,2025,0,1,968,2025-09-18,5.0,6.0,1.0,1779.56,1771.0,2025-09-18,41.0,38.0,-3.0,1492.18,1501.0,36.0,287.3799999999999,1993.0,1695.0,298.0,0,1.0,0.6,0.42857142857142855,0.8701171875,0.7100261364855176,0.6185641288757324,0.0,0.0,-0.16666666666666666,0.25,0.01234567901234555,-0.1484375,1.0,0.6,0.5952380952380952,0.6201171875,0.6976804574731721,0.7670016288757324
960,2025-10-14,Spain,Bulgaria,4.0,0.0,FIFA World Cup qualification,Valladolid,Spain,0,2025,0,1,969,2025-09-18,1.0,2.0,1.0,1875.37,1867.0,2025-09-18,86.0,84.0,-2.0,1271.53,1284.0,85.0,603.8399999999999,2178.0,1451.0,727.0,1,1.0,1.0,1.0,0.9989013671875,0.9839430278557105,0.95688496530056,-1.0,-1.0,-1.0,-1.0,-1.0,-1.0,2.0,2.0,2.0,1.9989013671875,1.9839430278557106,1.95688496530056
961,2025-10-14,Somalia,Mozambique,0.0,1.0,FIFA World Cup qualification,Bir El Djir,Algeria,1,2025,0,1,970,2025-09-18,201.0,200.0,-1.0,824.75,832.0,2025-09-18,97.0,99.0,2.0,1234.04,1236.0,-104.0,-409.29,857.0,1432.0,-575.0,-1,-1.0,-0.8,-0.8571428571428571,-0.96875,-0.934156378600823,-0.9208984375,-0.3333333333333333,-0.2,0.14285714285714285,-0.384765625,-0.22624712809135905,-0.1225428581237793,-0.6666666666666667,-0.6000000000000001,-1.0,-0.583984375,-0.707909250509464,-0.7983555793762207
962,2025-10-14,Turkey,Georgia,4.0,1.0,FIFA World Cup qualification,Izmit,Turkey,0,2025,0,1,971,2022-03-31,43.0,39.0,-4.0,1461.81,1472.72,2025-09-18,68.0,67.0,-1.0,1377.32,1375.0,25.0,84.49000000000001,1774.0,1650.0,124.0,1,0.3333333333333333,0.2,0.14285714285714285,0.3515625,0.2214601432708428,0.124847412109375,-0.3333333333333333,-0.2,-0.2857142857142857,-0.421875,-0.37997256515775035,-0.407470703125,0.6666666666666666,0.4,0.42857142857142855,0.7734375,0.6014327084285931,0.532318115234375
963,2025-10-14,Gabon,Burundi,2.0,0.0,FIFA World Cup qualification,Franceville,Gabon,0,2025,0,1,972,2025-09-18,79.0,80.0,1.0,1314.06,1307.0,2025-09-18,141.0,139.0,-2.0,1077.05,1093.0,62.0,237.01,1464.0,1268.0,196.0,1,0.6666666666666666,0.8,0.5714285714285714,0.734375,0.7192501143118427,0.7235107421875,-1.0,-0.6,-0.2857142857142857,-0.828125,-0.6073769242493521,-0.425689697265625,1.6666666666666665,1.4,0.8571428571428571,1.5625,1.326627038561195,1.149200439453125
964,2025-10-14,Algeria,Uganda,2.0,1.0,FIFA World Cup qualification,Tizi Ouzou,Algeria,0,2025,0,1,973,2025-09-18,38.0,36.0,-2.0,1500.73,1504.0,2025-09-18,82.0,88.0,6.0,1287.61,1269.0,44.0,213.1200000000001,1685.0,1389.0,296.0,1,0.6666666666666666,0.8,0.5714285714285714,0.723388671875,0.6534165285202559,0.597131222486496,1.0,0.6,0.42857142857142855,0.8984375,0.7024843773814966,0.522918701171875,-0.33333333333333337,0.20000000000000007,0.14285714285714285,-0.175048828125,-0.049067848861240715,0.07421252131462097
965,2025-10-14,Saudi Arabia,Iraq,0.0,0.0,FIFA World Cup qualification,Jeddah,Saudi Arabia,0,2025,0,1,974,2025-09-18,59.0,59.0,0.0,1420.65,1415.0,2025-09-18,58.0,58.0,0.0,1422.19,1417.0,-1.0,-1.5399999999999636,1536.0,1584.0,-48.0,0,0.3333333333333333,0.4,0.14285714285714285,0.38956376910209656,0.27749041754026005,0.22342362375837344,0.3333333333333333,0.0,0.14285714285714285,0.5771175026893616,0.36163840369391076,0.2890856146066305,0.0,0.4,0.0,-0.18755373358726501,-0.08414798615365071,-0.06566199084825708
966,2025-10-14,Senegal,Mauritania,4.0,0.0,FIFA World Cup qualification,Diamniadio,Senegal,0,2025,0,1,975,2025-09-18,18.0,18.0,0.0,1645.22,1635.0,2025-09-18,110.0,111.0,1.0,1183.29,1173.0,92.0,461.93000000000006,1771.0,1341.0,430.0,1,1.0,0.8,0.7142857142857143,0.9566421508789062,0.8757359268110365,0.8043087027908769,0.3333333333333333,0.0,-0.2857142857142857,0.0361328125,-0.04762146691730603,-0.13332080841064453,0.6666666666666667,0.8,1.0,0.9205093383789062,0.9233573937283426,0.9376295112015214
967,2025-10-14,DR Congo,Sudan,1.0,0.0,FIFA World Cup qualification,Kinshasa,DR Congo,0,2025,0,1,976,2025-09-18,60.0,61.0,1.0,1407.6,1412.0,2025-09-18,116.0,110.0,-6.0,1163.56,1174.0,56.0,244.04,1540.0,1374.0,166.0,1,0.3333333333333333,0.6,0.5714285714285714,0.48337554931640625,0.46254058855415875,0.43714515649480745,-0.6666666666666666,-0.4,0.0,-0.34765625,-0.2777015698826398,-0.1909332275390625,1.0,1.0,0.5714285714285714,0.8310317993164062,0.7402421584367985,0.62807838403387
968,2025-10-14,Qatar,United Arab Emirates,2.0,1.0,FIFA World Cup qualification,Al Rayyan,Qatar,0,2025,0,1,977,2025-09-18,53.0,53.0,0.0,1453.65,1460.0,2025-09-18,67.0,65.0,-2.0,1379.86,1380.0,14.0,73.79000000000019,1524.0,1538.0,-14.0,1,0.0,0.0,0.0,-0.16614162921905518,-0.12537660605615217,-0.08006482329961528,0.3333333333333333,0.2,0.42857142857142855,0.5505013465881348,0.42241491906787826,0.3615251797247083,-0.3333333333333333,-0.2,-0.42857142857142855,-0.7166429758071899,-0.5477915251240304,-0.4415900030243236
969,2025-10-14,South Africa,Rwanda,3.0,0.0,FIFA World Cup qualification,Mbombela,South Africa,0,2025,0,1,978,2025-09-18,55.0,56.0,1.0,1448.67,1443.0,2025-09-18,127.0,127.0,0.0,1133.5,1125.0,72.0,315.1700000000001,1576.0,1341.0,235.0,1,0.3333333333333333,0.2,0.2857142857142857,0.17242431640625,0.2327444173970882,0.2512854840606451,-0.3333333333333333,-0.4,-0.2857142857142857,-0.39453125,-0.2909617436366407,-0.2340240478515625,0.6666666666666666,0.6000000000000001,0.5714285714285714,0.56695556640625,0.5237061610337289,0.4853095319122076
970,2025-10-14,Morocco,Congo,1.0,0.0,FIFA World Cup qualification,Rabat,Morocco,0,2025,0,1,979,2025-09-18,11.0,12.0,1.0,1706.25,1699.0,2025-09-18,133.0,132.0,-1.0,1119.76,1116.0,122.0,586.49,1802.0,1261.0,541.0,1,1.0,1.0,0.7142857142857143,0.9816532135009766,0.9136893695194662,0.8384647631064581,-0.6666666666666666,-0.75,-0.75,-0.75,-0.7777777777777778,-0.8125,1.6666666666666665,1.75,1.4642857142857144,1.7316532135009766,1.691467147297244,1.6509647631064581
971,2025-10-14,Seychelles,Gambia,0.0,7.0,FIFA World Cup qualification,Saint Pierre,Mauritius,1,2025,0,1,980,2025-09-18,203.0,203.0,0.0,812.33,821.0,2022-03-31,123.0,125.0,2.0,1138.19,1135.18,-80.0,-325.86,845.0,1443.0,-598.0,-1,-1.0,-1.0,-1.0,-1.0,-1.0,-1.0,0.3333333333333333,0.0,0.0,-0.203125,-0.13488797439414726,-0.1756591796875,-1.3333333333333333,-1.0,-1.0,-0.796875,-0.8651120256058528,-0.8243408203125
972,2025-10-14,Ivory Coast,Kenya,3.0,0.0,FIFA World Cup qualification,Ebimpé,Ivory Coast,0,2025,0,1,981,2025-09-18,44.0,45.0,1.0,1483.9,1483.0,2025-09-18,111.0,109.0,-2.0,1181.64,1179.0,67.0,302.26,1579.0,1341.0,238.0,1,0.6666666666666666,0.8,0.7142857142857143,0.733154296875,0.7152559424909507,0.7021397054195404,0.3333333333333333,0.0,0.0,0.5625,0.2891327541533301,0.124664306640625,0.3333333333333333,0.8,0.7142857142857143,0.170654296875,0.4261231883376206,0.5774753987789154
973,2025-10-14,Nigeria,Benin,4.0,0.0,FIFA World Cup qualification,Uyo,Nigeria,0,2025,0,1,982,2025-09-18,45.0,44.0,-1.0,1483.85,1484.0,2025-09-18,93.0,96.0,3.0,1257.3,1239.0,48.0,226.54999999999995,1584.0,1445.0,139.0,1,0.6666666666666666,0.6,0.2857142857142857,0.6376953125,0.49259089908381165,0.3958005905151367,1.0,0.4,0.5714285714285714,0.83203125,0.6390794086267336,0.4763641357421875,-0.33333333333333337,0.19999999999999996,-0.2857142857142857,-0.1943359375,-0.14648850954292197,-0.08056354522705078
974,2025-10-14,Guinea,Botswana,2.0,2.0,FIFA World Cup qualification,Casablanca,Morocco,1,2025,0,1,983,2025-09-18,81.0,81.0,0.0,1299.48,1293.0,2025-09-18,139.0,135.0,-4.0,1087.27,1101.0,58.0,212.21000000000004,1466.0,1326.0,140.0,0,0.6666666666666666,0.2,0.14285714285714285,0.548828125,0.3442395298819623,0.2494678497314453,-1.0,-0.6,-0.42857142857142855,-0.8359375,-0.6756591982929431,-0.603668212890625,1.6666666666666665,0.8,0.5714285714285714,1.384765625,1.0198987281749055,0.8531360626220703
975,2025-11-13,Nicaragua,Honduras,2.0,0.0,FIFA World Cup qualification,Managua,Nicaragua,0,2025,0,1,984,2025-09-18,132.0,130.0,-2.0,1120.77,1120.0,2025-09-18,65.0,66.0,1.0,1383.99,1380.0,-67.0,-263.22,1331.0,1585.0,-254.0,1,-1.0,-0.8,-0.2857142857142857,-0.875,-0.6378600823045266,-0.419921875,0.6666666666666666,0.6,0.7142857142857143,0.68017578125,0.6067559710297097,0.5208837985992432,-1.6666666666666665,-1.4,-1.0,-1.55517578125,-1.2446160533342363,-0.9408056735992432
976,2025-11-13,England,Serbia,2.0,0.0,FIFA World Cup qualification,London,England,0,2025,0,1,985,2025-09-18,4.0,4.0,0.0,1820.45,1813.0,2025-09-18,34.0,32.0,-2.0,1520.9,1523.0,30.0,299.54999999999995,2006.0,1806.0,200.0,1,1.0,1.0,0.7142857142857143,0.9815597534179688,0.9148990388063859,0.8469610697939061,-0.3333333333333333,0.2,0.0,0.205078125,0.05278666869887713,-0.046504974365234375,1.3333333333333333,0.8,0.7142857142857143,0.7764816284179688,0.8621123701075087,0.8934660441591404
977,2025-11-13,Haiti,Costa Rica,1.0,0.0,FIFA World Cup qualification,Willemstad,Curaçao,1,2025,0,1,986,2025-09-18,87.0,90.0,3.0,1269.23,1261.0,2025-09-18,47.0,40.0,-7.0,1481.14,1494.0,-40.0,-211.91000000000008,1538.0,1666.0,-128.0,1,0.0,-0.2,0.14285714285714285,-0.25,-0.04526748971193403,0.095703125,0.3333333333333333,0.4,0.5714285714285714,0.5521230697631836,0.4675564094334148,0.4405828072094664,-0.3333333333333333,-0.6000000000000001,-0.42857142857142855,-0.8021230697631836,-0.5128238991453489,-0.3448796822094664
978,2025-11-13,Trinidad and Tobago,Jamaica,1.0,1.0,FIFA World Cup qualification,Port of Spain,Trinidad and Tobago,0,2025,0,1,987,2025-09-18,102.0,101.0,-1.0,1220.99,1229.0,2025-09-18,69.0,70.0,1.0,1377.21,1363.0,-33.0,-156.22000000000003,1389.0,1569.0,-180.0,0,0.0,-0.2,0.14285714285714285,0.1171875,0.08139003200731595,0.07159423828125,0.3333333333333333,0.6,0.42857142857142855,0.4757080078125,0.4374565254343066,0.3927176147699356,-0.3333333333333333,-0.8,-0.2857142857142857,-0.3585205078125,-0.3560664934269906,-0.3211233764886856
979,2025-11-13,Bermuda,Curaçao,0.0,7.0,FIFA World Cup qualification,Devonshire Parish,Bermuda,0,2025,0,1,988,2025-09-18,165.0,162.0,-3.0,988.72,1000.0,2025-09-18,84.0,86.0,2.0,1282.42,1277.0,-81.0,-293.70000000000005,1151.0,1335.0,-184.0,-1,-1.0,-0.6,-0.42857142857142855,-0.8984375,-0.7219935985368083,-0.58966064453125,0.6666666666666666,0.6,0.7142857142857143,0.4375,0.5679012345679013,0.64453125,-1.6666666666666665,-1.2,-1.1428571428571428,-1.3359375,-1.2898948331047095,-1.23419189453125
980,2025-11-13,Guatemala,Panama,2.0,3.0,FIFA World Cup qualification,Guatemala City,Guatemala,0,2025,0,1,989,2025-09-18,98.0,100.0,2.0,1230.73,1236.0,2025-09-18,29.0,30.0,1.0,1529.71,1545.0,-69.0,-298.98,1481.0,1726.0,-245.0,-1,0.3333333333333333,-0.2,0.14285714285714285,0.4375,0.3004115226337448,0.302734375,0.3333333333333333,0.4,0.2857142857142857,0.2947235107421875,0.3357642192227991,0.3393259058939293,0.0,-0.6000000000000001,-0.14285714285714285,0.1427764892578125,-0.03535269658905427,-0.0365915308939293
981,2025-11-13,Suriname,El Salvador,4.0,0.0,FIFA World Cup qualification,Paramaribo,Suriname,0,2025,0,1,990,2025-09-18,131.0,136.0,5.0,1125.2,1100.0,2025-09-18,90.0,87.0,-3.0,1267.75,1273.0,-41.0,-142.54999999999995,1411.0,1389.0,22.0,1,0.3333333333333333,0.2,0.42857142857142855,0.15625,0.27983539094650217,0.3779296875,-1.0,-0.4,0.0,-0.792236328125,-0.5598783935250259,-0.43903180956840515,1.3333333333333333,0.6000000000000001,0.42857142857142855,0.948486328125,0.8397137844715281,0.8169614970684052
982,2025-11-13,Andorra,Albania,0.0,1.0,FIFA World Cup qualification,Encamp,Andorra,0,2025,0,1,991,2025-09-18,174.0,174.0,0.0,954.69,954.0,2025-09-18,66.0,68.0,2.0,1380.66,1373.0,-108.0,-425.97,1074.0,1631.0,-557.0,-1,-0.6666666666666666,-0.8,-0.8571428571428571,-0.75,-0.7777777777777778,-0.8125,0.6666666666666666,0.6,0.14285714285714285,0.7578125,0.5482395976223136,0.41278076171875,-1.3333333333333333,-1.4,-1.0,-1.5078125,-1.3260173754000912,-1.22528076171875
983,2025-11-13,Armenia,Hungary,0.0,1.0,FIFA World Cup qualification,Yerevan,Armenia,0,2025,0,1,993,2025-09-18,103.0,105.0,2.0,1219.55,1205.0,2025-09-18,41.0,38.0,-3.0,1492.18,1501.0,-62.0,-272.6300000000001,1412.0,1695.0,-283.0,-1,-0.3333333333333333,-0.5,-0.5,-0.75,-0.7037037037037037,-0.71875,0.0,0.2,-0.14285714285714285,0.125,0.008230452674897035,-0.111328125,-0.3333333333333333,-0.7,-0.35714285714285715,-0.875,-0.7119341563786008,-0.607421875
984,2025-11-13,United Arab Emirates,Iraq,1.0,1.0,FIFA World Cup qualification,Abu Dhabi,United Arab Emirates,0,2025,0,1,994,2025-09-18,67.0,65.0,-2.0,1379.86,1380.0,2025-09-18,58.0,58.0,0.0,1422.19,1417.0,-9.0,-42.33000000000016,1538.0,1584.0,-46.0,0,0.0,0.2,0.14285714285714285,-0.22474932670593262,-0.051723387288081055,0.021143884793531242,0.6666666666666666,0.0,0.14285714285714285,0.2885587513446808,0.24109226912927387,0.21681421095497289,-0.6666666666666666,0.2,0.0,-0.5133080780506134,-0.2928156564173549,-0.19567032616144164
985,2025-11-13,Cameroon,DR Congo,0.0,1.0,FIFA World Cup qualification,Rabat,Morocco,1,2025,0,1,995,2025-09-18,52.0,51.0,-1.0,1455.42,1467.0,2025-09-18,60.0,61.0,1.0,1407.6,1412.0,8.0,47.82000000000016,1579.0,1540.0,39.0,-1,0.0,0.4,0.2857142857142857,0.22137451171875,0.25196581175137595,0.24957692809402943,0.3333333333333333,0.6,0.7142857142857143,0.7416877746582031,0.6416937257027725,0.5778588673711056,-0.3333333333333333,-0.19999999999999996,-0.4285714285714286,-0.5203132629394531,-0.38972791395139655,-0.32828193927707616
986,2025-11-13,Nigeria,Gabon,4.0,1.0,FIFA World Cup qualification,Rabat,Morocco,1,2025,0,1,996,2025-09-18,45.0,44.0,-1.0,1483.85,1484.0,2025-09-18,79.0,80.0,1.0,1314.06,1307.0,34.0,169.78999999999996,1584.0,1464.0,120.0,1,0.6666666666666666,0.6,0.42857142857142855,0.81884765625,0.6617272660558744,0.5468504428863525,0.6666666666666666,0.8,0.8571428571428571,0.8671875,0.8128334095412284,0.792633056640625,0.0,-0.20000000000000007,-0.42857142857142855,-0.04833984375,-0.151106143485354,-0.24578261375427246
987,2025-11-13,Norway,Estonia,4.0,1.0,FIFA World Cup qualification,Oslo,Norway,0,2025,0,1,997,2025-09-18,31.0,33.0,2.0,1526.23,1519.0,2025-09-18,129.0,126.0,-3.0,1127.19,1131.0,98.0,399.04,1806.0,1356.0,450.0,1,1.0,1.0,1.0,1.0,1.0,1.0,-1.0,-1.0,-1.0,-1.0,-1.0,-1.0,2.0,2.0,2.0,2.0,2.0,2.0
988,2025-11-13,Azerbaijan,Iceland,0.0,2.0,FIFA World Cup qualification,Baku,Azerbaijan,0,2025,0,1,998,2025-09-18,124.0,122.0,-2.0,1148.09,1148.0,2025-09-18,74.0,74.0,0.0,1343.09,1338.0,-50.0,-195.0,1367.0,1562.0,-195.0,-1,-0.6666666666666666,-0.75,-0.75,-0.875,-0.8518518518518519,-0.859375,-0.6666666666666666,-0.25,-0.25,-0.25,-0.07407407407407395,0.09375,0.0,-0.5,-0.5,-0.625,-0.7777777777777779,-0.953125
989,2025-11-13,Republic of Ireland,Portugal,2.0,0.0,FIFA World Cup qualification,Dublin,Republic of Ireland,0,2025,0,1,999,2025-09-18,61.0,60.0,-1.0,1397.52,1413.0,2025-09-18,5.0,6.0,1.0,1779.56,1771.0,-56.0,-382.04,1603.0,1993.0,-390.0,1,-0.3333333333333333,-0.25,-0.25,0.125,-0.0370370370370371,-0.078125,0.6666666666666666,0.6,0.2857142857142857,0.43505859375,0.4733507576570118,0.4639230966567993,-1.0,-0.85,-0.5357142857142857,-0.31005859375,-0.5103877946940489,-0.5420480966567993
990,2025-11-13,France,Ukraine,4.0,0.0,FIFA World Cup qualification,Paris,France,0,2025,0,1,1000,2025-09-18,2.0,3.0,1.0,1870.92,1862.0,2025-09-18,28.0,26.0,-2.0,1543.06,1557.0,26.0,327.8600000000001,2055.0,1773.0,282.0,1,0.6666666666666666,0.4,0.42857142857142855,0.41546630859375,0.45050413944421,0.45108415000140667,0.6666666666666666,0.2,0.14285714285714285,0.6875,0.5006858710562414,0.45068359375,0.0,0.2,0.2857142857142857,-0.27203369140625,-0.05018173161203143,0.0004005562514066696
991,2025-11-14,Luxembourg,Germany,0.0,2.0,FIFA World Cup qualification,Luxembourg,Luxembourg,0,2025,0,1,1001,2025-09-18,96.0,92.0,-4.0,1242.61,1260.0,2025-09-18,12.0,9.0,-3.0,1704.27,1717.0,-84.0,-461.6600000000001,1455.0,1971.0,-516.0,-1,-1.0,-1.0,-1.0,-1.0,-1.0,-1.0,1.0,0.2,0.2857142857142857,0.80322265625,0.6126155114114266,0.48781609535217285,-2.0,-1.2,-1.2857142857142856,-1.80322265625,-1.6126155114114264,-1.4878160953521729
992,2025-11-14,Slovakia,Northern Ireland,1.0,0.0,FIFA World Cup qualification,Košice,Slovakia,0,2025,0,1,1002,2025-09-18,42.0,52.0,10.0,1491.86,1467.0,2025-09-18,72.0,71.0,-1.0,1355.98,1351.0,30.0,135.87999999999988,1665.0,1561.0,104.0,1,0.3333333333333333,0.2,0.3333333333333333,0.4375,0.42386831275720166,0.466796875,-0.3333333333333333,0.0,0.0,-0.25,0.03703703703703717,0.21875,0.6666666666666666,0.2,0.3333333333333333,0.6875,0.3868312757201645,0.248046875
993,2025-11-14,Finland,Malta,0.0,1.0,FIFA World Cup qualification,Helsinki,Finland,0,2025,0,1,1003,2025-09-18,71.0,69.0,-2.0,1358.71,1372.0,2025-09-18,166.0,168.0,2.0,982.43,977.0,95.0,376.2800000000001,1556.0,1260.0,296.0,-1,-0.3333333333333333,-0.2,0.0,-0.328125,-0.13854595336076808,0.001220703125,-0.6666666666666666,-0.6,-0.6666666666666666,-0.6875,-0.6790123456790124,-0.70703125,0.3333333333333333,0.39999999999999997,0.6666666666666666,0.359375,0.5404663923182442,0.708251953125
994,2025-11-14,Poland,Netherlands,1.0,1.0,FIFA World Cup qualification,Warsaw,Poland,0,2025,0,1,1004,2025-09-18,36.0,37.0,1.0,1517.31,1502.0,2025-09-18,7.0,7.0,0.0,1754.17,1758.0,-29.0,-236.86000000000013,1682.0,1938.0,-256.0,0,0.6666666666666666,0.4,0.42857142857142855,0.7274169921875,0.5285547533341738,0.4135262817144394,1.0,0.8,0.5714285714285714,0.9192962646484375,0.8162545295842626,0.7426613171119243,-0.33333333333333337,-0.4,-0.14285714285714285,-0.1918792724609375,-0.2876997762500888,-0.3291350353974849
995,2025-11-14,Croatia,Faroe Islands,3.0,1.0,FIFA World Cup qualification,Rijeka,Croatia,0,2025,0,1,1005,2025-09-18,9.0,10.0,1.0,1714.21,1708.0,2025-09-18,136.0,141.0,5.0,1094.46,1090.0,127.0,619.75,1886.0,1248.0,638.0,1,0.6666666666666666,0.8,0.7142857142857143,0.732940673828125,0.6810122192582333,0.6186405355110765,1.0,0.6,0.14285714285714285,0.8125,0.5390946502057612,0.314453125,-0.33333333333333337,0.20000000000000007,0.5714285714285714,-0.079559326171875,0.1419175690524721,0.30418741051107645
996,2025-11-14,Gibraltar,Montenegro,1.0,2.0,FIFA World Cup qualification,Gibraltar,Gibraltar,0,2025,0,1,1006,2025-09-18,200.0,199.0,-1.0,827.19,835.0,2025-09-18,80.0,77.0,-3.0,1314.05,1327.0,-120.0,-486.8599999999999,1051.0,1516.0,-465.0,-1,-1.0,-1.0,-1.0,-1.0,-1.0,-1.0,-1.0,-0.6,-0.3333333333333333,-0.875,-0.6049382716049381,-0.3671875,0.0,-0.4,-0.6666666666666667,-0.125,-0.39506172839506193,-0.6328125
997,2025-11-15,Kazakhstan,Belgium,1.0,1.0,FIFA World Cup qualification,Astana,Kazakhstan,0,2025,0,1,1007,2025-09-18,118.0,114.0,-4.0,1158.05,1165.0,2025-09-18,8.0,8.0,0.0,1739.55,1736.0,-110.0,-581.5,1425.0,1851.0,-426.0,0,0.0,-0.4,-0.2857142857142857,0.03125,-0.13443072702331973,-0.25634765625,0.6666666666666666,0.8,0.42857142857142855,0.7119140625,0.6250157590400439,0.5580753087997437,-0.6666666666666666,-1.2000000000000002,-0.7142857142857142,-0.6806640625,-0.7594464860633636,-0.8144229650497437
998,2025-11-15,Liechtenstein,Wales,0.0,1.0,FIFA World Cup qualification,Vaduz,Liechtenstein,0,2025,0,1,1008,2025-09-18,204.0,204.0,0.0,808.48,812.0,2025-09-18,30.0,31.0,1.0,1529.09,1529.0,-174.0,-720.6099999999999,977.0,1724.0,-747.0,-1,-1.0,-1.0,-1.0,-1.0,-1.0,-1.0,-0.3333333333333333,0.0,0.0,-0.306640625,-0.13935883757557274,-0.041110992431640625,-0.6666666666666667,-1.0,-1.0,-0.693359375,-0.8606411624244272,-0.9588890075683594
999,2025-11-15,Bosnia and Herzegovina,Romania,3.0,1.0,FIFA World Cup qualification,Zenica,Bosnia and Herzegovina,0,2025,0,1,1009,2025-09-18,73.0,72.0,-1.0,1344.25,1349.0,2025-09-18,51.0,48.0,-3.0,1462.85,1474.0,-22.0,-118.59999999999992,1485.0,1650.0,-165.0,1,0.0,0.4,0.5,0.0,0.22222222222222235,0.375,0.6666666666666666,0.4,0.0,0.5625,0.316872427983539,0.126953125,-0.6666666666666666,0.0,0.5,-0.5625,-0.09465020576131664,0.248046875
1000,2025-11-15,Georgia,Spain,0.0,4.0,FIFA World Cup qualification,Tbilisi,Georgia,0,2025,0,1,1010,2025-09-18,68.0,67.0,-1.0,1377.32,1375.0,2025-09-18,1.0,2.0,1.0,1875.37,1867.0,-67.0,-498.05,1650.0,2178.0,-528.0,-1,-0.3333333333333333,-0.6,-0.2857142857142857,-0.7109375,-0.5866483767718336,-0.55560302734375,1.0,1.0,1.0,0.99945068359375,0.989295351903807,0.96766372397542,-1.3333333333333333,-1.6,-1.2857142857142856,-1.71038818359375,-1.5759437286756406,-1.52326675131917
1001,2025-11-15,Cyprus,Austria,0.0,2.0,FIFA World Cup qualification,Limassol,Cyprus,0,2025,0,1,1011,2025-09-18,128.0,128.0,0.0,1128.11,1124.0,2025-09-18,22.0,22.0,0.0,1601.86,1591.0,-106.0,-473.75,1311.0,1871.0,-560.0,-1,0.3333333333333333,-0.2,-0.14285714285714285,0.40625,0.21262002743484218,0.18408203125,0.3333333333333333,0.6,0.42857142857142855,-0.01953125,0.22278108011990053,0.26084136962890625,0.0,-0.8,-0.5714285714285714,0.42578125,-0.010161052685058347,-0.07675933837890625
1002,2025-11-15,Greece,Scotland,3.0,2.0,FIFA World Cup qualification,Piraeus,Greece,0,2025,0,1,1012,2025-09-18,40.0,39.0,-1.0,1494.71,1498.0,2025-09-18,43.0,47.0,4.0,1485.08,1475.0,3.0,9.63000000000011,1838.0,1759.0,79.0,1,-1.0,-0.5,-0.5,-0.75,-0.4074074074074072,-0.15625,1.0,0.4,0.14285714285714285,0.828125,0.550068587105624,0.321044921875,-2.0,-0.9,-0.6428571428571428,-1.578125,-0.9574759945130312,-0.477294921875
1003,2025-11-15,Denmark,Belarus,2.0,2.0,FIFA World Cup qualification,Copenhagen,Denmark,0,2025,0,1,1013,2025-09-18,20.0,21.0,1.0,1627.64,1621.0,2025-09-18,100.0,97.0,-3.0,1223.55,1237.0,80.0,404.09000000000015,1864.0,1492.0,372.0,0,1.0,0.4,0.14285714285714285,0.83203125,0.5890870294162474,0.4211578369140625,-1.0,-1.0,-1.0,-1.0,-1.0,-1.0,2.0,1.4,1.1428571428571428,1.83203125,1.5890870294162474,1.4211578369140625
1004,2025-11-15,Switzerland,Sweden,4.0,1.0,FIFA World Cup qualification,Geneva,Switzerland,0,2025,0,1,1014,2025-09-18,17.0,19.0,2.0,1648.29,1635.0,2025-09-18,32.0,29.0,-3.0,1524.63,1545.0,15.0,123.65999999999984,1814.0,1744.0,70.0,1,0.6666666666666666,0.6,0.5714285714285714,0.45458984375,0.5270011158341189,0.5343729257583618,-1.0,-0.8,-0.5,-0.875,-0.6378600823045266,-0.419921875,1.6666666666666665,1.4,1.0714285714285714,1.32958984375,1.1648611981386456,0.9542948007583618
1005,2025-11-15,Slovenia,Kosovo,0.0,2.0,FIFA World Cup qualification,Ljubljana,Slovenia,0,2025,0,1,1015,2025-09-18,50.0,50.0,0.0,1462.96,1470.0,2025-09-18,91.0,95.0,4.0,1262.1,1248.0,41.0,200.86000000000013,1752.0,1527.0,225.0,-1,-0.3333333333333333,-0.2,-0.16666666666666666,-0.125,-0.14814814814814817,-0.140625,0.6666666666666666,0.25,0.25,0.5,0.185185185185185,-0.03125,-1.0,-0.45,-0.41666666666666663,-0.625,-0.33333333333333315,-0.109375
1006,2025-11-15,Turkey,Bulgaria,2.0,0.0,FIFA World Cup qualification,Bursa,Turkey,0,2025,0,1,1016,2022-03-31,43.0,39.0,-4.0,1461.81,1472.72,2025-09-18,86.0,84.0,-2.0,1271.53,1284.0,43.0,190.28,1774.0,1451.0,323.0,1,0.3333333333333333,0.2,0.42857142857142855,0.67578125,0.4809734288472285,0.34363555908203125,-1.0,-1.0,-1.0,-1.0,-1.0,-1.0,1.3333333333333333,1.2,1.4285714285714286,1.67578125,1.4809734288472285,1.3436355590820312
1007,2025-11-16,Serbia,Latvia,2.0,1.0,FIFA World Cup qualification,Leskovac,Serbia,0,2025,0,1,1017,2025-09-18,34.0,32.0,-2.0,1520.9,1523.0,2025-09-18,137.0,137.0,0.0,1088.8,1099.0,103.0,432.10000000000014,1806.0,1295.0,511.0,1,-0.3333333333333333,-0.2,0.0,-0.3974609375,-0.29814222086741515,-0.2848787307739258,-0.6666666666666666,-0.6,-0.42857142857142855,-0.6875,-0.5363511659807955,-0.37744140625,0.3333333333333333,0.39999999999999997,0.42857142857142855,0.2900390625,0.2382089451133803,0.09256267547607422
1008,2025-11-16,Albania,England,0.0,2.0,FIFA World Cup qualification,Tirana,Albania,0,2025,0,1,1018,2025-09-18,66.0,68.0,2.0,1380.66,1373.0,2025-09-18,4.0,4.0,0.0,1820.45,1813.0,-62.0,-439.79,1631.0,2006.0,-375.0,-1,1.0,0.6,0.42857142857142855,0.87890625,0.6988263984148757,0.5595855712890625,1.0,1.0,1.0,0.9907798767089844,0.9432660258709239,0.8852208023454295,0.0,-0.4,-0.5714285714285714,-0.11187362670898438,-0.2444396274560482,-0.32563523105636705
1009,2025-11-16,Italy,Norway,1.0,4.0,FIFA World Cup qualification,Milan,Italy,0,2025,0,1,1019,2025-09-18,10.0,11.0,1.0,1710.07,1703.0,2025-09-18,31.0,33.0,2.0,1526.23,1519.0,21.0,183.83999999999992,1943.0,1806.0,137.0,-1,1.0,0.6,0.2857142857142857,0.8828125,0.6342021033379056,0.41168212890625,1.0,1.0,1.0,1.0,1.0,1.0,0.0,-0.4,-0.7142857142857143,-0.1171875,-0.3657978966620944,-0.58831787109375
1010,2025-11-16,Portugal,Armenia,9.0,1.0,FIFA World Cup qualification,Porto,Portugal,0,2025,0,1,1021,2025-09-18,5.0,6.0,1.0,1779.56,1771.0,2025-09-18,103.0,105.0,2.0,1219.55,1205.0,98.0,560.01,1993.0,1412.0,581.0,1,0.0,0.4,0.2857142857142857,-0.282470703125,-0.017766161561992032,0.09794232249259949,-1.0,-0.6,-0.6,-0.875,-0.8024691358024691,-0.7890625,1.0,1.0,0.8857142857142857,0.592529296875,0.7847029742404771,0.8870048224925995
1011,2025-11-16,Azerbaijan,France,1.0,3.0,FIFA World Cup qualification,Baku,Azerbaijan,0,2025,0,1,1022,2025-09-18,124.0,122.0,-2.0,1148.09,1148.0,2025-09-18,2.0,3.0,1.0,1870.92,1862.0,-122.0,-722.8300000000002,1367.0,2055.0,-688.0,-1,-1.0,-0.8,-0.8,-0.9375,-0.9012345679012346,-0.89453125,0.6666666666666666,0.8,0.42857142857142855,0.707733154296875,0.63366942629614,0.588313112501055,-1.6666666666666665,-1.6,-1.2285714285714286,-1.645233154296875,-1.5349039941973746,-1.482844362501055
1012,2025-11-16,Ukraine,Iceland,2.0,0.0,FIFA World Cup qualification,Warsaw,Poland,1,2025,0,1,1023,2025-09-18,28.0,26.0,-2.0,1543.06,1557.0,2025-09-18,74.0,74.0,0.0,1343.09,1338.0,46.0,199.97000000000003,1773.0,1562.0,211.0,1,0.3333333333333333,0.0,-0.14285714285714285,-0.15625,0.0004572473708277144,0.0880126953125,0.0,0.0,0.0,0.375,0.2839506172839506,0.3203125,0.3333333333333333,0.0,-0.14285714285714285,-0.53125,-0.2834933699131229,-0.2322998046875
1013,2025-11-16,Nigeria,DR Congo,1.0,1.0,FIFA World Cup qualification,Rabat,Morocco,1,2025,0,1,1024,2025-09-18,45.0,44.0,-1.0,1483.85,1484.0,2025-09-18,60.0,61.0,1.0,1407.6,1412.0,15.0,76.25,1584.0,1540.0,44.0,0,1.0,0.8,0.7142857142857143,0.909423828125,0.7744848440372496,0.6601378321647644,1.0,0.6,0.7142857142857143,0.8708438873291016,0.7611291504685149,0.6833941505283292,0.0,0.20000000000000007,0.0,0.03857994079589844,0.013355693568734672,-0.023256318363564787
1014,2025-11-16,Hungary,Republic of Ireland,2.0,3.0,FIFA World Cup qualification,Budapest,Hungary,0,2025,0,1,1025,2025-09-18,41.0,38.0,-3.0,1492.18,1501.0,2025-09-18,61.0,60.0,-1.0,1397.52,1413.0,20.0,94.66000000000008,1695.0,1603.0,92.0,-1,0.6666666666666666,0.2,0.14285714285714285,0.5625,0.3388203017832646,0.16650390625,0.3333333333333333,0.0,0.0,0.5625,0.30864197530864185,0.19140625,0.3333333333333333,0.2,0.14285714285714285,0.0,0.030178326474622763,-0.02490234375
1015,2025-11-17,Montenegro,Croatia,2.0,3.0,FIFA World Cup qualification,Podgorica,Montenegro,0,2025,0,1,1026,2025-09-18,80.0,77.0,-3.0,1314.05,1327.0,2025-09-18,9.0,10.0,1.0,1714.21,1708.0,-71.0,-400.1600000000001,1516.0,1886.0,-370.0,-1,-0.3333333333333333,-0.6,-0.14285714285714285,0.0625,-0.0699588477366255,-0.025390625,0.6666666666666666,0.8,0.8571428571428571,0.8664703369140625,0.7873414795054888,0.7139804016333073,-1.0,-1.4,-1.0,-0.8039703369140625,-0.8573003272421144,-0.7393710266333073
1016,2025-11-17,Czech Republic,Gibraltar,6.0,0.0,FIFA World Cup qualification,Olomouc,Czech Republic,0,2025,0,1,1027,2022-03-31,33.0,31.0,-2.0,1500.62,1510.42,2025-09-18,200.0,199.0,-1.0,827.19,835.0,167.0,673.4299999999998,1753.0,1051.0,702.0,1,0.0,0.0,0.2857142857142857,-0.388671875,-0.19046893258141534,-0.14037704467773438,-1.0,-1.0,-1.0,-1.0,-1.0,-1.0,1.0,1.0,1.2857142857142856,0.611328125,0.8095310674185847,0.8596229553222656
1017,2025-11-17,Netherlands,Lithuania,4.0,0.0,FIFA World Cup qualification,Amsterdam,Netherlands,0,2025,0,1,1028,2025-09-18,7.0,7.0,0.0,1754.17,1758.0,2025-09-18,145.0,143.0,-2.0,1065.34,1069.0,138.0,688.8300000000002,1938.0,1293.0,645.0,1,0.6666666666666666,0.6,0.7142857142857143,0.45964813232421875,0.5441696863895085,0.5569959878339432,-1.0,-0.6,-0.5714285714285714,-0.890625,-0.7914951989026062,-0.756103515625,1.6666666666666665,1.2,1.2857142857142856,1.3502731323242188,1.3356648852921147,1.3130995034589432
1018,2025-11-17,Malta,Poland,2.0,3.0,FIFA World Cup qualification,Ta' Qali,Malta,0,2025,0,1,1029,2025-09-18,166.0,168.0,2.0,982.43,977.0,2025-09-18,36.0,37.0,1.0,1517.31,1502.0,-130.0,-534.88,1260.0,1682.0,-422.0,-1,0.0,-0.2,-0.42857142857142855,0.15625,-0.11934156378600837,-0.2802734375,0.6666666666666666,0.2,0.42857142857142855,0.36370849609375,0.3523698355561159,0.31014471128582954,-0.6666666666666666,-0.4,-0.8571428571428571,-0.20745849609375,-0.47171139934212425,-0.5904181487858295
1019,2025-11-17,Northern Ireland,Luxembourg,1.0,0.0,FIFA World Cup qualification,Belfast,Northern Ireland,0,2025,0,1,1030,2025-09-18,72.0,71.0,-1.0,1355.98,1351.0,2025-09-18,96.0,92.0,-4.0,1242.61,1260.0,24.0,113.37000000000012,1561.0,1455.0,106.0,1,-0.3333333333333333,-0.2,-0.2,-0.625,-0.3086419753086418,-0.0859375,-1.0,-1.0,-1.0,-1.0,-1.0,-1.0,0.6666666666666667,0.8,0.8,0.375,0.6913580246913582,0.9140625
1020,2025-11-17,Germany,Slovakia,6.0,0.0,FIFA World Cup qualification,Leipzig,Germany,0,2025,0,1,1031,2025-09-18,12.0,9.0,-3.0,1704.27,1717.0,2025-09-18,42.0,52.0,10.0,1491.86,1467.0,30.0,212.41000000000008,1971.0,1665.0,306.0,1,1.0,0.6,0.42857142857142855,0.901611328125,0.7417436742742843,0.6158620715141296,0.3333333333333333,0.6,0.42857142857142855,0.71875,0.6159122085048011,0.60009765625,0.6666666666666667,0.0,0.0,0.182861328125,0.12583146576948323,0.01576441526412964
1021,2025-11-18,Haiti,Nicaragua,2.0,0.0,FIFA World Cup qualification,Willemstad,Curaçao,1,2025,0,1,1032,2025-09-18,87.0,90.0,3.0,1269.23,1261.0,2025-09-18,132.0,130.0,-2.0,1120.77,1120.0,45.0,148.46000000000004,1538.0,1331.0,207.0,1,0.3333333333333333,0.2,0.14285714285714285,0.375,0.30315500685871055,0.32177734375,-0.3333333333333333,-0.4,-0.2857142857142857,0.0625,-0.0919067215363512,-0.06494140625,0.6666666666666666,0.6000000000000001,0.42857142857142855,0.3125,0.39506172839506176,0.38671875
1022,2025-11-18,Trinidad and Tobago,Bermuda,2.0,2.0,FIFA World Cup qualification,Port of Spain,Trinidad and Tobago,0,2025,0,1,1033,2025-09-18,102.0,101.0,-1.0,1220.99,1229.0,2025-09-18,165.0,162.0,-3.0,988.72,1000.0,63.0,232.27,1389.0,1151.0,238.0,0,0.3333333333333333,0.0,0.0,0.05859375,0.054260021338210646,0.0536956787109375,-1.0,-1.0,-0.42857142857142855,-0.94921875,-0.8146623990245389,-0.6922454833984375,1.3333333333333333,1.0,0.42857142857142855,1.0078125,0.8689224203627495,0.745941162109375
1023,2025-11-18,Jamaica,Curaçao,0.0,0.0,FIFA World Cup qualification,Kingston,Jamaica,0,2025,0,1,1034,2025-09-18,69.0,70.0,1.0,1377.21,1363.0,2025-09-18,84.0,86.0,2.0,1282.42,1277.0,15.0,94.78999999999996,1569.0,1335.0,234.0,0,0.0,0.4,0.5714285714285714,0.23785400390625,0.29163768362287107,0.2945382110774517,0.6666666666666666,0.6,0.7142857142857143,0.71875,0.7119341563786008,0.7333984375,-0.6666666666666666,-0.19999999999999996,-0.1428571428571429,-0.48089599609375,-0.42029647275572973,-0.4388602264225483
1024,2025-11-18,Panama,El Salvador,3.0,0.0,FIFA World Cup qualification,Panama City,Panama,0,2025,0,1,1035,2025-09-18,29.0,30.0,1.0,1529.71,1545.0,2025-09-18,90.0,87.0,-3.0,1267.75,1273.0,61.0,261.96000000000004,1726.0,1389.0,337.0,1,0.6666666666666666,0.4,0.5714285714285714,0.6473617553710938,0.5571761461485327,0.504494429420447,-1.0,-0.6,-0.2857142857142857,-0.8961181640625,-0.7065855956833506,-0.5792738571763039,1.6666666666666665,1.0,0.8571428571428571,1.5434799194335938,1.2637617418318832,1.0837682865967508
1025,2025-11-18,Guatemala,Suriname,3.0,1.0,FIFA World Cup qualification,Guatemala City,Guatemala,0,2025,0,1,1036,2025-09-18,98.0,100.0,2.0,1230.73,1236.0,2025-09-18,131.0,136.0,5.0,1125.2,1100.0,33.0,105.52999999999996,1481.0,1411.0,70.0,1,0.0,-0.2,-0.14285714285714285,-0.28125,-0.1330589849108367,-0.02294921875,0.3333333333333333,0.4,0.42857142857142855,0.578125,0.5198902606310014,0.533447265625,-0.3333333333333333,-0.6000000000000001,-0.5714285714285714,-0.859375,-0.6529492455418381,-0.556396484375
1026,2025-11-18,Belgium,Liechtenstein,7.0,0.0,FIFA World Cup qualification,Liège,Belgium,0,2025,0,1,1037,2025-09-18,8.0,8.0,0.0,1739.55,1736.0,2025-09-18,204.0,204.0,0.0,808.48,812.0,196.0,931.07,1851.0,977.0,874.0,1,0.3333333333333333,0.6,0.5714285714285714,0.35595703125,0.4166771726933627,0.41855648159980774,-1.0,-1.0,-1.0,-1.0,-1.0,-1.0,1.3333333333333333,1.6,1.5714285714285714,1.35595703125,1.4166771726933627,1.4185564815998077
1027,2025-11-18,Wales,North Macedonia,7.0,1.0,FIFA World Cup qualification,Cardiff,Wales,0,2025,0,1,1038,2025-09-18,30.0,31.0,1.0,1529.09,1529.0,2025-09-18,63.0,62.0,-1.0,1388.5,1391.0,33.0,140.58999999999992,1724.0,1551.0,173.0,1,0.3333333333333333,0.2,0.2857142857142857,0.3466796875,0.24042744161628476,0.21916675567626953,0.3333333333333333,0.4,0.42857142857142855,0.1953125,0.29568663313519283,0.357330322265625,0.0,-0.2,-0.14285714285714285,0.1513671875,-0.05525919151890807,-0.13816356658935547
1028,2025-11-18,Romania,San Marino,7.0,1.0,FIFA World Cup qualification,Ploiești,Romania,0,2025,0,1,1039,2025-09-18,51.0,48.0,-3.0,1462.85,1474.0,2025-09-18,210.0,210.0,0.0,733.23,738.0,159.0,729.6199999999999,1650.0,841.0,809.0,1,0.0,0.0,0.0,-0.21875,-0.12208504801097392,-0.15478515625,-1.0,-1.0,-1.0,-1.0,-1.0,-1.0,1.0,1.0,1.0,0.78125,0.8779149519890261,0.84521484375
1029,2025-11-18,Costa Rica,Honduras,0.0,0.0,FIFA World Cup qualification,San José,Costa Rica,0,2025,0,1,1040,2025-09-18,47.0,40.0,-7.0,1481.14,1494.0,2025-09-18,65.0,66.0,1.0,1383.99,1380.0,18.0,97.15000000000008,1666.0,1585.0,81.0,0,0.0,0.0,0.2857142857142857,-0.2239384651184082,-0.02162906037772335,0.08043710540709981,0.0,0.2,0.42857142857142855,-0.159912109375,0.07117064735313991,0.14066284894943237,0.0,-0.2,-0.14285714285714285,-0.0640263557434082,-0.09279970773086327,-0.060225743542332566
1030,2025-11-18,Bulgaria,Georgia,2.0,1.0,FIFA World Cup qualification,Sofia,Bulgaria,0,2025,0,1,1041,2025-09-18,86.0,84.0,-2.0,1271.53,1284.0,2025-09-18,68.0,67.0,-1.0,1377.32,1375.0,-18.0,-105.78999999999996,1451.0,1650.0,-199.0,1,-1.0,-1.0,-1.0,-1.0,-1.0,-1.0,-1.0,-0.6,-0.42857142857142855,-0.85546875,-0.7244322511812223,-0.6667022705078125,0.0,-0.4,-0.5714285714285714,-0.14453125,-0.27556774881877766,-0.3332977294921875
1031,2025-11-18,Spain,Turkey,2.0,2.0,FIFA World Cup qualification,Seville,Spain,0,2025,0,1,1042,2025-09-18,1.0,2.0,1.0,1875.37,1867.0,2022-03-31,43.0,39.0,-4.0,1461.81,1472.72,42.0,413.56,2178.0,1774.0,404.0,0,1.0,1.0,1.0,0.999725341796875,0.9928635679358714,0.975747792981565,1.0,0.6,0.42857142857142855,0.837890625,0.6539822858981523,0.5077266693115234,0.0,0.4,0.5714285714285714,0.161834716796875,0.33888128203771906,0.46802112367004156
1032,2025-11-18,Belarus,Greece,0.0,0.0,FIFA World Cup qualification,Zalaegerszeg,Hungary,1,2025,0,1,1043,2025-09-18,100.0,97.0,-3.0,1223.55,1237.0,2025-09-18,40.0,39.0,-1.0,1494.71,1498.0,-60.0,-271.1600000000001,1492.0,1838.0,-346.0,0,-0.6666666666666666,-0.8,-0.8,-0.5,-0.6666666666666667,-0.75,-0.3333333333333333,-0.2,-0.2,0.125,0.06172839506172842,0.1328125,-0.3333333333333333,-0.6000000000000001,-0.6000000000000001,-0.625,-0.7283950617283952,-0.8828125
1033,2025-11-18,Scotland,Denmark,4.0,2.0,FIFA World Cup qualification,Glasgow,Scotland,0,2025,0,1,1044,2025-09-18,43.0,47.0,4.0,1485.08,1475.0,2025-09-18,20.0,21.0,1.0,1627.64,1621.0,-23.0,-142.56000000000017,1759.0,1864.0,-105.0,1,0.3333333333333333,0.4,0.14285714285714285,-0.0859375,0.03337905807041612,-0.00921630859375,0.6666666666666666,0.6,0.2857142857142857,0.416015625,0.3927246862774983,0.3158683776855469,-0.3333333333333333,-0.19999999999999996,-0.14285714285714285,-0.501953125,-0.35934562820708216,-0.3250846862792969
1034,2025-11-18,Sweden,Slovenia,1.0,1.0,FIFA World Cup qualification,Solna,Sweden,0,2025,0,1,1045,2025-09-18,32.0,29.0,-3.0,1524.63,1545.0,2025-09-18,50.0,50.0,0.0,1462.96,1470.0,18.0,61.67000000000007,1744.0,1752.0,-8.0,0,-1.0,-0.8,-0.5714285714285714,-0.9375,-0.7585733882030177,-0.56494140625,-0.3333333333333333,-0.4,-0.2857142857142857,-0.5625,-0.43209876543209874,-0.35546875,-0.6666666666666667,-0.4,-0.2857142857142857,-0.375,-0.32647462277091893,-0.20947265625
1035,2025-11-18,Kosovo,Switzerland,1.0,1.0,FIFA World Cup qualification,Pristina,Kosovo,0,2025,0,1,1046,2025-09-18,91.0,95.0,4.0,1262.1,1248.0,2025-09-18,17.0,19.0,2.0,1648.29,1635.0,-74.0,-386.19000000000005,1527.0,1814.0,-287.0,0,0.6666666666666666,0.4,0.4,0.75,0.45679012345678993,0.2265625,0.6666666666666666,0.8,0.7142857142857143,0.727294921875,0.6846674105560793,0.6507796943187714,0.0,-0.4,-0.3142857142857143,0.022705078125,-0.22787728709928934,-0.42421719431877136
1036,2025-11-18,Iraq,United Arab Emirates,2.0,1.0,FIFA World Cup qualification,Basra,Iraq,0,2025,0,1,1047,2025-09-18,58.0,58.0,0.0,1422.19,1417.0,2025-09-18,67.0,65.0,-2.0,1379.86,1380.0,9.0,42.33000000000016,1584.0,1538.0,46.0,1,0.3333333333333333,0.2,0.0,0.1442793756723404,0.16072817941951592,0.16261065821622966,0.0,0.0,0.0,-0.11237466335296631,-0.03448225819205404,0.015857913595148432,0.3333333333333333,0.2,0.0,0.2566540390253067,0.19521043761156998,0.14675274462108123
1037,2025-11-18,Austria,Bosnia and Herzegovina,1.0,1.0,FIFA World Cup qualification,Vienna,Austria,0,2025,0,1,1048,2025-09-18,22.0,22.0,0.0,1601.86,1591.0,2025-09-18,73.0,72.0,-1.0,1344.25,1349.0,51.0,257.6099999999999,1871.0,1485.0,386.0,0,0.3333333333333333,0.6,0.7142857142857143,0.490234375,0.481854053413267,0.4456310272216797,0.0,0.4,0.5714285714285714,0.5,0.4814814814814815,0.53125,0.3333333333333333,0.19999999999999996,0.1428571428571429,-0.009765625,0.0003725719317854703,-0.08561897277832031
1038,2026-03-26,Denmark,North Macedonia,4.0,0.0,FIFA World Cup qualification,Copenhagen,Denmark,0,2026,0,1,1049,2026-01-19,21.0,21.0,0.0,1616.75,1617.0,2026-01-19,66.0,66.0,0.0,1378.57,1379.0,45.0,238.1800000000001,1864.0,1592.0,272.0,1,0.0,0.4,0.14285714285714285,-0.2919921875,-0.07151687581500103,-0.013098716735839844,-0.3333333333333333,0.2,0.14285714285714285,-0.40234375,-0.1362089112432047,0.01799774169921875,0.3333333333333333,0.2,0.0,0.1103515625,0.06469203542820366,-0.031096458435058594
1039,2026-03-26,Czech Republic,Republic of Ireland,2.0,2.0,FIFA World Cup qualification,Prague,Czech Republic,0,2026,0,1,1050,2022-03-31,33.0,31.0,-2.0,1500.62,1510.42,2026-01-19,59.0,59.0,0.0,1436.04,1436.0,26.0,64.57999999999993,1731.0,1688.0,43.0,0,0.0,0.0,0.2857142857142857,0.3056640625,0.20635404494572301,0.14471721649169922,1.0,0.2,0.16666666666666666,0.78125,0.5390946502057612,0.3935546875,-1.0,-0.2,0.11904761904761904,-0.4755859375,-0.3327406052600382,-0.24883747100830078
1040,2026-03-26,Turkey,Romania,1.0,0.0,FIFA World Cup qualification,Istanbul,Turkey,0,2026,0,1,1051,2022-03-31,43.0,39.0,-4.0,1461.81,1472.72,2026-01-19,49.0,47.0,-2.0,1465.78,1466.0,6.0,-3.9700000000000273,1880.0,1642.0,238.0,1,0.6666666666666666,0.4,0.2857142857142857,0.4189453125,0.43598819059876825,0.3807950019836426,0.3333333333333333,0.4,0.2857142857142857,0.390625,0.25194330132601733,0.1339111328125,0.3333333333333333,0.0,0.0,0.0283203125,0.18404488927275092,0.24688386917114258
1041,2026-03-26,Slovakia,Kosovo,3.0,4.0,FIFA World Cup qualification,Bratislava,Slovakia,0,2026,0,1,1052,2026-01-19,44.0,45.0,1.0,1485.65,1486.0,2026-01-19,79.0,80.0,1.0,1308.84,1309.0,35.0,176.81000000000017,1687.0,1714.0,-27.0,-1,0.3333333333333333,0.2,0.14285714285714285,-0.140625,0.07727480566986752,0.2000732421875,0.6666666666666666,0.6,0.3333333333333333,0.375,0.3045267489711933,0.169921875,-0.3333333333333333,-0.39999999999999997,-0.19047619047619047,-0.515625,-0.22725194330132578,0.0301513671875
1042,2026-03-26,Ukraine,Sweden,1.0,3.0,FIFA World Cup qualification,Valencia,Spain,1,2026,0,1,1053,2026-01-19,30.0,28.0,-2.0,1557.47,1557.0,2026-01-19,42.0,43.0,1.0,1487.13,1487.0,12.0,70.33999999999992,1802.0,1660.0,142.0,-1,0.3333333333333333,0.4,0.14285714285714285,0.421875,0.3336381649138851,0.316009521484375,-0.6666666666666666,-0.8,-0.7142857142857143,-0.46875,-0.5057155921353452,-0.4237060546875,1.0,1.2000000000000002,0.8571428571428572,0.890625,0.8393537570492303,0.739715576171875
1043,2026-03-26,Wales,Bosnia and Herzegovina,1.0,1.0,FIFA World Cup qualification,Cardiff,Wales,0,2026,0,1,1054,2026-01-19,35.0,32.0,-3.0,1529.71,1530.0,2026-01-19,71.0,71.0,0.0,1362.37,1362.0,36.0,167.34000000000017,1715.0,1572.0,143.0,0,0.3333333333333333,0.2,0.2857142857142857,0.67333984375,0.4936182944108565,0.41437506675720215,0.3333333333333333,0.2,0.42857142857142855,0.25,0.3209876543209877,0.3984375,0.0,0.0,-0.14285714285714285,0.42333984375,0.17263064008986878,0.01593756675720215
1044,2026-03-26,Italy,Northern Ireland,2.0,0.0,FIFA World Cup qualification,Bergamo,Italy,0,2026,0,1,1055,2026-01-19,13.0,12.0,-1.0,1702.06,1702.0,2026-01-19,69.0,69.0,0.0,1366.02,1366.0,56.0,336.04,1859.0,1602.0,257.0,1,0.3333333333333333,0.6,0.14285714285714285,-0.05859375,0.08946806889193719,0.0587615966796875,-0.3333333333333333,-0.2,0.0,0.1875,0.12757201646090538,0.185546875,0.6666666666666666,0.8,0.14285714285714285,-0.24609375,-0.03810394756896819,-0.1267852783203125
1045,2026-03-26,Bolivia,Suriname,2.0,1.0,FIFA World Cup qualification,Guadalupe,Mexico,1,2026,0,1,1056,2026-01-19,76.0,76.0,0.0,1330.52,1330.0,2026-01-19,123.0,123.0,0.0,1140.54,1141.0,47.0,189.98,1675.0,1441.0,234.0,1,0.3333333333333333,0.0,-0.14285714285714285,0.2924957275390625,0.09569527181098562,-0.003325842204503715,0.0,0.2,0.14285714285714285,-0.2109375,0.013260173754001053,0.15008544921875,0.3333333333333333,-0.2,-0.2857142857142857,0.5034332275390625,0.08243509805698457,-0.15341129142325372
1046,2026-03-26,New Caledonia,Jamaica,0.0,1.0,FIFA World Cup qualification,Zapopan,Mexico,1,2026,0,1,1057,2026-01-19,150.0,150.0,0.0,1042.62,1043.0,2025-09-18,69.0,70.0,1.0,1377.21,1363.0,-81.0,-334.59000000000015,1295.0,1527.0,-232.0,-1,0.0,0.4,0.0,-0.1875,-0.07818930041152262,-0.115234375,0.3333333333333333,0.2,0.42857142857142855,0.118927001953125,0.1944251224152474,0.22090365830808878,-0.3333333333333333,0.2,-0.42857142857142855,-0.306427001953125,-0.27261442282677,-0.3361380333080888
1047,2026-03-26,Poland,Albania,2.0,1.0,FIFA World Cup qualification,Warsaw,Poland,0,2026,0,1,1058,2026-01-19,34.0,31.0,-3.0,1532.04,1532.0,2026-01-19,63.0,63.0,0.0,1401.07,1401.0,29.0,130.97000000000003,1735.0,1664.0,71.0,1,0.6666666666666666,0.6,0.42857142857142855,0.681854248046875,0.5682465570374106,0.48260853346437216,0.3333333333333333,0.4,0.42857142857142855,-0.060546875,0.13255093227658393,0.16968917846679688,0.3333333333333333,0.19999999999999996,0.0,0.742401123046875,0.4356956247608266,0.3129193549975753
1048,2026-03-31,Kosovo,Turkey,0.0,1.0,FIFA World Cup qualification,Pristina,Kosovo,0,2026,0,1,1059,2026-01-19,79.0,80.0,1.0,1308.84,1309.0,2022-03-31,43.0,39.0,-4.0,1461.81,1472.72,-36.0,-152.97000000000003,1714.0,1880.0,-166.0,-1,0.6666666666666666,0.6,0.42857142857142855,0.6875,0.5363511659807955,0.37744140625,0.6666666666666666,0.8,0.5714285714285714,0.70947265625,0.6239921270658455,0.5355962514877319,0.0,-0.20000000000000007,-0.14285714285714285,-0.02197265625,-0.08764096108505004,-0.15815484523773193
1049,2026-03-31,DR Congo,Jamaica,1.0,0.0,FIFA World Cup qualification,Zapopan,Mexico,1,2026,0,1,1060,2026-01-19,48.0,56.0,8.0,1468.22,1444.0,2025-09-18,69.0,70.0,1.0,1377.21,1363.0,21.0,91.01,1657.0,1527.0,130.0,1,0.0,0.2,0.42857142857142855,-0.16028612852096558,0.08788532022630662,0.20514138533045312,0.3333333333333333,0.2,0.42857142857142855,0.5594635009765625,0.4629500816101649,0.4156777437310666,-0.3333333333333333,0.0,0.0,-0.7197496294975281,-0.37506476138385825,-0.21053635840061347
1050,2026-03-31,Iraq,Bolivia,2.0,1.0,FIFA World Cup qualification,Guadalupe,Mexico,1,2026,0,1,1061,2026-01-19,58.0,58.0,0.0,1436.94,1437.0,2026-01-19,76.0,76.0,0.0,1330.52,1330.0,18.0,106.42000000000009,1582.0,1675.0,-93.0,1,0.3333333333333333,0.6,0.14285714285714285,0.5721396878361702,0.4404854529463439,0.37195799366217225,0.3333333333333333,0.2,0.0,0.6462478637695312,0.3971301812073237,0.2475056183466222,0.0,0.39999999999999997,0.14285714285714285,-0.07410817593336105,0.04335527173902021,0.12445237531555003
1051,2026-03-31,Bosnia and Herzegovina,Italy,1.0,1.0,FIFA World Cup qualification,Zenica,Bosnia and Herzegovina,0,2026,0,1,1062,2026-01-19,71.0,71.0,0.0,1362.37,1362.0,2026-01-19,13.0,12.0,-1.0,1702.06,1702.0,-58.0,-339.69000000000005,1572.0,1859.0,-287.0,0,0.3333333333333333,0.0,0.2857142857142857,0.125,0.21399176954732516,0.298828125,0.3333333333333333,0.6,0.42857142857142855,0.470703125,0.39297871259462475,0.2940711975097656,0.0,-0.6,-0.14285714285714285,-0.345703125,-0.1789869430472996,0.004756927490234375
1052,2026-03-31,Sweden,Poland,3.0,2.0,FIFA World Cup qualification,Solna,Sweden,0,2026,0,1,1063,2026-01-19,42.0,43.0,1.0,1487.13,1487.0,2026-01-19,34.0,31.0,-3.0,1532.04,1532.0,-8.0,-44.909999999999854,1660.0,1735.0,-75.0,1,0.0,-0.4,-0.42857142857142855,0.265625,-0.003810394756896929,-0.067779541015625,0.6666666666666666,0.8,0.42857142857142855,0.8409271240234375,0.7121643713582737,0.6119564000982791,-0.6666666666666666,-1.2000000000000002,-0.8571428571428571,-0.5753021240234375,-0.7159747661151706,-0.6797359411139041
1053,2026-03-31,Czech Republic,Denmark,2.0,2.0,FIFA World Cup qualification,Prague,Czech Republic,0,2026,0,1,1064,2022-03-31,33.0,31.0,-2.0,1500.62,1510.42,2026-01-19,21.0,21.0,0.0,1616.75,1617.0,-12.0,-116.13000000000012,1731.0,1864.0,-133.0,0,0.0,0.2,0.14285714285714285,0.15283203125,0.1375693632971487,0.10853791236877441,0.0,0.4,0.42857142857142855,0.35400390625,0.28565541612333256,0.24017596244812012,0.0,-0.2,-0.2857142857142857,-0.201171875,-0.14808605282618387,-0.1316380500793457
1054,2024-01-12,Qatar,Lebanon,3.0,0.0,AFC Asian Cup,Lusail,Qatar,0,2024,0,0,1065,2023-10-26 00:00:00,61.0,61.0,0.0,1394.16,1395.57,2023-10-26 00:00:00,104.0,101.0,-3.0,1198.25,1205.56,43.0,195.91000000000008,1534.0,1311.0,223.0,1,0.3333333333333333,-0.2,-0.2,0.5,0.11111111111111091,-0.125,-0.3333333333333333,-0.4,-0.5,-0.21875,-0.3786008230452676,-0.4833984375,0.6666666666666666,0.2,0.3,0.71875,0.4897119341563785,0.3583984375
1055,2024-01-13,Australia,India,2.0,0.0,AFC Asian Cup,Al Rayyan,Qatar,1,2024,0,0,1066,2023-10-26 00:00:00,27.0,27.0,0.0,1531.25,1531.72,2023-10-26 00:00:00,102.0,102.0,0.0,1198.84,1204.88,75.0,332.4100000000001,1784.0,1240.0,544.0,1,0.3333333333333333,0.6,0.2857142857142857,0.70458984375,0.5375140420103077,0.45392584800720215,0.0,0.0,0.0,0.0,0.3333333333333335,0.5,0.3333333333333333,0.6,0.2857142857142857,0.70458984375,0.20418070867697424,-0.04607415199279785
1056,2024-01-13,Ivory Coast,Guinea-Bissau,2.0,0.0,African Cup of Nations,Ebimpé,Ivory Coast,0,2024,0,0,1067,2023-10-26 00:00:00,52.0,50.0,-2.0,1439.17,1437.89,2023-10-26 00:00:00,110.0,106.0,-4.0,1186.85,1190.88,58.0,252.32000000000016,1642.0,1411.0,231.0,1,1.0,1.0,1.0,1.0,1.0,1.0,0.5,0.5,0.5,0.5,0.33333333333333326,0.25,0.5,0.5,0.5,0.5,0.6666666666666667,0.75
1057,2024-01-13,Uzbekistan,Syria,0.0,0.0,AFC Asian Cup,Doha,Qatar,1,2024,0,0,1068,2023-10-26 00:00:00,73.0,75.0,2.0,1333.09,1328.35,2023-10-26 00:00:00,92.0,93.0,1.0,1239.37,1245.81,19.0,93.72000000000004,1643.0,1423.0,220.0,0,0.5,0.5,0.5,0.5,0.6666666666666667,0.75,0.0,0.0,-0.16666666666666666,-0.25,-0.2098765432098766,-0.2734375,0.5,0.5,0.6666666666666666,0.75,0.8765432098765433,1.0234375
1058,2024-01-14,Egypt,Mozambique,2.0,2.0,African Cup of Nations,Abidjan,Ivory Coast,1,2024,0,0,1069,2023-10-26 00:00:00,35.0,35.0,0.0,1511.95,1508.93,2023-10-26 00:00:00,113.0,113.0,0.0,1176.58,1179.03,78.0,335.3700000000001,1684.0,1311.0,373.0,0,0.3333333333333333,0.5,0.5,0.75,0.7037037037037037,0.71875,0.0,0.0,0.0,0.0,0.3333333333333335,0.5,0.3333333333333333,0.5,0.5,0.75,0.37037037037037024,0.21875
1059,2024-01-14,Ghana,Cape Verde,1.0,2.0,African Cup of Nations,Abidjan,Ivory Coast,1,2024,0,0,1070,2023-10-26 00:00:00,60.0,60.0,0.0,1394.74,1400.0,2023-10-26 00:00:00,74.0,71.0,-3.0,1326.93,1337.29,14.0,67.80999999999995,1548.0,1479.0,69.0,-1,-0.3333333333333333,-0.2,-0.14285714285714285,-0.34375,-0.22633744855967072,-0.1767578125,0.5,0.5,0.5,0.5,0.33333333333333326,0.25,-0.8333333333333333,-0.7,-0.6428571428571428,-0.84375,-0.559670781893004,-0.4267578125
1060,2024-01-14,Iran,Palestine,4.0,1.0,AFC Asian Cup,Al Rayyan,Qatar,1,2024,0,0,1071,2023-10-26 00:00:00,21.0,21.0,0.0,1567.3,1561.26,2023-10-26 00:00:00,96.0,97.0,1.0,1224.05,1224.05,75.0,343.25,1827.0,1432.0,395.0,1,0.0,0.0,0.0,0.171875,0.18015546410608144,0.2215576171875,-0.5,-0.5,-0.5,-0.5,-0.33333333333333326,-0.25,0.5,0.5,0.5,0.671875,0.5134887974394147,0.4715576171875
1061,2024-01-14,Japan,Vietnam,4.0,2.0,AFC Asian Cup,Doha,Qatar,1,2024,0,0,1072,2023-10-26 00:00:00,18.0,19.0,1.0,1612.99,1605.2,2023-10-26 00:00:00,94.0,95.0,1.0,1236.25,1243.14,76.0,376.74,1905.0,1425.0,480.0,1,0.6666666666666666,0.4,0.42857142857142855,0.8046875,0.6909007773205303,0.65667724609375,0.0,0.0,-0.16666666666666666,-0.3125,-0.2757201646090535,-0.326171875,0.6666666666666666,0.4,0.5952380952380952,1.1171875,0.9666209419295839,0.98284912109375
1062,2024-01-15,Algeria,Angola,1.0,1.0,African Cup of Nations,Bouaké,Ivory Coast,1,2024,0,0,1073,2023-10-26 00:00:00,33.0,34.0,1.0,1512.9,1509.5,2023-10-26 00:00:00,116.0,117.0,1.0,1169.64,1167.7,83.0,343.26,1723.0,1398.0,325.0,0,0.3333333333333333,0.5,0.5,0.75,0.7037037037037037,0.71875,0.0,0.0,0.0,0.0,0.0,0.0,0.3333333333333333,0.5,0.5,0.75,0.7037037037037037,0.71875
1063,2024-01-15,Indonesia,Iraq,1.0,3.0,AFC Asian Cup,Doha,Qatar,1,2024,0,0,1074,2023-10-26 00:00:00,145.0,147.0,2.0,1069.82,1052.87,2023-10-26 00:00:00,68.0,69.0,1.0,1349.73,1347.38,-77.0,-279.9100000000001,1297.0,1621.0,-324.0,-1,0.0,0.25,0.25,0.0,0.22222222222222235,0.375,0.6666666666666666,0.6,0.3333333333333333,0.78125,0.5226337448559669,0.3056640625,-0.6666666666666666,-0.35,-0.08333333333333331,-0.78125,-0.3004115226337446,0.0693359375
1064,2024-01-15,Malaysia,Jordan,0.0,4.0,AFC Asian Cup,Al Wakrah,Qatar,1,2024,0,0,1075,2023-10-26 00:00:00,137.0,134.0,-3.0,1096.72,1094.9,2023-10-26 00:00:00,82.0,84.0,2.0,1284.39,1286.36,-55.0,-187.67000000000007,1256.0,1503.0,-247.0,-1,1.0,1.0,1.0,1.0,1.0,1.0,-0.5,-0.5,-0.5,-0.5,-0.33333333333333326,-0.25,1.5,1.5,1.5,1.5,1.3333333333333333,1.25
1065,2024-01-15,Senegal,Gambia,3.0,0.0,African Cup of Nations,Yamoussoukro,Ivory Coast,1,2024,0,0,1076,2023-10-26 00:00:00,20.0,20.0,0.0,1600.82,1597.01,2022-03-31 00:00:00,123.0,125.0,2.0,1138.19,1135.18,103.0,462.6299999999999,1731.0,1443.0,288.0,1,0.0,0.4,0.2857142857142857,0.203125,0.16552354823959756,0.0831298828125,-1.0,-1.0,-1.0,-1.0,-1.0,-1.0,1.0,1.4,1.2857142857142856,1.203125,1.1655235482395976,1.0831298828125
1066,2024-01-15,South Korea,Bahrain,3.0,1.0,AFC Asian Cup,Doha,Qatar,1,2024,0,0,1077,2023-10-26 00:00:00,24.0,26.0,2.0,1540.35,1533.01,2023-10-26 00:00:00,83.0,86.0,3.0,1281.46,1273.54,59.0,258.8899999999999,1799.0,1480.0,319.0,1,0.3333333333333333,0.2,0.0,0.65625,0.46959304983996336,0.4122314453125,0.0,0.0,0.0,0.0,0.3333333333333335,0.5,0.3333333333333333,0.2,0.0,0.65625,0.13625971650662988,-0.0877685546875
1067,2024-01-16,Mali,South Africa,2.0,0.0,African Cup of Nations,Korhogo,Ivory Coast,1,2024,0,0,1078,2023-10-26 00:00:00,47.0,49.0,2.0,1449.75,1441.72,2023-10-26 00:00:00,64.0,65.0,1.0,1366.35,1368.25,17.0,83.40000000000009,1631.0,1486.0,145.0,1,0.3333333333333333,0.0,0.0,0.125,-0.0740740740740742,-0.234375,0.0,0.0,0.0,0.0,0.3333333333333335,0.5,0.3333333333333333,0.0,0.0,0.125,-0.40740740740740766,-0.734375
1068,2024-01-16,Saudi Arabia,Oman,2.0,1.0,AFC Asian Cup,Al Rayyan,Qatar,1,2024,0,0,1079,2023-10-26 00:00:00,57.0,57.0,0.0,1408.85,1412.82,2023-10-26 00:00:00,72.0,73.0,1.0,1334.37,1334.37,15.0,74.48000000000002,1586.0,1575.0,11.0,1,0.3333333333333333,0.2,0.2857142857142857,0.609375,0.43789056546258187,0.396575927734375,0.3333333333333333,0.4,0.16666666666666666,-0.09375,0.004115226337448542,-0.0537109375,0.0,-0.2,0.11904761904761904,0.703125,0.43377533912513333,0.450286865234375
1069,2024-01-16,Tunisia,Namibia,0.0,1.0,African Cup of Nations,Korhogo,Ivory Coast,1,2024,0,0,1080,2023-10-26 00:00:00,32.0,29.0,-3.0,1516.14,1525.23,2023-10-26 00:00:00,114.0,114.0,0.0,1172.41,1172.41,82.0,343.73,1738.0,1414.0,324.0,-1,1.0,0.4,0.42857142857142855,0.828125,0.6927297668038408,0.650634765625,1.0,1.0,1.0,1.0,1.0,1.0,0.0,-0.6,-0.5714285714285714,-0.171875,-0.3072702331961592,-0.349365234375
1070,2024-01-17,DR Congo,Zambia,1.0,1.0,African Cup of Nations,San-Pédro,Ivory Coast,1,2024,0,0,1081,2023-10-26 00:00:00,65.0,64.0,-1.0,1366.18,1369.59,2023-10-26 00:00:00,81.0,82.0,1.0,1291.34,1289.63,16.0,74.84000000000015,1497.0,1523.0,-26.0,0,-0.3333333333333333,-0.25,-0.25,-0.375,-0.2592592592592592,-0.203125,0.0,0.0,0.0,0.0,0.3333333333333335,0.5,-0.3333333333333333,-0.25,-0.25,-0.375,-0.5925925925925927,-0.703125
1071,2024-01-17,Morocco,Tanzania,3.0,0.0,African Cup of Nations,San-Pédro,Ivory Coast,1,2024,0,0,1082,2023-10-26 00:00:00,13.0,13.0,0.0,1658.49,1658.32,2023-10-26 00:00:00,121.0,122.0,1.0,1146.46,1146.46,108.0,512.03,1846.0,1313.0,533.0,1,-0.3333333333333333,0.0,0.2857142857142857,0.212890625,0.1478941218310217,0.15619277954101562,0.0,0.0,0.0,0.0,0.3333333333333335,0.5,-0.3333333333333333,0.0,0.2857142857142857,0.212890625,-0.18543921150231177,-0.3438072204589844
1072,2024-01-17,Qatar,Tajikistan,1.0,0.0,AFC Asian Cup,Al Khor,Qatar,0,2024,0,0,1083,2023-10-26 00:00:00,61.0,61.0,0.0,1394.16,1395.57,2023-10-26 00:00:00,109.0,110.0,1.0,1187.23,1183.01,48.0,206.9300000000001,1534.0,1321.0,213.0,1,1.0,0.2,0.0,0.75,0.4074074074074072,0.15625,0.5,0.5,0.5,0.5,0.33333333333333326,0.25,0.5,-0.3,-0.5,0.25,0.07407407407407396,-0.09375
1073,2024-01-18,Egypt,Ghana,2.0,2.0,African Cup of Nations,Abidjan,Ivory Coast,1,2024,0,0,1084,2023-10-26 00:00:00,35.0,35.0,0.0,1511.95,1508.93,2023-10-26 00:00:00,60.0,60.0,0.0,1394.74,1400.0,25.0,117.21000000000004,1684.0,1548.0,136.0,0,0.6666666666666666,0.4,0.4,0.375,0.4691358024691359,0.5390625,-0.3333333333333333,-0.2,-0.2857142857142857,-0.671875,-0.4842249657064471,-0.382568359375,1.0,0.6000000000000001,0.6857142857142857,1.046875,0.9533607681755829,0.921630859375
1074,2024-01-18,India,Uzbekistan,0.0,3.0,AFC Asian Cup,Al Rayyan,Qatar,1,2024,0,0,1085,2023-10-26 00:00:00,102.0,102.0,0.0,1198.84,1204.88,2023-10-26 00:00:00,73.0,75.0,2.0,1333.09,1328.35,-29.0,-134.25,1240.0,1643.0,-403.0,-1,-0.3333333333333333,-0.3333333333333333,-0.3333333333333333,-0.5,-0.11111111111111091,0.125,0.3333333333333333,0.3333333333333333,0.3333333333333333,0.25,0.44444444444444453,0.5625,-0.6666666666666666,-0.6666666666666666,-0.6666666666666666,-0.75,-0.5555555555555555,-0.4375
1075,2024-01-18,Ivory Coast,Nigeria,0.0,1.0,African Cup of Nations,Ebimpé,Ivory Coast,0,2024,0,0,1086,2023-10-26 00:00:00,52.0,50.0,-2.0,1439.17,1437.89,2023-10-26 00:00:00,40.0,40.0,0.0,1490.48,1488.86,-12.0,-51.309999999999945,1642.0,1657.0,-15.0,-1,1.0,1.0,1.0,1.0,1.0,1.0,0.0,0.0,0.0,0.0,0.0,0.0,1.0,1.0,1.0,1.0,1.0,1.0
1076,2024-01-18,Syria,Australia,0.0,1.0,AFC Asian Cup,Doha,Qatar,1,2024,0,0,1087,2023-10-26 00:00:00,92.0,93.0,1.0,1239.37,1245.81,2023-10-26 00:00:00,27.0,27.0,0.0,1531.25,1531.72,-65.0,-291.8800000000001,1423.0,1784.0,-361.0,-1,0.0,0.2,-0.14285714285714285,-0.125,-0.13991769547325109,-0.205078125,1.0,0.6,0.42857142857142855,0.852294921875,0.6916760280068718,0.5904443860054016,-1.0,-0.39999999999999997,-0.5714285714285714,-0.977294921875,-0.8315937234801228,-0.7955225110054016
1077,2024-01-19,Cape Verde,Mozambique,3.0,0.0,African Cup of Nations,Abidjan,Ivory Coast,1,2024,0,0,1088,2023-10-26 00:00:00,74.0,71.0,-3.0,1326.93,1337.29,2023-10-26 00:00:00,113.0,113.0,0.0,1176.58,1179.03,39.0,150.35000000000014,1479.0,1311.0,168.0,1,0.6666666666666666,0.6666666666666666,0.6666666666666666,0.75,0.5555555555555555,0.4375,0.0,0.0,0.0,0.0,0.22222222222222235,0.375,0.6666666666666666,0.6666666666666666,0.6666666666666666,0.75,0.33333333333333315,0.0625
1078,2024-01-19,Hong Kong,Iran,0.0,1.0,AFC Asian Cup,Al Rayyan,Qatar,1,2024,0,0,1089,2022-03-31 00:00:00,147.0,148.0,1.0,1053.39,1053.39,2023-10-26 00:00:00,21.0,21.0,0.0,1567.3,1561.26,-126.0,-513.9099999999999,1122.0,1827.0,-705.0,-1,-0.6666666666666666,-0.25,-0.25,-0.25,-0.07407407407407395,0.09375,0.6666666666666666,0.4,0.2857142857142857,0.5859375,0.4534369760707209,0.416168212890625,-1.3333333333333333,-0.65,-0.5357142857142857,-0.8359375,-0.5275110501447948,-0.322418212890625
1079,2024-01-19,Iraq,Japan,2.0,1.0,AFC Asian Cup,Al Rayyan,Qatar,1,2024,0,0,1090,2023-10-26 00:00:00,68.0,69.0,1.0,1349.73,1347.38,2023-10-26 00:00:00,18.0,19.0,1.0,1612.99,1605.2,-50.0,-263.26,1621.0,1905.0,-284.0,1,1.0,0.8,0.42857142857142855,0.890625,0.6817558299039779,0.479248046875,1.0,0.8,0.5714285714285714,0.90234375,0.7939338515470202,0.7425079345703125,0.0,0.0,-0.14285714285714285,-0.01171875,-0.11217802164304236,-0.2632598876953125
1080,2024-01-19,Senegal,Cameroon,3.0,1.0,African Cup of Nations,Yamoussoukro,Ivory Coast,1,2024,0,0,1091,2023-10-26 00:00:00,20.0,20.0,0.0,1600.82,1597.01,2023-10-26 00:00:00,43.0,41.0,-2.0,1466.98,1475.6,23.0,133.83999999999992,1731.0,1625.0,106.0,1,0.6666666666666666,0.4,0.2857142857142857,0.6015625,0.443682365493065,0.312347412109375,0.6666666666666666,0.2,0.14285714285714285,0.34375,0.26063100137174205,0.13037109375,0.0,0.2,0.14285714285714285,0.2578125,0.18305136412132295,0.181976318359375
1081,2024-01-20,Algeria,Burkina Faso,2.0,2.0,African Cup of Nations,Bouaké,Ivory Coast,1,2024,0,0,1092,2023-10-26 00:00:00,33.0,34.0,1.0,1512.9,1509.5,2023-10-26 00:00:00,56.0,58.0,2.0,1410.59,1408.87,23.0,102.31000000000016,1723.0,1549.0,174.0,0,0.6666666666666666,0.4,0.4,0.375,0.4691358024691359,0.5390625,0.5,0.5,0.5,0.5,0.33333333333333326,0.25,0.16666666666666663,-0.09999999999999998,-0.09999999999999998,-0.125,0.13580246913580263,0.2890625
1082,2024-01-20,Jordan,South Korea,2.0,2.0,AFC Asian Cup,Doha,Qatar,1,2024,0,0,1093,2023-10-26 00:00:00,82.0,84.0,2.0,1284.39,1286.36,2023-10-26 00:00:00,24.0,26.0,2.0,1540.35,1533.01,-58.0,-255.9599999999998,1503.0,1799.0,-296.0,0,0.0,0.0,0.0,0.25,0.11111111111111106,0.0625,1.0,0.6,0.2857142857142857,0.828125,0.6463953665599755,0.559173583984375,-1.0,-0.6,-0.2857142857142857,-0.578125,-0.5352842554488645,-0.496673583984375
1083,2024-01-20,Tunisia,Mali,1.0,1.0,African Cup of Nations,Korhogo,Ivory Coast,1,2024,0,0,1094,2023-10-26 00:00:00,32.0,29.0,-3.0,1516.14,1525.23,2023-10-26 00:00:00,47.0,49.0,2.0,1449.75,1441.72,15.0,66.3900000000001,1738.0,1631.0,107.0,0,0.3333333333333333,0.2,0.14285714285714285,-0.0859375,0.12848651120256066,0.23797607421875,0.6666666666666666,0.2,0.2,0.5625,0.28395061728395043,0.07421875,-0.3333333333333333,0.0,-0.05714285714285716,-0.6484375,-0.15546410608138977,0.16375732421875
1084,2024-01-21,Kyrgyzstan,Saudi Arabia,0.0,2.0,AFC Asian Cup,Al Rayyan,Qatar,1,2024,0,0,1095,2023-10-26 00:00:00,97.0,96.0,-1.0,1224.03,1228.6,2023-10-26 00:00:00,57.0,57.0,0.0,1408.85,1412.82,-40.0,-184.8199999999999,1251.0,1586.0,-335.0,-1,0.0,0.0,0.0,0.0,-0.3333333333333335,-0.5,1.0,0.2,0.42857142857142855,0.8046875,0.6252603769750545,0.5474319458007812,-1.0,-0.2,-0.42857142857142855,-0.8046875,-0.958593710308388,-1.0474319458007812
1085,2024-01-21,Morocco,DR Congo,1.0,1.0,African Cup of Nations,San-Pédro,Ivory Coast,1,2024,0,0,1096,2023-10-26 00:00:00,13.0,13.0,0.0,1658.49,1658.32,2023-10-26 00:00:00,65.0,64.0,-1.0,1366.18,1369.59,52.0,292.30999999999995,1846.0,1497.0,349.0,0,0.3333333333333333,0.2,0.2857142857142857,0.6064453125,0.4319294145540144,0.3671445846557617,0.0,-0.2,-0.2,-0.1875,-0.17283950617283947,-0.15234375,0.3333333333333333,0.4,0.4857142857142857,0.7939453125,0.6047689207268538,0.5194883346557617
1086,2024-01-21,South Africa,Namibia,4.0,0.0,African Cup of Nations,Korhogo,Ivory Coast,1,2024,0,0,1097,2023-10-26 00:00:00,64.0,65.0,1.0,1366.35,1368.25,2023-10-26 00:00:00,114.0,114.0,0.0,1172.41,1172.41,50.0,193.93999999999983,1486.0,1414.0,72.0,1,-0.3333333333333333,-0.3333333333333333,-0.3333333333333333,-0.5,-0.11111111111111091,0.125,1.0,1.0,1.0,1.0,1.0,1.0,-1.3333333333333333,-1.3333333333333333,-1.3333333333333333,-1.5,-1.111111111111111,-0.875
1087,2024-01-22,Cape Verde,Egypt,2.0,2.0,African Cup of Nations,Abidjan,Ivory Coast,1,2024,0,0,1098,2023-10-26 00:00:00,74.0,71.0,-3.0,1326.93,1337.29,2023-10-26 00:00:00,35.0,35.0,0.0,1511.95,1508.93,-39.0,-185.02,1479.0,1684.0,-205.0,0,1.0,0.75,0.75,0.875,0.7037037037037036,0.578125,0.3333333333333333,0.2,0.3333333333333333,0.1875,0.3127572016460906,0.404296875,0.6666666666666667,0.55,0.4166666666666667,0.6875,0.390946502057613,0.173828125
1088,2024-01-22,Ivory Coast,Equatorial Guinea,0.0,4.0,African Cup of Nations,Ebimpé,Ivory Coast,0,2024,0,0,1099,2023-10-26 00:00:00,52.0,50.0,-2.0,1439.17,1437.89,2023-10-26 00:00:00,91.0,92.0,1.0,1250.46,1248.98,39.0,188.71000000000004,1642.0,1467.0,175.0,-1,0.3333333333333333,0.5,0.5,0.0,0.3333333333333335,0.5,-1.0,-1.0,-1.0,-1.0,-1.0,-1.0,1.3333333333333333,1.5,1.5,1.0,1.3333333333333335,1.5
1089,2024-01-22,Mozambique,Ghana,2.0,2.0,African Cup of Nations,Ebimpé,Ivory Coast,1,2024,0,0,1100,2023-10-26 00:00:00,113.0,113.0,0.0,1176.58,1179.03,2023-10-26 00:00:00,60.0,60.0,0.0,1394.74,1400.0,-53.0,-218.16000000000008,1311.0,1548.0,-237.0,0,-0.6666666666666666,-0.25,-0.25,-0.5,-0.185185185185185,0.03125,-0.6666666666666666,-0.4,-0.2857142857142857,-0.3359375,-0.3228166438042981,-0.28692626953125,0.0,0.15000000000000002,0.0357142857142857,-0.1640625,0.13763145861911308,0.31817626953125
1090,2024-01-22,Qatar,China PR,1.0,0.0,AFC Asian Cup,Al Rayyan,Qatar,0,2024,0,0,1101,2023-10-26 00:00:00,61.0,61.0,0.0,1394.16,1395.57,2023-10-26 00:00:00,79.0,80.0,1.0,1296.99,1297.25,18.0,97.17000000000009,1534.0,1475.0,59.0,1,1.0,0.6,0.14285714285714285,0.875,0.6049382716049381,0.3671875,-0.3333333333333333,-0.4,-0.5,-0.4375,-0.45679012345679015,-0.51953125,1.3333333333333333,1.0,0.6428571428571428,1.3125,1.0617283950617282,0.88671875
1091,2024-01-23,Australia,Uzbekistan,1.0,1.0,AFC Asian Cup,Al Wakrah,Qatar,1,2024,0,0,1102,2023-10-26 00:00:00,27.0,27.0,0.0,1531.25,1531.72,2023-10-26 00:00:00,73.0,75.0,2.0,1333.09,1328.35,46.0,198.16000000000008,1784.0,1643.0,141.0,0,1.0,0.6,0.7142857142857143,0.9261474609375,0.7944506853379145,0.6928332895040512,0.3333333333333333,0.5,0.5,0.625,0.6296296296296297,0.671875,0.6666666666666667,0.09999999999999998,0.2142857142857143,0.3011474609375,0.16482105570828487,0.02095828950405121
1092,2024-01-23,Guinea,Senegal,0.0,2.0,African Cup of Nations,Yamoussoukro,Ivory Coast,1,2024,0,0,1103,2023-10-26 00:00:00,80.0,81.0,1.0,1296.89,1293.11,2023-10-26 00:00:00,20.0,20.0,0.0,1600.82,1597.01,-60.0,-303.92999999999984,1444.0,1731.0,-287.0,-1,0.0,0.0,0.0,0.0,0.3333333333333335,0.5,0.6666666666666666,0.4,0.5714285714285714,0.80078125,0.6291215769953766,0.48426055908203125,-0.6666666666666666,-0.4,-0.5714285714285714,-0.80078125,-0.29578824366204315,0.01573944091796875
1093,2024-01-23,Iran,United Arab Emirates,2.0,1.0,AFC Asian Cup,Al Rayyan,Qatar,1,2024,0,0,1104,2023-10-26 00:00:00,21.0,21.0,0.0,1567.3,1561.26,2023-10-26 00:00:00,69.0,70.0,1.0,1348.87,1342.43,48.0,218.4300000000001,1827.0,1531.0,296.0,1,0.6666666666666666,0.4,0.2857142857142857,0.79296875,0.6356246507138139,0.5621261596679688,0.3333333333333333,0.2,0.14285714285714285,0.65625,0.48422496570644713,0.44189453125,0.3333333333333333,0.2,0.14285714285714285,0.13671875,0.15139968500736678,0.12023162841796875
1094,2024-01-23,Mauritania,Algeria,1.0,0.0,African Cup of Nations,Bouaké,Ivory Coast,1,2024,0,0,1105,2023-10-26 00:00:00,101.0,99.0,-2.0,1208.99,1207.39,2023-10-26 00:00:00,33.0,34.0,1.0,1512.9,1509.5,-68.0,-303.9100000000001,1372.0,1723.0,-351.0,1,-0.5,-0.5,-0.5,-0.5,-0.6666666666666667,-0.75,0.3333333333333333,0.2,0.3333333333333333,0.1875,0.3127572016460906,0.404296875,-0.8333333333333333,-0.7,-0.8333333333333333,-0.6875,-0.9794238683127574,-1.154296875
1095,2024-01-24,Iraq,Vietnam,3.0,2.0,AFC Asian Cup,Doha,Qatar,1,2024,0,0,1106,2023-10-26 00:00:00,68.0,69.0,1.0,1349.73,1347.38,2023-10-26 00:00:00,94.0,95.0,1.0,1236.25,1243.14,26.0,113.48000000000002,1621.0,1425.0,196.0,1,1.0,0.8,0.7142857142857143,0.9453125,0.7878372199359852,0.60943603515625,-0.3333333333333333,-0.4,-0.2857142857142857,-0.65625,-0.5171467764060357,-0.49462890625,1.3333333333333333,1.2000000000000002,1.0,1.6015625,1.304983996342021,1.10406494140625
1096,2024-01-24,Japan,Indonesia,3.0,1.0,AFC Asian Cup,Doha,Qatar,1,2024,0,0,1107,2023-10-26 00:00:00,18.0,19.0,1.0,1612.99,1605.2,2023-10-26 00:00:00,145.0,147.0,2.0,1069.82,1052.87,127.0,543.1700000000001,1905.0,1297.0,608.0,1,0.3333333333333333,0.4,0.2857142857142857,-0.048828125,0.19595590103134694,0.3068809509277344,-0.6666666666666666,0.0,0.0,-0.5,-0.185185185185185,0.03125,1.0,0.4,0.2857142857142857,0.451171875,0.381141086216532,0.2756309509277344
1097,2024-01-24,South Africa,Tunisia,0.0,0.0,African Cup of Nations,Korhogo,Ivory Coast,1,2024,0,0,1108,2023-10-26 00:00:00,64.0,65.0,1.0,1366.35,1368.25,2023-10-26 00:00:00,32.0,29.0,-3.0,1516.14,1525.23,-32.0,-149.7900000000002,1486.0,1738.0,-252.0,0,-0.3333333333333333,0.0,0.0,0.25,0.2592592592592593,0.34375,0.0,0.4,0.14285714285714285,-0.04296875,0.08565767413504045,0.1784820556640625,-0.3333333333333333,-0.4,-0.14285714285714285,0.29296875,0.17360158512421886,0.1652679443359375
1098,2024-01-24,Tanzania,DR Congo,0.0,0.0,African Cup of Nations,Korhogo,Ivory Coast,1,2024,0,0,1109,2023-10-26 00:00:00,121.0,122.0,1.0,1146.46,1146.46,2023-10-26 00:00:00,65.0,64.0,-1.0,1366.18,1369.59,-56.0,-219.72000000000003,1313.0,1497.0,-184.0,0,-0.3333333333333333,-0.3333333333333333,-0.3333333333333333,-0.5,-0.11111111111111091,0.125,-0.3333333333333333,-0.2,-0.16666666666666666,-0.09375,-0.11522633744855966,-0.1142578125,0.0,-0.1333333333333333,-0.16666666666666666,-0.40625,0.004115226337448749,0.2392578125
1099,2024-01-24,Zambia,Morocco,0.0,1.0,African Cup of Nations,San-Pédro,Ivory Coast,1,2024,0,0,1110,2023-10-26 00:00:00,81.0,82.0,1.0,1291.34,1289.63,2023-10-26 00:00:00,13.0,13.0,0.0,1658.49,1658.32,-68.0,-367.1500000000001,1523.0,1846.0,-323.0,-1,0.0,0.0,0.0,0.0,0.22222222222222235,0.375,0.6666666666666666,0.0,0.14285714285714285,0.30322265625,0.28795294303600966,0.2753584384918213,-0.6666666666666666,0.0,-0.14285714285714285,-0.30322265625,-0.06573072081378731,0.09964156150817871
1100,2024-01-25,Jordan,Bahrain,0.0,1.0,AFC Asian Cup,Al Rayyan,Qatar,1,2024,0,0,1111,2023-10-26 00:00:00,82.0,84.0,2.0,1284.39,1286.36,2023-10-26 00:00:00,83.0,86.0,3.0,1281.46,1273.54,1.0,2.9300000000000637,1503.0,1480.0,23.0,-1,0.0,0.0,0.0,0.125,0.07407407407407406,0.046875,-0.3333333333333333,-0.3333333333333333,-0.3333333333333333,-0.5,-0.11111111111111091,0.125,0.3333333333333333,0.3333333333333333,0.3333333333333333,0.625,0.18518518518518495,-0.078125
1101,2024-01-25,Saudi Arabia,Thailand,0.0,0.0,AFC Asian Cup,Al Rayyan,Qatar,1,2024,0,0,1112,2023-10-26 00:00:00,57.0,57.0,0.0,1408.85,1412.82,2023-10-26 00:00:00,112.0,112.0,0.0,1177.15,1181.21,55.0,231.69999999999985,1586.0,1384.0,202.0,0,1.0,0.6,0.42857142857142855,0.90234375,0.7501735846500364,0.6605739593505859,0.0,0.0,0.0,0.0,-0.3333333333333335,-0.5,1.0,0.6,0.42857142857142855,0.90234375,1.0835069179833698,1.160573959350586
1102,2024-01-25,South Korea,Malaysia,3.0,3.0,AFC Asian Cup,Al Wakrah,Qatar,1,2024,0,0,1113,2023-10-26 00:00:00,24.0,26.0,2.0,1540.35,1533.01,2023-10-26 00:00:00,137.0,134.0,-3.0,1096.72,1094.9,113.0,443.6299999999999,1799.0,1256.0,543.0,0,0.6666666666666666,0.4,0.2857142857142857,0.4140625,0.43093024437331706,0.41938018798828125,0.3333333333333333,0.3333333333333333,0.3333333333333333,0.0,0.3333333333333335,0.5,0.3333333333333333,0.06666666666666671,-0.047619047619047616,0.4140625,0.09759691103998358,-0.08061981201171875
1103,2024-01-28,Australia,Indonesia,4.0,0.0,AFC Asian Cup,Doha,Qatar,1,2024,0,0,1114,2023-10-26 00:00:00,27.0,27.0,0.0,1531.25,1531.72,2023-10-26 00:00:00,145.0,147.0,2.0,1069.82,1052.87,118.0,461.43000000000006,1784.0,1297.0,487.0,1,0.6666666666666666,0.8,0.5714285714285714,0.46307373046875,0.5296337902252765,0.5196249671280384,-0.6666666666666666,-0.4,-0.16666666666666666,-0.75,-0.45679012345678993,-0.2265625,1.3333333333333333,1.2000000000000002,0.738095238095238,1.21307373046875,0.9864239136820664,0.7461874671280384
1104,2024-01-28,Egypt,DR Congo,1.0,1.0,African Cup of Nations,San-Pédro,Ivory Coast,1,2024,0,0,1115,2023-10-26 00:00:00,35.0,35.0,0.0,1511.95,1508.93,2023-10-26 00:00:00,65.0,64.0,-1.0,1366.18,1369.59,30.0,145.76999999999998,1684.0,1497.0,187.0,0,0.0,0.4,0.2857142857142857,0.09375,0.20850480109739378,0.30322265625,0.0,0.0,-0.14285714285714285,-0.046875,-0.07681755829903979,-0.085693359375,0.0,0.4,0.42857142857142855,0.140625,0.2853223593964336,0.388916015625
1105,2024-01-29,Cape Verde,Mauritania,1.0,0.0,African Cup of Nations,Abidjan,Ivory Coast,1,2024,0,0,1116,2023-10-26 00:00:00,74.0,71.0,-3.0,1326.93,1337.29,2023-10-26 00:00:00,101.0,99.0,-2.0,1208.99,1207.39,27.0,117.94000000000004,1479.0,1372.0,107.0,1,0.6666666666666666,0.6,0.6,0.4375,0.4691358024691358,0.43359375,0.0,0.0,0.0,0.25,-0.11111111111111129,-0.3125,0.6666666666666666,0.6,0.6,0.1875,0.580246913580247,0.74609375
1106,2024-01-29,Iraq,Jordan,2.0,3.0,AFC Asian Cup,Al Rayyan,Qatar,1,2024,0,0,1117,2023-10-26 00:00:00,68.0,69.0,1.0,1349.73,1347.38,2023-10-26 00:00:00,82.0,84.0,2.0,1284.39,1286.36,14.0,65.33999999999992,1621.0,1503.0,118.0,-1,1.0,1.0,0.8571428571428571,0.97265625,0.8585581466239901,0.7070770263671875,0.0,-0.2,-0.2,-0.4375,-0.28395061728395055,-0.21484375,1.0,1.2,1.0571428571428572,1.41015625,1.1425087639079408,0.9219207763671875
1107,2024-01-29,Ivory Coast,Senegal,1.0,1.0,African Cup of Nations,Yamoussoukro,Ivory Coast,0,2024,0,0,1118,2023-10-26 00:00:00,52.0,50.0,-2.0,1439.17,1437.89,2023-10-26 00:00:00,20.0,20.0,0.0,1600.82,1597.01,-32.0,-161.64999999999986,1642.0,1731.0,-89.0,0,-0.3333333333333333,0.2,0.2,-0.5,-0.11111111111111091,0.125,1.0,0.8,0.5714285714285714,0.900390625,0.7527477179969178,0.6131954193115234,-1.3333333333333333,-0.6000000000000001,-0.3714285714285714,-1.400390625,-0.8638588291080287,-0.48819541931152344
1108,2024-01-29,Qatar,Palestine,2.0,1.0,AFC Asian Cup,Al Khor,Qatar,0,2024,0,0,1119,2023-10-26 00:00:00,61.0,61.0,0.0,1394.16,1395.57,2023-10-26 00:00:00,96.0,97.0,1.0,1224.05,1224.05,35.0,170.11000000000013,1534.0,1432.0,102.0,1,1.0,1.0,0.42857142857142855,0.9375,0.736625514403292,0.525390625,-0.6666666666666666,-0.6666666666666666,-0.6666666666666666,-0.75,-0.5555555555555555,-0.4375,1.6666666666666665,1.6666666666666665,1.0952380952380951,1.6875,1.2921810699588474,0.962890625
1109,2024-01-30,Morocco,South Africa,0.0,2.0,African Cup of Nations,San-Pédro,Ivory Coast,1,2024,0,0,1120,2023-10-26 00:00:00,13.0,13.0,0.0,1658.49,1658.32,2023-10-26 00:00:00,64.0,65.0,1.0,1366.35,1368.25,51.0,292.1400000000001,1846.0,1486.0,360.0,-1,0.6666666666666666,0.4,0.2857142857142857,0.651611328125,0.5253019620240064,0.45651882886886597,0.0,0.0,0.0,0.125,0.17283950617283955,0.2578125,0.6666666666666666,0.4,0.2857142857142857,0.526611328125,0.3524624558511668,0.19870632886886597
1110,2024-01-30,Saudi Arabia,South Korea,1.0,1.0,AFC Asian Cup,Al Rayyan,Qatar,1,2024,0,0,1121,2023-10-26 00:00:00,57.0,57.0,0.0,1408.85,1412.82,2023-10-26 00:00:00,24.0,26.0,2.0,1540.35,1533.01,-33.0,-131.5,1586.0,1799.0,-213.0,0,0.6666666666666666,0.8,0.2857142857142857,0.451171875,0.5001157231000243,0.49543046951293945,0.3333333333333333,0.6,0.42857142857142855,0.20703125,0.2872868295822114,0.31453514099121094,0.3333333333333333,0.20000000000000007,-0.14285714285714285,0.244140625,0.21282889351781287,0.18089532852172852
1111,2024-01-30,Uzbekistan,Thailand,2.0,1.0,AFC Asian Cup,Al Wakrah,Qatar,1,2024,0,0,1122,2023-10-26 00:00:00,73.0,75.0,2.0,1333.09,1328.35,2023-10-26 00:00:00,112.0,112.0,0.0,1177.15,1181.21,39.0,155.93999999999983,1643.0,1431.0,212.0,1,0.3333333333333333,0.4,0.4,0.3125,0.4197530864197532,0.50390625,0.0,0.0,0.0,0.0,-0.22222222222222235,-0.375,0.3333333333333333,0.4,0.4,0.3125,0.6419753086419755,0.87890625
1112,2024-01-31,Bahrain,Japan,1.0,3.0,AFC Asian Cup,Doha,Qatar,1,2024,0,0,1123,2023-10-26 00:00:00,83.0,86.0,3.0,1281.46,1273.54,2023-10-26 00:00:00,18.0,19.0,1.0,1612.99,1605.2,-65.0,-331.53,1466.0,1905.0,-439.0,-1,-0.3333333333333333,0.0,0.0,0.25,0.2592592592592593,0.34375,0.3333333333333333,0.6,0.5714285714285714,0.4755859375,0.46397060068756457,0.4801607131958008,-0.6666666666666666,-0.6,-0.5714285714285714,-0.2255859375,-0.20471134142830527,-0.13641071319580078
1113,2024-01-31,Iran,Syria,1.0,1.0,AFC Asian Cup,Doha,Qatar,1,2024,0,0,1124,2023-10-26 00:00:00,21.0,21.0,0.0,1567.3,1561.26,2023-10-26 00:00:00,92.0,93.0,1.0,1239.37,1245.81,71.0,327.93000000000006,1827.0,1423.0,404.0,0,1.0,0.8,0.5714285714285714,0.896484375,0.7570831004758759,0.6715946197509766,-0.6666666666666666,-0.2,-0.14285714285714285,-0.5625,-0.42661179698216734,-0.40380859375,1.6666666666666665,1.0,0.7142857142857142,1.458984375,1.1836948974580432,1.0754032135009766
1114,2024-02-02,Australia,South Korea,1.0,2.0,AFC Asian Cup,Al Wakrah,Qatar,1,2024,0,0,1125,2023-10-26 00:00:00,27.0,27.0,0.0,1531.25,1531.72,2023-10-26 00:00:00,24.0,26.0,2.0,1540.35,1533.01,-3.0,-9.099999999999907,1784.0,1799.0,-15.0,-1,0.6666666666666666,0.8,0.5714285714285714,0.731536865234375,0.6864225268168509,0.6397187253460288,0.0,0.4,0.2857142857142857,0.103515625,0.19152455305480762,0.2359013557434082,0.6666666666666666,0.4,0.2857142857142857,0.628021240234375,0.49489797376204325,0.4038173696026206
1115,2024-02-02,DR Congo,Guinea,3.0,1.0,African Cup of Nations,Ebimpé,Ivory Coast,1,2024,0,0,1126,2023-10-26 00:00:00,65.0,64.0,-1.0,1366.18,1369.59,2023-10-26 00:00:00,80.0,81.0,1.0,1296.89,1293.11,15.0,69.28999999999996,1497.0,1444.0,53.0,1,0.0,-0.2,-0.14285714285714285,-0.0234375,-0.0512117055326932,-0.06427001953125,-0.3333333333333333,-0.3333333333333333,-0.3333333333333333,-0.5,-0.11111111111111091,0.125,0.3333333333333333,0.1333333333333333,0.19047619047619047,0.4765625,0.05989940557841771,-0.18927001953125
1116,2024-02-02,Tajikistan,Jordan,0.0,1.0,AFC Asian Cup,Al Rayyan,Qatar,1,2024,0,0,1127,2023-10-26 00:00:00,109.0,110.0,1.0,1187.23,1183.01,2023-10-26 00:00:00,82.0,84.0,2.0,1284.39,1286.36,-27.0,-97.16000000000008,1321.0,1503.0,-182.0,-1,0.0,0.0,0.0,-0.25,-0.11111111111111106,-0.0625,0.0,0.0,0.0,0.28125,0.14403292181069954,0.0888671875,0.0,0.0,0.0,-0.53125,-0.2551440329218106,-0.1513671875
1117,2024-02-03,Cape Verde,South Africa,0.0,0.0,African Cup of Nations,Yamoussoukro,Ivory Coast,1,2024,0,0,1128,2023-10-26 00:00:00,74.0,71.0,-3.0,1326.93,1337.29,2023-10-26 00:00:00,64.0,65.0,1.0,1366.35,1368.25,-10.0,-39.419999999999845,1479.0,1486.0,-7.0,0,0.6666666666666666,0.8,0.6666666666666666,0.71875,0.6460905349794238,0.5751953125,0.6666666666666666,0.0,0.16666666666666666,0.5625,0.44855967078189296,0.443359375,0.0,0.8,0.5,0.15625,0.19753086419753085,0.1318359375
1118,2024-02-03,Iran,Japan,2.0,1.0,AFC Asian Cup,Al Rayyan,Qatar,1,2024,0,0,1129,2023-10-26 00:00:00,21.0,21.0,0.0,1567.3,1561.26,2023-10-26 00:00:00,18.0,19.0,1.0,1612.99,1605.2,-3.0,-45.690000000000055,1827.0,1905.0,-78.0,1,0.6666666666666666,0.6,0.42857142857142855,0.4482421875,0.5047220669839173,0.5036959648132324,0.3333333333333333,0.6,0.5714285714285714,0.73779296875,0.642647067125043,0.6101205348968506,0.3333333333333333,0.0,-0.14285714285714285,-0.28955078125,-0.13792500014112574,-0.10642457008361816
1119,2024-02-03,Ivory Coast,Mali,2.0,1.0,African Cup of Nations,Bouaké,Ivory Coast,0,2024,0,0,1130,2023-10-26 00:00:00,52.0,50.0,-2.0,1439.17,1437.89,2023-10-26 00:00:00,47.0,49.0,2.0,1449.75,1441.72,-5.0,-10.579999999999927,1642.0,1631.0,11.0,1,-0.6666666666666666,0.0,0.16666666666666666,-0.25,-0.07407407407407395,0.09375,0.3333333333333333,0.4,0.16666666666666666,0.28125,0.18930041152263363,0.0556640625,-1.0,-0.4,0.0,-0.53125,-0.26337448559670756,0.0380859375
1120,2024-02-03,Qatar,Uzbekistan,1.0,1.0,AFC Asian Cup,Al Khor,Qatar,0,2024,0,0,1131,2023-10-26 00:00:00,61.0,61.0,0.0,1394.16,1395.57,2023-10-26 00:00:00,73.0,75.0,2.0,1333.09,1328.35,12.0,61.07000000000016,1534.0,1643.0,-109.0,0,1.0,1.0,0.7142857142857143,0.96875,0.8244170096021947,0.64404296875,0.6666666666666666,0.4,0.5,0.65625,0.6131687242798354,0.6279296875,0.33333333333333337,0.6,0.2142857142857143,0.3125,0.21124828532235929,0.01611328125
1121,2024-02-06,Jordan,South Korea,2.0,0.0,AFC Asian Cup,Al Rayyan,Qatar,1,2024,0,0,1132,2023-10-26 00:00:00,82.0,84.0,2.0,1284.39,1286.36,2023-10-26 00:00:00,24.0,26.0,2.0,1540.35,1533.01,-58.0,-255.9599999999998,1503.0,1799.0,-296.0,1,0.3333333333333333,0.4,0.14285714285714285,0.640625,0.42935528120713295,0.316650390625,0.3333333333333333,0.4,0.5714285714285714,0.5517578125,0.461016368703205,0.42692601680755615,0.0,0.0,-0.42857142857142855,0.0888671875,-0.03166108749607205,-0.11027562618255615
1122,2024-02-07,Ivory Coast,DR Congo,1.0,0.0,African Cup of Nations,Ebimpé,Ivory Coast,0,2024,0,0,1133,2023-10-26 00:00:00,52.0,50.0,-2.0,1439.17,1437.89,2023-10-26 00:00:00,65.0,64.0,-1.0,1366.18,1369.59,13.0,72.99000000000001,1642.0,1497.0,145.0,1,0.0,0.0,0.2857142857142857,0.375,0.2839506172839506,0.3203125,0.3333333333333333,0.2,0.14285714285714285,0.48828125,0.2991921963115378,0.2017974853515625,-0.3333333333333333,-0.2,0.14285714285714285,-0.11328125,-0.015241579027587215,0.1185150146484375
1123,2024-02-07,Nigeria,South Africa,1.0,1.0,African Cup of Nations,Bouaké,Ivory Coast,1,2024,0,0,1134,2023-10-26 00:00:00,40.0,40.0,0.0,1490.48,1488.86,2023-10-26 00:00:00,64.0,65.0,1.0,1366.35,1368.25,24.0,124.13000000000012,1657.0,1486.0,171.0,0,0.3333333333333333,0.2,0.2,0.5,0.33333333333333326,0.25,0.3333333333333333,0.2,0.14285714285714285,0.28125,0.299039780521262,0.33251953125,0.0,0.0,0.05714285714285716,0.21875,0.03429355281207125,-0.08251953125
1124,2024-02-07,Qatar,Iran,3.0,2.0,AFC Asian Cup,Doha,Qatar,0,2024,0,0,1135,2023-10-26 00:00:00,61.0,61.0,0.0,1394.16,1395.57,2023-10-26 00:00:00,21.0,21.0,0.0,1567.3,1561.26,-40.0,-173.13999999999987,1534.0,1827.0,-293.0,1,0.6666666666666666,0.8,0.8571428571428571,0.484375,0.5496113397347965,0.4830322265625,0.6666666666666666,0.8,0.7142857142857143,0.72412109375,0.6698147113226115,0.6277719736099243,0.0,0.0,0.1428571428571428,-0.23974609375,-0.12020337158781502,-0.14473974704742432
1125,2024-02-10,Qatar,Jordan,3.0,1.0,AFC Asian Cup,Lusail,Qatar,0,2024,0,0,1136,2023-10-26 00:00:00,61.0,61.0,0.0,1394.16,1395.57,2023-10-26 00:00:00,82.0,84.0,2.0,1284.39,1286.36,21.0,109.76999999999998,1534.0,1503.0,31.0,1,0.6666666666666666,0.8,0.8571428571428571,0.7421875,0.699740893156531,0.612274169921875,1.0,0.4,0.2857142857142857,0.8203125,0.6195701874714219,0.48748779296875,-0.33333333333333337,0.4,0.5714285714285714,-0.078125,0.08017070568510909,0.124786376953125
1126,2024-02-10,South Africa,DR Congo,0.0,0.0,African Cup of Nations,Abidjan,Ivory Coast,1,2024,0,0,1137,2023-10-26 00:00:00,64.0,65.0,1.0,1366.35,1368.25,2023-10-26 00:00:00,65.0,64.0,-1.0,1366.18,1369.59,1.0,0.1699999999998453,1486.0,1497.0,-11.0,0,0.3333333333333333,0.4,0.0,0.140625,0.19935985368084136,0.2493896484375,0.0,0.0,-0.14285714285714285,-0.255859375,-0.13387186912564136,-0.09865188598632812,0.3333333333333333,0.4,0.14285714285714285,0.396484375,0.3332317228064827,0.3480415344238281
1127,2024-02-11,Ivory Coast,Nigeria,2.0,1.0,African Cup of Nations,Ebimpé,Ivory Coast,0,2024,0,0,1138,2023-10-26 00:00:00,52.0,50.0,-2.0,1439.17,1437.89,2023-10-26 00:00:00,40.0,40.0,0.0,1490.48,1488.86,-12.0,-51.309999999999945,1642.0,1657.0,-15.0,1,0.6666666666666666,0.0,0.2857142857142857,0.6875,0.522633744855967,0.490234375,0.3333333333333333,0.2,0.16666666666666666,0.25,0.2222222222222222,0.1875,0.3333333333333333,-0.2,0.11904761904761904,0.4375,0.3004115226337448,0.302734375
1128,2024-06-14,Germany,Scotland,5.0,1.0,UEFA Euro,Munich,Germany,0,2024,0,0,1139,2024-04-04 00:00:00,16.0,16.0,0.0,1644.21,1631.22,2024-04-04 00:00:00,39.0,34.0,-5.0,1497.46,1506.89,23.0,146.75,1885.0,1800.0,85.0,1,0.0,0.0,0.0,0.25,-0.11111111111111129,-0.3125,-1.0,-1.0,-1.0,-1.0,-1.0,-1.0,1.0,1.0,1.0,1.25,0.8888888888888887,0.6875
1129,2024-06-15,Hungary,Switzerland,1.0,3.0,UEFA Euro,Cologne,Germany,1,2024,0,0,1140,2024-04-04 00:00:00,26.0,27.0,1.0,1532.2,1525.13,2024-04-04 00:00:00,19.0,19.0,0.0,1616.41,1613.44,-7.0,-84.21000000000004,1825.0,1791.0,34.0,-1,,,,,,,-0.3333333333333333,0.0,0.0,-0.25,0.03703703703703717,0.21875,,,,,,
1130,2024-06-15,Spain,Croatia,3.0,0.0,UEFA Euro,Berlin,Germany,1,2024,0,0,1141,2024-04-04 00:00:00,8.0,8.0,0.0,1727.5,1732.64,2024-04-04 00:00:00,10.0,10.0,0.0,1721.07,1717.57,2.0,6.430000000000064,2033.0,1951.0,82.0,1,-0.3333333333333333,0.0,0.0,-0.125,0.0740740740740742,0.234375,0.0,0.0,0.14285714285714285,0.265625,0.15500685871056238,0.121826171875,-0.3333333333333333,0.0,-0.14285714285714285,-0.390625,-0.08093278463648819,0.112548828125
1131,2024-06-16,Poland,Netherlands,1.0,2.0,UEFA Euro,Hamburg,Germany,1,2024,0,0,1142,2024-04-04 00:00:00,28.0,30.0,2.0,1531.49,1520.24,2024-04-04 00:00:00,7.0,6.0,-1.0,1742.29,1745.48,-21.0,-210.79999999999995,1714.0,1970.0,-256.0,-1,-0.3333333333333333,0.0,0.0,-0.5625,-0.20987654320987637,0.01953125,0.6666666666666666,0.6,0.6,0.4375,0.5679012345679013,0.64453125,-1.0,-0.6,-0.6,-1.0,-0.7777777777777777,-0.625
1132,2024-06-16,Serbia,England,0.0,1.0,UEFA Euro,Gelsenkirchen,Germany,1,2024,0,0,1143,2024-04-04 00:00:00,33.0,32.0,-1.0,1514.2,1517.43,2024-04-04 00:00:00,4.0,3.0,-1.0,1794.9,1800.05,-29.0,-280.70000000000005,1786.0,2014.0,-228.0,-1,-0.6666666666666666,-0.6666666666666666,-0.6666666666666666,-0.75,-0.7777777777777778,-0.8125,0.3333333333333333,0.4,0.4,-0.0625,0.23456790123456805,0.39453125,-1.0,-1.0666666666666667,-1.0666666666666667,-0.6875,-1.0123456790123457,-1.20703125
1133,2024-06-17,Austria,France,0.0,1.0,UEFA Euro,Düsseldorf,Germany,1,2024,0,0,1144,2024-04-04 00:00:00,25.0,25.0,0.0,1554.86,1546.1,2024-04-04 00:00:00,2.0,2.0,0.0,1840.59,1845.44,-23.0,-285.73,1835.0,2109.0,-274.0,-1,-1.0,-1.0,-1.0,-1.0,-1.0,-1.0,0.6666666666666666,0.4,0.5714285714285714,0.4375,0.5349794238683129,0.591796875,-1.6666666666666665,-1.4,-1.5714285714285714,-1.4375,-1.5349794238683128,-1.591796875
1134,2024-06-17,Belgium,Slovakia,0.0,1.0,UEFA Euro,Frankfurt,Germany,1,2024,0,0,1145,2024-04-04 00:00:00,3.0,4.0,1.0,1795.23,1798.46,2024-04-04 00:00:00,48.0,48.0,0.0,1461.55,1465.73,45.0,333.68000000000006,1990.0,1567.0,423.0,-1,0.0,0.0,0.0,0.0,0.22222222222222235,0.375,,,,,,,,,,,,
1135,2024-06-18,Portugal,Czech Republic,2.0,1.0,UEFA Euro,Leipzig,Germany,1,2024,0,0,1146,2024-04-04 00:00:00,6.0,7.0,1.0,1748.11,1745.06,2022-03-31 00:00:00,33.0,31.0,-2.0,1500.62,1510.42,27.0,247.49,2032.0,1753.0,279.0,1,-0.3333333333333333,0.2,0.42857142857142855,-0.25,0.03703703703703717,0.21875,-1.0,-1.0,-1.0,-1.0,-1.0,-1.0,0.6666666666666667,1.2,1.4285714285714286,0.75,1.0370370370370372,1.21875
1136,2024-06-18,Turkey,Georgia,3.0,1.0,UEFA Euro,Dortmund,Germany,1,2024,0,0,1147,2022-03-31 00:00:00,43.0,39.0,-4.0,1461.81,1472.72,2024-04-04 00:00:00,75.0,77.0,2.0,1333.76,1312.45,32.0,128.04999999999995,1765.0,1650.0,115.0,1,-1.0,-1.0,-1.0,-1.0,-1.0,-1.0,,,,,,,,,,,,
1137,2024-06-19,Croatia,Albania,2.0,2.0,UEFA Euro,Hamburg,Germany,1,2024,0,0,1148,2024-04-04 00:00:00,10.0,10.0,0.0,1721.07,1717.57,2024-04-04 00:00:00,66.0,64.0,-2.0,1375.1,1382.69,56.0,345.97,1951.0,1616.0,335.0,0,-0.3333333333333333,-0.2,0.0,-0.3671875,-0.22999542752629165,-0.15863037109375,,,,,,,,,,,,
1138,2024-06-19,Germany,Hungary,2.0,0.0,UEFA Euro,Stuttgart,Germany,0,2024,0,0,1149,2024-04-04 00:00:00,16.0,16.0,0.0,1644.21,1631.22,2024-04-04 00:00:00,26.0,27.0,1.0,1532.2,1525.13,10.0,112.01,1885.0,1791.0,94.0,1,0.6666666666666666,0.25,0.25,0.625,0.2592592592592591,0.015625,-1.0,-1.0,-1.0,-1.0,-1.0,-1.0,1.6666666666666665,1.25,1.25,1.625,1.259259259259259,1.015625
1139,2024-06-19,Scotland,Switzerland,1.0,1.0,UEFA Euro,Cologne,Germany,1,2024,0,0,1150,2024-04-04 00:00:00,39.0,34.0,-5.0,1497.46,1506.89,2024-04-04 00:00:00,19.0,19.0,0.0,1616.41,1613.44,-20.0,-118.95000000000005,1800.0,1791.0,9.0,0,-1.0,-1.0,-1.0,-1.0,-1.0,-1.0,0.3333333333333333,0.2,0.2,0.375,0.3580246913580247,0.4140625,-1.3333333333333333,-1.2,-1.2,-1.375,-1.3580246913580247,-1.4140625
1140,2024-06-20,Argentina,Canada,2.0,0.0,Copa América,Atlanta,United States,1,2024,0,0,1151,2024-04-04 00:00:00,1.0,1.0,0.0,1858.0,1855.2,2024-04-04 00:00:00,49.0,50.0,1.0,1461.16,1453.76,48.0,396.8399999999999,2139.0,1705.0,434.0,1,0.3333333333333333,0.6,0.5714285714285714,0.48992919921875,0.5064346016041501,0.5336996503174305,-1.0,-0.6,-0.42857142857142855,-0.90625,-0.6927297668038408,-0.48583984375,1.3333333333333333,1.2,1.0,1.39617919921875,1.199164368407991,1.0195394940674305
1141,2024-06-20,Denmark,England,1.0,1.0,UEFA Euro,Frankfurt,Germany,1,2024,0,0,1152,2024-04-04 00:00:00,21.0,21.0,0.0,1602.72,1601.31,2024-04-04 00:00:00,4.0,3.0,-1.0,1794.9,1800.05,-17.0,-192.1800000000001,1877.0,2014.0,-137.0,0,-0.6666666666666666,-0.6666666666666666,-0.6666666666666666,-0.75,-0.5555555555555555,-0.4375,0.3333333333333333,0.4,0.5,0.46875,0.48971193415637865,0.5458984375,-1.0,-1.0666666666666667,-1.1666666666666665,-1.21875,-1.045267489711934,-0.9833984375
1142,2024-06-20,Spain,Italy,1.0,0.0,UEFA Euro,Gelsenkirchen,Germany,1,2024,0,0,1153,2024-04-04 00:00:00,8.0,8.0,0.0,1727.5,1732.64,2024-04-04 00:00:00,9.0,9.0,0.0,1724.6,1718.82,1.0,2.900000000000091,2033.0,1956.0,77.0,1,0.0,0.2,0.2,0.4375,0.3827160493827161,0.42578125,-1.0,-1.0,-1.0,-1.0,-1.0,-1.0,1.0,1.2,1.2,1.4375,1.382716049382716,1.42578125
1143,2024-06-21,Netherlands,France,0.0,0.0,UEFA Euro,Leipzig,Germany,1,2024,0,0,1154,2024-04-04 00:00:00,7.0,6.0,-1.0,1742.29,1745.48,2024-04-04 00:00:00,2.0,2.0,0.0,1840.59,1845.44,-5.0,-98.29999999999995,1970.0,2109.0,-139.0,0,0.6666666666666666,0.6,0.6666666666666666,0.71875,0.7119341563786008,0.7333984375,0.6666666666666666,0.8,0.5714285714285714,0.71875,0.6899862825788752,0.69384765625,0.0,-0.20000000000000007,0.09523809523809523,0.0,0.021947873799725626,0.03955078125
1144,2024-06-21,Poland,Austria,1.0,3.0,UEFA Euro,Berlin,Germany,1,2024,0,0,1155,2024-04-04 00:00:00,28.0,30.0,2.0,1531.49,1520.24,2024-04-04 00:00:00,25.0,25.0,0.0,1554.86,1546.1,-3.0,-23.36999999999989,1714.0,1835.0,-121.0,-1,-1.0,-0.4,-0.16666666666666666,-0.78125,-0.4732510288065842,-0.2353515625,-1.0,-1.0,-1.0,-1.0,-1.0,-1.0,0.0,0.6,0.8333333333333334,0.21875,0.5267489711934158,0.7646484375
1145,2024-06-22,Belgium,Romania,2.0,0.0,UEFA Euro,Cologne,Germany,1,2024,0,0,1156,2024-04-04 00:00:00,3.0,4.0,1.0,1795.23,1798.46,2024-04-04 00:00:00,46.0,45.0,-1.0,1468.17,1472.73,43.0,327.05999999999995,1990.0,1629.0,361.0,1,-0.6666666666666666,-0.25,-0.25,-0.5,-0.185185185185185,0.03125,,,,,,,,,,,,
1146,2024-06-22,Ecuador,Venezuela,1.0,2.0,Copa América,Santa Clara,United States,1,2024,0,0,1157,2024-04-04 00:00:00,31.0,31.0,0.0,1518.22,1519.2,2024-04-04 00:00:00,54.0,52.0,-2.0,1442.29,1447.2,23.0,75.93000000000006,1883.0,1750.0,133.0,-1,0.3333333333333333,0.6,0.14285714285714285,0.57177734375,0.43200844496378704,0.34169936180114746,0.3333333333333333,0.4,0.0,0.12890625,0.13432911649646903,0.13259124755859375,0.0,0.19999999999999996,0.14285714285714285,0.44287109375,0.29767932846731804,0.2091081142425537
1147,2024-06-22,Georgia,Czech Republic,1.0,1.0,UEFA Euro,Hamburg,Germany,1,2024,0,0,1158,2024-04-04 00:00:00,75.0,77.0,2.0,1333.76,1312.45,2022-03-31 00:00:00,33.0,31.0,-2.0,1500.62,1510.42,-42.0,-166.8599999999999,1650.0,1753.0,-103.0,0,-1.0,-1.0,-1.0,-1.0,-1.0,-1.0,-1.0,-1.0,-1.0,-1.0,-1.0,-1.0,0.0,0.0,0.0,0.0,0.0,0.0
1148,2024-06-22,Mexico,Jamaica,1.0,0.0,Copa América,Houston,United States,1,2024,0,0,1159,2024-04-04 00:00:00,14.0,15.0,1.0,1661.11,1652.7,2024-04-04 00:00:00,55.0,57.0,2.0,1435.33,1421.54,41.0,225.77999999999997,1794.0,1610.0,184.0,1,0.0,0.4,0.42857142857142855,0.35546875,0.3440024386526444,0.3916778564453125,1.0,0.4,0.0,0.78125,0.4732510288065842,0.2353515625,-1.0,0.0,0.42857142857142855,-0.42578125,-0.1292485901539398,0.1563262939453125
1149,2024-06-22,Turkey,Portugal,0.0,3.0,UEFA Euro,Dortmund,Germany,1,2024,0,0,1160,2022-03-31 00:00:00,43.0,39.0,-4.0,1461.81,1472.72,2024-04-04 00:00:00,6.0,7.0,1.0,1748.11,1745.06,-37.0,-286.29999999999995,1765.0,2032.0,-267.0,-1,0.0,0.0,0.0,0.0,-0.3333333333333335,-0.5,0.3333333333333333,0.2,0.42857142857142855,0.375,0.3580246913580247,0.4140625,-0.3333333333333333,-0.2,-0.42857142857142855,-0.375,-0.6913580246913582,-0.9140625
1150,2024-06-23,Germany,Switzerland,1.0,1.0,UEFA Euro,Frankfurt,Germany,0,2024,0,0,1161,2024-04-04 00:00:00,16.0,16.0,0.0,1644.21,1631.22,2024-04-04 00:00:00,19.0,19.0,0.0,1616.41,1613.44,3.0,27.799999999999955,1885.0,1791.0,94.0,0,1.0,0.4,0.4,0.8125,0.5061728395061726,0.26171875,0.0,0.0,0.16666666666666666,0.1875,0.2386831275720165,0.310546875,1.0,0.4,0.23333333333333336,0.625,0.26748971193415616,-0.048828125
1151,2024-06-23,Scotland,Hungary,0.0,1.0,UEFA Euro,Stuttgart,Germany,1,2024,0,0,1162,2024-04-04 00:00:00,39.0,34.0,-5.0,1497.46,1506.89,2024-04-04 00:00:00,26.0,27.0,1.0,1532.2,1525.13,-13.0,-34.74000000000001,1800.0,1791.0,9.0,-1,-0.6666666666666666,-0.6666666666666666,-0.6666666666666666,-0.5,-0.6666666666666667,-0.75,-1.0,-1.0,-1.0,-1.0,-1.0,-1.0,0.33333333333333337,0.33333333333333337,0.33333333333333337,0.5,0.33333333333333326,0.25
1152,2024-06-23,United States,Bolivia,2.0,0.0,Copa América,Arlington,United States,0,2024,0,0,1163,2024-04-04 00:00:00,11.0,13.0,2.0,1681.13,1661.7,2024-04-04 00:00:00,85.0,86.0,1.0,1283.88,1284.55,74.0,397.25,1774.0,1590.0,184.0,1,0.0,-0.2,0.0,-0.26171875,-0.10054361631865054,0.00115203857421875,-0.3333333333333333,-0.6,-0.7142857142857143,-0.5,-0.5555555555555556,-0.625,0.3333333333333333,0.39999999999999997,0.7142857142857143,0.23828125,0.455011939236905,0.6261520385742188
1153,2024-06-23,Uruguay,Panama,3.0,1.0,Copa América,Miami Gardens,United States,1,2024,0,0,1164,2024-04-04 00:00:00,15.0,11.0,-4.0,1659.39,1665.99,2024-04-04 00:00:00,45.0,44.0,-1.0,1475.62,1475.62,30.0,183.7700000000002,2006.0,1765.0,241.0,1,1.0,0.4,0.5714285714285714,0.865234375,0.7175227353553828,0.6445579528808594,1.0,0.4,0.2857142857142857,0.796875,0.5317786922725193,0.3243408203125,0.0,0.0,0.2857142857142857,0.068359375,0.18574404308286352,0.3202171325683594
1154,2024-06-24,Albania,Spain,0.0,1.0,UEFA Euro,Düsseldorf,Germany,1,2024,0,0,1165,2024-04-04 00:00:00,66.0,64.0,-2.0,1375.1,1382.69,2024-04-04 00:00:00,8.0,8.0,0.0,1727.5,1732.64,-58.0,-352.4000000000001,1616.0,2033.0,-417.0,-1,0.0,0.0,0.0,0.0,0.0,0.0,0.6666666666666666,0.2,0.3333333333333333,0.71875,0.588477366255144,0.5693359375,-0.6666666666666666,-0.2,-0.3333333333333333,-0.71875,-0.588477366255144,-0.5693359375
1155,2024-06-24,Brazil,Costa Rica,0.0,0.0,Copa América,Inglewood,United States,1,2024,0,0,1166,2024-04-04 00:00:00,5.0,5.0,0.0,1788.65,1784.09,2024-04-04 00:00:00,52.0,54.0,2.0,1445.38,1437.57,47.0,343.27,2011.0,1714.0,297.0,0,-1.0,-0.4,-0.14285714285714285,-0.82427978515625,-0.5648744535036709,-0.37408778443932533,0.3333333333333333,0.2,0.42857142857142855,0.68701171875,0.5662359509334055,0.5464684963226318,-1.3333333333333333,-0.6000000000000001,-0.5714285714285714,-1.51129150390625,-1.1311104044370763,-0.9205562807619572
1156,2024-06-24,Colombia,Paraguay,2.0,1.0,Copa América,Houston,United States,1,2024,0,0,1167,2024-04-04 00:00:00,12.0,14.0,2.0,1664.28,1655.29,2024-04-04 00:00:00,56.0,56.0,0.0,1430.73,1430.73,44.0,233.54999999999995,1984.0,1706.0,278.0,1,0.6666666666666666,0.4,0.5714285714285714,0.7734375,0.6092059137326626,0.474578857421875,0.0,-0.4,-0.42857142857142855,-0.4765625,-0.3985672915714068,-0.405181884765625,0.6666666666666666,0.8,1.0,1.25,1.0077732053040696,0.8797607421875
1157,2024-06-24,Croatia,Italy,1.0,1.0,UEFA Euro,Leipzig,Germany,1,2024,0,0,1168,2024-04-04 00:00:00,10.0,10.0,0.0,1721.07,1717.57,2024-04-04 00:00:00,9.0,9.0,0.0,1724.6,1718.82,-1.0,-3.5299999999999727,1951.0,1956.0,-5.0,0,0.0,-0.2,-0.14285714285714285,-0.18359375,-0.1533302850175278,-0.1189727783203125,-1.0,-1.0,-1.0,-1.0,-1.0,-1.0,1.0,0.8,0.8571428571428572,0.81640625,0.8466697149824722,0.8810272216796875
1158,2024-06-25,Chile,Argentina,0.0,1.0,Copa América,East Rutherford,United States,1,2024,0,0,1169,2024-04-04 00:00:00,42.0,42.0,0.0,1491.71,1489.82,2024-04-04 00:00:00,1.0,1.0,0.0,1858.0,1855.2,-41.0,-366.29,1739.0,2139.0,-400.0,-1,-0.6666666666666666,-0.2,-0.42857142857142855,-0.58984375,-0.488390997307321,-0.47240447998046875,0.3333333333333333,0.6,0.7142857142857143,0.744964599609375,0.6709564010694333,0.6502747377380729,-1.0,-0.8,-1.1428571428571428,-1.334808349609375,-1.1593473983767544,-1.1226792177185416
1159,2024-06-25,England,Slovenia,0.0,0.0,UEFA Euro,Cologne,Germany,1,2024,0,0,1170,2024-04-04 00:00:00,4.0,3.0,-1.0,1794.9,1800.05,2024-04-04 00:00:00,57.0,55.0,-2.0,1427.84,1431.4,53.0,367.0600000000002,2014.0,1716.0,298.0,0,0.0,0.4,0.42857142857142855,0.234375,0.32647462277091915,0.409423828125,,,,,,,,,,,,
1160,2024-06-25,France,Poland,1.0,1.0,UEFA Euro,Dortmund,Germany,1,2024,0,0,1171,2024-04-04 00:00:00,2.0,2.0,0.0,1840.59,1845.44,2024-04-04 00:00:00,28.0,30.0,2.0,1531.49,1520.24,26.0,309.0999999999999,2109.0,1714.0,395.0,0,0.3333333333333333,0.6,0.42857142857142855,0.359375,0.4599908550525835,0.5203857421875,-1.0,-0.6,-0.2857142857142857,-0.890625,-0.6488340192043894,-0.426513671875,1.3333333333333333,1.2,0.7142857142857142,1.25,1.1088248742569728,0.9468994140625
1161,2024-06-25,Netherlands,Austria,2.0,3.0,UEFA Euro,Berlin,Germany,1,2024,0,0,1172,2024-04-04 00:00:00,7.0,6.0,-1.0,1742.29,1745.48,2024-04-04 00:00:00,25.0,25.0,0.0,1554.86,1546.1,18.0,187.4300000000001,1970.0,1835.0,135.0,-1,0.3333333333333333,0.6,0.5714285714285714,0.359375,0.47462277091906724,0.550048828125,-0.3333333333333333,-0.3333333333333333,-0.3333333333333333,0.0,-0.3333333333333335,-0.5,0.6666666666666666,0.9333333333333333,0.9047619047619047,0.359375,0.8079561042524007,1.050048828125
1162,2024-06-25,Peru,Canada,0.0,1.0,Copa América,Kansas City,United States,1,2024,0,0,1173,2024-04-04 00:00:00,32.0,33.0,1.0,1515.82,1512.68,2024-04-04 00:00:00,49.0,50.0,1.0,1461.16,1453.76,17.0,54.659999999999854,1798.0,1705.0,93.0,-1,-0.6666666666666666,-0.8,-0.5714285714285714,-0.4658203125,-0.5111348202340429,-0.44803905487060547,-1.0,-1.0,-0.7142857142857143,-0.953125,-0.7951531778692271,-0.6143798828125,0.33333333333333337,0.19999999999999996,0.1428571428571429,0.4873046875,0.28401835763518424,0.16634082794189453
1163,2024-06-26,Czech Republic,Turkey,1.0,2.0,UEFA Euro,Hamburg,Germany,1,2024,0,0,1174,2022-03-31 00:00:00,33.0,31.0,-2.0,1500.62,1510.42,2022-03-31 00:00:00,43.0,39.0,-4.0,1461.81,1472.72,10.0,38.809999999999945,1753.0,1765.0,-12.0,-1,-0.6666666666666666,-0.6666666666666666,-0.6666666666666666,-0.5,-0.6666666666666667,-0.75,-0.3333333333333333,-0.3333333333333333,-0.3333333333333333,-0.5,-0.5555555555555556,-0.625,-0.3333333333333333,-0.3333333333333333,-0.3333333333333333,0.0,-0.11111111111111116,-0.125
1164,2024-06-26,Ecuador,Jamaica,3.0,1.0,Copa América,Las Vegas,United States,1,2024,0,0,1175,2024-04-04 00:00:00,31.0,31.0,0.0,1518.22,1519.2,2024-04-04 00:00:00,55.0,57.0,2.0,1435.33,1421.54,24.0,82.8900000000001,1883.0,1610.0,273.0,1,0.0,0.2,0.14285714285714285,-0.214111328125,-0.0453277033574752,0.006274521350860596,0.3333333333333333,0.2,0.0,-0.109375,-0.017832647462277088,-0.073486328125,-0.3333333333333333,0.0,0.14285714285714285,-0.104736328125,-0.02749505589519811,0.0797608494758606
1165,2024-06-26,Georgia,Portugal,2.0,0.0,UEFA Euro,Gelsenkirchen,Germany,1,2024,0,0,1176,2024-04-04 00:00:00,75.0,77.0,2.0,1333.76,1312.45,2024-04-04 00:00:00,6.0,7.0,1.0,1748.11,1745.06,-69.0,-414.3499999999999,1650.0,2032.0,-382.0,1,-0.5,-0.5,-0.5,-0.5,-0.6666666666666667,-0.75,0.3333333333333333,0.2,0.42857142857142855,0.6875,0.5720164609053497,0.560546875,-0.8333333333333333,-0.7,-0.9285714285714286,-1.1875,-1.2386831275720165,-1.310546875
1166,2024-06-26,Ukraine,Belgium,0.0,0.0,UEFA Euro,Stuttgart,Germany,1,2024,0,0,1177,2024-04-04 00:00:00,22.0,24.0,2.0,1568.86,1553.35,2024-04-04 00:00:00,3.0,4.0,1.0,1795.23,1798.46,-19.0,-226.37000000000012,1857.0,1990.0,-133.0,0,0.0,0.0,0.0,0.0,0.3333333333333335,0.5,0.0,0.0,0.0,0.25,0.2098765432098766,0.2734375,0.0,0.0,0.0,-0.25,0.1234567901234569,0.2265625
1167,2024-06-26,Venezuela,Mexico,1.0,0.0,Copa América,Inglewood,United States,1,2024,0,0,1178,2024-04-04 00:00:00,54.0,52.0,-2.0,1442.29,1447.2,2024-04-04 00:00:00,14.0,15.0,1.0,1661.11,1652.7,-40.0,-218.8199999999999,1750.0,1794.0,-44.0,1,0.3333333333333333,0.4,0.2857142857142857,0.564453125,0.42288607766431263,0.3494434356689453,0.3333333333333333,0.4,0.42857142857142855,0.677734375,0.5626682924350962,0.5437583923339844,0.0,0.0,-0.14285714285714285,-0.11328125,-0.13978221477078356,-0.19431495666503906
1168,2024-06-27,United States,Panama,1.0,2.0,Copa América,Atlanta,United States,0,2024,0,0,1179,2024-04-04 00:00:00,11.0,13.0,2.0,1681.13,1661.7,2024-04-04 00:00:00,45.0,44.0,-1.0,1475.62,1475.62,34.0,205.51000000000025,1774.0,1765.0,9.0,-1,0.3333333333333333,0.2,0.14285714285714285,0.369140625,0.2663042557875662,0.25086402893066406,0.3333333333333333,0.2,0.0,-0.1015625,0.0211857948483463,-0.006744384765625,0.0,0.0,0.14285714285714285,0.470703125,0.24511846093921993,0.25760841369628906
1169,2024-06-27,Uruguay,Bolivia,5.0,0.0,Copa América,East Rutherford,United States,1,2024,0,0,1180,2024-04-04 00:00:00,15.0,11.0,-4.0,1659.39,1665.99,2024-04-04 00:00:00,85.0,86.0,1.0,1283.88,1284.55,70.0,375.51,2006.0,1590.0,416.0,1,1.0,0.8,0.5714285714285714,0.9326171875,0.8116818235702552,0.7334184646606445,-0.3333333333333333,-0.6,-0.7142857142857143,-0.75,-0.7037037037037037,-0.71875,1.3333333333333333,1.4,1.2857142857142856,1.6826171875,1.515385527273959,1.4521684646606445
1170,2024-06-28,Colombia,Costa Rica,3.0,0.0,Copa América,Glendale,United States,1,2024,0,0,1181,2024-04-04 00:00:00,12.0,14.0,2.0,1664.28,1655.29,2024-04-04 00:00:00,52.0,54.0,2.0,1445.38,1437.57,40.0,218.89999999999984,1984.0,1714.0,270.0,1,1.0,0.6,0.5714285714285714,0.88671875,0.7394706091551084,0.6059341430664062,0.6666666666666666,0.4,0.2857142857142857,0.343505859375,0.3774906339556037,0.4098513722419739,0.33333333333333337,0.19999999999999996,0.2857142857142857,0.543212890625,0.3619799751995047,0.19608277082443237
1171,2024-06-28,Paraguay,Brazil,1.0,4.0,Copa América,Las Vegas,United States,1,2024,0,0,1182,2024-04-04 00:00:00,56.0,56.0,0.0,1430.73,1430.73,2024-04-04 00:00:00,5.0,5.0,0.0,1788.65,1784.09,-51.0,-357.9200000000001,1706.0,2011.0,-305.0,-1,-0.6666666666666666,-0.4,-0.42857142857142855,-0.73828125,-0.5990448610476045,-0.5538864135742188,-0.6666666666666666,-0.6,-0.14285714285714285,-0.412139892578125,-0.3765829690024473,-0.280565838329494,0.0,0.19999999999999996,-0.2857142857142857,-0.326141357421875,-0.22246189204515715,-0.27332057524472475
1172,2024-06-29,Argentina,Peru,2.0,0.0,Copa América,Miami Gardens,United States,1,2024,0,0,1183,2024-04-04 00:00:00,1.0,1.0,0.0,1858.0,1855.2,2024-04-04 00:00:00,32.0,33.0,1.0,1515.82,1512.68,31.0,342.18000000000006,2139.0,1798.0,341.0,1,1.0,0.6,0.7142857142857143,0.8724822998046875,0.7806376007129555,0.7377060533035547,-0.6666666666666666,-0.8,-0.7142857142857143,-0.73291015625,-0.6740898801560286,-0.5860292911529541,1.6666666666666665,1.4,1.4285714285714286,1.6053924560546875,1.454727480868984,1.3237353444565088
1173,2024-06-29,Canada,Chile,0.0,0.0,Copa América,Orlando,United States,1,2024,0,0,1184,2024-04-04 00:00:00,49.0,50.0,1.0,1461.16,1453.76,2024-04-04 00:00:00,42.0,42.0,0.0,1491.71,1489.82,-7.0,-30.549999999999955,1705.0,1739.0,-34.0,0,-0.3333333333333333,-0.6,-0.42857142857142855,0.0234375,-0.19676878524615155,-0.210784912109375,-0.6666666666666666,-0.4,-0.42857142857142855,-0.794921875,-0.6589273315382139,-0.6043033599853516,0.3333333333333333,-0.19999999999999996,0.0,0.818359375,0.4621585462920624,0.39351844787597656
1174,2024-06-29,Germany,Denmark,2.0,0.0,UEFA Euro,Dortmund,Germany,0,2024,0,0,1185,2024-04-04 00:00:00,16.0,16.0,0.0,1644.21,1631.22,2024-04-04 00:00:00,21.0,21.0,0.0,1602.72,1601.31,5.0,41.49000000000001,1885.0,1877.0,8.0,1,0.6666666666666666,0.6,0.3333333333333333,0.40625,0.3374485596707818,0.1962890625,-0.6666666666666666,-0.5,-0.5,-0.375,-0.37037037037037035,-0.328125,1.3333333333333333,1.1,0.8333333333333333,0.78125,0.7078189300411522,0.5244140625
1175,2024-06-29,Switzerland,Italy,2.0,0.0,UEFA Euro,Berlin,Germany,1,2024,0,0,1186,2024-04-04 00:00:00,19.0,19.0,0.0,1616.41,1613.44,2024-04-04 00:00:00,9.0,9.0,0.0,1724.6,1718.82,-10.0,-108.18999999999984,1791.0,1956.0,-165.0,1,0.3333333333333333,0.2,0.14285714285714285,0.09375,0.15912208504801104,0.23291015625,-0.6666666666666666,-0.6666666666666666,-0.6666666666666666,-0.5,-0.6666666666666667,-0.75,1.0,0.8666666666666667,0.8095238095238095,0.59375,0.8257887517146778,0.98291015625
1176,2024-06-30,England,Slovakia,2.0,1.0,UEFA Euro,Gelsenkirchen,Germany,1,2024,0,0,1187,2024-04-04 00:00:00,4.0,3.0,-1.0,1794.9,1800.05,2024-04-04 00:00:00,48.0,48.0,0.0,1461.55,1465.73,44.0,333.35000000000014,2014.0,1567.0,447.0,1,0.3333333333333333,0.2,0.2857142857142857,0.1171875,0.21764974851394614,0.30706787109375,1.0,1.0,1.0,1.0,1.0,1.0,-0.6666666666666667,-0.8,-0.7142857142857143,-0.8828125,-0.7823502514860539,-0.69293212890625
1177,2024-06-30,Mexico,Ecuador,0.0,0.0,Copa América,Glendale,United States,1,2024,0,0,1188,2024-04-04 00:00:00,14.0,15.0,1.0,1661.11,1652.7,2024-04-04 00:00:00,31.0,31.0,0.0,1518.22,1519.2,17.0,142.88999999999987,1794.0,1883.0,-89.0,0,0.3333333333333333,0.0,0.2857142857142857,-0.1611328125,0.04177886162339758,0.15781879425048828,0.3333333333333333,0.2,0.42857142857142855,0.3929443359375,0.3031148644283498,0.25470589101314545,0.0,-0.2,-0.14285714285714285,-0.5540771484375,-0.2613360028049522,-0.09688709676265717
1178,2024-06-30,Spain,Georgia,4.0,1.0,UEFA Euro,Cologne,Germany,1,2024,0,0,1189,2024-04-04 00:00:00,8.0,8.0,0.0,1727.5,1732.64,2024-04-04 00:00:00,75.0,77.0,2.0,1333.76,1312.45,67.0,393.74,2033.0,1650.0,383.0,1,1.0,0.4,0.42857142857142855,0.859375,0.7256515775034293,0.677001953125,0.0,0.0,0.0,0.25,-0.11111111111111129,-0.3125,1.0,0.4,0.42857142857142855,0.609375,0.8367626886145406,0.989501953125
1179,2024-07-01,Bolivia,Panama,1.0,3.0,Copa América,Orlando,United States,1,2024,0,0,1190,2024-04-04 00:00:00,85.0,86.0,1.0,1283.88,1284.55,2024-04-04 00:00:00,45.0,44.0,-1.0,1475.62,1475.62,-40.0,-191.73999999999975,1590.0,1765.0,-175.0,-1,-1.0,-0.6,-0.7142857142857143,-0.875,-0.8024691358024691,-0.7890625,0.3333333333333333,0.6,0.2857142857142857,0.44921875,0.3474571965655641,0.24494171142578125,-1.3333333333333333,-1.2,-1.0,-1.32421875,-1.1499263323680333,-1.0340042114257812
1180,2024-07-01,France,Belgium,1.0,0.0,UEFA Euro,Düsseldorf,Germany,1,2024,0,0,1191,2024-04-04 00:00:00,2.0,2.0,0.0,1840.59,1845.44,2024-04-04 00:00:00,3.0,4.0,1.0,1795.23,1798.46,1.0,45.3599999999999,2109.0,1990.0,119.0,1,0.3333333333333333,0.4,0.5714285714285714,0.1796875,0.3066605700350557,0.390289306640625,0.0,-0.2,0.0,0.125,0.13991769547325109,0.205078125,0.3333333333333333,0.6000000000000001,0.5714285714285714,0.0546875,0.16674287456180462,0.185211181640625
1181,2024-07-01,Portugal,Slovenia,0.0,0.0,UEFA Euro,Frankfurt,Germany,1,2024,0,0,1192,2024-04-04 00:00:00,6.0,7.0,1.0,1748.11,1745.06,2024-04-04 00:00:00,57.0,55.0,-2.0,1427.84,1431.4,51.0,320.27,2032.0,1716.0,316.0,0,0.3333333333333333,0.2,0.14285714285714285,-0.15625,0.048010973936899945,0.17041015625,0.0,0.0,0.0,0.0,0.0,0.0,0.3333333333333333,0.2,0.14285714285714285,-0.15625,0.048010973936899945,0.17041015625
1182,2024-07-01,United States,Uruguay,0.0,1.0,Copa América,Kansas City,United States,0,2024,0,0,1193,2024-04-04 00:00:00,11.0,13.0,2.0,1681.13,1661.7,2024-04-04 00:00:00,15.0,11.0,-4.0,1659.39,1665.99,4.0,21.74000000000001,1774.0,2006.0,-232.0,-1,-0.3333333333333333,0.0,-0.14285714285714285,-0.3154296875,-0.1557971628082891,-0.06185197830200195,1.0,1.0,0.5714285714285714,0.96630859375,0.8744545490468368,0.8000638484954834,-1.3333333333333333,-1.0,-0.7142857142857142,-1.28173828125,-1.030251711855126,-0.8619158267974854
1183,2024-07-02,Austria,Turkey,1.0,2.0,UEFA Euro,Leipzig,Germany,1,2024,0,0,1194,2024-04-04 00:00:00,25.0,25.0,0.0,1554.86,1546.1,2022-03-31 00:00:00,43.0,39.0,-4.0,1461.81,1472.72,18.0,93.04999999999995,1835.0,1765.0,70.0,-1,0.3333333333333333,0.0,0.0,0.5,0.11111111111111091,-0.125,0.3333333333333333,0.0,0.0,0.25,-0.03703703703703717,-0.21875,0.0,0.0,0.0,0.25,0.14814814814814808,0.09375
1184,2024-07-02,Brazil,Colombia,1.0,1.0,Copa América,Santa Clara,United States,1,2024,0,0,1195,2024-04-04 00:00:00,5.0,5.0,0.0,1788.65,1784.09,2024-04-04 00:00:00,12.0,14.0,2.0,1664.28,1655.29,7.0,124.37000000000012,2011.0,1984.0,27.0,0,0.0,-0.4,-0.14285714285714285,0.2939300537109375,0.08227802066503502,0.0395756212528795,1.0,0.8,0.5714285714285714,0.943359375,0.8263137394367389,0.7044506072998047,-1.0,-1.2000000000000002,-0.7142857142857142,-0.6494293212890625,-0.7440357187717039,-0.6648749860469252
1185,2024-07-02,Costa Rica,Paraguay,2.0,1.0,Copa América,Austin,United States,1,2024,0,0,1196,2024-04-04 00:00:00,52.0,54.0,2.0,1445.38,1437.57,2024-04-04 00:00:00,56.0,56.0,0.0,1430.73,1430.73,4.0,14.650000000000093,1714.0,1706.0,8.0,1,0.0,0.0,0.0,-0.3282470703125,-0.08167291069626408,0.05738852918148041,-1.0,-0.4,-0.5714285714285714,-0.869140625,-0.7326965740317363,-0.6654148101806641,1.0,0.4,0.5714285714285714,0.5408935546875,0.6510236633354722,0.7228033393621445
1186,2024-07-02,Romania,Netherlands,0.0,3.0,UEFA Euro,Munich,Germany,1,2024,0,0,1197,2024-04-04 00:00:00,46.0,45.0,-1.0,1468.17,1472.73,2024-04-04 00:00:00,7.0,6.0,-1.0,1742.29,1745.48,-39.0,-274.1199999999999,1629.0,1970.0,-341.0,-1,-1.0,-1.0,-1.0,-1.0,-1.0,-1.0,0.0,0.2,0.2857142857142857,-0.3203125,-0.01691815272062173,0.16253662109375,-1.0,-1.2,-1.2857142857142856,-0.6796875,-0.9830818472793783,-1.16253662109375
1187,2024-07-04,Argentina,Ecuador,1.0,1.0,Copa América,Houston,United States,1,2024,0,0,1198,2024-04-04 00:00:00,1.0,1.0,0.0,1858.0,1855.2,2024-04-04 00:00:00,31.0,31.0,0.0,1518.22,1519.2,30.0,339.78,2139.0,1883.0,256.0,0,1.0,0.6,0.7142857142857143,0.9362411499023438,0.8537584004753037,0.803279539977666,0.0,0.2,0.2857142857142857,0.19647216796875,0.20207657628556655,0.19102941825985909,1.0,0.39999999999999997,0.4285714285714286,0.7397689819335938,0.6516818241897372,0.6122501217178069
1188,2024-07-05,Germany,Spain,1.0,2.0,UEFA Euro,Stuttgart,Germany,0,2024,0,0,1199,2024-04-04 00:00:00,16.0,16.0,0.0,1644.21,1631.22,2024-04-04 00:00:00,8.0,8.0,0.0,1727.5,1732.64,-8.0,-83.28999999999996,1885.0,2033.0,-148.0,-1,0.6666666666666666,0.8,0.42857142857142855,0.703125,0.5582990397805212,0.397216796875,1.0,0.8,0.42857142857142855,0.9296875,0.8171010516689529,0.75775146484375,-0.33333333333333337,0.0,0.0,-0.2265625,-0.25880201188843166,-0.36053466796875
1189,2024-07-05,Portugal,France,0.0,0.0,UEFA Euro,Hamburg,Germany,1,2024,0,0,1200,2024-04-04 00:00:00,6.0,7.0,1.0,1748.11,1745.06,2024-04-04 00:00:00,2.0,2.0,0.0,1840.59,1845.44,-4.0,-92.48000000000002,2032.0,2109.0,-77.0,0,0.0,0.0,0.0,-0.078125,0.032007315957933304,0.1278076171875,0.3333333333333333,0.4,0.5714285714285714,0.58984375,0.5377737133567038,0.5427169799804688,-0.3333333333333333,-0.4,-0.5714285714285714,-0.66796875,-0.5057663973987705,-0.41490936279296875
1190,2024-07-05,Venezuela,Canada,1.0,1.0,Copa América,Arlington,United States,1,2024,0,0,1201,2024-04-04 00:00:00,54.0,52.0,-2.0,1442.29,1447.2,2024-04-04 00:00:00,49.0,50.0,1.0,1461.16,1453.76,-5.0,-18.87000000000012,1750.0,1705.0,45.0,0,0.6666666666666666,0.6,0.5714285714285714,0.7822265625,0.6152573851095418,0.512082576751709,0.0,-0.4,-0.5714285714285714,0.01171875,-0.13117919016410104,-0.15808868408203125,0.6666666666666666,1.0,1.1428571428571428,0.7705078125,0.7464365752736428,0.6701712608337402
1191,2024-07-06,Colombia,Panama,5.0,0.0,Copa América,Glendale,United States,1,2024,0,0,1202,2024-04-04 00:00:00,12.0,14.0,2.0,1664.28,1655.29,2024-04-04 00:00:00,45.0,44.0,-1.0,1475.62,1475.62,33.0,188.66000000000008,1984.0,1765.0,219.0,1,0.6666666666666666,0.8,0.5714285714285714,0.4716796875,0.5508758262911594,0.5283379554748535,0.3333333333333333,0.6,0.42857142857142855,0.724609375,0.5649714643770427,0.43370628356933594,0.3333333333333333,0.20000000000000007,0.14285714285714285,-0.2529296875,-0.014095638085883322,0.09463167190551758
1192,2024-07-06,England,Switzerland,1.0,1.0,UEFA Euro,Düsseldorf,Germany,1,2024,0,0,1203,2024-04-04 00:00:00,4.0,3.0,-1.0,1794.9,1800.05,2024-04-04 00:00:00,19.0,19.0,0.0,1616.41,1613.44,15.0,178.49,2014.0,1791.0,223.0,0,0.3333333333333333,0.2,0.42857142857142855,0.55859375,0.47843316567596406,0.4803009033203125,0.3333333333333333,0.2,0.14285714285714285,0.546875,0.43941472336534065,0.4246826171875,0.0,0.0,0.2857142857142857,0.01171875,0.0390184423106234,0.0556182861328125
1193,2024-07-06,Netherlands,Turkey,2.0,1.0,UEFA Euro,Berlin,Germany,1,2024,0,0,1204,2024-04-04 00:00:00,7.0,6.0,-1.0,1742.29,1745.48,2022-03-31 00:00:00,43.0,39.0,-4.0,1461.81,1472.72,36.0,280.48,1970.0,1765.0,205.0,1,0.0,0.2,0.42857142857142855,0.33984375,0.3220545648529188,0.3719024658203125,0.3333333333333333,0.2,0.2,0.625,0.3086419753086418,0.0859375,-0.3333333333333333,0.0,0.22857142857142854,-0.28515625,0.013412589544276987,0.2859649658203125
1194,2024-07-06,Uruguay,Brazil,0.0,0.0,Copa América,Las Vegas,United States,1,2024,0,0,1205,2024-04-04 00:00:00,15.0,11.0,-4.0,1659.39,1665.99,2024-04-04 00:00:00,5.0,5.0,0.0,1788.65,1784.09,-10.0,-129.26,2006.0,2011.0,-5.0,0,1.0,1.0,0.8571428571428571,0.983154296875,0.9163030326978913,0.8500478863716125,0.3333333333333333,-0.2,-0.2857142857142857,0.14696502685546875,0.05485201377669002,0.029681715939659625,0.6666666666666667,1.2,1.1428571428571428,0.8361892700195312,0.8614510189212012,0.8203661704319529
1195,2024-07-09,Argentina,Canada,2.0,0.0,Copa América,East Rutherford,United States,1,2024,0,0,1206,2024-04-04 00:00:00,1.0,1.0,0.0,1858.0,1855.2,2024-04-04 00:00:00,49.0,50.0,1.0,1461.16,1453.76,48.0,396.8399999999999,2139.0,1705.0,434.0,1,0.6666666666666666,0.8,0.5714285714285714,0.4681205749511719,0.5691722669835358,0.6024596549832495,0.3333333333333333,-0.2,-0.42857142857142855,0.005859375,-0.08745279344273403,-0.11856651306152344,0.3333333333333333,1.0,1.0,0.4622611999511719,0.6566250604262699,0.7210261680447729
1196,2024-07-09,Spain,France,2.0,1.0,UEFA Euro,Munich,Germany,1,2024,0,0,1207,2024-04-04 00:00:00,8.0,8.0,0.0,1727.5,1732.64,2024-04-04 00:00:00,2.0,2.0,0.0,1840.59,1845.44,-6.0,-113.08999999999992,2033.0,2109.0,-76.0,1,1.0,1.0,0.5714285714285714,0.96484375,0.8780673677793019,0.8183135986328125,0.3333333333333333,0.4,0.42857142857142855,0.294921875,0.3585158089044692,0.40703773498535156,0.6666666666666667,0.6,0.14285714285714285,0.669921875,0.5195515588748327,0.41127586364746094
1197,2024-07-10,Netherlands,England,1.0,2.0,UEFA Euro,Dortmund,Germany,1,2024,0,0,1208,2024-04-04 00:00:00,7.0,6.0,-1.0,1742.29,1745.48,2024-04-04 00:00:00,4.0,3.0,-1.0,1794.9,1800.05,-3.0,-52.61000000000013,1970.0,2014.0,-44.0,-1,0.3333333333333333,0.4,0.42857142857142855,0.669921875,0.5480363765686125,0.5289268493652344,0.3333333333333333,0.4,0.2857142857142857,0.279296875,0.31895544378397606,0.3602256774902344,0.0,0.0,0.14285714285714285,0.390625,0.22908093278463643,0.168701171875
1198,2024-07-10,Uruguay,Colombia,0.0,1.0,Copa América,Charlotte,United States,1,2024,0,0,1209,2024-04-04 00:00:00,15.0,11.0,-4.0,1659.39,1665.99,2024-04-04 00:00:00,12.0,14.0,2.0,1664.28,1655.29,-3.0,-4.889999999999873,2006.0,1984.0,22.0,-1,0.6666666666666666,0.8,0.8571428571428571,0.4915771484375,0.6108686884652609,0.6375359147787094,0.6666666666666666,0.8,0.7142857142857143,0.73583984375,0.7005838841941062,0.6462534666061401,0.0,0.0,0.1428571428571428,-0.2442626953125,-0.08971519572884534,-0.008717551827430725
1199,2024-07-13,Canada,Uruguay,2.0,2.0,Copa América,Charlotte,United States,1,2024,0,0,1210,2024-04-04 00:00:00,49.0,50.0,1.0,1461.16,1453.76,2024-04-04 00:00:00,15.0,11.0,-4.0,1659.39,1665.99,-34.0,-198.23,1705.0,2006.0,-301.0,0,-0.3333333333333333,-0.2,-0.42857142857142855,-0.4970703125,-0.3916351956284893,-0.3389248847961426,0.0,0.4,0.5714285714285714,-0.25421142578125,0.0739124589768407,0.22815193608403206,-0.3333333333333333,-0.6000000000000001,-1.0,-0.24285888671875,-0.46554765460533,-0.5670768208801746
1200,2024-07-14,Argentina,Colombia,1.0,0.0,Copa América,Miami Gardens,United States,1,2024,0,0,1211,2024-04-04 00:00:00,1.0,1.0,0.0,1858.0,1855.2,2024-04-04 00:00:00,12.0,14.0,2.0,1664.28,1655.29,11.0,193.72000000000003,2139.0,1984.0,155.0,1,0.6666666666666666,0.8,0.5714285714285714,0.7340602874755859,0.7127815113223572,0.7018447412374371,0.6666666666666666,0.8,0.8571428571428571,0.867919921875,0.8003892561294041,0.7346900999546051,0.0,0.0,-0.2857142857142857,-0.13385963439941406,-0.08760774480704692,-0.03284535871716798
1201,2024-07-14,Spain,England,2.0,1.0,UEFA Euro,Berlin,Germany,1,2024,0,0,1212,2024-04-04 00:00:00,8.0,8.0,0.0,1727.5,1732.64,2024-04-04 00:00:00,4.0,3.0,-1.0,1794.9,1800.05,-4.0,-67.40000000000009,2033.0,2014.0,19.0,1,1.0,1.0,0.8571428571428571,0.982421875,0.9187115785195347,0.8637351989746094,0.6666666666666666,0.4,0.2857142857142857,0.6396484375,0.545970295855984,0.5201692581176758,0.33333333333333337,0.6,0.5714285714285714,0.3427734375,0.37274128266355067,0.3435659408569336
1202,2025-12-21,Morocco,Comoros,2.0,0.0,African Cup of Nations,Rabat,Morocco,0,2025,0,0,1213,2025-09-18 00:00:00,11.0,12.0,1.0,1706.25,1699.0,2025-09-18 00:00:00,105.0,107.0,2.0,1201.83,1199.0,94.0,504.4200000000001,1802.0,1359.0,443.0,1,1.0,1.0,1.0,0.9908266067504883,0.9424595796796441,0.8788485723298436,-0.3333333333333333,-0.2,-0.14285714285714285,-0.6640625,-0.4354519128181678,-0.271331787109375,1.3333333333333333,1.2,1.1428571428571428,1.6548891067504883,1.377911492497812,1.1501803594392186
1203,2025-12-22,Egypt,Zimbabwe,2.0,1.0,African Cup of Nations,Agadir,Morocco,1,2025,0,0,1214,2025-09-18 00:00:00,35.0,34.0,-1.0,1519.18,1519.0,2025-09-18 00:00:00,125.0,116.0,-9.0,1133.75,1157.0,90.0,385.43000000000006,1657.0,1352.0,305.0,1,0.6666666666666666,0.8,0.7142857142857143,0.86346435546875,0.7889932661769987,0.7375348340719938,-0.6666666666666666,-0.6,-0.5714285714285714,-0.69921875,-0.6290199664685261,-0.5739593505859375,1.3333333333333333,1.4,1.2857142857142856,1.56268310546875,1.4180132326455248,1.3114941846579313
1204,2025-12-22,South Africa,Angola,2.0,1.0,African Cup of Nations,Marrakesh,Morocco,1,2025,0,0,1215,2025-09-18 00:00:00,55.0,56.0,1.0,1448.67,1443.0,2025-09-18 00:00:00,89.0,85.0,-4.0,1268.72,1280.0,34.0,179.95000000000005,1576.0,1566.0,10.0,1,0.3333333333333333,0.6,0.42857142857142855,0.586212158203125,0.4884962782647254,0.4384641130454838,0.3333333333333333,-0.2,-0.14285714285714285,0.03515625,0.003048315805517439,-0.0105743408203125,0.0,0.8,0.5714285714285714,0.551055908203125,0.48544796245920796,0.4490384538657963
1205,2025-12-23,DR Congo,Benin,1.0,0.0,African Cup of Nations,Rabat,Morocco,1,2025,0,0,1216,2025-09-18 00:00:00,60.0,61.0,1.0,1407.6,1412.0,2025-09-18 00:00:00,93.0,96.0,3.0,1257.3,1239.0,33.0,150.29999999999995,1540.0,1436.0,104.0,1,0.6666666666666666,0.4,0.5714285714285714,0.4354219436645508,0.5074194336456767,0.5125456128962469,0.3333333333333333,0.2,0.2857142857142857,-0.083984375,0.09271960575115587,0.10727310180664062,0.3333333333333333,0.2,0.2857142857142857,0.5194063186645508,0.41469982789452076,0.40527251108960627
1206,2025-12-23,Senegal,Botswana,3.0,0.0,African Cup of Nations,Tangier,Morocco,1,2025,0,0,1217,2025-09-18 00:00:00,18.0,18.0,0.0,1645.22,1635.0,2025-09-18 00:00:00,139.0,135.0,-4.0,1087.27,1101.0,121.0,557.95,1771.0,1319.0,452.0,1,1.0,1.0,0.8571428571428571,0.9783210754394531,0.917157284540691,0.8532315270931576,-0.6666666666666666,-0.4,-0.2857142857142857,-0.41796875,-0.4504394655286288,-0.45275115966796875,1.6666666666666665,1.4,1.1428571428571428,1.3962898254394531,1.3675967500693198,1.3059826867611264
1207,2025-12-23,Tunisia,Uganda,3.0,1.0,African Cup of Nations,Rabat,Morocco,1,2025,0,0,1218,2025-09-18 00:00:00,46.0,49.0,3.0,1483.02,1471.0,2025-09-18 00:00:00,82.0,88.0,6.0,1287.61,1269.0,36.0,195.41000000000008,1598.0,1433.0,165.0,1,1.0,1.0,0.8571428571428571,0.9881973266601562,0.9339458786342092,0.8687937252107076,0.3333333333333333,0.6,0.14285714285714285,-0.05078125,0.13498958492099786,0.14218902587890625,0.6666666666666667,0.4,0.7142857142857142,1.0389785766601562,0.7989562937132113,0.7266046993318014
1208,2025-12-24,Algeria,Sudan,3.0,0.0,African Cup of Nations,Rabat,Morocco,1,2025,0,0,1219,2025-09-18 00:00:00,38.0,36.0,-2.0,1500.73,1504.0,2025-09-18 00:00:00,116.0,110.0,-6.0,1163.56,1174.0,78.0,337.1700000000001,1685.0,1352.0,333.0,1,0.6666666666666666,0.8,0.8571428571428571,0.8616943359375,0.7689443523468372,0.697848416864872,-0.6666666666666666,-0.6,-0.2857142857142857,-0.673828125,-0.5184677132550931,-0.3931999206542969,1.3333333333333333,1.4,1.1428571428571428,1.5355224609375,1.2874120656019303,1.0910483375191689
1209,2025-12-24,Ivory Coast,Mozambique,1.0,0.0,African Cup of Nations,Marrakesh,Morocco,1,2025,0,0,1220,2025-09-18 00:00:00,44.0,45.0,1.0,1483.9,1483.0,2025-09-18 00:00:00,97.0,99.0,2.0,1234.04,1236.0,53.0,249.86000000000013,1579.0,1389.0,190.0,1,0.6666666666666666,0.8,0.7142857142857143,0.8665771484375,0.8101706283273005,0.7766047790646553,0.3333333333333333,-0.2,0.14285714285714285,0.3076171875,0.18250191460576054,0.15809285640716553,0.3333333333333333,1.0,0.5714285714285714,0.5589599609375,0.62766871372154,0.6185119226574898
1210,2025-12-26,Egypt,South Africa,1.0,0.0,African Cup of Nations,Agadir,Morocco,1,2025,0,0,1221,2025-09-18 00:00:00,35.0,34.0,-1.0,1519.18,1519.0,2025-09-18 00:00:00,55.0,56.0,1.0,1448.67,1443.0,20.0,70.50999999999999,1657.0,1576.0,81.0,1,1.0,0.8,0.8571428571428571,0.931732177734375,0.8593288441179991,0.8031511255539954,0.6666666666666666,0.6,0.42857142857142855,0.7931060791015625,0.6589975188431503,0.5788480847841129,0.33333333333333337,0.20000000000000007,0.42857142857142855,0.1386260986328125,0.20033132527484887,0.2243030407698825
1211,2025-12-26,Morocco,Mali,1.0,1.0,African Cup of Nations,Rabat,Morocco,0,2025,0,0,1222,2025-09-18 00:00:00,11.0,12.0,1.0,1706.25,1699.0,2025-09-18 00:00:00,56.0,54.0,-2.0,1445.83,1455.0,45.0,260.4200000000001,1802.0,1612.0,190.0,0,1.0,1.0,1.0,0.9954133033752441,0.9616397197864294,0.9091364292473827,0.3333333333333333,0.4,0.42857142857142855,0.69781494140625,0.5224773566376867,0.40745024010539055,0.6666666666666667,0.6,0.5714285714285714,0.29759836196899414,0.4391623631487427,0.5016861891419921
1212,2025-12-27,Nigeria,Tunisia,3.0,2.0,African Cup of Nations,Fez,Morocco,1,2025,0,0,1223,2025-09-18 00:00:00,45.0,44.0,-1.0,1483.85,1484.0,2025-09-18 00:00:00,46.0,49.0,3.0,1483.02,1471.0,1.0,0.8299999999999272,1627.0,1598.0,29.0,1,0.6666666666666666,0.6,0.5714285714285714,0.4547119140625,0.5163232293581664,0.4951033741235733,1.0,1.0,1.0,0.9940986633300781,0.9559639190894728,0.9015952939080307,-0.33333333333333337,-0.4,-0.4285714285714286,-0.5393867492675781,-0.4396406897313063,-0.4064919197844574
1213,2025-12-27,Senegal,DR Congo,1.0,1.0,African Cup of Nations,Tangier,Morocco,1,2025,0,0,1224,2025-09-18 00:00:00,18.0,18.0,0.0,1645.22,1635.0,2025-09-18 00:00:00,60.0,61.0,1.0,1407.6,1412.0,42.0,237.62000000000012,1771.0,1540.0,231.0,0,1.0,1.0,0.8571428571428571,0.9891605377197266,0.9447715230271273,0.8899236453198682,0.6666666666666666,0.8,0.5714285714285714,0.7177109718322754,0.6716129557637844,0.6344092096721852,0.33333333333333337,0.19999999999999996,0.2857142857142857,0.27144956588745117,0.27315856726334287,0.25551443564768306
1214,2025-12-28,Algeria,Burkina Faso,1.0,0.0,African Cup of Nations,Rabat,Morocco,1,2025,0,0,1225,2025-09-18 00:00:00,38.0,36.0,-2.0,1500.73,1504.0,2025-09-18 00:00:00,64.0,63.0,-1.0,1385.36,1388.0,26.0,115.37000000000012,1685.0,1547.0,138.0,1,1.0,0.8,0.8571428571428571,0.93084716796875,0.8459629015645581,0.773386312648654,0.6666666666666666,0.8,0.7142857142857143,0.8564453125,0.7532219004555538,0.6667966842651367,0.33333333333333337,0.0,0.1428571428571428,0.07440185546875,0.0927410011090043,0.10658962838351727
1215,2025-12-28,Ivory Coast,Cameroon,1.0,1.0,African Cup of Nations,Marrakesh,Morocco,1,2025,0,0,1226,2025-09-18 00:00:00,44.0,45.0,1.0,1483.9,1483.0,2025-09-18 00:00:00,52.0,51.0,-1.0,1455.42,1467.0,8.0,28.480000000000015,1579.0,1559.0,20.0,0,1.0,0.8,0.8571428571428571,0.93328857421875,0.8734470855515336,0.8324535842984915,0.0,0.0,0.14285714285714285,-0.389312744140625,-0.1653561254990826,-0.06281730392947793,1.0,0.8,0.7142857142857142,1.322601318359375,1.0388032110506162,0.8952708882279694
1216,2025-12-29,Angola,Egypt,0.0,0.0,African Cup of Nations,Agadir,Morocco,1,2025,0,0,1227,2025-09-18 00:00:00,89.0,85.0,-4.0,1268.72,1280.0,2025-09-18 00:00:00,35.0,34.0,-1.0,1519.18,1519.0,-54.0,-250.46000000000004,1566.0,1657.0,-91.0,0,-0.3333333333333333,-0.2,-0.2857142857142857,-0.482421875,-0.3313011227963216,-0.2579307556152344,1.0,0.8,0.8571428571428571,0.9658660888671875,0.9062192294119994,0.8523633441654965,-1.3333333333333333,-1.0,-1.1428571428571428,-1.4482879638671875,-1.2375203522083211,-1.110294099780731
1217,2025-12-29,Morocco,Zambia,3.0,0.0,African Cup of Nations,Rabat,Morocco,0,2025,0,0,1228,2025-09-18 00:00:00,11.0,12.0,1.0,1706.25,1699.0,2025-09-18 00:00:00,85.0,83.0,-2.0,1273.0,1285.0,74.0,433.25,1802.0,1364.0,438.0,1,0.6666666666666666,0.8,0.8571428571428571,0.49770665168762207,0.6410931465242863,0.681852321935537,-0.3333333333333333,-0.6,-0.5714285714285714,-0.484375,-0.44825483920134124,-0.380279541015625,1.0,1.4,1.4285714285714284,0.9820816516876221,1.0893479857256274,1.062131862951162
1218,2025-12-29,Zimbabwe,South Africa,2.0,3.0,African Cup of Nations,Marrakesh,Morocco,1,2025,0,0,1229,2025-09-18 00:00:00,125.0,116.0,-9.0,1133.75,1157.0,2025-09-18 00:00:00,55.0,56.0,1.0,1448.67,1443.0,-70.0,-314.9200000000001,1352.0,1576.0,-224.0,-1,-0.6666666666666666,-0.8,-0.5714285714285714,-0.849609375,-0.7526799776456841,-0.6804695129394531,0.3333333333333333,0.2,0.42857142857142855,-0.10344696044921875,0.10599834589543364,0.18413606358808465,-1.0,-1.0,-1.0,-0.7461624145507812,-0.8586783235411177,-0.8646055765275378
1219,2025-12-30,Benin,Senegal,0.0,3.0,African Cup of Nations,Tangier,Morocco,1,2025,0,0,1230,2025-09-18 00:00:00,93.0,96.0,3.0,1257.3,1239.0,2025-09-18 00:00:00,18.0,18.0,0.0,1645.22,1635.0,-75.0,-387.9200000000001,1436.0,1771.0,-335.0,-1,-0.3333333333333333,0.2,0.0,-0.5419921875,-0.2715202628325627,-0.16954517364501953,0.6666666666666666,0.8,0.8571428571428571,0.4945802688598633,0.6298476820180849,0.6674427339899012,-1.0,-0.6000000000000001,-0.8571428571428571,-1.0365724563598633,-0.9013679448506476,-0.8369879076349207
1220,2025-12-30,Botswana,DR Congo,0.0,3.0,African Cup of Nations,Rabat,Morocco,1,2025,0,0,1231,2025-09-18 00:00:00,139.0,135.0,-4.0,1087.27,1101.0,2025-09-18 00:00:00,60.0,61.0,1.0,1407.6,1412.0,-79.0,-320.3299999999999,1319.0,1540.0,-221.0,-1,-0.6666666666666666,-0.8,-0.5714285714285714,-0.708984375,-0.6336263103524191,-0.5895633697509766,0.3333333333333333,0.6,0.42857142857142855,0.3588554859161377,0.4477419705091897,0.4758069072541389,-1.0,-1.4,-1.0,-1.0678398609161377,-1.0813682808616087,-1.0653702770051154
1221,2025-12-30,Tanzania,Tunisia,1.0,1.0,African Cup of Nations,Rabat,Morocco,1,2025,0,0,1232,2025-09-18 00:00:00,107.0,103.0,-4.0,1199.43,1209.0,2025-09-18 00:00:00,46.0,49.0,3.0,1483.02,1471.0,-61.0,-283.5899999999999,1325.0,1598.0,-273.0,0,-0.6666666666666666,-0.4,-0.42857142857142855,-0.7890625,-0.5982319768327998,-0.441619873046875,0.3333333333333333,0.6,0.7142857142857143,-0.0029506683349609375,0.30397594605964867,0.42619647043102304,-1.0,-1.0,-1.1428571428571428,-0.7861118316650391,-0.9022079228924484,-0.867816343477898
1222,2025-12-31,Equatorial Guinea,Algeria,1.0,3.0,African Cup of Nations,Rabat,Morocco,1,2025,0,0,1233,2025-09-18 00:00:00,95.0,93.0,-2.0,1248.68,1252.0,2025-09-18 00:00:00,38.0,36.0,-2.0,1500.73,1504.0,-57.0,-252.04999999999995,1437.0,1757.0,-320.0,-1,-0.6666666666666666,-0.2,0.14285714285714285,-0.29296875,-0.23096072753137223,-0.20226287841796875,1.0,0.8,0.8571428571428571,0.965423583984375,0.8973086010430388,0.8300397344864905,-1.6666666666666665,-1.0,-0.7142857142857142,-1.258392333984375,-1.128269328574411,-1.0323026129044592
1223,2025-12-31,Gabon,Ivory Coast,2.0,3.0,African Cup of Nations,Marrakesh,Morocco,1,2025,0,0,1234,2025-09-18 00:00:00,79.0,80.0,1.0,1314.06,1307.0,2025-09-18 00:00:00,44.0,45.0,1.0,1483.9,1483.0,-35.0,-169.84000000000017,1467.0,1627.0,-160.0,-1,0.3333333333333333,0.4,0.5714285714285714,-0.06640625,0.20855560636081907,0.34447479248046875,0.6666666666666666,0.6,0.7142857142857143,0.466644287109375,0.5822980570343558,0.6243401882238686,-0.3333333333333333,-0.19999999999999996,-0.1428571428571429,-0.533050537109375,-0.37374245067353673,-0.27986539574339986
1224,2026-01-03,Mali,Tunisia,1.0,1.0,African Cup of Nations,Casablanca,Morocco,1,2026,0,0,1235,2025-09-18 00:00:00,56.0,54.0,-2.0,1445.83,1455.0,2025-09-18 00:00:00,46.0,49.0,3.0,1483.02,1471.0,-10.0,-37.190000000000055,1612.0,1615.0,-3.0,0,0.6666666666666666,0.4,0.42857142857142855,0.348907470703125,0.3483182377584578,0.3055876800790429,0.0,0.4,0.5714285714285714,-0.0014753341674804688,0.20265063070643247,0.3196473528232673,0.6666666666666666,0.0,-0.14285714285714285,0.35038280487060547,0.14566760705202536,-0.014059672744224372
1225,2026-01-03,Senegal,Sudan,3.0,1.0,African Cup of Nations,Tangier,Morocco,1,2026,0,0,1236,2025-09-18 00:00:00,18.0,18.0,0.0,1645.22,1635.0,2025-09-18 00:00:00,116.0,110.0,-6.0,1163.56,1174.0,98.0,481.6600000000001,1807.0,1352.0,455.0,1,0.6666666666666666,0.8,0.8571428571428571,0.7472901344299316,0.7532317880120566,0.7505820504924259,-0.6666666666666666,-0.8,-0.5714285714285714,-0.8369140625,-0.6789784755033954,-0.5448999404907227,1.3333333333333333,1.6,1.4285714285714284,1.5842041969299316,1.432210263515452,1.2954819909831485
1226,2026-01-04,Morocco,Tanzania,1.0,0.0,African Cup of Nations,Rabat,Morocco,0,2026,0,0,1237,2025-09-18 00:00:00,11.0,12.0,1.0,1706.25,1699.0,2025-09-18 00:00:00,107.0,103.0,-4.0,1199.43,1209.0,96.0,506.81999999999994,1840.0,1325.0,515.0,1,0.6666666666666666,0.8,0.8571428571428571,0.748853325843811,0.7607287643495242,0.7613892414516528,-0.6666666666666666,-0.6,-0.2857142857142857,-0.39453125,-0.39882131788853326,-0.33121490478515625,1.3333333333333333,1.4,1.1428571428571428,1.143384575843811,1.1595500822380576,1.092604146236809
1227,2026-01-04,South Africa,Cameroon,1.0,2.0,African Cup of Nations,Rabat,Morocco,1,2026,0,0,1238,2025-09-18 00:00:00,55.0,56.0,1.0,1448.67,1443.0,2025-09-18 00:00:00,52.0,51.0,-1.0,1455.42,1467.0,-3.0,-6.75,1550.0,1559.0,-9.0,-1,0.3333333333333333,0.4,0.42857142857142855,0.4482765197753906,0.40399889726362237,0.3881020476910635,-0.3333333333333333,-0.2,0.14285714285714285,-0.1946563720703125,-0.11023741699938841,-0.04711297794710845,0.6666666666666666,0.6000000000000001,0.2857142857142857,0.6429328918457031,0.5142363142630108,0.43521502563817194
1228,2026-01-05,Egypt,Benin,3.0,1.0,African Cup of Nations,Agadir,Morocco,1,2026,0,0,1239,2025-09-18 00:00:00,35.0,34.0,-1.0,1519.18,1519.0,2025-09-18 00:00:00,93.0,96.0,3.0,1257.3,1239.0,58.0,261.8800000000001,1622.0,1436.0,186.0,1,0.6666666666666666,0.8,0.7142857142857143,0.48293304443359375,0.604146152941333,0.6392725081241224,-1.0,-0.2,-0.14285714285714285,-0.77099609375,-0.5143468418883751,-0.37715888023376465,1.6666666666666665,1.0,0.8571428571428572,1.2539291381835938,1.1184929948297082,1.016431388357887
1229,2026-01-06,Algeria,DR Congo,1.0,0.0,African Cup of Nations,Rabat,Morocco,1,2026,0,0,1240,2025-09-18 00:00:00,38.0,36.0,-2.0,1500.73,1504.0,2025-09-18 00:00:00,60.0,61.0,1.0,1407.6,1412.0,22.0,93.13000000000012,1757.0,1657.0,100.0,1,1.0,1.0,0.8571428571428571,0.9827117919921875,0.9315390673620259,0.8725298008648679,0.6666666666666666,0.6,0.7142857142857143,0.6794277429580688,0.6318279803394597,0.6068551804406042,0.33333333333333337,0.4,0.1428571428571428,0.30328404903411865,0.2997110870225661,0.2656746204242637
1230,2026-01-06,Ivory Coast,Burkina Faso,3.0,0.0,African Cup of Nations,Marrakesh,Morocco,1,2026,0,0,1241,2025-09-18 00:00:00,44.0,45.0,1.0,1483.9,1483.0,2025-09-18 00:00:00,64.0,63.0,-1.0,1385.36,1388.0,20.0,98.5400000000002,1627.0,1547.0,80.0,1,0.6666666666666666,0.8,0.7142857142857143,0.7333221435546875,0.7215320380229038,0.7182551411679015,0.3333333333333333,0.4,0.5714285714285714,-0.07177734375,0.16881460030370268,0.25009751319885254,0.3333333333333333,0.4,0.1428571428571429,0.8050994873046875,0.5527174377192011,0.4681576279690489
1231,2026-01-09,Mali,Senegal,0.0,1.0,African Cup of Nations,Tangier,Morocco,1,2026,0,0,1242,2025-09-18 00:00:00,56.0,54.0,-2.0,1445.83,1455.0,2025-09-18 00:00:00,18.0,18.0,0.0,1645.22,1635.0,-38.0,-199.3900000000001,1612.0,1807.0,-195.0,-1,0.3333333333333333,0.2,0.2857142857142857,0.1744537353515625,0.2322121585056386,0.22919076005928218,0.6666666666666666,0.8,0.8571428571428571,0.8736450672149658,0.8354878586747044,0.8129365378693194,-0.3333333333333333,-0.6000000000000001,-0.5714285714285714,-0.6991913318634033,-0.6032757001690658,-0.5837457778100372
1232,2026-01-09,Morocco,Cameroon,2.0,0.0,African Cup of Nations,Rabat,Morocco,0,2026,0,0,1243,2025-09-18 00:00:00,11.0,12.0,1.0,1706.25,1699.0,2025-09-18 00:00:00,52.0,51.0,-1.0,1455.42,1467.0,41.0,250.82999999999993,1840.0,1559.0,281.0,1,0.6666666666666666,0.8,0.8571428571428571,0.8744266629219055,0.8404858428996828,0.8210419310887396,0.0,0.2,0.14285714285714285,0.40267181396484375,0.25984172200040767,0.21466526653966866,0.6666666666666666,0.6000000000000001,0.7142857142857142,0.47175484895706177,0.5806441208992751,0.6063766645490709
1233,2026-01-10,Algeria,Nigeria,0.0,2.0,African Cup of Nations,Marrakesh,Morocco,1,2026,0,0,1244,2025-09-18 00:00:00,38.0,36.0,-2.0,1500.73,1504.0,2025-09-18 00:00:00,45.0,44.0,-1.0,1483.85,1484.0,7.0,16.88000000000011,1757.0,1627.0,130.0,-1,1.0,1.0,0.8571428571428571,0.9913558959960938,0.9543593782413505,0.9043973506486509,0.6666666666666666,0.8,0.7142857142857143,0.72735595703125,0.6775488195721109,0.62132753059268,0.33333333333333337,0.19999999999999996,0.1428571428571428,0.26399993896484375,0.27681055866923965,0.2830698200559709
1234,2026-01-10,Egypt,Ivory Coast,3.0,2.0,African Cup of Nations,Agadir,Morocco,1,2026,0,0,1245,2025-09-18 00:00:00,35.0,34.0,-1.0,1519.18,1519.0,2025-09-18 00:00:00,44.0,45.0,1.0,1483.9,1483.0,9.0,35.27999999999997,1622.0,1627.0,-5.0,1,0.6666666666666666,0.8,0.7142857142857143,0.7414665222167969,0.736097435294222,0.7294543810930918,0.6666666666666666,0.8,0.7142857142857143,0.8666610717773438,0.8143546920152691,0.7886913558759261,0.0,0.0,0.0,-0.12519454956054688,-0.07825725672104711,-0.059236974782834295
1235,2026-01-14,Morocco,Nigeria,0.0,0.0,African Cup of Nations,Rabat,Morocco,0,2026,0,0,1246,2025-09-18 00:00:00,11.0,12.0,1.0,1706.25,1699.0,2025-09-18 00:00:00,45.0,44.0,-1.0,1483.85,1484.0,34.0,222.4000000000001,1840.0,1627.0,213.0,0,1.0,0.8,0.8571428571428571,0.9372133314609528,0.8936572285997885,0.8657814483165547,0.6666666666666666,0.8,0.7142857142857143,0.863677978515625,0.7850325463814072,0.71599564794451,0.33333333333333337,0.0,0.1428571428571428,0.07353535294532776,0.10862468221838129,0.1497858003720447
1236,2026-01-14,Senegal,Egypt,1.0,0.0,African Cup of Nations,Tangier,Morocco,1,2026,0,0,1247,2025-09-18 00:00:00,18.0,18.0,0.0,1645.22,1635.0,2025-09-18 00:00:00,35.0,34.0,-1.0,1519.18,1519.0,17.0,126.03999999999996,1807.0,1622.0,185.0,1,1.0,0.8,0.8571428571428571,0.9368225336074829,0.8903252391164697,0.8597024034019896,0.6666666666666666,0.8,0.8571428571428571,0.8707332611083984,0.8240649568628147,0.7970907858198188,0.33333333333333337,0.0,0.0,0.06608927249908447,0.06626028225365499,0.06261161758217071
1237,2026-01-17,Egypt,Nigeria,0.0,0.0,African Cup of Nations,Casablanca,Morocco,1,2026,0,0,1248,2025-09-18 00:00:00,35.0,34.0,-1.0,1519.18,1519.0,2025-09-18 00:00:00,45.0,44.0,-1.0,1483.85,1484.0,10.0,35.330000000000155,1622.0,1627.0,-5.0,0,0.3333333333333333,0.4,0.5714285714285714,-0.06463336944580078,0.21604330457520993,0.34781808936486414,0.6666666666666666,0.6,0.7142857142857143,0.4318389892578125,0.5233550309209382,0.5369967359583825,-0.3333333333333333,-0.19999999999999996,-0.1428571428571429,-0.4964723587036133,-0.30731172634572823,-0.18917864659351835
1238,2026-01-18,Morocco,Senegal,3.0,0.0,African Cup of Nations,Rabat,Morocco,0,2026,0,0,1249,2025-09-18 00:00:00,11.0,12.0,1.0,1706.25,1699.0,2025-09-18 00:00:00,18.0,18.0,0.0,1645.22,1635.0,7.0,61.02999999999997,1840.0,1807.0,33.0,1,0.6666666666666666,0.6,0.7142857142857143,0.4686066657304764,0.5957714857331924,0.649336086237416,1.0,0.8,0.8571428571428571,0.9684112668037415,0.9268834927443131,0.8947768025514922,-0.33333333333333337,-0.20000000000000007,-0.1428571428571428,-0.4998046010732651,-0.33111200701112076,-0.24544071631407616
