,date,home_team,away_team,home_score,away_score,tournament,city,country,neutral,year,is_world_cup,is_qualifier,match_id,home_rank_date_used,home_rank,home_previous_rank,home_rank_change,home_total_points,home_previous_points,away_rank_date_used,away_rank,away_previous_rank,away_rank_change,away_total_points,away_previous_points,rank_advantage,points_diff,home_elo,away_elo,elo_advantage,result,home_form_sma3,home_form_sma5,home_form_sma7,home_form_ema50,home_form_ema33,home_form_ema25,away_form_sma3,away_form_sma5,away_form_sma7,away_form_ema50,away_form_ema33,away_form_ema25,form_diff_sma3,form_diff_sma5,form_diff_sma7,form_diff_ema50,form_diff_ema33,form_diff_ema25
0,2022-01-27,Jamaica,Mexico,1.0,2.0,FIFA World Cup qualification,Kingston,Jamaica,0,2022,0,1,0,2021-12-23,57.0,57.0,0.0,1412.13,1412.13,2021-12-23,14.0,14.0,0.0,1638.3,1638.76,-43.0,-226.16999999999985,1578.0,1839.0,-261.0,-1,,,,,,,,,,,,,,,,,,
1,2022-01-27,Chile,Argentina,1.0,2.0,FIFA World Cup qualification,Calama,Chile,0,2022,0,1,1,2021-12-23,24.0,24.0,0.0,1543.42,1541.33,2021-12-23,5.0,5.0,0.0,1750.51,1750.51,-19.0,-207.08999999999992,1813.0,2101.0,-288.0,-1,,,,,,,,,,,,,,,,,,
2,2022-01-27,Paraguay,Uruguay,0.0,1.0,FIFA World Cup qualification,Asunción,Paraguay,0,2022,0,1,2,2021-12-23,43.0,43.0,0.0,1454.52,1454.52,2021-12-23,17.0,17.0,0.0,1596.66,1596.66,-26.0,-142.1400000000001,1729.0,1847.0,-118.0,-1,,,,,,,,,,,,,,,,,,
3,2022-01-27,Ecuador,Brazil,1.0,1.0,FIFA World Cup qualification,Quito,Ecuador,0,2022,0,1,3,2021-12-23,46.0,46.0,0.0,1448.27,1448.74,2021-12-23,2.0,2.0,0.0,1826.35,1826.35,-44.0,-378.0799999999999,1849.0,2149.0,-300.0,0,,,,,,,,,,,,,,,,,,
4,2022-01-27,Saudi Arabia,Oman,1.0,0.0,FIFA World Cup qualification,Jeddah,Saudi Arabia,0,2022,0,1,4,2021-12-23,51.0,48.0,-3.0,1434.71,1441.17,2021-12-23,79.0,78.0,-1.0,1306.01,1307.09,28.0,128.70000000000005,1629.0,1496.0,133.0,1,,,,,,,,,,,,,,,,,,
5,2022-01-27,Japan,China PR,2.0,0.0,FIFA World Cup qualification,Saitama,Japan,0,2022,0,1,5,2021-12-23,26.0,26.0,0.0,1531.53,1531.53,2021-12-23,74.0,74.0,0.0,1337.33,1337.33,48.0,194.20000000000005,1760.0,1473.0,287.0,1,,,,,,,,,,,,,,,,,,
6,2022-01-27,Australia,Vietnam,4.0,0.0,FIFA World Cup qualification,Melbourne,Australia,0,2022,0,1,6,2021-12-23,35.0,35.0,0.0,1484.88,1484.88,2021-12-23,98.0,99.0,1.0,1212.54,1209.22,63.0,272.34000000000015,1735.0,1425.0,310.0,1,,,,,,,,,,,,,,,,,,
7,2022-01-27,Iran,Iraq,1.0,0.0,FIFA World Cup qualification,Tehran,Iran,0,2022,0,1,7,2021-12-23,21.0,21.0,0.0,1557.58,1557.58,2021-12-23,75.0,75.0,0.0,1333.03,1335.58,54.0,224.54999999999995,1837.0,1551.0,286.0,1,,,,,,,,,,,,,,,,,,
8,2022-01-27,Lebanon,South Korea,0.0,1.0,FIFA World Cup qualification,Sidon,Lebanon,0,2022,0,1,8,2021-12-23,95.0,94.0,-1.0,1233.0,1233.76,2021-12-23,33.0,33.0,0.0,1507.24,1507.24,-62.0,-274.24,1407.0,1788.0,-381.0,-1,,,,,,,,,,,,,,,,,,
9,2022-01-27,Costa Rica,Panama,1.0,0.0,FIFA World Cup qualification,San José,Costa Rica,0,2022,0,1,9,2021-12-23,49.0,49.0,0.0,1437.43,1437.43,2021-12-23,63.0,63.0,0.0,1379.34,1379.34,14.0,58.09000000000015,1743.0,1627.0,116.0,1,,,,,,,,,,,,,,,,,,
10,2022-01-27,Honduras,Canada,0.0,2.0,FIFA World Cup qualification,San Pedro Sula,Honduras,0,2022,0,1,10,2021-12-23,76.0,76.0,0.0,1332.16,1332.16,2021-12-23,40.0,40.0,0.0,1462.32,1462.32,-36.0,-130.15999999999983,1604.0,1784.0,-180.0,-1,,,,,,,,,,,,,,,,,,
11,2022-01-27,United States,El Salvador,1.0,0.0,FIFA World Cup qualification,Columbus,United States,0,2022,0,1,11,2021-12-23,11.0,12.0,1.0,1648.51,1647.14,2021-12-23,70.0,69.0,-1.0,1349.47,1350.63,59.0,299.04,1858.0,1466.0,392.0,1,,,,,,,,,,,,,,,,,,
12,2022-01-27,United Arab Emirates,Syria,2.0,0.0,FIFA World Cup qualification,Dubai,United Arab Emirates,0,2022,0,1,12,2021-12-23,69.0,70.0,1.0,1350.39,1350.41,2021-12-23,86.0,85.0,-1.0,1268.54,1269.96,17.0,81.85000000000014,1474.0,1481.0,-7.0,1,,,,,,,,,,,,,,,,,,
13,2022-01-28,Colombia,Peru,0.0,1.0,FIFA World Cup qualification,Barranquilla,Colombia,0,2022,0,1,13,2021-12-23,16.0,16.0,0.0,1607.15,1607.15,2021-12-23,22.0,22.0,0.0,1551.15,1551.15,6.0,56.0,1904.0,1792.0,112.0,-1,,,,,,,,,,,,,,,,,,
14,2022-01-28,Venezuela,Bolivia,4.0,1.0,FIFA World Cup qualification,Barinas,Venezuela,0,2022,0,1,14,2021-12-23,59.0,59.0,0.0,1409.14,1409.14,2021-12-23,77.0,77.0,0.0,1324.21,1324.21,18.0,84.93000000000006,1801.0,1582.0,219.0,1,,,,,,,,,,,,,,,,,,
15,2022-01-30,Honduras,El Salvador,0.0,2.0,FIFA World Cup qualification,San Pedro Sula,Honduras,0,2022,0,1,15,2021-12-23,76.0,76.0,0.0,1332.16,1332.16,2021-12-23,70.0,69.0,-1.0,1349.47,1350.63,-6.0,-17.309999999999945,1604.0,1466.0,138.0,-1,0.0,0.0,0.0,0.0,0.0,0.0,0.0,0.0,0.0,0.0,0.0,0.0,0.0,0.0,0.0,0.0,0.0,0.0
16,2022-01-30,Panama,Jamaica,3.0,2.0,FIFA World Cup qualification,Panama City,Panama,0,2022,0,1,16,2021-12-23,63.0,63.0,0.0,1379.34,1379.34,2021-12-23,57.0,57.0,0.0,1412.13,1412.13,-6.0,-32.79000000000019,1627.0,1578.0,49.0,1,0.0,0.0,0.0,0.0,0.0,0.0,0.0,0.0,0.0,0.0,0.0,0.0,0.0,0.0,0.0,0.0,0.0,0.0
17,2022-01-30,Canada,United States,2.0,0.0,FIFA World Cup qualification,Hamilton,Canada,0,2022,0,1,17,2021-12-23,40.0,40.0,0.0,1462.32,1462.32,2021-12-23,11.0,12.0,1.0,1648.51,1647.14,-29.0,-186.19000000000003,1784.0,1858.0,-74.0,1,3.0,3.0,3.0,3.0,3.0,3.0,3.0,3.0,3.0,3.0,3.0,3.0,0.0,0.0,0.0,0.0,0.0,0.0
18,2022-01-30,Mexico,Costa Rica,0.0,0.0,FIFA World Cup qualification,Mexico City,Mexico,0,2022,0,1,18,2021-12-23,14.0,14.0,0.0,1638.3,1638.76,2021-12-23,49.0,49.0,0.0,1437.43,1437.43,35.0,200.8699999999999,1839.0,1743.0,96.0,0,3.0,3.0,3.0,3.0,3.0,3.0,3.0,3.0,3.0,3.0,3.0,3.0,0.0,0.0,0.0,0.0,0.0,0.0
19,2022-02-01,Lebanon,Iraq,1.0,1.0,FIFA World Cup qualification,Sidon,Lebanon,0,2022,0,1,19,2021-12-23,95.0,94.0,-1.0,1233.0,1233.76,2021-12-23,75.0,75.0,0.0,1333.03,1335.58,-20.0,-100.02999999999996,1407.0,1551.0,-144.0,0,0.0,0.0,0.0,0.0,0.0,0.0,0.0,0.0,0.0,0.0,0.0,0.0,0.0,0.0,0.0,0.0,0.0,0.0
20,2022-02-01,Iran,United Arab Emirates,1.0,0.0,FIFA World Cup qualification,Tehran,Iran,0,2022,0,1,20,2021-12-23,21.0,21.0,0.0,1557.58,1557.58,2021-12-23,69.0,70.0,1.0,1350.39,1350.41,48.0,207.18999999999983,1837.0,1474.0,363.0,1,3.0,3.0,3.0,3.0,3.0,3.0,3.0,3.0,3.0,3.0,3.0,3.0,0.0,0.0,0.0,0.0,0.0,0.0
21,2022-02-01,Syria,South Korea,0.0,2.0,FIFA World Cup qualification,Dubai,United Arab Emirates,1,2022,0,1,21,2021-12-23,86.0,85.0,-1.0,1268.54,1269.96,2021-12-23,33.0,33.0,0.0,1507.24,1507.24,-53.0,-238.70000000000005,1481.0,1788.0,-307.0,-1,0.0,0.0,0.0,0.0,0.0,0.0,3.0,3.0,3.0,3.0,3.0,3.0,-3.0,-3.0,-3.0,-3.0,-3.0,-3.0
22,2022-02-01,Vietnam,China PR,3.0,1.0,FIFA World Cup qualification,Hanoi,Vietnam,0,2022,0,1,22,2021-12-23,98.0,99.0,1.0,1212.54,1209.22,2021-12-23,74.0,74.0,0.0,1337.33,1337.33,-24.0,-124.78999999999996,1425.0,1473.0,-48.0,1,0.0,0.0,0.0,0.0,0.0,0.0,0.0,0.0,0.0,0.0,0.0,0.0,0.0,0.0,0.0,0.0,0.0,0.0
23,2022-02-01,Japan,Saudi Arabia,2.0,0.0,FIFA World Cup qualification,Saitama,Japan,0,2022,0,1,23,2021-12-23,26.0,26.0,0.0,1531.53,1531.53,2021-12-23,51.0,48.0,-3.0,1434.71,1441.17,25.0,96.81999999999994,1760.0,1629.0,131.0,1,3.0,3.0,3.0,3.0,3.0,3.0,3.0,3.0,3.0,3.0,3.0,3.0,0.0,0.0,0.0,0.0,0.0,0.0
24,2022-02-01,Oman,Australia,2.0,2.0,FIFA World Cup qualification,Muscat,Oman,0,2022,0,1,24,2021-12-23,79.0,78.0,-1.0,1306.01,1307.09,2021-12-23,35.0,35.0,0.0,1484.88,1484.88,-44.0,-178.87000000000012,1496.0,1735.0,-239.0,0,0.0,0.0,0.0,0.0,0.0,0.0,3.0,3.0,3.0,3.0,3.0,3.0,-3.0,-3.0,-3.0,-3.0,-3.0,-3.0
25,2022-02-01,Bolivia,Chile,2.0,3.0,FIFA World Cup qualification,La Paz,Bolivia,0,2022,0,1,25,2021-12-23,77.0,77.0,0.0,1324.21,1324.21,2021-12-23,24.0,24.0,0.0,1543.42,1541.33,-53.0,-219.21000000000004,1582.0,1813.0,-231.0,-1,0.0,0.0,0.0,0.0,0.0,0.0,0.0,0.0,0.0,0.0,0.0,0.0,0.0,0.0,0.0,0.0,0.0,0.0
26,2022-02-01,Uruguay,Venezuela,4.0,1.0,FIFA World Cup qualification,Montevideo,Uruguay,0,2022,0,1,26,2021-12-23,17.0,17.0,0.0,1596.66,1596.66,2021-12-23,59.0,59.0,0.0,1409.14,1409.14,42.0,187.52,1847.0,1801.0,46.0,1,3.0,3.0,3.0,3.0,3.0,3.0,3.0,3.0,3.0,3.0,3.0,3.0,0.0,0.0,0.0,0.0,0.0,0.0
27,2022-02-01,Argentina,Colombia,1.0,0.0,FIFA World Cup qualification,Córdoba,Argentina,0,2022,0,1,27,2021-12-23,5.0,5.0,0.0,1750.51,1750.51,2021-12-23,16.0,16.0,0.0,1607.15,1607.15,11.0,143.3599999999999,2101.0,1904.0,197.0,1,3.0,3.0,3.0,3.0,3.0,3.0,0.0,0.0,0.0,0.0,0.0,0.0,3.0,3.0,3.0,3.0,3.0,3.0
28,2022-02-01,Peru,Ecuador,1.0,1.0,FIFA World Cup qualification,Lima,Peru,0,2022,0,1,28,2021-12-23,22.0,22.0,0.0,1551.15,1551.15,2021-12-23,46.0,46.0,0.0,1448.27,1448.74,24.0,102.88000000000012,1792.0,1849.0,-57.0,0,3.0,3.0,3.0,3.0,3.0,3.0,1.0,1.0,1.0,1.0,1.0,1.0,2.0,2.0,2.0,2.0,2.0,2.0
29,2022-02-01,Brazil,Paraguay,4.0,0.0,FIFA World Cup qualification,Belo Horizonte,Brazil,0,2022,0,1,29,2021-12-23,2.0,2.0,0.0,1826.35,1826.35,2021-12-23,43.0,43.0,0.0,1454.52,1454.52,41.0,371.8299999999999,2149.0,1729.0,420.0,1,1.0,1.0,1.0,1.0,1.0,1.0,0.0,0.0,0.0,0.0,0.0,0.0,1.0,1.0,1.0,1.0,1.0,1.0
30,2022-02-02,Mexico,Panama,1.0,0.0,FIFA World Cup qualification,Mexico City,Mexico,0,2022,0,1,30,2021-12-23,14.0,14.0,0.0,1638.3,1638.76,2021-12-23,63.0,63.0,0.0,1379.34,1379.34,49.0,258.96000000000004,1839.0,1627.0,212.0,1,2.0,2.0,2.0,2.0,2.333333333333333,2.5,1.5,1.5,1.5,1.5,0.9999999999999998,0.75,0.5,0.5,0.5,0.5,1.3333333333333333,1.75
31,2022-02-02,El Salvador,Canada,0.0,2.0,FIFA World Cup qualification,San Salvador,El Salvador,0,2022,0,1,31,2021-12-23,70.0,69.0,-1.0,1349.47,1350.63,2021-12-23,40.0,40.0,0.0,1462.32,1462.32,-30.0,-112.84999999999992,1466.0,1784.0,-318.0,-1,1.5,1.5,1.5,1.5,0.9999999999999998,0.75,3.0,3.0,3.0,3.0,3.0,3.0,-1.5,-1.5,-1.5,-1.5,-2.0,-2.25
32,2022-02-02,United States,Honduras,3.0,0.0,FIFA World Cup qualification,Saint Paul,United States,0,2022,0,1,32,2021-12-23,11.0,12.0,1.0,1648.51,1647.14,2021-12-23,76.0,76.0,0.0,1332.16,1332.16,65.0,316.3499999999999,1858.0,1604.0,254.0,1,1.5,1.5,1.5,1.5,2.0,2.25,0.0,0.0,0.0,0.0,0.0,0.0,1.5,1.5,1.5,1.5,2.0,2.25
33,2022-02-02,Jamaica,Costa Rica,0.0,1.0,FIFA World Cup qualification,Kingston,Jamaica,0,2022,0,1,33,2021-12-23,57.0,57.0,0.0,1412.13,1412.13,2021-12-23,49.0,49.0,0.0,1437.43,1437.43,-8.0,-25.299999999999955,1578.0,1743.0,-165.0,-1,0.0,0.0,0.0,0.0,0.0,0.0,2.0,2.0,2.0,2.0,2.333333333333333,2.5,-2.0,-2.0,-2.0,-2.0,-2.333333333333333,-2.5
34,2022-03-18,Papua New Guinea,New Zealand,0.0,1.0,FIFA World Cup qualification,Doha,Qatar,1,2022,0,1,35,2022-02-10,165.0,165.0,0.0,990.55,990.55,2022-02-10,111.0,110.0,-1.0,1161.66,1165.81,-54.0,-171.11000000000013,1098.0,1528.0,-430.0,-1,,,,,,,,,,,,,,,,,,
35,2022-03-18,New Caledonia,Fiji,1.0,2.0,FIFA World Cup qualification,Doha,Qatar,1,2022,0,1,36,2022-02-10,153.0,153.0,0.0,1035.12,1035.12,2022-02-10,162.0,161.0,-1.0,996.27,996.27,9.0,38.84999999999991,1219.0,1236.0,-17.0,-1,,,,,,,,,,,,,,,,,,
36,2022-03-21,Papua New Guinea,New Caledonia,1.0,0.0,FIFA World Cup qualification,Doha,Qatar,1,2022,0,1,37,2022-02-10,165.0,165.0,0.0,990.55,990.55,2022-02-10,153.0,153.0,0.0,1035.12,1035.12,-12.0,-44.569999999999936,1098.0,1219.0,-121.0,1,0.0,0.0,0.0,0.0,0.0,0.0,0.0,0.0,0.0,0.0,0.0,0.0,0.0,0.0,0.0,0.0,0.0,0.0
37,2022-03-21,New Zealand,Fiji,4.0,0.0,FIFA World Cup qualification,Doha,Qatar,1,2022,0,1,38,2022-02-10,111.0,110.0,-1.0,1161.66,1165.81,2022-02-10,162.0,161.0,-1.0,996.27,996.27,51.0,165.3900000000001,1528.0,1236.0,292.0,1,3.0,3.0,3.0,3.0,3.0,3.0,3.0,3.0,3.0,3.0,3.0,3.0,0.0,0.0,0.0,0.0,0.0,0.0
38,2022-03-24,Vietnam,Oman,0.0,1.0,FIFA World Cup qualification,Hanoi,Vietnam,0,2022,0,1,39,2022-02-10,98.0,98.0,0.0,1218.55,1212.54,2022-02-10,79.0,79.0,0.0,1301.0,1306.01,-19.0,-82.45000000000005,1425.0,1496.0,-71.0,-1,1.5,1.5,1.5,1.5,0.9999999999999998,0.75,0.5,0.5,0.5,0.5,0.33333333333333326,0.25,1.0,1.0,1.0,1.0,0.6666666666666665,0.5
39,2022-03-24,Portugal,Turkey,3.0,1.0,FIFA World Cup qualification,Porto,Portugal,0,2022,0,1,40,2022-02-10,8.0,8.0,0.0,1660.25,1660.25,2022-02-10,39.0,37.0,-2.0,1472.72,1472.72,31.0,187.53,1972.0,1726.0,246.0,1,,,,,,,,,,,,,,,,,,
40,2022-03-24,Italy,North Macedonia,0.0,1.0,FIFA World Cup qualification,Palermo,Italy,0,2022,0,1,41,2022-02-10,6.0,6.0,0.0,1740.77,1740.77,2022-02-10,67.0,67.0,0.0,1367.23,1367.23,61.0,373.54,2006.0,1562.0,444.0,-1,,,,,,,,,,,,,,,,,,
41,2022-03-24,Uruguay,Peru,1.0,0.0,FIFA World Cup qualification,Montevideo,Uruguay,0,2022,0,1,42,2022-02-10,16.0,17.0,1.0,1614.05,1596.66,2022-02-10,22.0,22.0,0.0,1563.45,1551.15,6.0,50.59999999999991,1847.0,1792.0,55.0,1,3.0,3.0,3.0,3.0,3.0,3.0,2.0,2.0,2.0,2.0,2.333333333333333,2.5,1.0,1.0,1.0,1.0,0.666666666666667,0.5
42,2022-03-24,Paraguay,Ecuador,3.0,1.0,FIFA World Cup qualification,Ciudad del Este,Paraguay,0,2022,0,1,43,2022-02-10,50.0,43.0,-7.0,1440.53,1454.52,2022-02-10,44.0,46.0,2.0,1458.63,1448.27,-6.0,-18.100000000000136,1729.0,1849.0,-120.0,1,0.0,0.0,0.0,0.0,0.0,0.0,1.0,1.0,1.0,1.0,1.0,1.0,-1.0,-1.0,-1.0,-1.0,-1.0,-1.0
43,2022-03-24,Brazil,Chile,4.0,0.0,FIFA World Cup qualification,Rio de Janeiro,Brazil,0,2022,0,1,44,2022-02-10,2.0,2.0,0.0,1823.42,1826.35,2022-02-10,26.0,24.0,-2.0,1543.16,1543.42,24.0,280.26,2149.0,1813.0,336.0,1,2.0,2.0,2.0,2.0,1.6666666666666665,1.5,1.5,1.5,1.5,1.5,0.9999999999999998,0.75,0.5,0.5,0.5,0.5,0.6666666666666667,0.75
44,2022-03-24,Colombia,Bolivia,3.0,0.0,FIFA World Cup qualification,Barranquilla,Colombia,0,2022,0,1,45,2022-02-10,19.0,16.0,-3.0,1585.89,1607.15,2022-02-10,76.0,77.0,1.0,1308.12,1324.21,57.0,277.7700000000002,1904.0,1582.0,322.0,1,0.0,0.0,0.0,0.0,0.0,0.0,0.0,0.0,0.0,0.0,0.0,0.0,0.0,0.0,0.0,0.0,0.0,0.0
45,2022-03-24,New Zealand,New Caledonia,7.0,1.0,FIFA World Cup qualification,Doha,Qatar,1,2022,0,1,46,2022-02-10,111.0,110.0,-1.0,1161.66,1165.81,2022-02-10,153.0,153.0,0.0,1035.12,1035.12,42.0,126.5400000000002,1528.0,1220.0,308.0,1,3.0,3.0,3.0,3.0,3.0,3.0,0.0,0.0,0.0,0.0,0.0,0.0,3.0,3.0,3.0,3.0,3.0,3.0
46,2022-03-24,Fiji,Papua New Guinea,1.0,2.0,FIFA World Cup qualification,Doha,Qatar,1,2022,0,1,47,2022-02-10,162.0,161.0,-1.0,996.27,996.27,2022-02-10,165.0,165.0,0.0,990.55,990.55,3.0,5.720000000000027,1250.0,1173.0,77.0,-1,1.5,1.5,1.5,1.5,2.0,2.25,1.5,1.5,1.5,1.5,0.9999999999999998,0.75,0.0,0.0,0.0,0.0,1.0000000000000002,1.5
47,2022-03-24,Solomon Islands,Tahiti,3.0,1.0,FIFA World Cup qualification,Doha,Qatar,1,2022,0,1,48,2022-02-10,142.0,141.0,-1.0,1072.78,1072.78,2022-02-10,159.0,159.0,0.0,1014.27,1014.27,17.0,58.50999999999999,1196.0,1250.0,-54.0,1,,,,,,,,,,,,,,,,,,
48,2022-03-24,China PR,Saudi Arabia,1.0,1.0,FIFA World Cup qualification,Sharjah,United Arab Emirates,1,2022,0,1,49,2022-02-10,75.0,74.0,-1.0,1313.81,1337.33,2022-02-10,53.0,51.0,-2.0,1433.95,1434.71,-22.0,-120.1400000000001,1473.0,1629.0,-156.0,0,0.0,0.0,0.0,0.0,0.0,0.0,1.5,1.5,1.5,1.5,2.0,2.25,-1.5,-1.5,-1.5,-1.5,-2.0,-2.25
49,2022-03-24,Sweden,Czech Republic,1.0,0.0,FIFA World Cup qualification,Stockholm,Sweden,0,2022,0,1,50,2022-02-10,17.0,18.0,1.0,1588.26,1588.26,2022-02-10,31.0,32.0,1.0,1510.42,1510.42,14.0,77.83999999999992,1820.0,1744.0,76.0,1,,,,,,,,,,,,,,,,,,
50,2022-03-24,South Korea,Iran,2.0,0.0,FIFA World Cup qualification,Seoul,South Korea,0,2022,0,1,51,2022-02-10,29.0,33.0,4.0,1522.85,1507.24,2022-02-10,21.0,21.0,0.0,1572.89,1557.58,-8.0,-50.04000000000019,1788.0,1837.0,-49.0,1,3.0,3.0,3.0,3.0,3.0,3.0,3.0,3.0,3.0,3.0,3.0,3.0,0.0,0.0,0.0,0.0,0.0,0.0
51,2022-03-24,Iraq,United Arab Emirates,1.0,0.0,FIFA World Cup qualification,Riyadh,Saudi Arabia,1,2022,0,1,52,2022-02-10,74.0,75.0,1.0,1325.44,1333.03,2022-02-10,69.0,69.0,0.0,1353.1,1350.39,-5.0,-27.65999999999985,1551.0,1474.0,77.0,1,0.5,0.5,0.5,0.5,0.33333333333333326,0.25,1.5,1.5,1.5,1.5,2.0,2.25,-1.0,-1.0,-1.0,-1.0,-1.6666666666666667,-2.0
52,2022-03-24,Lebanon,Syria,0.0,3.0,FIFA World Cup qualification,Sidon,Lebanon,0,2022,0,1,53,2022-02-10,95.0,95.0,0.0,1228.97,1233.0,2022-02-10,91.0,86.0,-5.0,1251.22,1268.54,-4.0,-22.25,1407.0,1481.0,-74.0,-1,0.5,0.5,0.5,0.5,0.33333333333333326,0.25,0.0,0.0,0.0,0.0,0.0,0.0,0.5,0.5,0.5,0.5,0.33333333333333326,0.25
53,2022-03-24,Costa Rica,Canada,1.0,0.0,FIFA World Cup qualification,San José,Costa Rica,0,2022,0,1,54,2022-02-10,42.0,49.0,7.0,1464.06,1437.43,2022-02-10,33.0,40.0,7.0,1497.82,1462.32,-9.0,-33.75999999999999,1743.0,1784.0,-41.0,1,2.3333333333333335,2.3333333333333335,2.3333333333333335,2.5,2.5555555555555554,2.625,3.0,3.0,3.0,3.0,3.0,3.0,-0.6666666666666665,-0.6666666666666665,-0.6666666666666665,-0.5,-0.44444444444444464,-0.375
54,2022-03-24,Panama,Honduras,1.0,1.0,FIFA World Cup qualification,Panama City,Panama,0,2022,0,1,55,2022-02-10,63.0,63.0,0.0,1375.56,1379.34,2022-02-10,78.0,76.0,-2.0,1303.96,1332.16,15.0,71.59999999999991,1627.0,1604.0,23.0,0,1.0,1.0,1.0,0.75,0.6666666666666666,0.5625,0.0,0.0,0.0,0.0,0.0,0.0,1.0,1.0,1.0,0.75,0.6666666666666666,0.5625
55,2022-03-24,Mexico,United States,0.0,0.0,FIFA World Cup qualification,Mexico City,Mexico,0,2022,0,1,56,2022-02-10,12.0,14.0,2.0,1647.9,1638.3,2022-02-10,13.0,11.0,-2.0,1643.34,1648.51,1.0,4.560000000000173,1839.0,1858.0,-19.0,0,2.3333333333333335,2.3333333333333335,2.3333333333333335,2.5,2.5555555555555554,2.625,2.0,2.0,2.0,2.25,2.333333333333333,2.4375,0.3333333333333335,0.3333333333333335,0.3333333333333335,0.25,0.22222222222222232,0.1875
56,2022-03-24,Jamaica,El Salvador,1.0,1.0,FIFA World Cup qualification,Kingston,Jamaica,0,2022,0,1,57,2022-02-10,62.0,57.0,-5.0,1378.62,1412.13,2022-02-10,70.0,70.0,0.0,1346.04,1349.47,8.0,32.57999999999993,1578.0,1466.0,112.0,0,0.0,0.0,0.0,0.0,0.0,0.0,1.0,1.0,1.0,0.75,0.6666666666666666,0.5625,-1.0,-1.0,-1.0,-0.75,-0.6666666666666666,-0.5625
57,2022-03-24,Australia,Japan,0.0,2.0,FIFA World Cup qualification,Sydney,Australia,0,2022,0,1,58,2022-02-10,37.0,35.0,-2.0,1486.86,1484.88,2022-02-10,23.0,26.0,3.0,1549.82,1531.53,-14.0,-62.96000000000004,1735.0,1760.0,-25.0,-1,2.0,2.0,2.0,2.0,2.333333333333333,2.5,3.0,3.0,3.0,3.0,3.0,3.0,-1.0,-1.0,-1.0,-1.0,-0.666666666666667,-0.5
58,2022-03-24,Wales,Austria,2.0,1.0,FIFA World Cup qualification,Cardiff,Wales,0,2022,0,1,59,2022-02-10,20.0,19.0,-1.0,1578.01,1578.01,2022-02-10,30.0,31.0,1.0,1511.56,1511.56,10.0,66.45000000000005,1827.0,1730.0,97.0,1,,,,,,,,,,,,,,,,,,
59,2022-03-25,Argentina,Venezuela,3.0,0.0,FIFA World Cup qualification,Buenos Aires,Argentina,0,2022,0,1,60,2022-02-10,4.0,5.0,1.0,1766.99,1750.51,2022-02-10,58.0,59.0,1.0,1411.45,1409.14,54.0,355.54,2101.0,1801.0,300.0,1,3.0,3.0,3.0,3.0,3.0,3.0,1.5,1.5,1.5,1.5,2.0,2.25,1.5,1.5,1.5,1.5,1.0,0.75
60,2022-03-25,Ghana,Nigeria,0.0,0.0,FIFA World Cup qualification,Kumasi,Ghana,0,2022,0,1,61,2022-02-10,61.0,52.0,-9.0,1381.45,1428.97,2022-02-10,32.0,36.0,4.0,1509.91,1478.78,-29.0,-128.46000000000004,1600.0,1657.0,-57.0,0,,,,,,,,,,,,,,,,,,
61,2022-03-25,Mali,Tunisia,0.0,1.0,FIFA World Cup qualification,Bamako,Mali,0,2022,0,1,62,2022-02-10,48.0,53.0,5.0,1446.49,1427.98,2022-02-10,36.0,30.0,-6.0,1489.92,1512.72,-12.0,-43.430000000000064,1574.0,1638.0,-64.0,-1,,,,,,,,,,,,,,,,,,
62,2022-03-25,DR Congo,Morocco,1.0,1.0,FIFA World Cup qualification,Kinshasa,DR Congo,0,2022,0,1,63,2022-02-10,66.0,64.0,-2.0,1369.53,1375.64,2022-02-10,24.0,28.0,4.0,1547.42,1529.93,-42.0,-177.8900000000001,1509.0,1764.0,-255.0,0,,,,,,,,,,,,,,,,,,
63,2022-03-25,Egypt,Senegal,1.0,0.0,FIFA World Cup qualification,Cairo,Egypt,0,2022,0,1,64,2022-02-10,34.0,45.0,11.0,1497.05,1451.77,2022-02-10,18.0,20.0,2.0,1587.78,1561.68,-16.0,-90.73000000000002,1658.0,1702.0,-44.0,1,,,,,,,,,,,,,,,,,,
64,2022-03-25,Cameroon,Algeria,0.0,1.0,FIFA World Cup qualification,Douala,Cameroon,0,2022,0,1,65,2022-02-10,38.0,50.0,12.0,1480.82,1437.35,2022-02-10,43.0,29.0,-14.0,1460.93,1516.51,5.0,19.88999999999988,1588.0,1799.0,-211.0,-1,,,,,,,,,,,,,,,,,,
65,2022-03-27,New Zealand,Tahiti,1.0,0.0,FIFA World Cup qualification,Doha,Qatar,1,2022,0,1,66,2022-02-10,111.0,110.0,-1.0,1161.66,1165.81,2022-02-10,159.0,159.0,0.0,1014.27,1014.27,48.0,147.3900000000001,1528.0,1250.0,278.0,1,3.0,3.0,3.0,3.0,3.0,3.0,0.0,0.0,0.0,0.0,0.0,0.0,3.0,3.0,3.0,3.0,3.0,3.0
66,2022-03-27,United States,Panama,5.0,1.0,FIFA World Cup qualification,Orlando,United States,0,2022,0,1,67,2022-02-10,13.0,11.0,-2.0,1643.34,1648.51,2022-02-10,63.0,63.0,0.0,1375.56,1379.34,50.0,267.78,1858.0,1627.0,231.0,1,1.3333333333333333,1.75,1.75,1.625,1.8888888888888888,2.078125,1.3333333333333333,1.0,1.0,0.875,0.7777777777777777,0.671875,0.0,0.75,0.75,0.75,1.1111111111111112,1.40625
67,2022-03-27,Solomon Islands,Papua New Guinea,3.0,2.0,FIFA World Cup qualification,Doha,Qatar,1,2022,0,1,68,2022-02-10,142.0,141.0,-1.0,1072.78,1072.78,2022-02-10,165.0,165.0,0.0,990.55,990.55,23.0,82.23000000000002,1196.0,1173.0,23.0,1,3.0,3.0,3.0,3.0,3.0,3.0,2.0,2.0,2.0,2.25,1.6666666666666665,1.3125,1.0,1.0,1.0,0.75,1.3333333333333335,1.6875
68,2022-03-27,Canada,Jamaica,4.0,0.0,FIFA World Cup qualification,Toronto,Canada,0,2022,0,1,69,2022-02-10,33.0,40.0,7.0,1497.82,1462.32,2022-02-10,62.0,57.0,-5.0,1378.62,1412.13,29.0,119.20000000000005,1784.0,1578.0,206.0,1,2.0,2.25,2.25,1.5,2.0,2.25,0.3333333333333333,0.25,0.25,0.5,0.33333333333333326,0.25,1.6666666666666667,2.0,2.0,1.0,1.6666666666666667,2.0
69,2022-03-27,El Salvador,Costa Rica,1.0,2.0,FIFA World Cup qualification,San Salvador,El Salvador,0,2022,0,1,70,2022-02-10,70.0,70.0,0.0,1346.04,1349.47,2022-02-10,42.0,49.0,7.0,1464.06,1437.43,-28.0,-118.01999999999998,1466.0,1743.0,-277.0,-1,1.3333333333333333,1.0,1.0,0.875,0.7777777777777777,0.671875,2.3333333333333335,2.5,2.5,2.75,2.7037037037037033,2.71875,-1.0000000000000002,-1.5,-1.5,-1.875,-1.9259259259259256,-2.046875
70,2022-03-27,Honduras,Mexico,0.0,1.0,FIFA World Cup qualification,San Pedro Sula,Honduras,0,2022,0,1,71,2022-02-10,78.0,76.0,-2.0,1303.96,1332.16,2022-02-10,12.0,14.0,2.0,1647.9,1638.3,-66.0,-343.94000000000005,1604.0,1839.0,-235.0,-1,0.3333333333333333,0.25,0.25,0.5,0.33333333333333326,0.25,1.6666666666666667,2.0,2.0,1.75,2.037037037037037,2.21875,-1.3333333333333335,-1.75,-1.75,-1.25,-1.703703703703704,-1.96875
71,2022-03-29,Saudi Arabia,Australia,1.0,0.0,FIFA World Cup qualification,Jeddah,Saudi Arabia,0,2022,0,1,72,2022-02-10,53.0,51.0,-2.0,1433.95,1434.71,2022-02-10,37.0,35.0,-2.0,1486.86,1484.88,-16.0,-52.909999999999854,1629.0,1735.0,-106.0,1,1.3333333333333333,1.3333333333333333,1.3333333333333333,1.25,1.6666666666666667,1.9375,1.3333333333333333,1.3333333333333333,1.3333333333333333,1.0,1.5555555555555556,1.875,0.0,0.0,0.0,0.25,0.11111111111111116,0.0625
72,2022-03-29,Portugal,North Macedonia,2.0,0.0,FIFA World Cup qualification,Porto,Portugal,0,2022,0,1,73,2022-02-10,8.0,8.0,0.0,1660.25,1660.25,2022-02-10,67.0,67.0,0.0,1367.23,1367.23,59.0,293.02,1972.0,1562.0,410.0,1,3.0,3.0,3.0,3.0,3.0,3.0,3.0,3.0,3.0,3.0,3.0,3.0,0.0,0.0,0.0,0.0,0.0,0.0
73,2022-03-29,Poland,Sweden,2.0,0.0,FIFA World Cup qualification,Chorzów,Poland,0,2022,0,1,74,2022-02-10,28.0,27.0,-1.0,1530.62,1530.62,2022-02-10,17.0,18.0,1.0,1588.26,1588.26,-11.0,-57.6400000000001,1782.0,1820.0,-38.0,1,,,,,,,3.0,3.0,3.0,3.0,3.0,3.0,,,,,,
74,2022-03-29,Chile,Uruguay,0.0,2.0,FIFA World Cup qualification,Santiago,Chile,0,2022,0,1,75,2022-02-10,26.0,24.0,-2.0,1543.16,1543.42,2022-02-10,16.0,17.0,1.0,1614.05,1596.66,-10.0,-70.88999999999987,1813.0,1847.0,-34.0,-1,1.0,1.0,1.0,0.75,0.6666666666666666,0.5625,3.0,3.0,3.0,3.0,3.0,3.0,-2.0,-2.0,-2.0,-2.25,-2.3333333333333335,-2.4375
75,2022-03-29,Venezuela,Colombia,0.0,1.0,FIFA World Cup qualification,Guayana,Venezuela,0,2022,0,1,76,2022-02-10,58.0,59.0,1.0,1411.45,1409.14,2022-02-10,19.0,16.0,-3.0,1585.89,1607.15,-39.0,-174.44000000000003,1801.0,1904.0,-103.0,-1,1.0,1.0,1.0,0.75,1.3333333333333335,1.6875,1.0,1.0,1.0,1.5,0.9999999999999998,0.75,0.0,0.0,0.0,-0.75,0.3333333333333337,0.9375
76,2022-03-29,Bolivia,Brazil,0.0,4.0,FIFA World Cup qualification,La Paz,Bolivia,0,2022,0,1,77,2022-02-10,76.0,77.0,1.0,1308.12,1324.21,2022-02-10,2.0,2.0,0.0,1823.42,1826.35,-74.0,-515.3000000000002,1582.0,2149.0,-567.0,-1,0.0,0.0,0.0,0.0,0.0,0.0,2.3333333333333335,2.3333333333333335,2.3333333333333335,2.5,2.1111111111111107,1.875,-2.3333333333333335,-2.3333333333333335,-2.3333333333333335,-2.5,-2.1111111111111107,-1.875
77,2022-03-29,Peru,Paraguay,2.0,0.0,FIFA World Cup qualification,Lima,Peru,0,2022,0,1,78,2022-02-10,22.0,22.0,0.0,1563.45,1551.15,2022-02-10,50.0,43.0,-7.0,1440.53,1454.52,28.0,122.92000000000009,1792.0,1729.0,63.0,1,1.3333333333333333,1.3333333333333333,1.3333333333333333,1.0,1.5555555555555556,1.875,1.0,1.0,1.0,1.5,0.9999999999999998,0.75,0.33333333333333326,0.33333333333333326,0.33333333333333326,-0.5,0.5555555555555558,1.125
78,2022-03-29,Ecuador,Argentina,1.0,1.0,FIFA World Cup qualification,Guayaquil,Ecuador,0,2022,0,1,79,2022-02-10,44.0,46.0,2.0,1458.63,1448.27,2022-02-10,4.0,5.0,1.0,1766.99,1750.51,-40.0,-308.3599999999999,1849.0,2101.0,-252.0,0,0.6666666666666666,0.6666666666666666,0.6666666666666666,0.5,0.6666666666666667,0.75,3.0,3.0,3.0,3.0,3.0,3.0,-2.3333333333333335,-2.3333333333333335,-2.3333333333333335,-2.5,-2.333333333333333,-2.25
79,2022-03-29,Oman,China PR,2.0,0.0,FIFA World Cup qualification,Muscat,Oman,0,2022,0,1,80,2022-02-10,79.0,79.0,0.0,1301.0,1306.01,2022-02-10,75.0,74.0,-1.0,1313.81,1337.33,-4.0,-12.809999999999944,1496.0,1473.0,23.0,1,1.3333333333333333,1.3333333333333333,1.3333333333333333,1.75,1.2222222222222219,0.9375,0.3333333333333333,0.3333333333333333,0.3333333333333333,0.5,0.33333333333333326,0.25,1.0,1.0,1.0,1.25,0.8888888888888886,0.6875
80,2022-03-29,United Arab Emirates,South Korea,1.0,0.0,FIFA World Cup qualification,Dubai,United Arab Emirates,0,2022,0,1,81,2022-02-10,69.0,69.0,0.0,1353.1,1350.39,2022-02-10,29.0,33.0,4.0,1522.85,1507.24,-40.0,-169.75,1474.0,1788.0,-314.0,1,1.0,1.0,1.0,0.75,1.3333333333333335,1.6875,3.0,3.0,3.0,3.0,3.0,3.0,-2.0,-2.0,-2.0,-2.25,-1.6666666666666665,-1.3125
81,2022-03-29,Syria,Iraq,1.0,1.0,FIFA World Cup qualification,Dubai,United Arab Emirates,1,2022,0,1,82,2022-02-10,91.0,86.0,-5.0,1251.22,1268.54,2022-02-10,74.0,75.0,1.0,1325.44,1333.03,-17.0,-74.22000000000003,1481.0,1551.0,-70.0,0,1.0,1.0,1.0,1.5,0.9999999999999998,0.75,1.3333333333333333,1.3333333333333333,1.3333333333333333,1.75,1.2222222222222219,0.9375,-0.33333333333333326,-0.33333333333333326,-0.33333333333333326,-0.25,-0.2222222222222221,-0.1875
82,2022-03-29,Iran,Lebanon,2.0,0.0,FIFA World Cup qualification,Mashhad,Iran,0,2022,0,1,83,2022-02-10,21.0,21.0,0.0,1572.89,1557.58,2022-02-10,95.0,95.0,0.0,1228.97,1233.0,74.0,343.9200000000001,1837.0,1407.0,430.0,1,2.0,2.0,2.0,1.5,2.0,2.25,0.3333333333333333,0.3333333333333333,0.3333333333333333,0.25,0.2222222222222222,0.1875,1.6666666666666667,1.6666666666666667,1.6666666666666667,1.25,1.7777777777777777,2.0625
83,2022-03-29,Tunisia,Mali,0.0,0.0,FIFA World Cup qualification,Tunis,Tunisia,0,2022,0,1,84,2022-02-10,36.0,30.0,-6.0,1489.92,1512.72,2022-02-10,48.0,53.0,5.0,1446.49,1427.98,12.0,43.430000000000064,1638.0,1574.0,64.0,0,3.0,3.0,3.0,3.0,3.0,3.0,0.0,0.0,0.0,0.0,0.0,0.0,3.0,3.0,3.0,3.0,3.0,3.0
84,2022-03-29,Senegal,Egypt,1.0,0.0,FIFA World Cup qualification,Diamniadio,Senegal,0,2022,0,1,85,2022-02-10,18.0,20.0,2.0,1587.78,1561.68,2022-02-10,34.0,45.0,11.0,1497.05,1451.77,16.0,90.73000000000002,1702.0,1658.0,44.0,1,0.0,0.0,0.0,0.0,0.0,0.0,3.0,3.0,3.0,3.0,3.0,3.0,-3.0,-3.0,-3.0,-3.0,-3.0,-3.0
85,2022-03-29,Nigeria,Ghana,1.0,1.0,FIFA World Cup qualification,Abuja,Nigeria,0,2022,0,1,86,2022-02-10,32.0,36.0,4.0,1509.91,1478.78,2022-02-10,61.0,52.0,-9.0,1381.45,1428.97,29.0,128.46000000000004,1657.0,1600.0,57.0,0,1.0,1.0,1.0,1.0,1.0,1.0,1.0,1.0,1.0,1.0,1.0,1.0,0.0,0.0,0.0,0.0,0.0,0.0
86,2022-03-29,Morocco,DR Congo,4.0,1.0,FIFA World Cup qualification,Casablanca,Morocco,0,2022,0,1,87,2022-02-10,24.0,28.0,4.0,1547.42,1529.93,2022-02-10,66.0,64.0,-2.0,1369.53,1375.64,42.0,177.8900000000001,1764.0,1509.0,255.0,1,1.0,1.0,1.0,1.0,1.0,1.0,1.0,1.0,1.0,1.0,1.0,1.0,0.0,0.0,0.0,0.0,0.0,0.0
87,2022-03-29,Algeria,Cameroon,1.0,2.0,FIFA World Cup qualification,Blida,Algeria,0,2022,0,1,88,2022-02-10,43.0,29.0,-14.0,1460.93,1516.51,2022-02-10,38.0,50.0,12.0,1480.82,1437.35,-5.0,-19.88999999999988,1799.0,1588.0,211.0,-1,3.0,3.0,3.0,3.0,3.0,3.0,0.0,0.0,0.0,0.0,0.0,0.0,3.0,3.0,3.0,3.0,3.0,3.0
88,2022-03-29,Japan,Vietnam,1.0,1.0,FIFA World Cup qualification,Saitama,Japan,0,2022,0,1,89,2022-02-10,23.0,26.0,3.0,1549.82,1531.53,2022-02-10,98.0,98.0,0.0,1218.55,1212.54,75.0,331.27,1760.0,1425.0,335.0,0,3.0,3.0,3.0,3.0,3.0,3.0,1.0,1.0,1.0,0.75,0.6666666666666666,0.5625,2.0,2.0,2.0,2.25,2.3333333333333335,2.4375
89,2022-03-30,Solomon Islands,New Zealand,0.0,5.0,FIFA World Cup qualification,Doha,Qatar,1,2022,0,1,90,2022-02-10,142.0,141.0,-1.0,1072.78,1072.78,2022-02-10,111.0,110.0,-1.0,1161.66,1165.81,-31.0,-88.88000000000011,1196.0,1528.0,-332.0,-1,3.0,3.0,3.0,3.0,3.0,3.0,3.0,3.0,3.0,3.0,3.0,3.0,0.0,0.0,0.0,0.0,0.0,0.0
90,2022-03-30,Mexico,El Salvador,2.0,0.0,FIFA World Cup qualification,Mexico City,Mexico,0,2022,0,1,91,2022-02-10,12.0,14.0,2.0,1647.9,1638.3,2022-02-10,70.0,70.0,0.0,1346.04,1349.47,58.0,301.8600000000001,1839.0,1466.0,373.0,1,2.3333333333333335,2.2,2.2,2.375,2.3580246913580245,2.4140625,0.3333333333333333,0.8,0.8,0.4375,0.5185185185185185,0.50390625,2.0,1.4000000000000001,1.4000000000000001,1.9375,1.839506172839506,1.91015625
91,2022-03-30,Costa Rica,United States,2.0,0.0,FIFA World Cup qualification,San José,Costa Rica,0,2022,0,1,92,2022-02-10,42.0,49.0,7.0,1464.06,1437.43,2022-02-10,13.0,11.0,-2.0,1643.34,1648.51,-29.0,-179.27999999999997,1743.0,1858.0,-115.0,1,3.0,2.6,2.6,2.875,2.802469135802469,2.7890625,2.3333333333333335,2.0,2.0,2.3125,2.259259259259259,2.30859375,0.6666666666666665,0.6000000000000001,0.6000000000000001,0.5625,0.5432098765432101,0.48046875
92,2022-03-30,Panama,Canada,1.0,0.0,FIFA World Cup qualification,Panama City,Panama,0,2022,0,1,93,2022-02-10,63.0,63.0,0.0,1375.56,1379.34,2022-02-10,33.0,40.0,7.0,1497.82,1462.32,-30.0,-122.26,1627.0,1784.0,-157.0,1,0.3333333333333333,0.8,0.8,0.4375,0.5185185185185185,0.50390625,2.0,2.4,2.4,2.25,2.333333333333333,2.4375,-1.6666666666666667,-1.5999999999999999,-1.5999999999999999,-1.8125,-1.8148148148148144,-1.93359375
93,2022-03-30,Jamaica,Honduras,2.0,1.0,FIFA World Cup qualification,Kingston,Jamaica,0,2022,0,1,94,2022-02-10,62.0,57.0,-5.0,1378.62,1412.13,2022-02-10,78.0,76.0,-2.0,1303.96,1332.16,16.0,74.65999999999985,1578.0,1604.0,-26.0,1,0.3333333333333333,0.2,0.2,0.25,0.2222222222222222,0.1875,0.3333333333333333,0.2,0.2,0.25,0.2222222222222222,0.1875,0.0,0.0,0.0,0.0,0.0,0.0
94,2022-06-01,Scotland,Ukraine,1.0,3.0,FIFA World Cup qualification,Glasgow,Scotland,0,2022,0,1,95,2022-03-31,39.0,40.0,1.0,1472.66,1471.82,2022-03-31,27.0,27.0,0.0,1535.08,1535.08,-12.0,-62.419999999999845,1728.0,1814.0,-86.0,-1,,,,,,,,,,,,,,,,,,
95,2022-06-05,Wales,Ukraine,1.0,0.0,FIFA World Cup qualification,Cardiff,Wales,0,2022,0,1,96,2022-03-31,18.0,20.0,2.0,1588.08,1578.01,2022-03-31,27.0,27.0,0.0,1535.08,1535.08,9.0,53.0,1827.0,1814.0,13.0,1,3.0,3.0,3.0,3.0,3.0,3.0,3.0,3.0,3.0,3.0,3.0,3.0,0.0,0.0,0.0,0.0,0.0,0.0
96,2022-06-07,United Arab Emirates,Australia,1.0,2.0,FIFA World Cup qualification,Al Rayyan,Qatar,1,2022,0,1,97,2022-03-31,68.0,69.0,1.0,1356.99,1353.1,2022-03-31,42.0,37.0,-5.0,1462.29,1486.86,-26.0,-105.29999999999995,1474.0,1735.0,-261.0,-1,1.0,1.5,1.5,1.875,1.8888888888888888,2.015625,0.3333333333333333,1.0,1.0,0.5,1.0370370370370372,1.40625,0.6666666666666667,0.5,0.5,1.375,0.8518518518518516,0.609375
97,2022-06-13,Australia,Peru,0.0,0.0,FIFA World Cup qualification,Al Rayyan,Qatar,1,2022,0,1,98,2022-03-31,42.0,37.0,-5.0,1462.29,1486.86,2022-03-31,22.0,22.0,0.0,1562.32,1563.45,-20.0,-100.02999999999996,1735.0,1792.0,-57.0,0,1.0,1.4,1.4,1.75,1.691358024691358,1.8046875,1.3333333333333333,1.75,1.75,2.0,2.037037037037037,2.15625,-0.33333333333333326,-0.3500000000000001,-0.3500000000000001,-0.25,-0.3456790123456792,-0.3515625
98,2022-06-14,Costa Rica,New Zealand,1.0,0.0,FIFA World Cup qualification,Al Rayyan,Qatar,1,2022,0,1,99,2022-03-31,31.0,42.0,11.0,1503.09,1464.06,2022-03-31,101.0,111.0,10.0,1206.07,1161.66,70.0,297.02,1743.0,1528.0,215.0,1,3.0,2.6,2.6666666666666665,2.9375,2.868312757201646,2.841796875,3.0,3.0,3.0,3.0,3.0,3.0,0.0,-0.3999999999999999,-0.3333333333333335,-0.0625,-0.1316872427983542,-0.158203125
99,2022-11-20,Qatar,Ecuador,0.0,2.0,FIFA World Cup,Al Khor,Qatar,0,2022,1,0,100,2022-03-31,51.0,52.0,1.0,1441.41,1437.91,2022-03-31,46.0,44.0,-2.0,1452.63,1458.63,-5.0,-11.220000000000027,1663.0,1849.0,-186.0,-1,,,,,,,0.6666666666666666,0.75,0.75,0.75,0.7777777777777778,0.8125,,,,,,
100,2022-11-21,Senegal,Netherlands,0.0,2.0,FIFA World Cup,Doha,Qatar,1,2022,1,0,101,2022-03-31,20.0,18.0,-2.0,1584.16,1587.78,2022-03-31,10.0,10.0,0.0,1658.66,1653.73,-10.0,-74.5,1702.0,1929.0,-227.0,-1,1.5,1.5,1.5,1.5,0.9999999999999998,0.75,,,,,,,,,,,,
101,2022-11-21,England,Iran,6.0,2.0,FIFA World Cup,Al Rayyan,Qatar,1,2022,1,0,102,2022-03-31,5.0,5.0,0.0,1761.71,1755.52,2022-03-31,21.0,21.0,0.0,1564.49,1572.89,16.0,197.22000000000003,2031.0,1837.0,194.0,1,,,,,,,2.0,2.25,2.25,2.25,2.333333333333333,2.4375,,,,,,
102,2022-11-21,United States,Wales,1.0,1.0,FIFA World Cup,Al Rayyan,Qatar,1,2022,1,0,103,2022-03-31,15.0,13.0,-2.0,1633.72,1643.34,2022-03-31,18.0,20.0,2.0,1588.08,1578.01,3.0,45.6400000000001,1858.0,1822.0,36.0,0,1.3333333333333333,1.4,1.6666666666666667,1.15625,1.5061728395061729,1.7314453125,3.0,3.0,3.0,3.0,3.0,3.0,-1.6666666666666667,-1.6,-1.3333333333333333,-1.84375,-1.4938271604938271,-1.2685546875
103,2022-11-22,France,Australia,4.0,1.0,FIFA World Cup,Al Wakrah,Qatar,1,2022,1,0,104,2022-03-31,3.0,3.0,0.0,1789.85,1786.15,2022-03-31,42.0,37.0,-5.0,1462.29,1486.86,39.0,327.55999999999995,2114.0,1735.0,379.0,1,,,,,,,1.3333333333333333,1.0,1.3333333333333333,1.375,1.4609053497942388,1.603515625,,,,,,
104,2022-11-22,Denmark,Tunisia,0.0,0.0,FIFA World Cup,Al Rayyan,Qatar,1,2022,1,0,105,2022-03-31,11.0,9.0,-2.0,1653.6,1654.54,2022-03-31,35.0,36.0,1.0,1499.8,1489.92,24.0,153.79999999999995,1983.0,1638.0,345.0,0,,,,,,,2.0,2.0,2.0,2.0,2.333333333333333,2.5,,,,,,
105,2022-11-22,Mexico,Poland,0.0,0.0,FIFA World Cup,Doha,Qatar,1,2022,1,0,106,2022-03-31,9.0,12.0,3.0,1658.82,1647.9,2022-03-31,26.0,28.0,2.0,1544.2,1530.62,17.0,114.61999999999988,1839.0,1813.0,26.0,0,2.3333333333333335,2.2,2.3333333333333335,2.6875,2.5720164609053495,2.560546875,3.0,3.0,3.0,3.0,3.0,3.0,-0.6666666666666665,-0.7999999999999998,-0.6666666666666665,-0.3125,-0.4279835390946505,-0.439453125
106,2022-11-22,Argentina,Saudi Arabia,1.0,2.0,FIFA World Cup,Lusail,Qatar,1,2022,1,0,107,2022-03-31,4.0,4.0,0.0,1765.13,1766.99,2022-03-31,49.0,53.0,4.0,1444.69,1433.95,45.0,320.44000000000005,2101.0,1629.0,472.0,-1,2.3333333333333335,2.5,2.5,2.0,2.333333333333333,2.5,1.3333333333333333,1.75,1.75,2.125,2.111111111111111,2.203125,1.0000000000000002,0.75,0.75,-0.125,0.22222222222222188,0.296875
107,2022-11-23,Germany,Japan,1.0,2.0,FIFA World Cup,Al Rayyan,Qatar,1,2022,1,0,108,2022-03-31,12.0,11.0,-1.0,1650.53,1648.33,2022-03-31,23.0,23.0,0.0,1553.44,1549.82,11.0,97.08999999999992,1962.0,1760.0,202.0,-1,,,,,,,2.3333333333333335,2.5,2.5,2.0,2.333333333333333,2.5,,,,,,
108,2022-11-23,Spain,Costa Rica,7.0,0.0,FIFA World Cup,Doha,Qatar,1,2022,1,0,109,2022-03-31,7.0,7.0,0.0,1709.19,1704.75,2022-03-31,31.0,42.0,11.0,1503.09,1464.06,24.0,206.1000000000001,2036.0,1730.0,306.0,1,,,,,,,3.0,3.0,2.7142857142857144,2.96875,2.9122085048010975,2.88134765625,,,,,,
109,2022-11-23,Morocco,Croatia,0.0,0.0,FIFA World Cup,Al Khor,Qatar,1,2022,1,0,110,2022-03-31,24.0,24.0,0.0,1551.88,1547.42,2022-03-31,16.0,15.0,-1.0,1621.11,1620.74,-8.0,-69.22999999999979,1764.0,1858.0,-94.0,0,2.0,2.0,2.0,2.0,1.6666666666666665,1.5,,,,,,,,,,,,
110,2022-11-23,Belgium,Canada,1.0,0.0,FIFA World Cup,Al Rayyan,Qatar,1,2022,1,0,111,2022-03-31,2.0,1.0,-1.0,1827.0,1828.45,2022-03-31,38.0,33.0,-5.0,1479.0,1497.82,36.0,348.0,2074.0,1784.0,290.0,1,,,,,,,1.0,1.8,2.0,1.125,1.5555555555555556,1.828125,,,,,,
111,2022-11-24,Portugal,Ghana,3.0,2.0,FIFA World Cup,Doha,Qatar,1,2022,1,0,112,2022-03-31,8.0,8.0,0.0,1674.78,1660.25,2022-03-31,60.0,61.0,1.0,1387.36,1381.45,52.0,287.4200000000001,1972.0,1600.0,372.0,1,3.0,3.0,3.0,3.0,3.0,3.0,1.0,1.0,1.0,1.0,1.0,1.0,2.0,2.0,2.0,2.0,2.0,2.0
112,2022-11-24,Uruguay,South Korea,0.0,0.0,FIFA World Cup,Al Rayyan,Qatar,1,2022,1,0,113,2022-03-31,13.0,16.0,3.0,1635.73,1614.05,2022-03-31,29.0,29.0,0.0,1519.54,1522.85,16.0,116.19000000000004,1847.0,1788.0,59.0,0,3.0,3.0,3.0,3.0,3.0,3.0,2.0,2.25,2.25,1.5,2.0,2.25,1.0,0.75,0.75,1.5,1.0,0.75
113,2022-11-24,Brazil,Serbia,2.0,0.0,FIFA World Cup,Lusail,Qatar,1,2022,1,0,114,2022-03-31,1.0,2.0,1.0,1832.69,1823.42,2022-03-31,25.0,25.0,0.0,1547.53,1547.38,24.0,285.1600000000001,2149.0,1803.0,346.0,1,3.0,2.5,2.5,2.75,2.407407407407407,2.15625,,,,,,,,,,,,
114,2022-11-24,Switzerland,Cameroon,1.0,0.0,FIFA World Cup,Al Wakrah,Qatar,1,2022,1,0,115,2022-03-31,14.0,14.0,0.0,1635.32,1642.83,2022-03-31,37.0,38.0,1.0,1480.48,1480.82,23.0,154.83999999999992,1933.0,1613.0,320.0,1,,,,,,,1.5,1.5,1.5,1.5,0.9999999999999998,0.75,,,,,,
115,2022-11-25,Qatar,Senegal,1.0,3.0,FIFA World Cup,Doha,Qatar,0,2022,1,0,116,2022-03-31,51.0,52.0,1.0,1441.41,1437.91,2022-03-31,20.0,18.0,-2.0,1584.16,1587.78,-31.0,-142.75,1663.0,1702.0,-39.0,-1,0.0,0.0,0.0,0.0,0.0,0.0,1.0,1.0,1.0,0.75,0.6666666666666666,0.5625,-1.0,-1.0,-1.0,-0.75,-0.6666666666666666,-0.5625
116,2022-11-25,Netherlands,Ecuador,1.0,1.0,FIFA World Cup,Al Rayyan,Qatar,1,2022,1,0,117,2022-03-31,10.0,10.0,0.0,1658.66,1653.73,2022-03-31,46.0,44.0,-2.0,1452.63,1458.63,36.0,206.03,1929.0,1849.0,80.0,0,3.0,3.0,3.0,3.0,3.0,3.0,1.3333333333333333,1.2,1.2,1.875,1.5185185185185184,1.359375,1.6666666666666667,1.8,1.8,1.125,1.4814814814814816,1.640625
117,2022-11-25,Wales,Iran,0.0,2.0,FIFA World Cup,Al Rayyan,Qatar,1,2022,1,0,118,2022-03-31,18.0,20.0,2.0,1588.08,1578.01,2022-03-31,21.0,21.0,0.0,1564.49,1572.89,3.0,23.58999999999992,1822.0,1837.0,-15.0,-1,2.3333333333333335,2.3333333333333335,2.3333333333333335,2.0,2.333333333333333,2.5,1.0,1.8,1.8,1.125,1.5555555555555556,1.828125,1.3333333333333335,0.5333333333333334,0.5333333333333334,0.875,0.7777777777777775,0.671875
118,2022-11-25,England,United States,0.0,0.0,FIFA World Cup,Al Khor,Qatar,1,2022,1,0,119,2022-03-31,5.0,5.0,0.0,1761.71,1755.52,2022-03-31,15.0,13.0,-2.0,1633.72,1643.34,10.0,127.99,2031.0,1858.0,173.0,0,3.0,3.0,3.0,3.0,3.0,3.0,1.3333333333333333,1.6,1.5714285714285714,1.078125,1.337448559670782,1.548583984375,1.6666666666666667,1.4,1.4285714285714286,1.921875,1.662551440329218,1.451416015625
119,2022-11-26,Poland,Saudi Arabia,2.0,0.0,FIFA World Cup,Al Rayyan,Qatar,1,2022,1,0,120,2022-03-31,26.0,28.0,2.0,1544.2,1530.62,2022-03-31,49.0,53.0,4.0,1444.69,1433.95,23.0,99.51,1813.0,1629.0,184.0,1,2.0,2.0,2.0,2.0,2.333333333333333,2.5,2.3333333333333335,2.0,2.0,2.5625,2.4074074074074074,2.40234375,-0.3333333333333335,0.0,0.0,-0.5625,-0.0740740740740744,0.09765625
120,2022-11-26,Argentina,Mexico,2.0,0.0,FIFA World Cup,Lusail,Qatar,1,2022,1,0,121,2022-03-31,4.0,4.0,0.0,1765.13,1766.99,2022-03-31,9.0,12.0,3.0,1658.82,1647.9,5.0,106.31000000000016,2101.0,1839.0,262.0,1,1.3333333333333333,2.0,2.0,1.0,1.5555555555555556,1.875,2.3333333333333335,2.2,2.142857142857143,1.84375,2.0480109739368997,2.17041015625,-1.0000000000000002,-0.20000000000000018,-0.1428571428571428,-0.84375,-0.4924554183813441,-0.29541015625
121,2022-11-26,Tunisia,Australia,0.0,1.0,FIFA World Cup,Al Wakrah,Qatar,1,2022,1,0,122,2022-03-31,35.0,36.0,1.0,1499.8,1489.92,2022-03-31,42.0,37.0,-5.0,1462.29,1486.86,7.0,37.50999999999999,1638.0,1735.0,-97.0,-1,1.6666666666666667,1.6666666666666667,1.6666666666666667,1.5,1.8888888888888888,2.125,1.3333333333333333,0.8,1.1428571428571428,0.6875,0.9739368998628259,1.20263671875,0.3333333333333335,0.8666666666666667,0.523809523809524,0.8125,0.9149519890260629,0.92236328125
122,2022-11-26,France,Denmark,2.0,1.0,FIFA World Cup,Doha,Qatar,1,2022,1,0,123,2022-03-31,3.0,3.0,0.0,1789.85,1786.15,2022-03-31,11.0,9.0,-2.0,1653.6,1654.54,8.0,136.25,2114.0,1983.0,131.0,1,3.0,3.0,3.0,3.0,3.0,3.0,1.0,1.0,1.0,1.0,1.0,1.0,2.0,2.0,2.0,2.0,2.0,2.0
123,2022-11-27,Japan,Costa Rica,0.0,1.0,FIFA World Cup,Al Rayyan,Qatar,1,2022,1,0,124,2022-03-31,23.0,23.0,0.0,1553.44,1549.82,2022-03-31,31.0,42.0,11.0,1503.09,1464.06,8.0,50.350000000000136,1760.0,1730.0,30.0,-1,2.3333333333333335,2.6,2.6,2.5,2.5555555555555554,2.625,2.0,2.4,2.2857142857142856,1.484375,1.9414723365340651,2.1610107421875,0.3333333333333335,0.20000000000000018,0.3142857142857145,1.015625,0.6140832190214902,0.4639892578125
124,2022-11-27,Spain,Germany,1.0,1.0,FIFA World Cup,Al Khor,Qatar,1,2022,1,0,125,2022-03-31,7.0,7.0,0.0,1709.19,1704.75,2022-03-31,12.0,11.0,-1.0,1650.53,1648.33,5.0,58.66000000000008,2036.0,1962.0,74.0,0,3.0,3.0,3.0,3.0,3.0,3.0,0.0,0.0,0.0,0.0,0.0,0.0,3.0,3.0,3.0,3.0,3.0,3.0
125,2022-11-27,Belgium,Morocco,0.0,2.0,FIFA World Cup,Doha,Qatar,1,2022,1,0,126,2022-03-31,2.0,1.0,-1.0,1827.0,1828.45,2022-03-31,24.0,24.0,0.0,1551.88,1547.42,22.0,275.1199999999999,2074.0,1764.0,310.0,-1,3.0,3.0,3.0,3.0,3.0,3.0,1.6666666666666667,1.6666666666666667,1.6666666666666667,1.5,1.4444444444444444,1.375,1.3333333333333333,1.3333333333333333,1.3333333333333333,1.5,1.5555555555555556,1.625
126,2022-11-27,Croatia,Canada,4.0,1.0,FIFA World Cup,Al Rayyan,Qatar,1,2022,1,0,127,2022-03-31,16.0,15.0,-1.0,1621.11,1620.74,2022-03-31,38.0,33.0,-5.0,1479.0,1497.82,22.0,142.1099999999999,1858.0,1784.0,74.0,1,1.0,1.0,1.0,1.0,1.0,1.0,1.0,1.2,1.7142857142857142,0.5625,1.0370370370370372,1.37109375,0.0,-0.19999999999999996,-0.7142857142857142,0.4375,-0.0370370370370372,-0.37109375
127,2022-11-28,Portugal,Uruguay,2.0,0.0,FIFA World Cup,Lusail,Qatar,1,2022,1,0,128,2022-03-31,8.0,8.0,0.0,1674.78,1660.25,2022-03-31,13.0,16.0,3.0,1635.73,1614.05,5.0,39.04999999999996,1972.0,1847.0,125.0,1,3.0,3.0,3.0,3.0,3.0,3.0,2.3333333333333335,2.6,2.6,2.0,2.333333333333333,2.5,0.6666666666666665,0.3999999999999999,0.3999999999999999,1.0,0.666666666666667,0.5
128,2022-11-28,South Korea,Ghana,2.0,3.0,FIFA World Cup,Al Rayyan,Qatar,1,2022,1,0,129,2022-03-31,29.0,29.0,0.0,1519.54,1522.85,2022-03-31,60.0,61.0,1.0,1387.36,1381.45,31.0,132.18000000000006,1788.0,1600.0,188.0,-1,1.3333333333333333,2.0,2.0,1.25,1.6666666666666667,1.9375,0.6666666666666666,0.6666666666666666,0.6666666666666666,0.5,0.6666666666666667,0.75,0.6666666666666666,1.3333333333333335,1.3333333333333335,0.75,1.0,1.1875
129,2022-11-28,Brazil,Switzerland,1.0,0.0,FIFA World Cup,Doha,Qatar,1,2022,1,0,130,2022-03-31,1.0,2.0,1.0,1832.69,1823.42,2022-03-31,14.0,14.0,0.0,1635.32,1642.83,13.0,197.3700000000001,2149.0,1933.0,216.0,1,3.0,2.6,2.6,2.875,2.604938271604938,2.3671875,3.0,3.0,3.0,3.0,3.0,3.0,0.0,-0.3999999999999999,-0.3999999999999999,-0.125,-0.39506172839506215,-0.6328125
130,2022-11-28,Cameroon,Serbia,3.0,3.0,FIFA World Cup,Al Wakrah,Qatar,1,2022,1,0,131,2022-03-31,37.0,38.0,1.0,1480.48,1480.82,2022-03-31,25.0,25.0,0.0,1547.53,1547.38,-12.0,-67.04999999999995,1613.0,1803.0,-190.0,0,1.0,1.0,1.0,0.75,0.6666666666666666,0.5625,0.0,0.0,0.0,0.0,0.0,0.0,1.0,1.0,1.0,0.75,0.6666666666666666,0.5625
131,2022-11-29,Ecuador,Senegal,1.0,2.0,FIFA World Cup,Al Rayyan,Qatar,1,2022,1,0,132,2022-03-31,46.0,44.0,-2.0,1452.63,1458.63,2022-03-31,20.0,18.0,-2.0,1584.16,1587.78,-26.0,-131.52999999999997,1849.0,1702.0,147.0,-1,1.6666666666666667,1.2,1.1666666666666667,1.4375,1.345679012345679,1.26953125,2.0,1.5,1.5,1.875,1.4444444444444442,1.171875,-0.33333333333333326,-0.30000000000000004,-0.33333333333333326,-0.4375,-0.0987654320987652,0.09765625
132,2022-11-29,Qatar,Netherlands,0.0,2.0,FIFA World Cup,Al Khor,Qatar,0,2022,1,0,133,2022-03-31,51.0,52.0,1.0,1441.41,1437.91,2022-03-31,10.0,10.0,0.0,1658.66,1653.73,-41.0,-217.25,1663.0,1929.0,-266.0,-1,0.0,0.0,0.0,0.0,0.0,0.0,2.0,2.0,2.0,2.0,2.333333333333333,2.5,-2.0,-2.0,-2.0,-2.0,-2.333333333333333,-2.5
133,2022-11-29,Wales,England,0.0,3.0,FIFA World Cup,Al Rayyan,Qatar,1,2022,1,0,134,2022-03-31,18.0,20.0,2.0,1588.08,1578.01,2022-03-31,5.0,5.0,0.0,1761.71,1755.52,-13.0,-173.6300000000001,1822.0,2031.0,-209.0,-1,1.3333333333333333,1.75,1.75,1.0,1.5555555555555556,1.875,2.0,2.0,2.0,2.0,2.333333333333333,2.5,-0.6666666666666667,-0.25,-0.25,-1.0,-0.7777777777777775,-0.625
134,2022-11-29,Iran,United States,0.0,1.0,FIFA World Cup,Doha,Qatar,1,2022,1,0,135,2022-03-31,21.0,21.0,0.0,1564.49,1572.89,2022-03-31,15.0,13.0,-2.0,1633.72,1643.34,-6.0,-69.23000000000002,1837.0,1858.0,-21.0,-1,2.0,1.8,2.0,2.0625,2.037037037037037,2.12109375,0.6666666666666666,1.2,1.2857142857142858,1.0390625,1.224965706447188,1.41143798828125,1.3333333333333335,0.6000000000000001,0.7142857142857142,1.0234375,0.8120713305898493,0.70965576171875
135,2022-11-30,Poland,Argentina,0.0,2.0,FIFA World Cup,Doha,Qatar,1,2022,1,0,136,2022-03-31,26.0,28.0,2.0,1544.2,1530.62,2022-03-31,4.0,4.0,0.0,1765.13,1766.99,-22.0,-220.9300000000001,1813.0,2101.0,-288.0,-1,2.3333333333333335,2.3333333333333335,2.3333333333333335,2.5,2.5555555555555554,2.625,1.3333333333333333,2.0,2.1666666666666665,2.0,2.037037037037037,2.15625,1.0000000000000002,0.3333333333333335,0.16666666666666696,0.5,0.5185185185185182,0.46875
136,2022-11-30,Saudi Arabia,Mexico,1.0,2.0,FIFA World Cup,Lusail,Qatar,1,2022,1,0,137,2022-03-31,49.0,53.0,4.0,1444.69,1433.95,2022-03-31,9.0,12.0,3.0,1658.82,1647.9,-40.0,-214.12999999999988,1629.0,1839.0,-210.0,-1,2.0,1.4,1.6666666666666667,1.28125,1.6049382716049385,1.8017578125,1.3333333333333333,1.6,1.7142857142857142,0.921875,1.3653406492912665,1.6278076171875,0.6666666666666667,-0.20000000000000018,-0.04761904761904745,0.359375,0.239597622313672,0.1739501953125
137,2022-11-30,Australia,Denmark,1.0,0.0,FIFA World Cup,Al Wakrah,Qatar,1,2022,1,0,138,2022-03-31,42.0,37.0,-5.0,1462.29,1486.86,2022-03-31,11.0,9.0,-2.0,1653.6,1654.54,-31.0,-191.31,1735.0,1983.0,-248.0,1,1.3333333333333333,1.4,1.1428571428571428,1.84375,1.6492912665752173,1.6519775390625,0.5,0.5,0.5,0.5,0.6666666666666667,0.75,0.8333333333333333,0.8999999999999999,0.6428571428571428,1.34375,0.9826245999085506,0.9019775390625
138,2022-11-30,Tunisia,France,1.0,0.0,FIFA World Cup,Al Rayyan,Qatar,1,2022,1,0,139,2022-03-31,35.0,36.0,1.0,1499.8,1489.92,2022-03-31,3.0,3.0,0.0,1789.85,1786.15,-32.0,-290.04999999999995,1638.0,2114.0,-476.0,1,0.6666666666666666,1.25,1.25,0.75,1.2592592592592593,1.59375,3.0,3.0,3.0,3.0,3.0,3.0,-2.3333333333333335,-1.75,-1.75,-2.25,-1.7407407407407407,-1.40625
139,2022-12-01,Japan,Spain,2.0,1.0,FIFA World Cup,Al Rayyan,Qatar,1,2022,1,0,140,2022-03-31,23.0,23.0,0.0,1553.44,1549.82,2022-03-31,7.0,7.0,0.0,1709.19,1704.75,-16.0,-155.75,1760.0,2036.0,-276.0,1,1.3333333333333333,2.0,2.1666666666666665,1.25,1.7037037037037037,1.96875,2.0,2.0,2.0,2.0,2.333333333333333,2.5,-0.6666666666666667,0.0,0.16666666666666652,-0.75,-0.6296296296296293,-0.53125
140,2022-12-01,Costa Rica,Germany,2.0,4.0,FIFA World Cup,Al Khor,Qatar,1,2022,1,0,141,2022-03-31,31.0,42.0,11.0,1503.09,1464.06,2022-03-31,12.0,11.0,-1.0,1650.53,1648.33,-19.0,-147.44000000000003,1730.0,1962.0,-232.0,-1,2.0,2.4,2.5714285714285716,2.2421875,2.29431489102271,2.370758056640625,0.5,0.5,0.5,0.5,0.33333333333333326,0.25,1.5,1.9,2.0714285714285716,1.7421875,1.9609815576893765,2.120758056640625
141,2022-12-01,Croatia,Belgium,0.0,0.0,FIFA World Cup,Al Rayyan,Qatar,1,2022,1,0,142,2022-03-31,16.0,15.0,-1.0,1621.11,1620.74,2022-03-31,2.0,1.0,-1.0,1827.0,1828.45,-14.0,-205.8900000000001,1858.0,2074.0,-216.0,0,2.0,2.0,2.0,2.0,1.6666666666666665,1.5,1.5,1.5,1.5,1.5,2.0,2.25,0.5,0.5,0.5,0.5,-0.3333333333333335,-0.75
142,2022-12-01,Canada,Morocco,1.0,2.0,FIFA World Cup,Doha,Qatar,1,2022,1,0,143,2022-03-31,38.0,33.0,-5.0,1479.0,1497.82,2022-03-31,24.0,24.0,0.0,1551.88,1547.42,-14.0,-72.88000000000011,1784.0,1764.0,20.0,-1,0.0,0.6,1.2857142857142858,0.28125,0.6913580246913582,1.0283203125,2.3333333333333335,2.0,2.0,2.25,1.9629629629629628,1.78125,-2.3333333333333335,-1.4,-0.7142857142857142,-1.96875,-1.2716049382716046,-0.7529296875
143,2022-12-02,South Korea,Portugal,2.0,1.0,FIFA World Cup,Al Rayyan,Qatar,1,2022,1,0,144,2022-03-31,29.0,29.0,0.0,1519.54,1522.85,2022-03-31,8.0,8.0,0.0,1674.78,1660.25,-21.0,-155.24,1788.0,1972.0,-184.0,1,0.3333333333333333,1.4,1.6666666666666667,0.625,1.1111111111111114,1.453125,3.0,3.0,3.0,3.0,3.0,3.0,-2.6666666666666665,-1.6,-1.3333333333333333,-2.375,-1.8888888888888886,-1.546875
144,2022-12-02,Ghana,Uruguay,0.0,2.0,FIFA World Cup,Al Wakrah,Qatar,1,2022,1,0,145,2022-03-31,60.0,61.0,1.0,1387.36,1381.45,2022-03-31,13.0,16.0,3.0,1635.73,1614.05,-47.0,-248.3700000000001,1600.0,1847.0,-247.0,-1,1.3333333333333333,1.25,1.25,1.75,1.4444444444444442,1.3125,1.3333333333333333,2.0,2.1666666666666665,1.0,1.5555555555555556,1.875,0.0,-0.75,-0.9166666666666665,0.75,-0.11111111111111138,-0.5625
145,2022-12-02,Serbia,Switzerland,2.0,3.0,FIFA World Cup,Doha,Qatar,1,2022,1,0,146,2022-03-31,25.0,25.0,0.0,1547.53,1547.38,2022-03-31,14.0,14.0,0.0,1635.32,1642.83,-11.0,-87.78999999999996,1803.0,1933.0,-130.0,-1,0.5,0.5,0.5,0.5,0.33333333333333326,0.25,1.5,1.5,1.5,1.5,2.0,2.25,-1.0,-1.0,-1.0,-1.0,-1.6666666666666667,-2.0
146,2022-12-02,Cameroon,Brazil,1.0,0.0,FIFA World Cup,Lusail,Qatar,1,2022,1,0,147,2022-03-31,37.0,38.0,1.0,1480.48,1480.82,2022-03-31,1.0,2.0,1.0,1832.69,1823.42,-36.0,-352.21000000000004,1613.0,2149.0,-536.0,1,1.3333333333333333,1.0,1.0,0.875,0.7777777777777777,0.671875,3.0,3.0,2.6666666666666665,2.9375,2.7366255144032916,2.525390625,-1.6666666666666667,-2.0,-1.6666666666666665,-2.0625,-1.958847736625514,-1.853515625
147,2022-12-03,Netherlands,United States,3.0,1.0,FIFA World Cup,Al Rayyan,Qatar,1,2022,1,0,148,2022-03-31,10.0,10.0,0.0,1658.66,1653.73,2022-03-31,15.0,13.0,-2.0,1633.72,1643.34,5.0,24.94000000000005,1929.0,1858.0,71.0,1,2.3333333333333335,2.3333333333333335,2.3333333333333335,2.5,2.5555555555555554,2.625,1.6666666666666667,1.6,1.7142857142857142,2.01953125,1.816643804298125,1.8085784912109375,0.6666666666666667,0.7333333333333334,0.6190476190476193,0.48046875,0.7389117512574304,0.8164215087890625
148,2022-12-03,Argentina,Australia,2.0,1.0,FIFA World Cup,Al Rayyan,Qatar,1,2022,1,0,149,2022-03-31,4.0,4.0,0.0,1765.13,1766.99,2022-03-31,42.0,37.0,-5.0,1462.29,1486.86,38.0,302.84000000000015,2101.0,1735.0,366.0,1,2.0,2.0,2.2857142857142856,2.5,2.3580246913580245,2.3671875,2.0,2.0,1.4285714285714286,2.421875,2.0995275110501446,1.988983154296875,0.0,0.0,0.857142857142857,0.078125,0.25849718030787994,0.378204345703125
149,2022-12-04,France,Poland,3.0,1.0,FIFA World Cup,Doha,Qatar,1,2022,1,0,150,2022-03-31,3.0,3.0,0.0,1789.85,1786.15,2022-03-31,26.0,28.0,2.0,1544.2,1530.62,23.0,245.64999999999984,2114.0,1813.0,301.0,1,2.0,2.0,2.0,1.5,2.0,2.25,1.3333333333333333,1.75,1.75,1.25,1.7037037037037037,1.96875,0.6666666666666667,0.25,0.25,0.25,0.2962962962962963,0.28125
150,2022-12-04,England,Senegal,3.0,0.0,FIFA World Cup,Al Khor,Qatar,1,2022,1,0,151,2022-03-31,5.0,5.0,0.0,1761.71,1755.52,2022-03-31,20.0,18.0,-2.0,1584.16,1587.78,15.0,177.54999999999995,2031.0,1702.0,329.0,1,2.3333333333333335,2.3333333333333335,2.3333333333333335,2.5,2.5555555555555554,2.625,2.0,1.8,1.8,2.4375,1.9629629629629628,1.62890625,0.3333333333333335,0.5333333333333334,0.5333333333333334,0.0625,0.5925925925925926,0.99609375
151,2022-12-05,Japan,Croatia,1.0,1.0,FIFA World Cup,Al Wakrah,Qatar,1,2022,1,0,152,2022-03-31,23.0,23.0,0.0,1553.44,1549.82,2022-03-31,16.0,15.0,-1.0,1621.11,1620.74,-7.0,-67.66999999999985,1760.0,1858.0,-98.0,0,2.0,2.0,2.2857142857142856,2.125,2.135802469135802,2.2265625,1.6666666666666667,1.6666666666666667,1.6666666666666667,1.5,1.4444444444444444,1.375,0.33333333333333326,0.33333333333333326,0.6190476190476188,0.625,0.6913580246913578,0.8515625
152,2022-12-05,Brazil,South Korea,4.0,1.0,FIFA World Cup,Doha,Qatar,1,2022,1,0,153,2022-03-31,1.0,2.0,1.0,1832.69,1823.42,2022-03-31,29.0,29.0,0.0,1519.54,1522.85,28.0,313.1500000000001,2149.0,1788.0,361.0,1,2.0,2.4,2.2857142857142856,1.46875,1.8244170096021946,1.89404296875,1.3333333333333333,1.4,1.8571428571428572,1.8125,1.740740740740741,1.83984375,0.6666666666666667,1.0,0.4285714285714284,-0.34375,0.08367626886145363,0.05419921875
153,2022-12-06,Morocco,Spain,0.0,0.0,FIFA World Cup,Al Rayyan,Qatar,1,2022,1,0,154,2022-03-31,24.0,24.0,0.0,1551.88,1547.42,2022-03-31,7.0,7.0,0.0,1709.19,1704.75,-17.0,-157.30999999999997,1764.0,2036.0,-272.0,0,2.3333333333333335,2.2,2.2,2.625,2.3086419753086416,2.0859375,1.3333333333333333,1.3333333333333333,1.3333333333333333,1.0,1.5555555555555556,1.875,1.0000000000000002,0.8666666666666669,0.8666666666666669,1.625,0.753086419753086,0.2109375
154,2022-12-06,Portugal,Switzerland,6.0,1.0,FIFA World Cup,Lusail,Qatar,1,2022,1,0,155,2022-03-31,8.0,8.0,0.0,1674.78,1660.25,2022-03-31,14.0,14.0,0.0,1635.32,1642.83,6.0,39.46000000000004,1972.0,1933.0,39.0,1,2.0,2.4,2.4,1.5,2.0,2.25,2.0,2.0,2.0,2.25,2.333333333333333,2.4375,0.0,0.3999999999999999,0.3999999999999999,-0.75,-0.33333333333333304,-0.1875
155,2022-12-09,Croatia,Brazil,1.0,1.0,FIFA World Cup,Al Rayyan,Qatar,1,2022,1,0,156,2022-03-31,16.0,15.0,-1.0,1621.11,1620.74,2022-03-31,1.0,2.0,1.0,1832.69,1823.42,-15.0,-211.58000000000013,1858.0,2149.0,-291.0,0,1.6666666666666667,1.5,1.5,1.25,1.2962962962962963,1.28125,2.0,2.4,2.5714285714285716,2.234375,2.216278006401463,2.1705322265625,-0.33333333333333326,-0.8999999999999999,-1.0714285714285716,-0.984375,-0.9199817101051666,-0.8892822265625
156,2022-12-09,Netherlands,Argentina,2.0,2.0,FIFA World Cup,Lusail,Qatar,1,2022,1,0,157,2022-03-31,10.0,10.0,0.0,1658.66,1653.73,2022-03-31,4.0,4.0,0.0,1765.13,1766.99,-6.0,-106.47000000000004,1929.0,2101.0,-172.0,0,2.3333333333333335,2.5,2.5,2.75,2.7037037037037033,2.71875,3.0,2.0,2.2857142857142856,2.75,2.5720164609053495,2.525390625,-0.6666666666666665,0.5,0.2142857142857144,0.0,0.13168724279835375,0.193359375
157,2022-12-10,Morocco,Portugal,1.0,0.0,FIFA World Cup,Doha,Qatar,1,2022,1,0,158,2022-03-31,24.0,24.0,0.0,1551.88,1547.42,2022-03-31,8.0,8.0,0.0,1674.78,1660.25,-16.0,-122.89999999999986,1764.0,1972.0,-208.0,1,2.3333333333333335,2.2,2.0,1.8125,1.8724279835390945,1.814453125,2.0,2.4,2.5,2.25,2.333333333333333,2.4375,0.3333333333333335,-0.19999999999999973,-0.5,-0.4375,-0.4609053497942386,-0.623046875
158,2022-12-10,England,France,1.0,2.0,FIFA World Cup,Al Khor,Qatar,1,2022,1,0,159,2022-03-31,5.0,5.0,0.0,1761.71,1755.52,2022-03-31,3.0,3.0,0.0,1789.85,1786.15,-2.0,-28.13999999999988,2031.0,2114.0,-83.0,-1,2.3333333333333335,2.5,2.5,2.75,2.7037037037037033,2.71875,2.0,2.25,2.25,2.25,2.333333333333333,2.4375,0.3333333333333335,0.25,0.25,0.5,0.37037037037037024,0.28125
159,2022-12-13,Argentina,Croatia,3.0,0.0,FIFA World Cup,Lusail,Qatar,1,2022,1,0,160,2022-03-31,4.0,4.0,0.0,1765.13,1766.99,2022-03-31,16.0,15.0,-1.0,1621.11,1620.74,12.0,144.0200000000002,2101.0,1858.0,243.0,1,2.3333333333333335,2.0,2.0,1.875,2.0480109739368997,2.14404296875,1.0,1.4,1.4,1.125,1.1975308641975309,1.2109375,1.3333333333333335,0.6000000000000001,0.6000000000000001,0.75,0.8504801097393688,0.93310546875
160,2022-12-14,France,Morocco,2.0,0.0,FIFA World Cup,Al Khor,Qatar,1,2022,1,0,161,2022-03-31,3.0,3.0,0.0,1789.85,1786.15,2022-03-31,24.0,24.0,0.0,1551.88,1547.42,21.0,237.9699999999998,2114.0,1764.0,350.0,1,2.0,2.4,2.4,2.625,2.5555555555555554,2.578125,2.3333333333333335,2.2,2.142857142857143,2.40625,2.248285322359396,2.11083984375,-0.3333333333333335,0.19999999999999973,0.2571428571428571,0.21875,0.3072702331961592,0.46728515625
161,2022-12-17,Croatia,Morocco,2.0,1.0,FIFA World Cup,Al Rayyan,Qatar,1,2022,1,0,162,2022-03-31,16.0,15.0,-1.0,1621.11,1620.74,2022-03-31,24.0,24.0,0.0,1551.88,1547.42,8.0,69.22999999999979,1858.0,1764.0,94.0,1,0.6666666666666666,1.2,1.1666666666666667,0.5625,0.7983539094650206,0.908203125,1.3333333333333333,2.0,2.0,1.203125,1.4988568815729308,1.5831298828125,-0.6666666666666666,-0.8,-0.8333333333333333,-0.640625,-0.7005029721079102,-0.6749267578125
162,2022-12-18,Argentina,France,3.0,3.0,FIFA World Cup,Lusail,Qatar,1,2022,1,0,163,2022-03-31,4.0,4.0,0.0,1765.13,1766.99,2022-03-31,3.0,3.0,0.0,1789.85,1786.15,-1.0,-24.7199999999998,2101.0,2114.0,-13.0,0,2.3333333333333335,2.6,2.0,2.4375,2.3653406492912663,2.3580322265625,3.0,2.4,2.5,2.8125,2.7037037037037033,2.68359375,-0.6666666666666665,0.20000000000000018,-0.5,-0.375,-0.33836305441243697,-0.3255615234375
163,2023-09-07,Colombia,Venezuela,1.0,0.0,FIFA World Cup qualification,Barranquilla,Colombia,0,2023,0,1,164,2023-07-20,17.0,17.0,0.0,1624.91,1624.91,2023-07-20,57.0,56.0,-1.0,1417.23,1417.23,40.0,207.6800000000001,1919.0,1691.0,228.0,1,2.0,1.5,1.5,2.25,1.6666666666666665,1.3125,0.0,0.75,0.75,0.375,0.8888888888888891,1.265625,2.0,0.75,0.75,1.875,0.7777777777777775,0.046875
164,2023-09-07,Paraguay,Peru,0.0,0.0,FIFA World Cup qualification,Ciudad del Este,Paraguay,0,2023,0,1,165,2023-07-20,49.0,48.0,-1.0,1442.64,1442.64,2023-07-20,21.0,21.0,0.0,1561.2,1561.2,-28.0,-118.55999999999996,1727.0,1845.0,-118.0,0,1.0,0.75,0.75,0.75,0.6666666666666666,0.5625,1.3333333333333333,1.6,1.6,1.5,1.6913580246913582,1.8671875,-0.33333333333333326,-0.8500000000000001,-0.8500000000000001,-0.75,-1.0246913580246915,-1.3046875
165,2023-09-07,Argentina,Ecuador,1.0,0.0,FIFA World Cup qualification,Buenos Aires,Argentina,0,2023,0,1,166,2023-07-20,1.0,1.0,0.0,1843.73,1843.73,2023-07-20,40.0,40.0,0.0,1486.47,1486.47,39.0,357.26,2144.0,1842.0,302.0,1,1.6666666666666667,2.2,2.0,1.71875,1.910227099527511,2.018524169921875,1.3333333333333333,1.0,1.0,0.71875,0.8971193415637861,0.9521484375,0.3333333333333335,1.2000000000000002,1.0,1.0,1.0131077579637249,1.066375732421875
166,2023-09-08,Uruguay,Chile,3.0,1.0,FIFA World Cup qualification,Montevideo,Uruguay,0,2023,0,1,167,2023-07-20,16.0,16.0,0.0,1633.13,1633.13,2023-07-20,32.0,32.0,0.0,1511.31,1511.31,16.0,121.82000000000016,1904.0,1706.0,198.0,1,1.3333333333333333,2.0,2.2857142857142856,2.0,2.037037037037037,2.15625,1.0,0.75,0.75,0.375,0.4444444444444445,0.421875,0.33333333333333326,1.25,1.5357142857142856,1.625,1.5925925925925928,1.734375
167,2023-09-08,Brazil,Bolivia,5.0,1.0,FIFA World Cup qualification,Belém,Brazil,0,2023,0,1,168,2023-07-20,3.0,3.0,0.0,1828.27,1828.27,2023-07-20,83.0,83.0,0.0,1295.09,1295.09,80.0,533.1800000000001,2133.0,1617.0,516.0,1,1.3333333333333333,2.0,2.2857142857142856,1.6171875,1.810852004267642,1.877899169921875,0.0,0.0,0.0,0.0,0.0,0.0,1.3333333333333333,2.0,2.2857142857142856,1.6171875,1.810852004267642,1.877899169921875
168,2023-09-12,Chile,Colombia,0.0,0.0,FIFA World Cup qualification,Santiago,Chile,0,2023,0,1,169,2023-07-20,32.0,32.0,0.0,1511.31,1511.31,2023-07-20,17.0,17.0,0.0,1624.91,1624.91,-15.0,-113.60000000000014,1706.0,1919.0,-213.0,0,0.0,0.6,0.6,0.1875,0.29629629629629634,0.31640625,3.0,1.8,1.8,2.625,2.1111111111111107,1.734375,-3.0,-1.2000000000000002,-1.2000000000000002,-2.4375,-1.8148148148148144,-1.41796875
169,2023-09-12,Venezuela,Paraguay,1.0,0.0,FIFA World Cup qualification,Maturín,Venezuela,0,2023,0,1,170,2023-07-20,57.0,56.0,-1.0,1417.23,1417.23,2023-07-20,49.0,48.0,-1.0,1442.64,1442.64,-8.0,-25.41000000000008,1691.0,1727.0,-36.0,1,0.0,0.6,0.6,0.1875,0.5925925925925928,0.94921875,1.3333333333333333,0.8,0.8,0.875,0.7777777777777777,0.671875,-1.3333333333333333,-0.20000000000000007,-0.20000000000000007,-0.6875,-0.1851851851851849,0.27734375
170,2023-09-12,Peru,Brazil,0.0,1.0,FIFA World Cup qualification,Lima,Peru,0,2023,0,1,171,2023-07-20,21.0,21.0,0.0,1561.2,1561.2,2023-07-20,3.0,3.0,0.0,1828.27,1828.27,-18.0,-267.06999999999994,1845.0,2133.0,-288.0,-1,1.6666666666666667,1.2,1.5,1.25,1.4609053497942388,1.650390625,2.3333333333333335,2.0,2.2857142857142856,2.30859375,2.2072346695117613,2.1584243774414062,-0.6666666666666667,-0.8,-0.7857142857142856,-1.05859375,-0.7463293197175225,-0.5080337524414062
171,2023-09-12,Bolivia,Argentina,0.0,3.0,FIFA World Cup qualification,La Paz,Bolivia,0,2023,0,1,172,2023-07-20,83.0,83.0,0.0,1295.09,1295.09,2023-07-20,1.0,1.0,0.0,1843.73,1843.73,-82.0,-548.6400000000001,1617.0,2144.0,-527.0,-1,0.0,0.0,0.0,0.0,0.0,0.0,2.3333333333333335,2.2,2.4285714285714284,2.359375,2.2734847330183405,2.2638931274414062,-2.3333333333333335,-2.2,-2.4285714285714284,-2.359375,-2.2734847330183405,-2.2638931274414062
172,2023-09-12,Ecuador,Uruguay,2.0,1.0,FIFA World Cup qualification,Quito,Ecuador,0,2023,0,1,173,2023-07-20,40.0,40.0,0.0,1486.47,1486.47,2023-07-20,16.0,16.0,0.0,1633.13,1633.13,-24.0,-146.66000000000008,1842.0,1904.0,-62.0,1,0.3333333333333333,1.0,0.8571428571428571,0.359375,0.5980795610425241,0.714111328125,2.0,2.0,2.2857142857142856,2.5,2.3580246913580245,2.3671875,-1.6666666666666667,-1.0,-1.4285714285714284,-2.140625,-1.7599451303155003,-1.653076171875
173,2023-10-12,Indonesia,Brunei,6.0,0.0,FIFA World Cup qualification,Jakarta,Indonesia,0,2023,0,1,174,2023-09-21,147.0,150.0,3.0,1052.87,1047.46,2023-09-21,191.0,190.0,-1.0,887.58,891.12,44.0,165.28999999999985,1285.0,801.0,484.0,1,,,,,,,,,,,,,,,,,,
174,2023-10-12,Yemen,Sri Lanka,3.0,0.0,FIFA World Cup qualification,Abha,Saudi Arabia,1,2023,0,1,175,2023-09-21,156.0,156.0,0.0,1020.37,1020.37,2023-09-21,202.0,204.0,2.0,825.25,825.25,46.0,195.12,1100.0,677.0,423.0,1,,,,,,,,,,,,,,,,,,
175,2023-10-12,Singapore,Guam,2.0,1.0,FIFA World Cup qualification,Kallang,Singapore,0,2023,0,1,176,2023-09-21,157.0,158.0,1.0,1016.47,1014.78,2023-09-21,201.0,203.0,2.0,838.33,838.33,44.0,178.14,1133.0,714.0,419.0,1,,,,,,,,,,,,,,,,,,
176,2023-10-12,Nepal,Laos,1.0,1.0,FIFA World Cup qualification,Kathmandu,Nepal,0,2023,0,1,177,2023-09-21,175.0,175.0,0.0,953.85,958.05,2023-09-21,186.0,187.0,1.0,899.58,899.58,11.0,54.26999999999998,928.0,770.0,158.0,0,,,,,,,,,,,,,,,,,,
177,2023-10-12,Myanmar,Macau,5.0,1.0,FIFA World Cup qualification,Yangon,Myanmar,0,2023,0,1,178,2023-09-21,161.0,160.0,-1.0,1004.46,1000.26,2023-09-21,185.0,182.0,-3.0,903.89,913.68,24.0,100.57000000000004,930.0,674.0,256.0,1,,,,,,,,,,,,,,,,,,
178,2023-10-12,Maldives,Bangladesh,1.0,1.0,FIFA World Cup qualification,Malé,Maldives,0,2023,0,1,179,2023-09-21,155.0,155.0,0.0,1021.85,1021.85,2023-09-21,189.0,189.0,0.0,894.23,892.44,34.0,127.62,917.0,851.0,66.0,0,,,,,,,,,,,,,,,,,,
179,2023-10-12,Hong Kong,Bhutan,4.0,0.0,FIFA World Cup qualification,Hong Kong,Hong Kong,0,2023,0,1,180,2022-03-31,147.0,148.0,1.0,1053.39,1053.39,2023-09-21,184.0,185.0,1.0,905.78,900.65,37.0,147.61000000000013,1131.0,567.0,564.0,1,,,,,,,,,,,,,,,,,,
180,2023-10-12,Afghanistan,Mongolia,1.0,0.0,FIFA World Cup qualification,Dushanbe,Tajikistan,1,2023,0,1,181,2023-09-21,158.0,157.0,-1.0,1014.25,1020.32,2023-09-21,183.0,183.0,0.0,908.71,908.71,25.0,105.53999999999996,1097.0,805.0,292.0,1,,,,,,,,,,,,,,,,,,
181,2023-10-12,Cambodia,Pakistan,0.0,0.0,FIFA World Cup qualification,Phnom Penh,Cambodia,0,2023,0,1,182,2023-09-21,177.0,176.0,-1.0,948.64,942.97,2023-09-21,197.0,201.0,4.0,847.67,847.67,20.0,100.97000000000004,863.0,852.0,11.0,0,,,,,,,,,,,,,,,,,,
182,2023-10-12,Chile,Peru,2.0,0.0,FIFA World Cup qualification,Santiago,Chile,0,2023,0,1,183,2023-09-21,36.0,32.0,-4.0,1504.75,1511.31,2023-09-21,22.0,21.0,-1.0,1551.91,1561.2,-14.0,-47.16000000000008,1706.0,1845.0,-139.0,1,0.3333333333333333,0.8,0.6666666666666666,0.59375,0.5308641975308641,0.4873046875,0.6666666666666666,1.0,1.2857142857142858,0.625,0.9739368998628259,1.23779296875,-0.3333333333333333,-0.19999999999999996,-0.6190476190476192,-0.03125,-0.44307270233196183,-0.75048828125
183,2023-10-12,Brazil,Venezuela,1.0,1.0,FIFA World Cup qualification,Cuiabá,Brazil,0,2023,0,1,184,2023-09-21,3.0,3.0,0.0,1837.61,1828.27,2023-09-21,53.0,57.0,4.0,1422.83,1417.23,50.0,414.78,2133.0,1691.0,442.0,0,2.3333333333333335,2.0,2.2857142857142856,2.654296875,2.4714897796745072,2.3688182830810547,1.0,0.6,1.0,1.59375,1.3950617283950617,1.4619140625,1.3333333333333335,1.4,1.2857142857142856,1.060546875,1.0764280512794455,0.9069042205810547
184,2023-10-12,Argentina,Paraguay,1.0,0.0,FIFA World Cup qualification,Buenos Aires,Argentina,0,2023,0,1,185,2023-09-21,1.0,1.0,0.0,1851.41,1843.73,2023-09-21,52.0,49.0,-3.0,1432.08,1442.64,51.0,419.33000000000015,2144.0,1727.0,417.0,1,2.3333333333333335,2.2,2.4285714285714284,2.6796875,2.5156564886788937,2.4479198455810547,0.3333333333333333,0.8,0.6666666666666666,0.4375,0.5185185185185185,0.50390625,2.0,1.4000000000000001,1.7619047619047619,2.2421875,1.997137970160375,1.9440135955810547
185,2023-10-12,Bolivia,Ecuador,1.0,2.0,FIFA World Cup qualification,La Paz,Bolivia,0,2023,0,1,186,2023-09-21,83.0,83.0,0.0,1287.86,1295.09,2023-09-21,38.0,40.0,2.0,1497.66,1486.47,-45.0,-209.80000000000013,1617.0,1842.0,-225.0,-1,0.0,0.0,0.0,0.0,0.0,0.0,1.0,1.4,1.1428571428571428,1.6796875,1.3987197073616826,1.28558349609375,-1.0,-1.4,-1.1428571428571428,-1.6796875,-1.3987197073616826,-1.28558349609375
186,2023-10-12,Colombia,Uruguay,2.0,2.0,FIFA World Cup qualification,Barranquilla,Colombia,0,2023,0,1,187,2023-09-21,16.0,17.0,1.0,1629.6,1624.91,2023-09-21,17.0,16.0,-1.0,1626.51,1633.13,1.0,3.089999999999918,1919.0,1904.0,15.0,0,2.3333333333333335,2.0,1.6666666666666667,1.8125,1.7407407407407405,1.55078125,2.0,1.4,1.8571428571428572,1.25,1.5720164609053497,1.775390625,0.3333333333333335,0.6000000000000001,-0.19047619047619047,0.5625,0.16872427983539073,-0.224609375
187,2023-10-12,Taiwan,Timor-Leste,4.0,0.0,FIFA World Cup qualification,Kaohsiung,Taiwan,0,2023,0,1,188,2023-09-21,154.0,153.0,-1.0,1023.66,1028.18,2023-09-21,192.0,192.0,0.0,860.45,860.45,38.0,163.20999999999992,909.0,650.0,259.0,1,,,,,,,,,,,,,,,,,,
188,2023-10-17,Laos,Nepal,0.0,1.0,FIFA World Cup qualification,Vientiane,Laos,0,2023,0,1,189,2023-09-21,186.0,187.0,1.0,899.58,899.58,2023-09-21,175.0,175.0,0.0,953.85,958.05,-11.0,-54.26999999999998,680.0,912.0,-232.0,-1,1.0,1.0,1.0,1.0,1.0,1.0,1.0,1.0,1.0,1.0,1.0,1.0,0.0,0.0,0.0,0.0,0.0,0.0
189,2023-10-17,Taiwan,Timor-Leste,3.0,0.0,FIFA World Cup qualification,Kaohsiung,Taiwan,0,2023,0,1,190,2023-09-21,154.0,153.0,-1.0,1023.66,1028.18,2023-09-21,192.0,192.0,0.0,860.45,860.45,38.0,163.20999999999992,927.0,619.0,308.0,1,3.0,3.0,3.0,3.0,3.0,3.0,0.0,0.0,0.0,0.0,0.0,0.0,3.0,3.0,3.0,3.0,3.0,3.0
190,2023-10-17,Sri Lanka,Yemen,1.0,1.0,FIFA World Cup qualification,Colombo,Sri Lanka,0,2023,0,1,191,2023-09-21,202.0,204.0,2.0,825.25,825.25,2023-09-21,156.0,156.0,0.0,1020.37,1020.37,-46.0,-195.12,671.0,1099.0,-428.0,0,0.0,0.0,0.0,0.0,0.0,0.0,3.0,3.0,3.0,3.0,3.0,3.0,-3.0,-3.0,-3.0,-3.0,-3.0,-3.0
191,2023-10-17,Pakistan,Cambodia,1.0,0.0,FIFA World Cup qualification,Islamabad,Pakistan,0,2023,0,1,192,2023-09-21,197.0,201.0,4.0,847.67,847.67,2023-09-21,177.0,176.0,-1.0,948.64,942.97,-20.0,-100.97000000000004,819.0,867.0,-48.0,1,1.0,1.0,1.0,1.0,1.0,1.0,1.0,1.0,1.0,1.0,1.0,1.0,0.0,0.0,0.0,0.0,0.0,0.0
192,2023-10-17,Mongolia,Afghanistan,0.0,1.0,FIFA World Cup qualification,Ulaanbaatar,Mongolia,0,2023,0,1,193,2023-09-21,183.0,183.0,0.0,908.71,908.71,2023-09-21,158.0,157.0,-1.0,1014.25,1020.32,-25.0,-105.53999999999996,805.0,1082.0,-277.0,-1,0.0,0.0,0.0,0.0,0.0,0.0,3.0,3.0,3.0,3.0,3.0,3.0,-3.0,-3.0,-3.0,-3.0,-3.0,-3.0
193,2023-10-17,Macau,Myanmar,0.0,0.0,FIFA World Cup qualification,Taipa,Macau,0,2023,0,1,194,2023-09-21,185.0,182.0,-3.0,903.89,913.68,2023-09-21,161.0,160.0,-1.0,1004.46,1000.26,-24.0,-100.57000000000004,657.0,928.0,-271.0,0,0.0,0.0,0.0,0.0,0.0,0.0,3.0,3.0,3.0,3.0,3.0,3.0,-3.0,-3.0,-3.0,-3.0,-3.0,-3.0
194,2023-10-17,Guam,Singapore,0.0,1.0,FIFA World Cup qualification,Dededo,Guam,0,2023,0,1,195,2023-09-21,201.0,203.0,2.0,838.33,838.33,2023-09-21,157.0,158.0,1.0,1016.47,1014.78,-44.0,-178.14,705.0,1132.0,-427.0,-1,0.0,0.0,0.0,0.0,0.0,0.0,3.0,3.0,3.0,3.0,3.0,3.0,-3.0,-3.0,-3.0,-3.0,-3.0,-3.0
195,2023-10-17,Bhutan,Hong Kong,2.0,0.0,FIFA World Cup qualification,Thimphu,Bhutan,0,2023,0,1,196,2023-09-21,184.0,185.0,1.0,905.78,900.65,2022-03-31,147.0,148.0,1.0,1053.39,1053.39,-37.0,-147.61000000000013,566.0,1122.0,-556.0,1,0.0,0.0,0.0,0.0,0.0,0.0,3.0,3.0,3.0,3.0,3.0,3.0,-3.0,-3.0,-3.0,-3.0,-3.0,-3.0
196,2023-10-17,Bangladesh,Maldives,2.0,1.0,FIFA World Cup qualification,Dhaka,Bangladesh,0,2023,0,1,197,2023-09-21,189.0,189.0,0.0,894.23,892.44,2023-09-21,155.0,155.0,0.0,1021.85,1021.85,-34.0,-127.62,912.0,896.0,16.0,1,1.0,1.0,1.0,1.0,1.0,1.0,1.0,1.0,1.0,1.0,1.0,1.0,0.0,0.0,0.0,0.0,0.0,0.0
197,2023-10-17,Uruguay,Brazil,2.0,0.0,FIFA World Cup qualification,Montevideo,Uruguay,0,2023,0,1,198,2023-09-21,17.0,16.0,-1.0,1626.51,1633.13,2023-09-21,3.0,3.0,0.0,1837.61,1828.27,-14.0,-211.0999999999999,1904.0,2133.0,-229.0,1,1.3333333333333333,1.4,1.5714285714285714,1.125,1.3813443072702332,1.58154296875,2.3333333333333335,2.2,2.0,1.8271484375,1.9809931864496715,2.026613712310791,-1.0000000000000002,-0.8000000000000003,-0.4285714285714286,-0.7021484375,-0.5996488791794383,-0.445070743560791
198,2023-10-17,Peru,Argentina,0.0,2.0,FIFA World Cup qualification,Lima,Peru,0,2023,0,1,199,2023-09-21,22.0,21.0,-1.0,1551.91,1561.2,2023-09-21,1.0,1.0,0.0,1851.41,1843.73,-21.0,-299.5,1798.0,2144.0,-346.0,-1,0.3333333333333333,1.0,0.8571428571428571,0.3125,0.6492912665752174,0.9283447265625,3.0,2.6,2.4285714285714284,2.83984375,2.677104325785929,2.585939884185791,-2.6666666666666665,-1.6,-1.5714285714285712,-2.52734375,-2.0278130592107115,-1.657595157623291
199,2023-10-17,Paraguay,Bolivia,1.0,0.0,FIFA World Cup qualification,Asunción,Paraguay,0,2023,0,1,200,2023-09-21,52.0,49.0,-3.0,1432.08,1442.64,2023-09-21,83.0,83.0,0.0,1287.86,1295.09,31.0,144.22000000000003,1727.0,1584.0,143.0,1,0.3333333333333333,0.8,0.5714285714285714,0.21875,0.34567901234567905,0.3779296875,0.0,0.0,0.0,0.0,0.0,0.0,0.3333333333333333,0.8,0.5714285714285714,0.21875,0.34567901234567905,0.3779296875
200,2023-10-17,Ecuador,Colombia,0.0,0.0,FIFA World Cup qualification,Quito,Ecuador,0,2023,0,1,201,2023-09-21,38.0,40.0,2.0,1497.66,1486.47,2023-09-21,16.0,17.0,1.0,1629.6,1624.91,-22.0,-131.93999999999983,1842.0,1919.0,-77.0,0,2.0,1.4,1.5714285714285714,2.33984375,1.9324798049077883,1.7141876220703125,1.6666666666666667,2.2,1.5714285714285714,1.40625,1.4938271604938271,1.4130859375,0.33333333333333326,-0.8000000000000003,0.0,0.93359375,0.4386526444139611,0.3011016845703125
201,2023-10-17,Venezuela,Chile,3.0,0.0,FIFA World Cup qualification,Maturín,Venezuela,0,2023,0,1,202,2023-09-21,53.0,57.0,4.0,1422.83,1417.23,2023-09-21,36.0,32.0,-4.0,1504.75,1511.31,-17.0,-81.92000000000007,1728.0,1739.0,-11.0,1,1.3333333333333333,0.8,1.0,1.296875,1.263374485596708,1.346435546875,1.3333333333333333,0.8,1.0,1.796875,1.3539094650205759,1.115478515625,0.0,0.0,0.0,-0.5,-0.0905349794238679,0.23095703125
202,2023-10-17,Brunei,Indonesia,0.0,6.0,FIFA World Cup qualification,Bandar Seri Begawan,Brunei,0,2023,0,1,203,2023-09-21,191.0,190.0,-1.0,887.58,891.12,2023-09-21,147.0,150.0,3.0,1052.87,1047.46,-44.0,-165.28999999999985,601.0,1297.0,-696.0,-1,0.0,0.0,0.0,0.0,0.0,0.0,3.0,3.0,3.0,3.0,3.0,3.0,-3.0,-3.0,-3.0,-3.0,-3.0,-3.0
203,2023-11-15,DR Congo,Mauritania,2.0,0.0,FIFA World Cup qualification,Kinshasa,DR Congo,0,2023,0,1,204,2023-10-26,65.0,64.0,-1.0,1366.18,1369.59,2023-10-26,101.0,99.0,-2.0,1208.99,1207.39,36.0,157.19000000000003,1453.0,1372.0,81.0,1,0.5,0.5,0.5,0.5,0.6666666666666667,0.75,,,,,,,,,,,,
204,2023-11-15,Ethiopia,Sierra Leone,0.0,0.0,FIFA World Cup qualification,El Jadida,Morocco,1,2023,0,1,205,2023-10-26,143.0,142.0,-1.0,1072.54,1072.54,2023-10-26,122.0,124.0,2.0,1145.12,1144.16,-21.0,-72.57999999999993,1352.0,1333.0,19.0,0,,,,,,,,,,,,,,,,,,
205,2023-11-15,Rwanda,Zimbabwe,0.0,0.0,FIFA World Cup qualification,Butare,Rwanda,0,2023,0,1,206,2023-10-26,140.0,139.0,-1.0,1087.03,1087.03,2023-10-26,125.0,125.0,0.0,1138.56,1138.56,-15.0,-51.52999999999997,1271.0,1333.0,-62.0,0,,,,,,,,,,,,,,,,,,
206,2023-11-15,Equatorial Guinea,Namibia,0.0,3.0,FIFA World Cup qualification,Malabo,Equatorial Guinea,0,2023,0,1,207,2023-10-26,91.0,92.0,1.0,1250.46,1248.98,2023-10-26,114.0,114.0,0.0,1172.41,1172.41,23.0,78.04999999999995,1467.0,1414.0,53.0,-1,,,,,,,,,,,,,,,,,,
207,2023-11-16,Lebanon,Palestine,0.0,0.0,FIFA World Cup qualification,Sharjah,United Arab Emirates,1,2023,0,1,208,2023-10-26,104.0,101.0,-3.0,1198.25,1205.56,2023-10-26,96.0,97.0,1.0,1224.05,1224.05,-8.0,-25.799999999999955,1311.0,1432.0,-121.0,0,0.3333333333333333,0.25,0.25,0.125,0.14814814814814817,0.140625,,,,,,,,,,,,
208,2023-11-16,Yemen,Bahrain,0.0,2.0,FIFA World Cup qualification,Abha,Saudi Arabia,1,2023,0,1,209,2023-10-26,156.0,156.0,0.0,1023.59,1020.37,2023-10-26,83.0,86.0,3.0,1281.46,1273.54,-73.0,-257.87,1099.0,1480.0,-381.0,-1,2.0,2.0,2.0,2.0,2.333333333333333,2.5,,,,,,,,,,,,
209,2023-11-16,Tajikistan,Jordan,1.0,1.0,FIFA World Cup qualification,Dushanbe,Tajikistan,0,2023,0,1,210,2023-10-26,109.0,110.0,1.0,1187.23,1183.01,2023-10-26,82.0,84.0,2.0,1284.39,1286.36,-27.0,-97.16000000000008,1321.0,1590.0,-269.0,0,,,,,,,,,,,,,,,,,,
210,2023-11-16,Australia,Bangladesh,7.0,0.0,FIFA World Cup qualification,Melbourne,Australia,0,2023,0,1,211,2023-10-26,27.0,27.0,0.0,1531.25,1531.72,2023-10-26,183.0,189.0,6.0,912.6,894.23,156.0,618.65,1773.0,912.0,861.0,1,2.0,1.4,1.4285714285714286,1.2109375,1.3996850073667633,1.4917373657226562,2.0,2.0,2.0,2.0,1.6666666666666665,1.5,0.0,-0.6000000000000001,-0.5714285714285714,-0.7890625,-0.26698165929990325,-0.00826263427734375
211,2023-11-16,Saudi Arabia,Pakistan,4.0,0.0,FIFA World Cup qualification,Al Hofuf,Saudi Arabia,0,2023,0,1,212,2023-10-26,57.0,57.0,0.0,1408.85,1412.82,2023-10-26,193.0,197.0,4.0,864.84,847.67,136.0,544.0099999999999,1644.0,819.0,825.0,1,1.0,1.4,1.4285714285714286,0.640625,1.0699588477366258,1.351318359375,2.0,2.0,2.0,2.0,1.6666666666666665,1.5,-1.0,-0.6000000000000001,-0.5714285714285714,-1.359375,-0.5967078189300408,-0.148681640625
212,2023-11-16,Egypt,Djibouti,6.0,0.0,FIFA World Cup qualification,Cairo,Egypt,0,2023,0,1,213,2023-10-26,35.0,35.0,0.0,1511.95,1508.93,2023-10-26,189.0,190.0,1.0,889.2,889.2,154.0,622.75,1660.0,752.0,908.0,1,1.5,1.5,1.5,1.5,2.0,2.25,,,,,,,,,,,,
213,2023-11-16,Botswana,Mozambique,2.0,3.0,FIFA World Cup qualification,Francistown,Botswana,0,2023,0,1,214,2023-10-26,148.0,149.0,1.0,1055.85,1050.69,2023-10-26,113.0,113.0,0.0,1176.58,1179.03,-35.0,-120.73000000000002,1326.0,1311.0,15.0,-1,,,,,,,,,,,,,,,,,,
214,2023-11-16,Nigeria,Lesotho,1.0,1.0,FIFA World Cup qualification,Uyo,Nigeria,0,2023,0,1,215,2023-10-26,40.0,40.0,0.0,1490.48,1488.86,2023-10-26,153.0,152.0,-1.0,1034.18,1034.18,113.0,456.3,1657.0,1229.0,428.0,0,1.0,1.0,1.0,1.0,1.0,1.0,,,,,,,,,,,,
215,2023-11-16,Cape Verde,Angola,0.0,0.0,FIFA World Cup qualification,Praia,Cape Verde,0,2023,0,1,216,2023-10-26,74.0,71.0,-3.0,1326.93,1337.29,2023-10-26,116.0,117.0,1.0,1169.64,1167.7,42.0,157.28999999999996,1481.0,1398.0,83.0,0,,,,,,,,,,,,,,,,,,
216,2023-11-16,Burundi,Gambia,3.0,2.0,FIFA World Cup qualification,Dar es Salaam,Tanzania,1,2023,0,1,217,2023-10-26,142.0,141.0,-1.0,1080.43,1080.43,2022-03-31,123.0,125.0,2.0,1138.19,1135.18,-19.0,-57.75999999999999,1246.0,1443.0,-197.0,1,,,,,,,,,,,,,,,,,,
217,2023-11-16,Gabon,Kenya,2.0,1.0,FIFA World Cup qualification,Franceville,Gabon,0,2023,0,1,218,2023-10-26,86.0,88.0,2.0,1270.8,1270.55,2023-10-26,110.0,109.0,-1.0,1186.85,1184.14,24.0,83.95000000000005,1494.0,1371.0,123.0,1,,,,,,,,,,,,,,,,,,
218,2023-11-16,Philippines,Vietnam,0.0,2.0,FIFA World Cup qualification,Manila,Philippines,0,2023,0,1,219,2023-10-26,138.0,132.0,-6.0,1095.94,1099.29,2023-10-26,94.0,95.0,1.0,1236.25,1243.14,-44.0,-140.30999999999997,1046.0,1425.0,-379.0,-1,,,,,,,1.3333333333333333,1.0,1.0,0.875,0.7777777777777777,0.671875,,,,,,
219,2023-11-16,Algeria,Somalia,3.0,1.0,FIFA World Cup qualification,Algiers,Algeria,0,2023,0,1,220,2023-10-26,33.0,34.0,1.0,1512.9,1509.5,2023-10-26,196.0,194.0,-2.0,852.06,854.72,163.0,660.8400000000001,1704.0,857.0,847.0,1,1.5,1.5,1.5,1.5,2.0,2.25,,,,,,,,,,,,
220,2023-11-16,Sudan,Togo,1.0,1.0,FIFA World Cup qualification,Benghazi,Libya,1,2023,0,1,221,2023-10-26,130.0,130.0,0.0,1109.22,1109.22,2023-10-26,119.0,119.0,0.0,1158.24,1158.24,-11.0,-49.01999999999998,1296.0,1319.0,-23.0,0,,,,,,,,,,,,,,,,,,
221,2023-11-16,Iraq,Indonesia,5.0,1.0,FIFA World Cup qualification,Basra,Iraq,0,2023,0,1,222,2023-10-26,68.0,69.0,1.0,1349.73,1347.38,2023-10-26,145.0,147.0,2.0,1069.82,1052.87,77.0,279.9100000000001,1575.0,1297.0,278.0,1,1.6666666666666667,1.25,1.25,1.375,1.148148148148148,0.953125,3.0,3.0,3.0,3.0,3.0,3.0,-1.3333333333333333,-1.75,-1.75,-1.625,-1.851851851851852,-2.046875
222,2023-11-16,United Arab Emirates,Nepal,4.0,0.0,FIFA World Cup qualification,Dubai,United Arab Emirates,0,2023,0,1,223,2023-10-26,69.0,70.0,1.0,1348.87,1342.43,2023-10-26,173.0,175.0,2.0,963.82,953.85,104.0,385.04999999999984,1486.0,912.0,574.0,1,1.0,1.2,1.2,0.9375,1.2592592592592593,1.51171875,2.0,2.0,2.0,2.0,1.6666666666666665,1.5,-1.0,-0.8,-0.8,-1.0625,-0.4074074074074072,0.01171875
223,2023-11-16,Iran,Hong Kong,4.0,0.0,FIFA World Cup qualification,Tehran,Iran,0,2023,0,1,224,2023-10-26,21.0,21.0,0.0,1567.3,1561.26,2022-03-31,147.0,148.0,1.0,1053.39,1053.39,126.0,513.9099999999999,1780.0,1122.0,658.0,1,1.0,1.2,1.7142857142857142,1.03125,1.358024691358025,1.5908203125,1.5,1.5,1.5,1.5,2.0,2.25,-0.5,-0.30000000000000004,0.2142857142857142,-0.46875,-0.641975308641975,-0.6591796875
224,2023-11-16,Turkmenistan,Uzbekistan,1.0,3.0,FIFA World Cup qualification,Ashgabat,Turkmenistan,0,2023,0,1,225,2023-10-26,141.0,140.0,-1.0,1086.12,1086.12,2023-10-26,73.0,75.0,2.0,1333.09,1328.35,-68.0,-246.97000000000003,1250.0,1575.0,-325.0,-1,,,,,,,,,,,,,,,,,,
225,2023-11-16,Bolivia,Peru,2.0,0.0,FIFA World Cup qualification,La Paz,Bolivia,0,2023,0,1,226,2023-10-26,85.0,83.0,-2.0,1271.09,1287.86,2023-10-26,26.0,22.0,-4.0,1532.57,1551.91,-59.0,-261.48,1584.0,1798.0,-214.0,1,0.0,0.0,0.0,0.0,0.0,0.0,0.0,0.4,0.7142857142857143,0.15625,0.4328608443834783,0.696258544921875,0.0,-0.4,-0.7142857142857143,-0.15625,-0.4328608443834783,-0.696258544921875
226,2023-11-16,Venezuela,Ecuador,0.0,0.0,FIFA World Cup qualification,Maturín,Venezuela,0,2023,0,1,227,2023-10-26,49.0,53.0,4.0,1445.67,1422.83,2023-10-26,36.0,38.0,2.0,1508.31,1497.66,-13.0,-62.63999999999987,1728.0,1842.0,-114.0,0,2.3333333333333335,1.4,1.0,2.1484375,1.842249657064472,1.75982666015625,2.3333333333333335,1.4,1.5714285714285714,1.669921875,1.621653203271859,1.5356407165527344,0.0,0.0,-0.5714285714285714,0.478515625,0.22059645379261306,0.22418594360351562
227,2023-11-16,Colombia,Brazil,2.0,1.0,FIFA World Cup qualification,Barranquilla,Colombia,0,2023,0,1,228,2023-10-26,17.0,16.0,-1.0,1626.6,1629.6,2023-10-26,3.0,3.0,0.0,1812.2,1837.61,-14.0,-185.6000000000001,1919.0,2133.0,-214.0,1,1.0,1.8,1.7142857142857142,1.203125,1.3292181069958848,1.309814453125,1.3333333333333333,1.6,1.5714285714285714,0.91357421875,1.3206621242997811,1.5199602842330933,-0.33333333333333326,0.19999999999999996,0.1428571428571428,0.28955078125,0.008555982696103692,-0.21014583110809326
228,2023-11-16,Argentina,Uruguay,0.0,2.0,FIFA World Cup qualification,Buenos Aires,Argentina,0,2023,0,1,229,2023-10-26,1.0,1.0,0.0,1861.29,1851.41,2023-10-26,15.0,17.0,2.0,1643.72,1626.51,14.0,217.57,2144.0,1904.0,240.0,-1,3.0,2.6,2.4285714285714284,2.919921875,2.784736217190619,2.6894549131393433,1.3333333333333333,2.0,1.5714285714285714,2.0625,1.920896204846822,1.9361572265625,1.6666666666666667,0.6000000000000001,0.857142857142857,0.857421875,0.8638400123437968,0.7532976865768433
229,2023-11-16,Chile,Paraguay,0.0,0.0,FIFA World Cup qualification,Santiago,Chile,0,2023,0,1,230,2023-10-26,37.0,36.0,-1.0,1503.81,1504.75,2023-10-26,53.0,52.0,-1.0,1436.96,1432.08,16.0,66.84999999999991,1739.0,1727.0,12.0,0,1.3333333333333333,0.8,1.0,0.8984375,0.9026063100137174,0.83660888671875,1.0,0.8,1.0,1.609375,1.2304526748971192,1.033447265625,0.33333333333333326,0.0,0.0,-0.7109375,-0.3278463648834018,-0.19683837890625
230,2023-11-16,Kuwait,India,0.0,1.0,FIFA World Cup qualification,Kuwait City,Kuwait,0,2023,0,1,231,2023-10-26,136.0,135.0,-1.0,1097.05,1093.38,2023-10-26,102.0,102.0,0.0,1198.84,1204.88,-34.0,-101.78999999999996,1385.0,1240.0,145.0,-1,,,,,,,,,,,,,,,,,,
231,2023-11-16,Qatar,Afghanistan,8.0,1.0,FIFA World Cup qualification,Al Rayyan,Qatar,0,2023,0,1,232,2023-10-26,61.0,61.0,0.0,1394.16,1395.57,2023-10-26,154.0,158.0,4.0,1033.8,1014.25,93.0,360.3600000000001,1577.0,1082.0,495.0,1,0.0,0.0,0.0,0.0,0.0,0.0,3.0,3.0,3.0,3.0,3.0,3.0,-3.0,-3.0,-3.0,-3.0,-3.0,-3.0
232,2023-11-16,Syria,North Korea,1.0,0.0,FIFA World Cup qualification,Jeddah,Saudi Arabia,1,2023,0,1,233,2023-10-26,92.0,93.0,1.0,1239.37,1245.81,2023-10-26,115.0,116.0,1.0,1169.96,1169.96,23.0,69.40999999999985,1423.0,1379.0,44.0,1,1.3333333333333333,1.0,1.0,1.25,0.9999999999999999,0.8125,,,,,,,,,,,,
233,2023-11-16,Thailand,China PR,1.0,2.0,FIFA World Cup qualification,Bangkok,Thailand,0,2023,0,1,234,2023-10-26,112.0,112.0,0.0,1177.15,1181.21,2023-10-26,79.0,80.0,1.0,1296.99,1297.25,-33.0,-119.83999999999992,1384.0,1475.0,-91.0,-1,,,,,,,0.3333333333333333,0.25,0.25,0.25,0.2222222222222222,0.1875,,,,,,
234,2023-11-16,South Korea,Singapore,5.0,0.0,FIFA World Cup qualification,Seoul,South Korea,0,2023,0,1,235,2023-10-26,24.0,26.0,2.0,1540.35,1533.01,2023-10-26,155.0,157.0,2.0,1032.89,1016.47,131.0,507.4599999999998,1788.0,1132.0,656.0,1,1.0,0.8,1.4285714285714286,0.90625,1.160493827160494,1.3798828125,3.0,3.0,3.0,3.0,3.0,3.0,-2.0,-2.2,-1.5714285714285714,-2.09375,-1.839506172839506,-1.6201171875
235,2023-11-16,Oman,Taiwan,3.0,0.0,FIFA World Cup qualification,Muscat,Oman,0,2023,0,1,236,2023-10-26,72.0,73.0,1.0,1334.37,1334.37,2023-10-26,152.0,154.0,2.0,1040.7,1023.66,80.0,293.66999999999985,1575.0,927.0,648.0,1,2.3333333333333335,1.75,1.75,2.375,1.8148148148148144,1.453125,3.0,3.0,3.0,3.0,3.0,3.0,-0.6666666666666665,-1.25,-1.25,-0.625,-1.1851851851851856,-1.546875
236,2023-11-16,Malaysia,Kyrgyzstan,4.0,3.0,FIFA World Cup qualification,Kuala Lumpur,Malaysia,0,2023,0,1,237,2023-10-26,137.0,134.0,-3.0,1096.72,1094.9,2023-10-26,97.0,96.0,-1.0,1224.03,1228.6,-40.0,-127.30999999999996,1256.0,1251.0,5.0,1,,,,,,,,,,,,,,,,,,
237,2023-11-16,Japan,Myanmar,5.0,0.0,FIFA World Cup qualification,Suita,Japan,0,2023,0,1,238,2023-10-26,18.0,19.0,1.0,1612.99,1605.2,2023-10-26,158.0,161.0,3.0,1011.73,1004.46,140.0,601.26,1851.0,928.0,923.0,1,1.3333333333333333,1.6,2.0,1.5625,1.7572016460905349,1.919921875,2.0,2.0,2.0,2.0,2.333333333333333,2.5,-0.6666666666666667,-0.3999999999999999,0.0,-0.4375,-0.5761316872427982,-0.580078125
238,2023-11-17,Tunisia,São Tomé and Príncipe,4.0,0.0,FIFA World Cup qualification,Radès,Tunisia,0,2023,0,1,239,2023-10-26,32.0,29.0,-3.0,1516.14,1525.23,2023-10-26,186.0,188.0,2.0,897.69,897.69,154.0,618.45,1745.0,1063.0,682.0,1,1.3333333333333333,1.6,1.6,1.875,1.8395061728395061,1.9453125,,,,,,,,,,,,
239,2023-11-17,Mali,Chad,3.0,1.0,FIFA World Cup qualification,Bamako,Mali,0,2023,0,1,240,2023-10-26,47.0,49.0,2.0,1449.75,1441.72,2023-10-26,179.0,181.0,2.0,930.22,930.22,132.0,519.53,1595.0,1250.0,345.0,1,0.5,0.5,0.5,0.5,0.33333333333333326,0.25,,,,,,,,,,,,
240,2023-11-17,Ghana,Madagascar,1.0,0.0,FIFA World Cup qualification,Kumasi,Ghana,0,2023,0,1,241,2023-10-26,60.0,60.0,0.0,1394.74,1400.0,2023-10-26,108.0,108.0,0.0,1188.57,1187.8,48.0,206.17000000000007,1593.0,1254.0,339.0,1,1.0,1.0,1.0,0.875,0.9629629629629629,0.984375,,,,,,,,,,,,
241,2023-11-17,Comoros,Central African Republic,4.0,2.0,FIFA World Cup qualification,Moroni,Comoros,0,2023,0,1,242,2023-10-26,128.0,129.0,1.0,1125.57,1118.62,2023-10-26,127.0,127.0,0.0,1126.72,1126.72,-1.0,-1.150000000000091,1253.0,1336.0,-83.0,1,,,,,,,,,,,,,,,,,,
242,2023-11-17,Liberia,Malawi,0.0,1.0,FIFA World Cup qualification,Monrovia,Liberia,0,2023,0,1,243,2023-10-26,151.0,150.0,-1.0,1041.5,1047.85,2023-10-26,123.0,123.0,0.0,1144.29,1144.29,-28.0,-102.78999999999996,1308.0,1296.0,12.0,-1,,,,,,,,,,,,,,,,,,
243,2023-11-17,Eswatini,Libya,0.0,1.0,FIFA World Cup qualification,Mbombela,South Africa,1,2023,0,1,244,2023-10-26,146.0,144.0,-2.0,1063.13,1065.69,2023-10-26,126.0,126.0,0.0,1137.64,1133.6,-20.0,-74.50999999999999,1298.0,1338.0,-40.0,-1,,,,,,,,,,,,,,,,,,
244,2023-11-17,Ivory Coast,Seychelles,9.0,0.0,FIFA World Cup qualification,Abidjan,Ivory Coast,0,2023,0,1,245,2023-10-26,52.0,50.0,-2.0,1439.17,1437.89,2023-10-26,195.0,195.0,0.0,853.5,853.5,143.0,585.6700000000001,1667.0,874.0,793.0,1,,,,,,,,,,,,,,,,,,
245,2023-11-17,Zambia,Congo,4.0,2.0,FIFA World Cup qualification,Ndola,Zambia,0,2023,0,1,246,2023-10-26,81.0,82.0,1.0,1291.34,1289.63,2023-10-26,106.0,107.0,1.0,1189.9,1189.9,25.0,101.43999999999984,1504.0,1263.0,241.0,1,,,,,,,,,,,,,,,,,,
246,2023-11-17,Cameroon,Mauritius,3.0,0.0,FIFA World Cup qualification,Douala,Cameroon,0,2023,0,1,247,2023-10-26,43.0,41.0,-2.0,1466.98,1475.6,2023-10-26,177.0,178.0,1.0,942.64,942.64,134.0,524.34,1631.0,963.0,668.0,1,1.3333333333333333,1.4,1.4,1.9375,1.5185185185185182,1.25390625,,,,,,,,,,,,
247,2023-11-17,Burkina Faso,Guinea-Bissau,1.0,1.0,FIFA World Cup qualification,Marrakech,Morocco,1,2023,0,1,248,2023-10-26,56.0,58.0,2.0,1410.59,1408.87,2023-10-26,110.0,106.0,-4.0,1186.85,1190.88,54.0,223.74,1598.0,1383.0,215.0,0,,,,,,,,,,,,,,,,,,
248,2023-11-17,Guinea,Uganda,2.0,1.0,FIFA World Cup qualification,Berkane,Morocco,1,2023,0,1,249,2023-10-26,80.0,81.0,1.0,1296.89,1293.11,2023-10-26,90.0,89.0,-1.0,1251.94,1259.97,10.0,44.950000000000045,1387.0,1389.0,-2.0,1,,,,,,,,,,,,,,,,,,
249,2023-11-18,Senegal,South Sudan,4.0,0.0,FIFA World Cup qualification,Diamniadio,Senegal,0,2023,0,1,250,2023-10-26,20.0,20.0,0.0,1600.82,1597.01,2023-10-26,167.0,167.0,0.0,986.56,986.56,147.0,614.26,1745.0,1136.0,609.0,1,2.0,1.8,1.5,1.21875,1.308641975308642,1.2216796875,,,,,,,,,,,,
250,2023-11-18,South Africa,Benin,2.0,1.0,FIFA World Cup qualification,Durban,South Africa,0,2023,0,1,251,2023-10-26,64.0,65.0,1.0,1366.35,1368.25,2023-10-26,93.0,94.0,1.0,1238.89,1245.44,29.0,127.4599999999998,1540.0,1476.0,64.0,1,,,,,,,,,,,,,,,,,,
251,2023-11-18,Niger,Tanzania,0.0,1.0,FIFA World Cup qualification,Marrakech,Morocco,1,2023,0,1,252,2023-10-26,129.0,128.0,-1.0,1122.81,1120.01,2023-10-26,121.0,122.0,1.0,1146.46,1146.46,-8.0,-23.65000000000009,1239.0,1313.0,-74.0,-1,,,,,,,,,,,,,,,,,,
252,2023-11-19,Burundi,Gabon,1.0,2.0,FIFA World Cup qualification,Dar es Salaam,Tanzania,1,2023,0,1,253,2023-10-26,142.0,141.0,-1.0,1080.43,1080.43,2023-10-26,86.0,88.0,2.0,1270.8,1270.55,-56.0,-190.3699999999999,1246.0,1494.0,-248.0,-1,3.0,3.0,3.0,3.0,3.0,3.0,3.0,3.0,3.0,3.0,3.0,3.0,0.0,0.0,0.0,0.0,0.0,0.0
253,2023-11-19,Sierra Leone,Egypt,0.0,2.0,FIFA World Cup qualification,Monrovia,Liberia,1,2023,0,1,254,2023-10-26,122.0,124.0,2.0,1145.12,1144.16,2023-10-26,35.0,35.0,0.0,1511.95,1508.93,-87.0,-366.83000000000015,1333.0,1660.0,-327.0,-1,1.0,1.0,1.0,1.0,1.0,1.0,2.0,2.0,2.0,2.25,2.333333333333333,2.4375,-1.0,-1.0,-1.0,-1.25,-1.333333333333333,-1.4375
254,2023-11-19,Sudan,DR Congo,1.0,0.0,FIFA World Cup qualification,Benghazi,Libya,1,2023,0,1,255,2023-10-26,130.0,130.0,0.0,1109.22,1109.22,2023-10-26,65.0,64.0,-1.0,1366.18,1369.59,-65.0,-256.96000000000004,1296.0,1453.0,-157.0,1,1.0,1.0,1.0,1.0,1.0,1.0,1.3333333333333333,1.3333333333333333,1.3333333333333333,1.75,1.4444444444444442,1.3125,-0.33333333333333326,-0.33333333333333326,-0.33333333333333326,-0.75,-0.4444444444444442,-0.3125
255,2023-11-19,Zimbabwe,Nigeria,1.0,1.0,FIFA World Cup qualification,Butare,Rwanda,1,2023,0,1,256,2023-10-26,125.0,125.0,0.0,1138.56,1138.56,2023-10-26,40.0,40.0,0.0,1490.48,1488.86,-85.0,-351.9200000000001,1333.0,1657.0,-324.0,0,1.0,1.0,1.0,1.0,1.0,1.0,1.0,1.0,1.0,1.0,1.0,1.0,0.0,0.0,0.0,0.0,0.0,0.0
256,2023-11-19,Mozambique,Algeria,0.0,2.0,FIFA World Cup qualification,Maputo,Mozambique,0,2023,0,1,257,2023-10-26,113.0,113.0,0.0,1176.58,1179.03,2023-10-26,33.0,34.0,1.0,1512.9,1509.5,-80.0,-336.32000000000016,1311.0,1704.0,-393.0,-1,3.0,3.0,3.0,3.0,3.0,3.0,2.0,2.0,2.0,2.25,2.333333333333333,2.4375,1.0,1.0,1.0,0.75,0.666666666666667,0.5625
257,2023-11-20,Mali,Central African Republic,1.0,1.0,FIFA World Cup qualification,Bamako,Mali,0,2023,0,1,258,2023-10-26,47.0,49.0,2.0,1449.75,1441.72,2023-10-26,127.0,127.0,0.0,1126.72,1126.72,80.0,323.03,1631.0,1286.0,345.0,0,1.3333333333333333,1.3333333333333333,1.3333333333333333,1.75,1.2222222222222219,0.9375,0.0,0.0,0.0,0.0,0.0,0.0,1.3333333333333333,1.3333333333333333,1.3333333333333333,1.75,1.2222222222222219,0.9375
258,2023-11-20,Liberia,Equatorial Guinea,3.0,0.0,FIFA World Cup qualification,Monrovia,Liberia,0,2023,0,1,259,2023-10-26,151.0,150.0,-1.0,1041.5,1047.85,2023-10-26,91.0,92.0,1.0,1250.46,1248.98,-60.0,-208.96000000000004,1270.0,1467.0,-197.0,1,0.0,0.0,0.0,0.0,0.0,0.0,0.0,0.0,0.0,0.0,0.0,0.0,0.0,0.0,0.0,0.0,0.0,0.0
259,2023-11-20,Chad,Madagascar,0.0,3.0,FIFA World Cup qualification,Oujda,Morocco,1,2023,0,1,260,2023-10-26,179.0,181.0,2.0,930.22,930.22,2023-10-26,108.0,108.0,0.0,1188.57,1187.8,-71.0,-258.3499999999999,1178.0,1288.0,-110.0,-1,0.0,0.0,0.0,0.0,0.0,0.0,0.0,0.0,0.0,0.0,0.0,0.0,0.0,0.0,0.0,0.0,0.0,0.0
260,2023-11-20,Gambia,Ivory Coast,0.0,2.0,FIFA World Cup qualification,Dar es Salaam,Tanzania,1,2023,0,1,261,2022-03-31,123.0,125.0,2.0,1138.19,1135.18,2023-10-26,52.0,50.0,-2.0,1439.17,1437.89,-71.0,-300.98,1443.0,1667.0,-224.0,-1,0.0,0.0,0.0,0.0,0.0,0.0,3.0,3.0,3.0,3.0,3.0,3.0,-3.0,-3.0,-3.0,-3.0,-3.0,-3.0
261,2023-11-20,Djibouti,Guinea-Bissau,0.0,1.0,FIFA World Cup qualification,Cairo,Egypt,1,2023,0,1,262,2023-10-26,189.0,190.0,1.0,889.2,889.2,2023-10-26,110.0,106.0,-4.0,1186.85,1190.88,-79.0,-297.64999999999986,752.0,1411.0,-659.0,-1,0.0,0.0,0.0,0.0,0.0,0.0,1.0,1.0,1.0,1.0,1.0,1.0,-1.0,-1.0,-1.0,-1.0,-1.0,-1.0
262,2023-11-20,Seychelles,Kenya,0.0,5.0,FIFA World Cup qualification,Abidjan,Ivory Coast,1,2023,0,1,263,2023-10-26,195.0,195.0,0.0,853.5,853.5,2023-10-26,110.0,109.0,-1.0,1186.85,1184.14,-85.0,-333.3499999999999,859.0,1371.0,-512.0,-1,0.0,0.0,0.0,0.0,0.0,0.0,0.0,0.0,0.0,0.0,0.0,0.0,0.0,0.0,0.0,0.0,0.0,0.0
263,2023-11-21,Palestine,Australia,0.0,1.0,FIFA World Cup qualification,Kuwait City,Kuwait,1,2023,0,1,264,2023-10-26,96.0,97.0,1.0,1224.05,1224.05,2023-10-26,27.0,27.0,0.0,1531.25,1531.72,-69.0,-307.20000000000005,1432.0,1773.0,-341.0,-1,1.0,1.0,1.0,1.0,1.0,1.0,2.0,1.8,1.8571428571428572,2.10546875,1.9331233382445088,1.8688030242919922,-1.0,-0.8,-0.8571428571428572,-1.10546875,-0.9331233382445088,-0.8688030242919922
264,2023-11-21,Bangladesh,Lebanon,1.0,1.0,FIFA World Cup qualification,Dhaka,Bangladesh,0,2023,0,1,265,2023-10-26,183.0,189.0,6.0,912.6,894.23,2023-10-26,104.0,101.0,-3.0,1198.25,1205.56,-79.0,-285.65,912.0,1311.0,-399.0,0,1.3333333333333333,1.3333333333333333,1.3333333333333333,1.0,1.1111111111111112,1.125,0.3333333333333333,0.4,0.4,0.5625,0.4320987654320987,0.35546875,1.0,0.9333333333333332,0.9333333333333332,0.4375,0.6790123456790125,0.76953125
265,2023-11-21,Ethiopia,Burkina Faso,0.0,3.0,FIFA World Cup qualification,El Jadida,Morocco,1,2023,0,1,266,2023-10-26,143.0,142.0,-1.0,1072.54,1072.54,2023-10-26,56.0,58.0,2.0,1410.59,1408.87,-87.0,-338.04999999999995,1352.0,1549.0,-197.0,-1,1.0,1.0,1.0,1.0,1.0,1.0,1.0,1.0,1.0,1.0,1.0,1.0,0.0,0.0,0.0,0.0,0.0,0.0
266,2023-11-21,South Sudan,Mauritania,0.0,0.0,FIFA World Cup qualification,Diamniadio,Senegal,1,2023,0,1,267,2023-10-26,167.0,167.0,0.0,986.56,986.56,2023-10-26,101.0,99.0,-2.0,1208.99,1207.39,-66.0,-222.4300000000001,1136.0,1372.0,-236.0,0,0.0,0.0,0.0,0.0,0.0,0.0,0.0,0.0,0.0,0.0,0.0,0.0,0.0,0.0,0.0,0.0,0.0,0.0
267,2023-11-21,Togo,Senegal,0.0,0.0,FIFA World Cup qualification,Lomé,Togo,0,2023,0,1,268,2023-10-26,119.0,119.0,0.0,1158.24,1158.24,2023-10-26,20.0,20.0,0.0,1600.82,1597.01,-99.0,-442.5799999999999,1319.0,1745.0,-426.0,0,1.0,1.0,1.0,1.0,1.0,1.0,2.0,1.8,1.7142857142857142,2.109375,1.8724279835390947,1.666259765625,-1.0,-0.8,-0.7142857142857142,-1.109375,-0.8724279835390947,-0.666259765625
268,2023-11-21,Lesotho,Benin,0.0,0.0,FIFA World Cup qualification,Durban,South Africa,1,2023,0,1,269,2023-10-26,153.0,152.0,-1.0,1034.18,1034.18,2023-10-26,93.0,94.0,1.0,1238.89,1245.44,-60.0,-204.71000000000004,1229.0,1476.0,-247.0,0,1.0,1.0,1.0,1.0,1.0,1.0,0.0,0.0,0.0,0.0,0.0,0.0,1.0,1.0,1.0,1.0,1.0,1.0
269,2023-11-21,Rwanda,South Africa,2.0,0.0,FIFA World Cup qualification,Butare,Rwanda,0,2023,0,1,270,2023-10-26,140.0,139.0,-1.0,1087.03,1087.03,2023-10-26,64.0,65.0,1.0,1366.35,1368.25,-76.0,-279.31999999999994,1271.0,1540.0,-269.0,1,1.0,1.0,1.0,1.0,1.0,1.0,3.0,3.0,3.0,3.0,3.0,3.0,-2.0,-2.0,-2.0,-2.0,-2.0,-2.0
270,2023-11-21,Eswatini,Cape Verde,0.0,2.0,FIFA World Cup qualification,Mbombela,South Africa,1,2023,0,1,271,2023-10-26,146.0,144.0,-2.0,1063.13,1065.69,2023-10-26,74.0,71.0,-3.0,1326.93,1337.29,-72.0,-263.79999999999995,1269.0,1481.0,-212.0,-1,0.0,0.0,0.0,0.0,0.0,0.0,1.0,1.0,1.0,1.0,1.0,1.0,-1.0,-1.0,-1.0,-1.0,-1.0,-1.0
271,2023-11-21,Libya,Cameroon,1.0,1.0,FIFA World Cup qualification,Benghazi,Libya,0,2023,0,1,272,2023-10-26,126.0,126.0,0.0,1137.64,1133.6,2023-10-26,43.0,41.0,-2.0,1466.98,1475.6,-83.0,-329.3399999999999,1347.0,1625.0,-278.0,0,3.0,3.0,3.0,3.0,3.0,3.0,2.3333333333333335,2.0,1.6666666666666667,2.46875,2.0123456790123453,1.6904296875,0.6666666666666665,1.0,1.3333333333333333,0.53125,0.9876543209876547,1.3095703125
272,2023-11-21,Mauritius,Angola,0.0,0.0,FIFA World Cup qualification,Saint Pierre,Mauritius,0,2023,0,1,273,2023-10-26,177.0,178.0,1.0,942.64,942.64,2023-10-26,116.0,117.0,1.0,1169.64,1167.7,-61.0,-227.0000000000001,1029.0,1398.0,-369.0,0,0.0,0.0,0.0,0.0,0.0,0.0,1.0,1.0,1.0,1.0,1.0,1.0,-1.0,-1.0,-1.0,-1.0,-1.0,-1.0
273,2023-11-21,Tanzania,Morocco,0.0,2.0,FIFA World Cup qualification,Dar es Salaam,Tanzania,0,2023,0,1,274,2023-10-26,121.0,122.0,1.0,1146.46,1146.46,2023-10-26,13.0,13.0,0.0,1658.49,1658.32,-108.0,-512.03,1313.0,1866.0,-553.0,-1,3.0,3.0,3.0,3.0,3.0,3.0,1.0,1.4,1.5714285714285714,0.6015625,0.9992379210486206,1.187347412109375,2.0,1.6,1.4285714285714286,2.3984375,2.0007620789513796,1.812652587890625
274,2023-11-21,Somalia,Uganda,0.0,1.0,FIFA World Cup qualification,Berkane,Morocco,1,2023,0,1,275,2023-10-26,196.0,194.0,-2.0,852.06,854.72,2023-10-26,90.0,89.0,-1.0,1251.94,1259.97,-106.0,-399.8800000000001,857.0,1362.0,-505.0,-1,0.0,0.0,0.0,0.0,0.0,0.0,0.0,0.0,0.0,0.0,0.0,0.0,0.0,0.0,0.0,0.0,0.0,0.0
275,2023-11-21,Botswana,Guinea,1.0,0.0,FIFA World Cup qualification,Francistown,Botswana,0,2023,0,1,276,2023-10-26,148.0,149.0,1.0,1055.85,1050.69,2023-10-26,80.0,81.0,1.0,1296.89,1293.11,-68.0,-241.0400000000002,1326.0,1444.0,-118.0,1,0.0,0.0,0.0,0.0,0.0,0.0,3.0,3.0,3.0,3.0,3.0,3.0,-3.0,-3.0,-3.0,-3.0,-3.0,-3.0
276,2023-11-21,Malawi,Tunisia,0.0,1.0,FIFA World Cup qualification,Lilongwe,Malawi,0,2023,0,1,277,2023-10-26,123.0,123.0,0.0,1144.29,1144.29,2023-10-26,32.0,29.0,-3.0,1516.14,1525.23,-91.0,-371.85000000000014,1354.0,1745.0,-391.0,-1,3.0,3.0,3.0,3.0,3.0,3.0,2.0,1.6,1.8333333333333333,2.4375,2.2263374485596708,2.208984375,1.0,1.4,1.1666666666666667,0.5625,0.7736625514403292,0.791015625
277,2023-11-21,São Tomé and Príncipe,Namibia,0.0,2.0,FIFA World Cup qualification,Agadir,Morocco,1,2023,0,1,278,2023-10-26,186.0,188.0,2.0,897.69,897.69,2023-10-26,114.0,114.0,0.0,1172.41,1172.41,-72.0,-274.72,1062.0,1414.0,-352.0,-1,0.0,0.0,0.0,0.0,0.0,0.0,3.0,3.0,3.0,3.0,3.0,3.0,-3.0,-3.0,-3.0,-3.0,-3.0,-3.0
278,2023-11-21,Comoros,Ghana,1.0,0.0,FIFA World Cup qualification,Moroni,Comoros,0,2023,0,1,279,2023-10-26,128.0,129.0,1.0,1125.57,1118.62,2023-10-26,60.0,60.0,0.0,1394.74,1400.0,-68.0,-269.1700000000001,1241.0,1593.0,-352.0,1,3.0,3.0,3.0,3.0,3.0,3.0,2.0,1.4,1.3333333333333333,1.9375,1.641975308641975,1.48828125,1.0,1.6,1.6666666666666667,1.0625,1.358024691358025,1.51171875
279,2023-11-21,Nepal,Yemen,0.0,2.0,FIFA World Cup qualification,Kathmandu,Nepal,0,2023,0,1,280,2023-10-26,173.0,175.0,2.0,963.82,953.85,2023-10-26,156.0,156.0,0.0,1023.59,1020.37,-17.0,-59.76999999999998,912.0,1099.0,-187.0,-1,1.3333333333333333,1.3333333333333333,1.3333333333333333,1.0,1.1111111111111112,1.125,1.3333333333333333,1.3333333333333333,1.3333333333333333,1.0,1.5555555555555556,1.875,0.0,0.0,0.0,0.0,-0.4444444444444444,-0.75
280,2023-11-21,Bahrain,United Arab Emirates,0.0,2.0,FIFA World Cup qualification,Riffa,Bahrain,0,2023,0,1,281,2023-10-26,83.0,86.0,3.0,1281.46,1273.54,2023-10-26,69.0,70.0,1.0,1348.87,1342.43,-14.0,-67.40999999999985,1480.0,1486.0,-6.0,-1,3.0,3.0,3.0,3.0,3.0,3.0,2.0,1.2,1.5,1.96875,1.8395061728395061,1.8837890625,1.0,1.8,1.5,1.03125,1.1604938271604939,1.1162109375
281,2023-11-21,Niger,Zambia,2.0,1.0,FIFA World Cup qualification,Marrakech,Morocco,1,2023,0,1,282,2023-10-26,129.0,128.0,-1.0,1122.81,1120.01,2023-10-26,81.0,82.0,1.0,1291.34,1289.63,-48.0,-168.52999999999997,1239.0,1523.0,-284.0,1,0.0,0.0,0.0,0.0,0.0,0.0,3.0,3.0,3.0,3.0,3.0,3.0,-3.0,-3.0,-3.0,-3.0,-3.0,-3.0
282,2023-11-21,Pakistan,Tajikistan,1.0,6.0,FIFA World Cup qualification,Islamabad,Pakistan,0,2023,0,1,283,2023-10-26,193.0,197.0,4.0,864.84,847.67,2023-10-26,109.0,110.0,1.0,1187.23,1183.01,-84.0,-322.39,819.0,1321.0,-502.0,-1,1.3333333333333333,1.3333333333333333,1.3333333333333333,1.0,1.1111111111111112,1.125,1.0,1.0,1.0,1.0,1.0,1.0,0.33333333333333326,0.33333333333333326,0.33333333333333326,0.0,0.11111111111111116,0.125
283,2023-11-21,Jordan,Saudi Arabia,0.0,2.0,FIFA World Cup qualification,Amman,Jordan,0,2023,0,1,284,2023-10-26,82.0,84.0,2.0,1284.39,1286.36,2023-10-26,57.0,57.0,0.0,1408.85,1412.82,-25.0,-124.4599999999998,1590.0,1644.0,-54.0,-1,1.0,1.0,1.0,1.0,1.0,1.0,1.0,1.8,1.4285714285714286,1.8203125,1.7133058984910838,1.76348876953125,0.0,-0.8,-0.4285714285714286,-0.8203125,-0.7133058984910838,-0.76348876953125
284,2023-11-21,Ecuador,Chile,1.0,0.0,FIFA World Cup qualification,Quito,Ecuador,0,2023,0,1,285,2023-10-26,36.0,38.0,2.0,1508.31,1497.66,2023-10-26,37.0,36.0,-1.0,1503.81,1504.75,1.0,4.5,1842.0,1739.0,103.0,1,1.6666666666666667,1.6,1.2857142857142858,1.3349609375,1.414435468847906,1.4017305374145508,1.3333333333333333,1.0,0.7142857142857143,0.94921875,0.9350708733424783,0.8774566650390625,0.3333333333333335,0.6000000000000001,0.5714285714285715,0.3857421875,0.47936459550542765,0.5242738723754883
285,2023-11-21,Paraguay,Colombia,0.0,1.0,FIFA World Cup qualification,Asunción,Paraguay,0,2023,0,1,286,2023-10-26,53.0,52.0,-1.0,1436.96,1432.08,2023-10-26,17.0,16.0,-1.0,1626.6,1629.6,-36.0,-189.63999999999987,1727.0,1919.0,-192.0,-1,1.3333333333333333,1.0,1.1428571428571428,1.3046875,1.1536351165980796,1.02508544921875,1.6666666666666667,1.8,2.142857142857143,2.1015625,1.8861454046639232,1.73236083984375,-0.3333333333333335,-0.8,-1.0,-0.796875,-0.7325102880658436,-0.707275390625
286,2023-11-21,Uruguay,Bolivia,3.0,0.0,FIFA World Cup qualification,Montevideo,Uruguay,0,2023,0,1,287,2023-10-26,15.0,17.0,2.0,1643.72,1626.51,2023-10-26,85.0,83.0,-2.0,1271.09,1287.86,70.0,372.6300000000001,1904.0,1584.0,320.0,1,2.3333333333333335,2.0,1.8571428571428572,2.53125,2.2805974698978813,2.202117919921875,1.0,0.6,0.42857142857142855,1.5,0.9999999999999998,0.75,1.3333333333333335,1.4,1.4285714285714286,1.03125,1.2805974698978815,1.452117919921875
287,2023-11-21,Peru,Venezuela,1.0,1.0,FIFA World Cup qualification,Lima,Peru,0,2023,0,1,288,2023-10-26,26.0,22.0,-4.0,1532.57,1551.91,2023-10-26,49.0,53.0,4.0,1445.67,1422.83,23.0,86.89999999999986,1798.0,1728.0,70.0,0,0.0,0.2,0.7142857142857143,0.078125,0.2885738962556523,0.5221939086914062,1.6666666666666667,1.6,1.1428571428571428,1.57421875,1.5614997713763148,1.5698699951171875,-1.6666666666666667,-1.4000000000000001,-0.4285714285714285,-1.49609375,-1.2729258751206625,-1.0476760864257812
288,2023-11-21,Brazil,Argentina,0.0,1.0,FIFA World Cup qualification,Rio de Janeiro,Brazil,0,2023,0,1,289,2023-10-26,3.0,3.0,0.0,1812.2,1837.61,2023-10-26,1.0,1.0,0.0,1861.29,1851.41,-2.0,-49.08999999999992,2133.0,2144.0,-11.0,-1,0.3333333333333333,1.4,1.5714285714285714,0.456787109375,0.8804414161998542,1.13997021317482,2.0,2.4,2.2857142857142856,1.4599609375,1.8564908114604128,2.0170911848545074,-1.6666666666666667,-1.0,-0.7142857142857142,-1.003173828125,-0.9760493952605587,-0.8771209716796875
289,2023-11-21,Afghanistan,Kuwait,0.0,4.0,FIFA World Cup qualification,Dammam,Saudi Arabia,1,2023,0,1,290,2023-10-26,154.0,158.0,4.0,1033.8,1014.25,2023-10-26,136.0,135.0,-1.0,1097.05,1093.38,-18.0,-63.25,1082.0,1385.0,-303.0,-1,2.0,2.0,2.0,1.5,2.0,2.25,0.0,0.0,0.0,0.0,0.0,0.0,2.0,2.0,2.0,1.5,2.0,2.25
290,2023-11-21,Myanmar,North Korea,1.0,6.0,FIFA World Cup qualification,Yangon,Myanmar,0,2023,0,1,291,2023-10-26,158.0,161.0,3.0,1011.73,1004.46,2023-10-26,115.0,116.0,1.0,1169.96,1169.96,-43.0,-158.23000000000002,928.0,1379.0,-451.0,-1,1.3333333333333333,1.3333333333333333,1.3333333333333333,1.0,1.5555555555555556,1.875,0.0,0.0,0.0,0.0,0.0,0.0,1.3333333333333333,1.3333333333333333,1.3333333333333333,1.0,1.5555555555555556,1.875
291,2023-11-21,India,Qatar,0.0,3.0,FIFA World Cup qualification,Bhubaneswar,India,0,2023,0,1,292,2023-10-26,102.0,102.0,0.0,1198.84,1204.88,2023-10-26,61.0,61.0,0.0,1394.16,1395.57,-41.0,-195.32000000000016,1240.0,1577.0,-337.0,-1,3.0,3.0,3.0,3.0,3.0,3.0,1.0,0.75,0.75,1.5,0.9999999999999998,0.75,2.0,2.25,2.25,1.5,2.0,2.25
292,2023-11-21,China PR,South Korea,0.0,3.0,FIFA World Cup qualification,Shenzhen,China PR,0,2023,0,1,293,2023-10-26,79.0,80.0,1.0,1296.99,1297.25,2023-10-26,24.0,26.0,2.0,1540.35,1533.01,-55.0,-243.3599999999999,1475.0,1788.0,-313.0,-1,1.3333333333333333,0.8,0.8,1.625,1.148148148148148,0.890625,2.0,1.4,1.4285714285714286,1.953125,1.7736625514403292,1.784912109375,-0.6666666666666667,-0.5999999999999999,-0.6285714285714286,-0.328125,-0.6255144032921813,-0.894287109375
293,2023-11-21,Vietnam,Iraq,0.0,1.0,FIFA World Cup qualification,Hanoi,Vietnam,0,2023,0,1,294,2023-10-26,94.0,95.0,1.0,1236.25,1243.14,2023-10-26,68.0,69.0,1.0,1349.73,1347.38,-26.0,-113.48000000000002,1425.0,1575.0,-150.0,-1,1.3333333333333333,1.4,1.4,1.9375,1.5185185185185182,1.25390625,2.3333333333333335,1.6,1.6,2.1875,1.765432098765432,1.46484375,-1.0000000000000002,-0.20000000000000018,-0.20000000000000018,-0.25,-0.2469135802469138,-0.2109375
294,2023-11-21,Syria,Japan,0.0,5.0,FIFA World Cup qualification,Jeddah,Saudi Arabia,1,2023,0,1,295,2023-10-26,92.0,93.0,1.0,1239.37,1245.81,2023-10-26,18.0,19.0,1.0,1612.99,1605.2,-74.0,-373.6200000000001,1423.0,1851.0,-428.0,-1,2.3333333333333335,1.4,1.4,2.125,1.6666666666666665,1.359375,2.3333333333333335,2.0,2.0,2.28125,2.1714677640603566,2.18994140625,0.0,-0.6000000000000001,-0.6000000000000001,-0.15625,-0.5048010973936901,-0.83056640625
295,2023-11-21,Hong Kong,Turkmenistan,2.0,2.0,FIFA World Cup qualification,Hong Kong,Hong Kong,0,2023,0,1,296,2022-03-31,147.0,148.0,1.0,1053.39,1053.39,2023-10-26,141.0,140.0,-1.0,1086.12,1086.12,-6.0,-32.72999999999979,1122.0,1250.0,-128.0,0,1.0,1.0,1.0,0.75,1.3333333333333335,1.6875,0.0,0.0,0.0,0.0,0.0,0.0,1.0,1.0,1.0,0.75,1.3333333333333335,1.6875
296,2023-11-21,Uzbekistan,Iran,2.0,2.0,FIFA World Cup qualification,Tashkent,Uzbekistan,0,2023,0,1,297,2023-10-26,73.0,75.0,2.0,1333.09,1328.35,2023-10-26,21.0,21.0,0.0,1567.3,1561.26,-52.0,-234.21000000000004,1575.0,1780.0,-205.0,0,3.0,3.0,3.0,3.0,3.0,3.0,2.0,1.8,1.7142857142857142,2.015625,1.9053497942386832,1.943115234375,1.0,1.2,1.2857142857142858,0.984375,1.0946502057613168,1.056884765625
297,2023-11-21,Philippines,Indonesia,1.0,1.0,FIFA World Cup qualification,Manila,Philippines,0,2023,0,1,298,2023-10-26,138.0,132.0,-6.0,1095.94,1099.29,2023-10-26,145.0,147.0,2.0,1069.82,1052.87,7.0,26.12000000000012,1046.0,1297.0,-251.0,0,0.0,0.0,0.0,0.0,0.0,0.0,2.0,2.0,2.0,1.5,2.0,2.25,-2.0,-2.0,-2.0,-1.5,-2.0,-2.25
298,2023-11-21,Taiwan,Malaysia,0.0,1.0,FIFA World Cup qualification,Taipei,Taiwan,0,2023,0,1,299,2023-10-26,152.0,154.0,2.0,1040.7,1023.66,2023-10-26,137.0,134.0,-3.0,1096.72,1094.9,-15.0,-56.01999999999998,927.0,1256.0,-329.0,-1,2.0,2.0,2.0,1.5,2.0,2.25,3.0,3.0,3.0,3.0,3.0,3.0,-1.0,-1.0,-1.0,-1.5,-1.0,-0.75
299,2023-11-21,Singapore,Thailand,1.0,3.0,FIFA World Cup qualification,Kallang,Singapore,0,2023,0,1,300,2023-10-26,155.0,157.0,2.0,1032.89,1016.47,2023-10-26,112.0,112.0,0.0,1177.15,1181.21,-43.0,-144.26,1132.0,1384.0,-252.0,-1,2.0,2.0,2.0,1.5,2.0,2.25,0.0,0.0,0.0,0.0,0.0,0.0,2.0,2.0,2.0,1.5,2.0,2.25
300,2023-11-21,Kyrgyzstan,Oman,1.0,0.0,FIFA World Cup qualification,Bishkek,Kyrgyzstan,0,2023,0,1,301,2023-10-26,97.0,96.0,-1.0,1224.03,1228.6,2023-10-26,72.0,73.0,1.0,1334.37,1334.37,-25.0,-110.33999999999992,1251.0,1575.0,-324.0,1,0.0,0.0,0.0,0.0,0.0,0.0,3.0,2.0,2.0,2.6875,2.209876543209876,1.83984375,-3.0,-2.0,-2.0,-2.6875,-2.209876543209876,-1.83984375
301,2024-03-21,Indonesia,Vietnam,1.0,0.0,FIFA World Cup qualification,Jakarta,Indonesia,0,2024,0,1,302,2024-02-15,142.0,146.0,4.0,1072.66,1064.01,2024-02-15,105.0,94.0,-11.0,1194.58,1235.58,-37.0,-121.91999999999985,1297.0,1425.0,-128.0,1,0.0,0.2,1.0,0.15625,0.4938271604938274,0.8173828125,0.0,0.8,1.0,0.2421875,0.4499314128943759,0.52899169921875,0.0,-0.6000000000000001,0.0,-0.0859375,0.04389574759945153,0.28839111328125
302,2024-03-21,Palestine,Bangladesh,5.0,0.0,FIFA World Cup qualification,Kuwait City,Kuwait,1,2024,0,1,303,2024-02-15,97.0,99.0,2.0,1227.2,1217.6,2024-02-15,183.0,183.0,0.0,916.75,916.75,86.0,310.45000000000005,1432.0,912.0,520.0,1,0.0,0.25,0.25,0.125,0.2962962962962964,0.421875,1.3333333333333333,1.25,1.25,1.0,1.074074074074074,1.09375,-1.3333333333333333,-1.0,-1.0,-0.875,-0.7777777777777776,-0.671875
303,2024-03-21,Australia,Lebanon,2.0,0.0,FIFA World Cup qualification,Sydney,Australia,0,2024,0,1,304,2024-02-15,23.0,25.0,2.0,1554.82,1539.22,2024-02-15,115.0,107.0,-8.0,1168.07,1192.58,92.0,386.75,1784.0,1311.0,473.0,1,1.3333333333333333,2.0,2.2857142857142856,1.23602294921875,1.6100410063753752,1.7674212413839996,0.6666666666666666,0.4,0.42857142857142855,0.390625,0.41426611796982166,0.387451171875,0.6666666666666666,1.6,1.857142857142857,0.84539794921875,1.1957748884055535,1.3799700695089996
304,2024-03-21,United Arab Emirates,Yemen,2.0,1.0,FIFA World Cup qualification,Abu Dhabi,United Arab Emirates,0,2024,0,1,305,2024-02-15,69.0,64.0,-5.0,1355.55,1364.46,2024-02-15,151.0,152.0,1.0,1027.94,1027.94,82.0,327.6099999999999,1531.0,1099.0,432.0,1,2.0,1.8,1.2857142857142858,1.2421875,1.4842249657064472,1.62213134765625,1.3333333333333333,1.75,1.75,2.0,2.037037037037037,2.15625,0.6666666666666667,0.050000000000000044,-0.4642857142857142,-0.7578125,-0.55281207133059,-0.53411865234375
305,2024-03-21,Bahrain,Nepal,5.0,0.0,FIFA World Cup qualification,Riffa,Bahrain,0,2024,0,1,306,2024-02-15,82.0,86.0,4.0,1297.32,1277.29,2024-02-15,175.0,175.0,0.0,948.05,948.05,93.0,349.27,1466.0,912.0,554.0,1,1.0,1.2,1.2,0.9375,1.2592592592592593,1.51171875,1.0,1.0,1.0,0.5,0.7407407407407408,0.84375,0.0,0.19999999999999996,0.19999999999999996,0.4375,0.5185185185185185,0.66796875
306,2024-03-21,Saudi Arabia,Tajikistan,1.0,0.0,FIFA World Cup qualification,Riyadh,Saudi Arabia,0,2024,0,1,307,2024-02-15,53.0,56.0,3.0,1441.4,1421.06,2024-02-15,99.0,106.0,7.0,1218.89,1195.07,46.0,222.51,1586.0,1321.0,265.0,1,1.6666666666666667,2.2,2.0,1.463134765625,1.7194476903362745,1.8315700888633728,1.0,1.0,1.0,0.5,0.7407407407407408,0.84375,0.6666666666666667,1.2000000000000002,1.0,0.963134765625,0.9787069495955337,0.9878200888633728
307,2024-03-21,Pakistan,Jordan,0.0,3.0,FIFA World Cup qualification,Islamabad,Pakistan,0,2024,0,1,308,2024-02-15,195.0,195.0,0.0,856.54,856.54,2024-02-15,70.0,87.0,17.0,1343.6,1272.63,-125.0,-487.06,819.0,1503.0,-684.0,-1,1.0,1.0,1.0,0.5,0.7407407407407408,0.84375,2.0,1.8,1.8571428571428572,1.35546875,1.5781130925163847,1.5937042236328125,-1.0,-0.8,-0.8571428571428572,-0.85546875,-0.8373723517756438,-0.7499542236328125
308,2024-03-21,Iraq,Philippines,1.0,0.0,FIFA World Cup qualification,Basra,Iraq,0,2024,0,1,309,2024-02-15,59.0,63.0,4.0,1409.44,1365.98,2024-02-15,139.0,140.0,1.0,1086.17,1086.17,80.0,323.27,1621.0,1046.0,575.0,1,2.0,2.4,2.2857142857142856,1.474609375,1.8374231570390693,1.8857002258300781,0.5,0.5,0.5,0.5,0.33333333333333326,0.25,1.5,1.9,1.7857142857142856,0.974609375,1.504089823705736,1.6357002258300781
309,2024-03-21,Hong Kong,Uzbekistan,0.0,2.0,FIFA World Cup qualification,Hong Kong,Hong Kong,0,2024,0,1,310,2022-03-31,147.0,148.0,1.0,1053.39,1053.39,2024-02-15,66.0,68.0,2.0,1376.5,1345.26,-81.0,-323.1099999999999,1122.0,1643.0,-521.0,-1,0.3333333333333333,0.8,0.8,0.4375,0.814814814814815,1.13671875,1.6666666666666667,1.8,1.8571428571428572,1.65625,1.8175582990397805,1.94189453125,-1.3333333333333335,-1.0,-1.0571428571428572,-1.21875,-1.0027434842249656,-0.80517578125
310,2024-03-21,South Korea,Thailand,1.0,1.0,FIFA World Cup qualification,Seoul,South Korea,0,2024,0,1,311,2024-02-15,22.0,23.0,1.0,1566.21,1550.65,2024-02-15,101.0,113.0,12.0,1206.72,1176.75,79.0,359.49,1799.0,1431.0,368.0,0,1.3333333333333333,1.2,1.7142857142857142,1.0543212890625,1.302710931222845,1.4374147206544876,1.3333333333333333,1.0,1.0,0.625,0.6666666666666666,0.609375,0.0,0.19999999999999996,0.7142857142857142,0.4293212890625,0.6360442645561785,0.8280397206544876
311,2024-03-21,Oman,Malaysia,2.0,0.0,FIFA World Cup qualification,Muscat,Oman,0,2024,0,1,312,2024-02-15,80.0,74.0,-6.0,1307.6,1324.89,2024-02-15,132.0,130.0,-2.0,1110.17,1122.87,52.0,197.42999999999984,1518.0,1291.0,227.0,1,1.0,1.8,1.4285714285714286,0.671875,0.982167352537723,1.034912109375,1.3333333333333333,1.75,1.75,1.25,1.6666666666666667,1.9375,-0.33333333333333326,0.050000000000000044,-0.3214285714285714,-0.578125,-0.6844993141289437,-0.902587890625
312,2024-03-21,Taiwan,Kyrgyzstan,0.0,2.0,FIFA World Cup qualification,Taipei,Taiwan,0,2024,0,1,313,2024-02-15,153.0,154.0,1.0,1023.93,1023.93,2024-02-15,104.0,98.0,-6.0,1196.97,1224.14,-49.0,-173.04000000000008,927.0,1253.0,-326.0,-1,1.0,1.5,1.5,0.75,1.3333333333333335,1.6875,1.0,1.0,1.0,0.75,0.6666666666666666,0.5625,0.0,0.5,0.5,0.0,0.6666666666666669,1.125
313,2024-03-21,Singapore,China PR,2.0,2.0,FIFA World Cup qualification,Kallang,Singapore,0,2024,0,1,314,2024-02-15,156.0,156.0,0.0,1020.5,1020.5,2024-02-15,88.0,79.0,-9.0,1273.78,1299.49,-68.0,-253.28,1132.0,1475.0,-343.0,0,1.0,1.5,1.5,0.75,1.3333333333333335,1.6875,1.0,0.8,0.5714285714285714,0.40625,0.5102880658436214,0.5009765625,0.0,0.7,0.9285714285714286,0.34375,0.8230452674897121,1.1865234375
314,2024-03-21,Japan,North Korea,1.0,0.0,FIFA World Cup qualification,Tokyo,Japan,0,2024,0,1,315,2024-02-15,18.0,17.0,-1.0,1614.33,1620.19,2024-02-15,114.0,116.0,2.0,1168.12,1168.12,96.0,446.21,1905.0,1379.0,526.0,1,2.0,1.8,2.142857142857143,1.30126953125,1.6309656198900726,1.7894207239151,1.5,1.5,1.5,1.5,0.9999999999999998,0.75,0.5,0.30000000000000004,0.6428571428571428,-0.19873046875,0.6309656198900728,1.0394207239151
315,2024-03-21,Myanmar,Syria,1.0,1.0,FIFA World Cup qualification,Yangon,Myanmar,0,2024,0,1,316,2024-02-15,162.0,162.0,0.0,1000.46,1000.46,2024-02-15,89.0,91.0,2.0,1265.51,1245.27,-73.0,-265.04999999999995,928.0,1423.0,-495.0,0,0.3333333333333333,1.0,1.0,0.5,1.0370370370370372,1.40625,0.6666666666666666,1.0,1.2857142857142858,0.7578125,0.8106995884773662,0.82073974609375,-0.3333333333333333,0.0,-0.2857142857142858,-0.2578125,0.22633744855967097,0.58551025390625
316,2024-03-21,Afghanistan,India,0.0,0.0,FIFA World Cup qualification,Abha,Saudi Arabia,1,2024,0,1,317,2024-02-15,158.0,158.0,0.0,1017.68,1017.68,2024-02-15,117.0,102.0,-15.0,1165.17,1200.8,-41.0,-147.49000000000012,1082.0,1240.0,-158.0,0,1.0,1.5,1.5,0.75,1.3333333333333335,1.6875,0.0,0.75,0.75,0.375,0.8888888888888891,1.265625,1.0,0.75,0.75,0.375,0.4444444444444444,0.421875
317,2024-03-21,Qatar,Kuwait,3.0,0.0,FIFA World Cup qualification,Doha,Qatar,0,2024,0,1,318,2024-02-15,37.0,58.0,21.0,1499.34,1407.3,2024-02-15,137.0,136.0,-1.0,1094.05,1098.07,100.0,405.29,1534.0,1385.0,149.0,1,2.3333333333333335,2.6,2.7142857142857144,2.744140625,2.625666819082457,2.4934959411621094,1.5,1.5,1.5,1.5,0.9999999999999998,0.75,0.8333333333333335,1.1,1.2142857142857144,1.244140625,1.625666819082457,1.7434959411621094
318,2024-03-21,Iran,Turkmenistan,5.0,0.0,FIFA World Cup qualification,Tehran,Iran,0,2024,0,1,319,2024-02-15,20.0,21.0,1.0,1608.23,1565.08,2024-02-15,141.0,141.0,0.0,1078.25,1078.25,121.0,529.98,1827.0,1250.0,577.0,1,1.3333333333333333,2.0,2.0,1.2266845703125,1.5811087213820538,1.7386836558580399,0.5,0.5,0.5,0.5,0.33333333333333326,0.25,0.8333333333333333,1.5,1.5,0.7266845703125,1.2477753880487206,1.4886836558580399
319,2024-03-22,United States Virgin Islands,British Virgin Islands,1.0,1.0,FIFA World Cup qualification,Saint Croix,United States Virgin Islands,0,2024,0,1,320,2024-02-15,208.0,208.0,0.0,796.78,796.78,2024-02-15,207.0,207.0,0.0,807.57,807.57,-1.0,-10.790000000000076,633.0,658.0,-25.0,0,,,,,,,,,,,,,,,,,,
320,2024-03-22,Anguilla,Turks and Caicos Islands,0.0,0.0,FIFA World Cup qualification,The Valley,Anguilla,0,2024,0,1,321,2024-02-15,209.0,209.0,0.0,785.69,785.69,2024-02-15,206.0,206.0,0.0,818.57,818.57,-3.0,-32.879999999999995,578.0,781.0,-203.0,0,,,,,,,,,,,,,,,,,,
321,2024-03-26,Tajikistan,Saudi Arabia,1.0,1.0,FIFA World Cup qualification,Dushanbe,Tajikistan,0,2024,0,1,322,2024-02-15,99.0,106.0,7.0,1218.89,1195.07,2024-02-15,53.0,56.0,3.0,1441.4,1421.06,-46.0,-222.51,1380.0,1586.0,-206.0,0,0.0,0.8,0.8,0.25,0.49382716049382724,0.6328125,1.6666666666666667,2.2,2.4285714285714284,2.2315673828125,2.146298460224183,2.1236775666475296,-1.6666666666666667,-1.4000000000000001,-1.6285714285714283,-1.9815673828125,-1.652471299730356,-1.4908650666475296
322,2024-03-26,Turks and Caicos Islands,Anguilla,1.0,1.0,FIFA World Cup qualification,Providenciales,Turks and Caicos Islands,0,2024,0,1,323,2024-02-15,206.0,206.0,0.0,818.57,818.57,2024-02-15,209.0,209.0,0.0,785.69,785.69,3.0,32.879999999999995,781.0,578.0,203.0,0,1.0,1.0,1.0,1.0,1.0,1.0,1.0,1.0,1.0,1.0,1.0,1.0,0.0,0.0,0.0,0.0,0.0,0.0
323,2024-03-26,British Virgin Islands,United States Virgin Islands,0.0,0.0,FIFA World Cup qualification,Road Town,British Virgin Islands,0,2024,0,1,324,2024-02-15,207.0,207.0,0.0,807.57,807.57,2024-02-15,208.0,208.0,0.0,796.78,796.78,1.0,10.790000000000076,658.0,633.0,25.0,0,1.0,1.0,1.0,1.0,1.0,1.0,1.0,1.0,1.0,1.0,1.0,1.0,0.0,0.0,0.0,0.0,0.0,0.0
324,2024-03-26,Australia,Lebanon,5.0,0.0,FIFA World Cup qualification,Canberra,Australia,0,2024,0,1,325,2024-02-15,23.0,25.0,2.0,1554.82,1539.22,2024-02-15,115.0,107.0,-8.0,1168.07,1192.58,92.0,386.75,1784.0,1284.0,500.0,1,2.0,2.0,2.2857142857142856,2.118011474609375,2.073360670916917,2.0755659310379997,0.3333333333333333,0.4,0.42857142857142855,0.1953125,0.27617741197988116,0.29058837890625,1.6666666666666667,1.6,1.857142857142857,1.922698974609375,1.7971832589370356,1.7849775521317497
325,2024-03-26,Bangladesh,Palestine,0.0,1.0,FIFA World Cup qualification,Dhaka,Bangladesh,0,2024,0,1,326,2024-02-15,183.0,183.0,0.0,916.75,916.75,2024-02-15,97.0,99.0,2.0,1227.2,1217.6,-86.0,-310.45000000000005,939.0,1417.0,-478.0,-1,0.3333333333333333,1.0,1.0,0.5,0.7160493827160493,0.8203125,1.0,0.8,0.8,1.5625,1.1975308641975306,1.06640625,-0.6666666666666667,0.19999999999999996,0.19999999999999996,-1.0625,-0.4814814814814813,-0.24609375
326,2024-03-26,Yemen,United Arab Emirates,0.0,3.0,FIFA World Cup qualification,Khobar,Saudi Arabia,1,2024,0,1,327,2024-02-15,151.0,152.0,1.0,1027.94,1027.94,2024-02-15,69.0,64.0,-5.0,1355.55,1364.46,-82.0,-327.6099999999999,1101.0,1504.0,-403.0,-1,1.0,1.4,1.4,1.0,1.358024691358025,1.6171875,2.0,1.8,1.7142857142857142,2.12109375,1.9894833104709648,1.9665985107421875,-1.0,-0.40000000000000013,-0.3142857142857143,-1.12109375,-0.6314586191129399,-0.3494110107421875
327,2024-03-26,Bahrain,Nepal,3.0,0.0,FIFA World Cup qualification,Riffa,Bahrain,0,2024,0,1,328,2024-02-15,82.0,86.0,4.0,1297.32,1277.29,2024-02-15,175.0,175.0,0.0,948.05,948.05,93.0,349.27,1461.0,894.0,567.0,1,2.0,1.2,1.5,1.96875,1.8395061728395061,1.8837890625,0.0,0.8,0.8,0.25,0.49382716049382724,0.6328125,2.0,0.3999999999999999,0.7,1.71875,1.3456790123456788,1.2509765625
328,2024-03-26,Jordan,Pakistan,7.0,0.0,FIFA World Cup qualification,Amman,Jordan,0,2024,0,1,329,2024-02-15,70.0,87.0,17.0,1343.6,1272.63,2024-02-15,195.0,195.0,0.0,856.54,856.54,125.0,487.06,1503.0,828.0,675.0,1,2.0,2.4,1.8571428571428572,2.177734375,2.052075395010923,1.9452781677246094,0.0,0.8,0.8,0.25,0.49382716049382724,0.6328125,2.0,1.5999999999999999,1.0571428571428572,1.927734375,1.5582482345170958,1.3124656677246094
329,2024-03-26,Vietnam,Indonesia,0.0,3.0,FIFA World Cup qualification,Hanoi,Vietnam,0,2024,0,1,330,2024-02-15,105.0,94.0,-11.0,1194.58,1235.58,2024-02-15,142.0,146.0,4.0,1072.66,1064.01,37.0,121.91999999999985,1318.0,1297.0,21.0,-1,0.0,0.6,0.5714285714285714,0.12109375,0.2999542752629173,0.3967437744140625,1.0,0.8,1.0,1.578125,1.3292181069958848,1.363037109375,-1.0,-0.20000000000000007,-0.4285714285714286,-1.45703125,-1.0292638317329676,-0.9662933349609375
330,2024-03-26,Syria,Myanmar,7.0,0.0,FIFA World Cup qualification,Dammam,Saudi Arabia,1,2024,0,1,331,2024-02-15,89.0,91.0,2.0,1265.51,1245.27,2024-02-15,162.0,162.0,0.0,1000.46,1000.46,73.0,265.04999999999995,1444.0,926.0,518.0,1,0.6666666666666666,0.6,1.0,0.87890625,0.8737997256515775,0.8655548095703125,0.3333333333333333,1.0,1.0,0.75,1.0246913580246915,1.3046875,0.3333333333333333,-0.4,0.0,0.12890625,-0.15089163237311398,-0.4391326904296875
331,2024-03-26,Turkmenistan,Iran,0.0,1.0,FIFA World Cup qualification,Ashgabat,Turkmenistan,0,2024,0,1,332,2024-02-15,141.0,141.0,0.0,1078.25,1078.25,2024-02-15,20.0,21.0,1.0,1608.23,1565.08,-121.0,-529.98,1216.0,1827.0,-611.0,-1,0.3333333333333333,0.3333333333333333,0.3333333333333333,0.25,0.2222222222222222,0.1875,2.0,2.0,2.2857142857142856,2.11334228515625,2.054072480921369,2.05401274189353,-1.6666666666666667,-1.6666666666666667,-1.9523809523809523,-1.86334228515625,-1.8318502586991467,-1.86651274189353
332,2024-03-26,Uzbekistan,Hong Kong,3.0,0.0,FIFA World Cup qualification,Tashkent,Uzbekistan,0,2024,0,1,333,2024-02-15,66.0,68.0,2.0,1376.5,1345.26,2022-03-31,147.0,148.0,1.0,1053.39,1053.39,81.0,323.1099999999999,1643.0,1060.0,583.0,1,2.3333333333333335,2.2,1.8571428571428572,2.328125,2.2117055326931867,2.2064208984375,0.3333333333333333,0.2,0.6666666666666666,0.21875,0.5432098765432101,0.8525390625,2.0,2.0,1.1904761904761907,2.109375,1.6684956561499766,1.3538818359375
333,2024-03-26,Malaysia,Oman,0.0,2.0,FIFA World Cup qualification,Kuala Lumpur,Malaysia,0,2024,0,1,334,2024-02-15,132.0,130.0,-2.0,1110.17,1122.87,2024-02-15,80.0,74.0,-6.0,1307.6,1324.89,-52.0,-197.42999999999984,1285.0,1526.0,-241.0,-1,0.3333333333333333,1.4,1.4,0.625,1.1111111111111114,1.453125,1.0,1.8,1.8571428571428572,1.8359375,1.6547782350251485,1.52618408203125,-0.6666666666666667,-0.40000000000000013,-0.4571428571428573,-1.2109375,-0.5436671239140372,-0.07305908203125
334,2024-03-26,Kyrgyzstan,Taiwan,5.0,1.0,FIFA World Cup qualification,Bishkek,Kyrgyzstan,0,2024,0,1,335,2024-02-15,104.0,98.0,-6.0,1196.97,1224.14,2024-02-15,153.0,154.0,1.0,1023.93,1023.93,49.0,173.04000000000008,1266.0,912.0,354.0,1,2.0,1.5,1.5,1.875,1.4444444444444442,1.171875,0.0,1.2,1.2,0.375,0.8888888888888891,1.265625,2.0,0.30000000000000004,0.30000000000000004,1.5,0.5555555555555551,-0.09375
335,2024-03-26,China PR,Singapore,4.0,1.0,FIFA World Cup qualification,Tianjin,China PR,0,2024,0,1,336,2024-02-15,88.0,79.0,-9.0,1273.78,1299.49,2024-02-15,156.0,156.0,0.0,1020.5,1020.5,68.0,253.28,1400.0,1127.0,273.0,1,0.3333333333333333,0.8,0.7142857142857143,0.703125,0.6735253772290809,0.625732421875,0.3333333333333333,1.4,1.4,0.875,1.2222222222222223,1.515625,0.0,-0.5999999999999999,-0.6857142857142856,-0.171875,-0.5486968449931414,-0.889892578125
336,2024-03-26,Thailand,South Korea,0.0,3.0,FIFA World Cup qualification,Bangkok,Thailand,0,2024,0,1,337,2024-02-15,101.0,113.0,12.0,1206.72,1176.75,2024-02-15,22.0,23.0,1.0,1566.21,1550.65,-79.0,-359.49,1437.0,1799.0,-362.0,-1,0.6666666666666666,1.0,1.0,0.8125,0.7777777777777777,0.70703125,1.3333333333333333,1.2,1.4285714285714286,1.02716064453125,1.2018072874818968,1.3280610404908657,-0.6666666666666666,-0.19999999999999996,-0.4285714285714286,-0.21466064453125,-0.4240295097041191,-0.6210297904908657
337,2024-03-26,Philippines,Iraq,0.0,5.0,FIFA World Cup qualification,Manila,Philippines,0,2024,0,1,338,2024-02-15,139.0,140.0,1.0,1086.17,1086.17,2024-02-15,59.0,63.0,4.0,1409.44,1365.98,-80.0,-323.27,1052.0,1621.0,-569.0,-1,0.3333333333333333,0.3333333333333333,0.3333333333333333,0.25,0.2222222222222222,0.1875,2.0,2.4,2.5714285714285716,2.2373046875,2.2249487713593794,2.1642751693725586,-1.6666666666666667,-2.0666666666666664,-2.238095238095238,-1.9873046875,-2.002726549137157,-1.9767751693725586
338,2024-03-26,Kuwait,Qatar,1.0,2.0,FIFA World Cup qualification,Al Farwaniyah,Kuwait,0,2024,0,1,339,2024-02-15,137.0,136.0,-1.0,1094.05,1098.07,2024-02-15,37.0,58.0,21.0,1499.34,1407.3,-100.0,-405.29,1340.0,1534.0,-194.0,-1,1.0,1.0,1.0,0.75,0.6666666666666666,0.5625,3.0,2.6,2.7142857142857144,2.8720703125,2.750444546054971,2.620121955871582,-2.0,-1.6,-1.7142857142857144,-2.1220703125,-2.0837778793883044,-2.057621955871582
339,2024-03-26,India,Afghanistan,1.0,2.0,FIFA World Cup qualification,Guwahati,India,0,2024,0,1,340,2024-02-15,117.0,102.0,-15.0,1165.17,1200.8,2024-02-15,158.0,158.0,0.0,1017.68,1017.68,41.0,147.49000000000012,1228.0,1085.0,143.0,-1,0.3333333333333333,0.8,0.8,0.6875,0.925925925925926,1.19921875,0.3333333333333333,1.4,1.4,0.875,1.2222222222222223,1.515625,0.0,-0.5999999999999999,-0.5999999999999999,-0.1875,-0.2962962962962963,-0.31640625
340,2024-06-05,Suriname,Saint Vincent and the Grenadines,4.0,1.0,FIFA World Cup qualification,Paramaribo,Suriname,0,2024,0,1,341,2024-04-04,144.0,144.0,0.0,1071.85,1071.85,2024-04-04,173.0,173.0,0.0,953.47,953.47,29.0,118.37999999999988,1291.0,1037.0,254.0,1,,,,,,,,,,,,,,,,,,
341,2024-06-05,Guatemala,Dominica,6.0,0.0,FIFA World Cup qualification,Guatemala City,Guatemala,0,2024,0,1,342,2024-04-04,108.0,108.0,0.0,1188.28,1188.17,2024-04-04,180.0,180.0,0.0,922.25,922.25,72.0,266.03,1481.0,981.0,500.0,1,,,,,,,,,,,,,,,,,,
342,2024-06-05,Curaçao,Barbados,4.0,1.0,FIFA World Cup qualification,Willemstad,Curaçao,0,2024,0,1,343,2024-04-04,91.0,91.0,0.0,1262.48,1262.48,2024-04-04,177.0,178.0,1.0,943.8,943.8,86.0,318.68000000000006,1337.0,955.0,382.0,1,,,,,,,,,,,,,,,,,,
343,2024-06-05,Trinidad and Tobago,Grenada,2.0,2.0,FIFA World Cup qualification,Port of Spain,Trinidad and Tobago,0,2024,0,1,344,2024-04-04,98.0,96.0,-2.0,1220.65,1228.05,2024-04-04,174.0,174.0,0.0,950.99,950.99,76.0,269.6600000000001,1373.0,1107.0,266.0,0,,,,,,,,,,,,,,,,,,
344,2024-06-05,Antigua and Barbuda,Bermuda,1.0,1.0,FIFA World Cup qualification,Piggotts,Antigua and Barbuda,0,2024,0,1,345,2024-04-04,142.0,142.0,0.0,1072.66,1072.66,2024-04-04,170.0,171.0,1.0,974.3,972.36,28.0,98.36000000000011,1191.0,1175.0,16.0,0,,,,,,,,,,,,,,,,,,
345,2024-06-05,Nicaragua,Montserrat,4.0,1.0,FIFA World Cup qualification,Managua,Nicaragua,0,2024,0,1,346,2024-04-04,135.0,134.0,-1.0,1102.54,1104.26,2024-04-04,175.0,176.0,1.0,946.08,946.08,40.0,156.45999999999992,1344.0,1003.0,341.0,1,,,,,,,,,,,,,,,,,,
346,2024-06-05,Tunisia,Equatorial Guinea,1.0,0.0,FIFA World Cup qualification,Radès,Tunisia,0,2024,0,1,347,2024-04-04,41.0,41.0,0.0,1493.12,1491.15,2024-04-04,79.0,79.0,0.0,1308.03,1310.5,38.0,185.08999999999992,1738.0,1467.0,271.0,1,0.6666666666666666,1.6,1.5714285714285714,1.08984375,1.2916222120611698,1.4528427124023438,1.0,1.0,1.0,1.5,0.9999999999999998,0.75,-0.33333333333333337,0.6000000000000001,0.5714285714285714,-0.41015625,0.29162221206117,0.7028427124023438
347,2024-06-05,Namibia,Liberia,1.0,1.0,FIFA World Cup qualification,Johannesburg,South Africa,1,2024,0,1,348,2024-04-04,106.0,107.0,1.0,1192.13,1192.13,2024-04-04,152.0,152.0,0.0,1029.58,1024.11,46.0,162.55000000000018,1414.0,1270.0,144.0,0,2.0,2.25,2.25,1.5,2.0,2.25,1.5,1.5,1.5,1.5,0.9999999999999998,0.75,0.5,0.75,0.75,0.0,1.0000000000000002,1.5
348,2024-06-05,Togo,South Sudan,1.0,1.0,FIFA World Cup qualification,Lomé,Togo,0,2024,0,1,349,2024-04-04,113.0,116.0,3.0,1170.34,1165.74,2024-04-04,167.0,166.0,-1.0,984.65,989.29,54.0,185.69,1319.0,1136.0,183.0,0,1.0,1.0,1.0,1.0,1.0,1.0,0.5,0.5,0.5,0.5,0.33333333333333326,0.25,0.5,0.5,0.5,0.5,0.6666666666666667,0.75
349,2024-06-05,Sierra Leone,Djibouti,2.0,1.0,FIFA World Cup qualification,El Jadida,Morocco,1,2024,0,1,350,2024-04-04,126.0,126.0,0.0,1137.36,1137.36,2024-04-04,192.0,192.0,0.0,877.28,882.76,66.0,260.0799999999999,1333.0,752.0,581.0,1,0.5,0.5,0.5,0.5,0.6666666666666667,0.75,0.0,0.0,0.0,0.0,0.0,0.0,0.5,0.5,0.5,0.5,0.6666666666666667,0.75
350,2024-06-05,Central African Republic,Chad,1.0,0.0,FIFA World Cup qualification,Oujda,Morocco,1,2024,0,1,351,2024-04-04,128.0,129.0,1.0,1128.17,1121.34,2024-04-04,176.0,181.0,5.0,945.92,920.37,48.0,182.2500000000001,1286.0,1178.0,108.0,1,0.5,0.5,0.5,0.5,0.33333333333333326,0.25,0.0,0.0,0.0,0.0,0.0,0.0,0.5,0.5,0.5,0.5,0.33333333333333326,0.25
351,2024-06-06,Indonesia,Iraq,0.0,2.0,FIFA World Cup qualification,Jakarta,Indonesia,0,2024,0,1,352,2024-04-04,134.0,142.0,8.0,1102.7,1072.66,2024-04-04,58.0,59.0,1.0,1420.47,1409.44,-76.0,-317.77,1297.0,1621.0,-324.0,-1,2.0,1.2,1.0,2.2890625,1.8861454046639232,1.77227783203125,2.0,2.4,2.5714285714285716,2.61865234375,2.483299180906253,2.373206377029419,0.0,-1.2,-1.5714285714285716,-0.32958984375,-0.5971537762423296,-0.600928544998169
352,2024-06-06,Vietnam,Philippines,3.0,2.0,FIFA World Cup qualification,Hanoi,Vietnam,0,2024,0,1,353,2024-04-04,115.0,105.0,-10.0,1164.54,1194.58,2024-04-04,141.0,139.0,-2.0,1075.14,1086.17,26.0,89.39999999999986,1318.0,1052.0,266.0,1,0.0,0.0,0.5714285714285714,0.060546875,0.1999695168419449,0.2975578308105469,0.3333333333333333,0.25,0.25,0.125,0.14814814814814817,0.140625,-0.3333333333333333,-0.25,0.3214285714285714,-0.064453125,0.05182136869379672,0.15693283081054688
353,2024-06-06,Jordan,Tajikistan,3.0,0.0,FIFA World Cup qualification,Amman,Jordan,0,2024,0,1,354,2024-04-04,71.0,70.0,-1.0,1350.21,1343.6,2024-04-04,99.0,99.0,0.0,1216.76,1218.89,28.0,133.45000000000005,1503.0,1380.0,123.0,1,2.0,2.4,2.142857142857143,2.5888671875,2.3680502633406153,2.208958625793457,0.3333333333333333,0.8,0.8333333333333334,0.625,0.6625514403292181,0.724609375,1.6666666666666667,1.5999999999999999,1.3095238095238093,1.9638671875,1.7054988230113972,1.484349250793457
354,2024-06-06,Pakistan,Saudi Arabia,0.0,3.0,FIFA World Cup qualification,Islamabad,Pakistan,0,2024,0,1,355,2024-04-04,195.0,195.0,0.0,849.94,856.54,2024-04-04,53.0,53.0,0.0,1443.53,1441.4,-142.0,-593.5899999999999,828.0,1586.0,-758.0,-1,0.0,0.6,0.6666666666666666,0.125,0.3292181069958849,0.474609375,1.6666666666666667,1.8,2.142857142857143,1.61578369140625,1.7641989734827888,1.8427581749856472,-1.6666666666666667,-1.2000000000000002,-1.4761904761904763,-1.49078369140625,-1.434980866486904,-1.3681487999856472
355,2024-06-06,Nepal,United Arab Emirates,0.0,4.0,FIFA World Cup qualification,Dammam,Saudi Arabia,1,2024,0,1,356,2024-04-04,178.0,175.0,-3.0,937.84,948.05,2024-04-04,67.0,69.0,2.0,1366.45,1355.55,-111.0,-428.61,894.0,1504.0,-610.0,-1,0.0,0.6,0.6666666666666666,0.125,0.3292181069958849,0.474609375,2.0,2.4,2.142857142857143,2.560546875,2.326322206980643,2.2249488830566406,-2.0,-1.7999999999999998,-1.4761904761904763,-2.435546875,-1.9971040999847582,-1.7503395080566406
356,2024-06-06,El Salvador,Puerto Rico,0.0,0.0,FIFA World Cup qualification,San Salvador,El Salvador,0,2024,0,1,357,2024-04-04,81.0,81.0,0.0,1305.02,1306.14,2024-04-04,160.0,160.0,0.0,1006.35,1007.19,79.0,298.67,1483.0,1146.0,337.0,0,0.3333333333333333,0.8,0.6666666666666666,0.21875,0.34567901234567905,0.3779296875,,,,,,,,,,,,
357,2024-06-06,Bahrain,Yemen,0.0,0.0,FIFA World Cup qualification,Riffa,Bahrain,0,2024,0,1,358,2024-04-04,80.0,82.0,2.0,1307.53,1297.32,2024-04-04,156.0,151.0,-5.0,1017.05,1027.94,76.0,290.48,1461.0,1101.0,360.0,0,2.0,1.8,1.7142857142857142,2.484375,2.2263374485596708,2.162841796875,1.0,0.8,1.1666666666666667,0.5,0.9053497942386834,1.212890625,1.0,1.0,0.5476190476190474,1.984375,1.3209876543209873,0.949951171875
358,2024-06-06,Palestine,Lebanon,0.0,0.0,FIFA World Cup qualification,Doha,Qatar,1,2024,0,1,359,2024-04-04,93.0,97.0,4.0,1238.66,1227.2,2024-04-04,120.0,115.0,-5.0,1158.96,1168.07,27.0,79.70000000000005,1417.0,1284.0,133.0,0,2.0,1.2,1.1666666666666667,2.28125,1.7983539094650203,1.5498046875,0.0,0.4,0.2857142857142857,0.09765625,0.18411827465325412,0.2179412841796875,2.0,0.7999999999999999,0.880952380952381,2.18359375,1.6142356348117661,1.3318634033203125
359,2024-06-06,Honduras,Cuba,3.0,1.0,FIFA World Cup qualification,Tegucigalpa,Honduras,0,2024,0,1,360,2024-04-04,82.0,78.0,-4.0,1301.92,1311.43,2024-04-04,169.0,169.0,0.0,980.65,980.65,87.0,321.2700000000001,1538.0,1305.0,233.0,1,0.3333333333333333,0.2,0.16666666666666666,0.125,0.14814814814814817,0.140625,,,,,,,,,,,,
360,2024-06-06,Costa Rica,Saint Kitts and Nevis,4.0,0.0,FIFA World Cup qualification,San José,Costa Rica,0,2024,0,1,361,2024-04-04,52.0,54.0,2.0,1445.38,1437.57,2024-04-04,147.0,147.0,0.0,1056.61,1057.05,95.0,388.7700000000002,1714.0,1131.0,583.0,1,1.0,1.8,2.142857142857143,1.12109375,1.5295432606818067,1.7780685424804688,,,,,,,,,,,,
361,2024-06-06,Haiti,Saint Lucia,2.0,1.0,FIFA World Cup qualification,Bridgetown,Barbados,1,2024,0,1,362,2024-04-04,90.0,90.0,0.0,1262.5,1262.5,2024-04-04,165.0,167.0,2.0,988.67,988.67,75.0,273.83000000000004,1496.0,1136.0,360.0,1,,,,,,,,,,,,,,,,,,
362,2024-06-06,Panama,Guyana,2.0,0.0,FIFA World Cup qualification,Panama City,Panama,0,2024,0,1,363,2024-04-04,45.0,44.0,-1.0,1475.62,1475.62,2024-04-04,154.0,157.0,3.0,1020.31,1018.14,109.0,455.31,1765.0,1268.0,497.0,1,1.3333333333333333,1.4,1.1666666666666667,1.71875,1.3456790123456788,1.1279296875,,,,,,,,,,,,
363,2024-06-06,Jamaica,Dominican Republic,1.0,0.0,FIFA World Cup qualification,Kingston,Jamaica,0,2024,0,1,364,2024-04-04,55.0,57.0,2.0,1435.33,1421.54,2024-04-04,150.0,150.0,0.0,1042.86,1040.77,95.0,392.47,1610.0,1193.0,417.0,1,1.3333333333333333,0.8,0.6666666666666666,1.625,1.148148148148148,0.890625,,,,,,,,,,,,
364,2024-06-06,Hong Kong,Iran,2.0,4.0,FIFA World Cup qualification,Hong Kong,Hong Kong,0,2024,0,1,365,2022-03-31,147.0,148.0,1.0,1053.39,1053.39,2024-04-04,20.0,20.0,0.0,1613.96,1608.23,-127.0,-560.5699999999999,1060.0,1827.0,-767.0,-1,0.0,0.2,0.5714285714285714,0.109375,0.36213991769547343,0.639404296875,2.0,2.0,2.2857142857142856,2.556671142578125,2.3693816539475794,2.2905095564201474,-2.0,-1.8,-1.7142857142857142,-2.447296142578125,-2.007241736252106,-1.6511052595451474
365,2024-06-06,Bangladesh,Australia,0.0,2.0,FIFA World Cup qualification,Dhaka,Bangladesh,0,2024,0,1,366,2024-04-04,184.0,183.0,-1.0,905.3,916.75,2024-04-04,24.0,23.0,-1.0,1563.93,1554.82,-160.0,-658.6300000000001,939.0,1784.0,-845.0,-1,0.3333333333333333,0.8,0.8333333333333334,0.25,0.47736625514403297,0.615234375,2.0,2.0,2.2857142857142856,2.5590057373046875,2.3822404472779444,2.3066744482784998,-1.6666666666666667,-1.2,-1.452380952380952,-2.3090057373046875,-1.9048741921339114,-1.6914400732784998
366,2024-06-06,Uzbekistan,Turkmenistan,3.0,1.0,FIFA World Cup qualification,Tashkent,Uzbekistan,0,2024,0,1,367,2024-04-04,64.0,66.0,2.0,1386.58,1376.5,2024-04-04,143.0,141.0,-2.0,1072.52,1078.25,79.0,314.05999999999995,1643.0,1216.0,427.0,1,2.3333333333333335,2.2,2.142857142857143,2.6640625,2.474470355128791,2.404815673828125,0.3333333333333333,0.25,0.25,0.125,0.14814814814814817,0.140625,2.0,1.9500000000000002,1.8928571428571428,2.5390625,2.3263222069806426,2.264190673828125
367,2024-06-06,Mali,Ghana,1.0,2.0,FIFA World Cup qualification,Bamako,Mali,0,2024,0,1,368,2024-04-04,44.0,47.0,3.0,1477.9,1469.81,2024-04-04,68.0,67.0,-1.0,1358.77,1363.42,24.0,119.13000000000012,1631.0,1548.0,83.0,-1,1.3333333333333333,1.6,1.2857142857142858,0.796875,1.0068587105624143,1.011474609375,0.6666666666666666,1.0,1.1428571428571428,0.87109375,0.8798963572626124,0.9084014892578125,0.6666666666666666,0.6000000000000001,0.14285714285714302,-0.07421875,0.12696235329980188,0.1030731201171875
368,2024-06-06,Taiwan,Oman,0.0,3.0,FIFA World Cup qualification,Taipei,Taiwan,0,2024,0,1,369,2024-04-04,159.0,153.0,-6.0,1007.3,1023.93,2024-04-04,77.0,80.0,3.0,1323.23,1307.6,-82.0,-315.93000000000006,912.0,1526.0,-614.0,-1,0.0,0.6,1.0,0.1875,0.5925925925925928,0.94921875,2.0,1.8,2.142857142857143,2.41796875,2.1031854900167657,1.8946380615234375,-2.0,-1.2000000000000002,-1.1428571428571428,-2.23046875,-1.510592897424173,-0.9454193115234375
369,2024-06-06,Guinea-Bissau,Ethiopia,0.0,0.0,FIFA World Cup qualification,Bissau,Guinea-Bissau,0,2024,0,1,370,2024-04-04,116.0,118.0,2.0,1163.44,1164.01,2024-04-04,145.0,145.0,0.0,1068.48,1068.79,29.0,94.96000000000004,1411.0,1285.0,126.0,0,1.3333333333333333,1.3333333333333333,1.3333333333333333,1.0,1.1111111111111112,1.125,0.5,0.5,0.5,0.5,0.6666666666666667,0.75,0.8333333333333333,0.8333333333333333,0.8333333333333333,0.5,0.4444444444444444,0.375
370,2024-06-06,Egypt,Burkina Faso,2.0,1.0,FIFA World Cup qualification,Cairo,Egypt,0,2024,0,1,371,2024-04-04,37.0,36.0,-1.0,1499.72,1500.38,2024-04-04,62.0,61.0,-1.0,1390.38,1399.92,25.0,109.33999999999992,1684.0,1549.0,135.0,1,1.0,1.4,1.4285714285714286,1.1015625,1.3072702331961592,1.49932861328125,1.6666666666666667,1.6666666666666667,1.6666666666666667,1.5,1.4444444444444444,1.375,-0.6666666666666667,-0.26666666666666683,-0.23809523809523814,-0.3984375,-0.13717421124828522,0.12432861328125
371,2024-06-06,Mauritania,Sudan,0.0,2.0,FIFA World Cup qualification,Nouakchott,Mauritania,0,2024,0,1,372,2024-04-04,105.0,106.0,1.0,1195.5,1194.48,2024-04-04,127.0,127.0,0.0,1129.32,1128.74,22.0,66.18000000000006,1372.0,1296.0,76.0,-1,1.3333333333333333,1.0,1.0,0.875,0.8148148148148147,0.703125,2.0,2.0,2.0,2.0,1.6666666666666665,1.5,-0.6666666666666667,-1.0,-1.0,-1.125,-0.8518518518518519,-0.796875
372,2024-06-06,Senegal,DR Congo,1.0,1.0,FIFA World Cup qualification,Diamniadio,Senegal,0,2024,0,1,373,2024-04-04,17.0,17.0,0.0,1624.73,1620.74,2024-04-04,63.0,63.0,0.0,1388.25,1388.25,46.0,236.48,1731.0,1497.0,234.0,0,2.3333333333333335,2.2,2.0,1.90966796875,2.0531592406306625,2.025294065475464,1.3333333333333333,1.2,1.1428571428571428,0.9990234375,1.071906382834595,1.0916643142700195,1.0000000000000002,1.0000000000000002,0.8571428571428572,0.91064453125,0.9812528577960675,0.9336297512054443
373,2024-06-06,Benin,Rwanda,1.0,0.0,FIFA World Cup qualification,Abidjan,Ivory Coast,1,2024,0,1,374,2024-04-04,97.0,98.0,1.0,1225.68,1225.1,2024-04-04,131.0,133.0,2.0,1112.44,1107.04,34.0,113.24,1476.0,1271.0,205.0,1,0.5,0.5,0.5,0.5,0.33333333333333326,0.25,2.0,2.0,2.0,2.0,1.6666666666666665,1.5,-1.5,-1.5,-1.5,-1.5,-1.3333333333333333,-1.25
374,2024-06-06,Kyrgyzstan,Malaysia,1.0,1.0,FIFA World Cup qualification,Bishkek,Kyrgyzstan,0,2024,0,1,375,2024-04-04,100.0,104.0,4.0,1213.6,1196.97,2024-04-04,138.0,132.0,-6.0,1094.54,1110.17,38.0,119.05999999999996,1266.0,1285.0,-19.0,0,2.0,1.8,1.8,2.4375,1.9629629629629628,1.62890625,0.3333333333333333,0.8,1.1666666666666667,0.3125,0.740740740740741,1.08984375,1.6666666666666667,1.0,0.6333333333333333,2.125,1.2222222222222219,0.5390625
375,2024-06-06,Algeria,Guinea,1.0,2.0,FIFA World Cup qualification,Algiers,Algeria,0,2024,0,1,376,2024-04-04,43.0,43.0,0.0,1482.71,1480.24,2024-04-04,76.0,76.0,0.0,1324.65,1320.42,33.0,158.05999999999997,1723.0,1468.0,255.0,-1,0.6666666666666666,1.6,1.5714285714285714,0.703125,1.1275720164609055,1.415771484375,0.0,0.75,0.75,0.375,0.8888888888888891,1.265625,0.6666666666666666,0.8500000000000001,0.8214285714285714,0.328125,0.23868312757201648,0.150146484375
376,2024-06-06,Libya,Mauritius,2.0,1.0,FIFA World Cup qualification,Benghazi,Libya,0,2024,0,1,377,2024-04-04,114.0,120.0,6.0,1166.71,1159.51,2024-04-04,183.0,177.0,-6.0,919.4,944.95,69.0,247.3100000000001,1347.0,1029.0,318.0,1,2.0,2.0,2.0,2.0,2.333333333333333,2.5,0.5,0.5,0.5,0.5,0.33333333333333326,0.25,1.5,1.5,1.5,1.5,1.9999999999999998,2.25
377,2024-06-06,Afghanistan,Qatar,0.0,0.0,FIFA World Cup qualification,Al Hofuf,Saudi Arabia,1,2024,0,1,378,2024-04-04,151.0,158.0,7.0,1036.92,1017.68,2024-04-04,34.0,37.0,3.0,1507.94,1499.34,-117.0,-471.02,1085.0,1534.0,-449.0,0,1.3333333333333333,1.4,1.6666666666666667,1.9375,1.8148148148148149,1.88671875,3.0,2.6,2.7142857142857144,2.93603515625,2.8336296973699806,2.7150914669036865,-1.6666666666666667,-1.2000000000000002,-1.0476190476190477,-0.99853515625,-1.0188148825551657,-0.8283727169036865
378,2024-06-06,India,Kuwait,0.0,0.0,FIFA World Cup qualification,Kolkota,India,0,2024,0,1,379,2024-04-04,121.0,117.0,-4.0,1145.94,1165.17,2024-04-04,139.0,137.0,-2.0,1085.46,1094.05,18.0,60.48000000000002,1228.0,1340.0,-112.0,0,0.3333333333333333,0.2,0.6666666666666666,0.34375,0.6172839506172841,0.8994140625,1.0,0.75,0.75,0.375,0.4444444444444445,0.421875,-0.6666666666666667,-0.55,-0.08333333333333337,-0.03125,0.17283950617283966,0.4775390625
379,2024-06-06,Myanmar,Japan,0.0,5.0,FIFA World Cup qualification,Yangon,Myanmar,0,2024,0,1,380,2024-04-04,163.0,162.0,-1.0,999.46,1000.46,2024-04-04,18.0,18.0,0.0,1621.88,1614.33,-145.0,-622.4200000000001,926.0,1905.0,-979.0,-1,0.3333333333333333,0.4,0.8333333333333334,0.375,0.683127572016461,0.978515625,2.0,1.8,2.142857142857143,2.150634765625,2.0873104132600484,2.092065542936325,-1.6666666666666667,-1.4,-1.3095238095238093,-1.775634765625,-1.4041828412435873,-1.113549917936325
380,2024-06-06,North Korea,Syria,1.0,0.0,FIFA World Cup qualification,Vientiane,Laos,1,2024,0,1,381,2024-04-04,118.0,114.0,-4.0,1160.57,1168.12,2024-04-04,89.0,89.0,0.0,1266.52,1265.51,-29.0,-105.95000000000005,1370.0,1444.0,-74.0,1,1.0,1.0,1.0,0.75,0.6666666666666666,0.5625,1.6666666666666667,1.2,1.2857142857142858,1.939453125,1.5825331504343847,1.3991661071777344,-0.6666666666666667,-0.19999999999999996,-0.2857142857142858,-1.189453125,-0.9158664837677181,-0.8366661071777344
381,2024-06-06,China PR,Thailand,1.0,1.0,FIFA World Cup qualification,Shenyang,China PR,0,2024,0,1,382,2024-04-04,88.0,88.0,0.0,1275.22,1273.78,2024-04-04,101.0,101.0,0.0,1208.93,1206.72,13.0,66.28999999999996,1400.0,1437.0,-37.0,0,1.3333333333333333,1.4,1.1428571428571428,1.8515625,1.4490169181527204,1.21929931640625,0.3333333333333333,1.0,0.8333333333333334,0.40625,0.5185185185185185,0.5302734375,1.0,0.3999999999999999,0.3095238095238094,1.4453125,0.9304983996342019,0.68902587890625
382,2024-06-06,Singapore,South Korea,0.0,7.0,FIFA World Cup qualification,Kallang,Singapore,0,2024,0,1,383,2024-04-04,155.0,156.0,1.0,1019.06,1020.5,2024-04-04,23.0,22.0,-1.0,1563.99,1566.21,-132.0,-544.9300000000001,1127.0,1799.0,-672.0,-1,0.3333333333333333,0.8,1.1666666666666667,0.4375,0.814814814814815,1.13671875,1.3333333333333333,1.6,1.4285714285714286,2.013580322265625,1.8012048583212645,1.7460457803681493,-1.0,-0.8,-0.26190476190476186,-1.576080322265625,-0.9863900435064495,-0.6093270303681493
383,2024-06-06,Malawi,São Tomé and Príncipe,3.0,1.0,FIFA World Cup qualification,Lilongwe,Malawi,0,2024,0,1,384,2024-04-04,125.0,122.0,-3.0,1140.93,1149.4,2024-04-04,188.0,191.0,3.0,893.58,888.94,63.0,247.35,1354.0,1062.0,292.0,1,1.5,1.5,1.5,1.5,2.0,2.25,0.0,0.0,0.0,0.0,0.0,0.0,1.5,1.5,1.5,1.5,2.0,2.25
384,2024-06-07,Ivory Coast,Gabon,1.0,0.0,FIFA World Cup qualification,Korhogo,Ivory Coast,0,2024,0,1,385,2024-04-04,38.0,39.0,1.0,1498.8,1494.57,2024-04-04,84.0,84.0,0.0,1287.33,1289.52,46.0,211.47000000000003,1642.0,1494.0,148.0,1,3.0,2.0,1.8571428571428572,2.734375,2.473251028806584,2.373779296875,3.0,3.0,3.0,3.0,3.0,3.0,0.0,-1.0,-1.1428571428571428,-0.265625,-0.5267489711934159,-0.626220703125
385,2024-06-07,Uganda,Botswana,1.0,0.0,FIFA World Cup qualification,Kira,Uganda,0,2024,0,1,386,2024-04-04,92.0,92.0,0.0,1242.15,1246.88,2024-04-04,146.0,146.0,0.0,1065.07,1064.5,54.0,177.08000000000015,1362.0,1326.0,36.0,1,1.5,1.5,1.5,1.5,0.9999999999999998,0.75,1.5,1.5,1.5,1.5,0.9999999999999998,0.75,0.0,0.0,0.0,0.0,0.0,0.0
386,2024-06-07,Mozambique,Somalia,2.0,1.0,FIFA World Cup qualification,Maputo,Mozambique,0,2024,0,1,387,2024-04-04,110.0,110.0,0.0,1184.49,1184.49,2024-04-04,199.0,198.0,-1.0,842.64,845.66,89.0,341.85,1311.0,857.0,454.0,1,0.6666666666666666,1.0,1.0,0.8125,1.0740740740740744,1.33984375,0.0,0.0,0.0,0.0,0.0,0.0,0.6666666666666666,1.0,1.0,0.8125,1.0740740740740744,1.33984375
387,2024-06-07,Kenya,Burundi,1.0,1.0,FIFA World Cup qualification,Lilongwe,Malawi,1,2024,0,1,388,2024-04-04,107.0,111.0,4.0,1191.24,1181.92,2024-04-04,140.0,140.0,0.0,1081.63,1085.83,33.0,109.6099999999999,1371.0,1246.0,125.0,0,1.5,1.5,1.5,1.5,0.9999999999999998,0.75,1.5,1.5,1.5,1.5,2.0,2.25,0.0,0.0,0.0,0.0,-1.0000000000000002,-1.5
388,2024-06-07,Madagascar,Comoros,2.0,1.0,FIFA World Cup qualification,Johannesburg,South Africa,1,2024,0,1,389,2024-04-04,109.0,109.0,0.0,1185.86,1187.63,2024-04-04,117.0,121.0,4.0,1163.02,1156.45,8.0,22.83999999999992,1288.0,1241.0,47.0,1,1.5,1.5,1.5,1.5,0.9999999999999998,0.75,3.0,3.0,3.0,3.0,3.0,3.0,-1.5,-1.5,-1.5,-1.5,-2.0,-2.25
389,2024-06-07,Angola,Eswatini,1.0,0.0,FIFA World Cup qualification,Luanda,Angola,0,2024,0,1,390,2024-04-04,94.0,93.0,-1.0,1235.76,1238.11,2024-04-04,148.0,149.0,1.0,1048.89,1045.88,54.0,186.8699999999999,1398.0,1269.0,129.0,1,1.0,1.0,1.0,1.0,1.0,1.0,0.0,0.0,0.0,0.0,0.0,0.0,1.0,1.0,1.0,1.0,1.0,1.0
390,2024-06-07,Nigeria,South Africa,1.0,1.0,FIFA World Cup qualification,Uyo,Nigeria,0,2024,0,1,391,2024-04-04,30.0,28.0,-2.0,1520.27,1522.26,2024-04-04,59.0,58.0,-1.0,1407.67,1410.23,29.0,112.59999999999992,1657.0,1486.0,171.0,0,1.3333333333333333,1.2,1.1428571428571428,0.75,0.962962962962963,1.03125,1.0,1.4,1.4285714285714286,1.15234375,1.314586191129401,1.4519500732421875,0.33333333333333326,-0.19999999999999996,-0.2857142857142858,-0.40234375,-0.351623228166438,-0.4207000732421875
391,2024-06-07,Zimbabwe,Lesotho,0.0,2.0,FIFA World Cup qualification,Johannesburg,South Africa,1,2024,0,1,392,2024-04-04,122.0,124.0,2.0,1143.66,1144.56,2024-04-04,149.0,148.0,-1.0,1047.58,1047.27,27.0,96.08000000000015,1333.0,1252.0,81.0,-1,1.0,1.0,1.0,1.0,1.0,1.0,1.0,1.0,1.0,1.0,1.0,1.0,0.0,0.0,0.0,0.0,0.0,0.0
392,2024-06-07,Morocco,Zambia,2.0,1.0,FIFA World Cup qualification,Agadir,Morocco,0,2024,0,1,393,2024-04-04,13.0,12.0,-1.0,1661.42,1663.39,2024-04-04,86.0,87.0,1.0,1278.26,1275.71,73.0,383.1600000000001,1846.0,1523.0,323.0,1,1.3333333333333333,2.0,1.4285714285714286,1.175048828125,1.4402288620310941,1.538599044084549,0.3333333333333333,1.0,1.0,0.625,1.1111111111111114,1.453125,1.0,1.0,0.4285714285714286,0.550048828125,0.32911775091998274,0.08547404408454895
393,2024-06-08,Anguilla,Suriname,0.0,4.0,FIFA World Cup qualification,The Valley,Anguilla,0,2024,0,1,394,2024-04-04,209.0,209.0,0.0,793.48,785.69,2024-04-04,144.0,144.0,0.0,1071.85,1071.85,-65.0,-278.3699999999999,578.0,1291.0,-713.0,-1,1.0,1.0,1.0,1.0,1.0,1.0,3.0,3.0,3.0,3.0,3.0,3.0,-2.0,-2.0,-2.0,-2.0,-2.0,-2.0
394,2024-06-08,British Virgin Islands,Guatemala,0.0,3.0,FIFA World Cup qualification,Road Town,British Virgin Islands,0,2024,0,1,395,2024-04-04,207.0,207.0,0.0,813.31,807.57,2024-04-04,108.0,108.0,0.0,1188.28,1188.17,-99.0,-374.97,658.0,1481.0,-823.0,-1,1.0,1.0,1.0,1.0,1.0,1.0,3.0,3.0,3.0,3.0,3.0,3.0,-2.0,-2.0,-2.0,-2.0,-2.0,-2.0
395,2024-06-08,Belize,Nicaragua,0.0,4.0,FIFA World Cup qualification,Belmopan,Belize,0,2024,0,1,396,2024-04-04,182.0,182.0,0.0,919.52,918.68,2024-04-04,135.0,134.0,-1.0,1102.54,1104.26,-47.0,-183.02,1057.0,1344.0,-287.0,-1,,,,,,,3.0,3.0,3.0,3.0,3.0,3.0,,,,,,
396,2024-06-08,Aruba,Curaçao,0.0,2.0,FIFA World Cup qualification,Oranjestad,Aruba,0,2024,0,1,397,2024-04-04,193.0,193.0,0.0,875.82,879.32,2024-04-04,91.0,91.0,0.0,1262.48,1262.48,-102.0,-386.66,935.0,1337.0,-402.0,-1,,,,,,,3.0,3.0,3.0,3.0,3.0,3.0,,,,,,
397,2024-06-08,Cayman Islands,Antigua and Barbuda,1.0,0.0,FIFA World Cup qualification,George Town,Cayman Islands,0,2024,0,1,398,2024-04-04,196.0,197.0,1.0,847.81,851.19,2024-04-04,142.0,142.0,0.0,1072.66,1072.66,-54.0,-224.8500000000001,865.0,1191.0,-326.0,1,,,,,,,1.0,1.0,1.0,1.0,1.0,1.0,,,,,,
398,2024-06-08,Gambia,Seychelles,5.0,1.0,FIFA World Cup qualification,Berkane,Morocco,1,2024,0,1,399,2022-03-31,123.0,125.0,2.0,1138.19,1135.18,2024-04-04,197.0,199.0,2.0,845.53,845.53,74.0,292.6600000000001,1443.0,859.0,584.0,1,0.0,0.0,0.0,0.0,0.0,0.0,0.0,0.0,0.0,0.0,0.0,0.0,0.0,0.0,0.0,0.0,0.0,0.0
399,2024-06-08,Cameroon,Cape Verde,4.0,1.0,FIFA World Cup qualification,Yaoundé,Cameroon,0,2024,0,1,400,2024-04-04,51.0,51.0,0.0,1452.59,1452.59,2024-04-04,65.0,65.0,0.0,1383.44,1377.06,14.0,69.14999999999986,1625.0,1479.0,146.0,1,1.3333333333333333,1.6,1.5714285714285714,0.8671875,1.1165980795610426,1.13836669921875,1.6666666666666667,2.2,2.142857142857143,1.71875,1.8614540466392318,1.86279296875,-0.3333333333333335,-0.6000000000000001,-0.5714285714285714,-0.8515625,-0.7448559670781891,-0.72442626953125
400,2024-06-08,Bahamas,Trinidad and Tobago,1.0,7.0,FIFA World Cup qualification,Basseterre,Saint Kitts and Nevis,1,2024,0,1,401,2024-04-04,200.0,202.0,2.0,835.81,835.81,2024-04-04,98.0,96.0,-2.0,1220.65,1228.05,-102.0,-384.84000000000015,872.0,1373.0,-501.0,-1,,,,,,,1.0,1.0,1.0,1.0,1.0,1.0,,,,,,
401,2024-06-09,Barbados,Haiti,1.0,3.0,FIFA World Cup qualification,Bridgetown,Barbados,0,2024,0,1,402,2024-04-04,177.0,178.0,1.0,943.8,943.8,2024-04-04,90.0,90.0,0.0,1262.5,1262.5,-87.0,-318.70000000000005,955.0,1496.0,-541.0,-1,0.0,0.0,0.0,0.0,0.0,0.0,3.0,3.0,3.0,3.0,3.0,3.0,-3.0,-3.0,-3.0,-3.0,-3.0,-3.0
402,2024-06-09,Saint Vincent and the Grenadines,El Salvador,1.0,3.0,FIFA World Cup qualification,Paramaribo,Suriname,1,2024,0,1,403,2024-04-04,173.0,173.0,0.0,953.47,953.47,2024-04-04,81.0,81.0,0.0,1305.02,1306.14,-92.0,-351.54999999999995,1037.0,1483.0,-446.0,-1,0.0,0.0,0.0,0.0,0.0,0.0,0.3333333333333333,0.4,0.7142857142857143,0.609375,0.5637860082304527,0.533447265625,-0.3333333333333333,-0.4,-0.7142857142857143,-0.609375,-0.5637860082304527,-0.533447265625
403,2024-06-09,Dominica,Jamaica,2.0,3.0,FIFA World Cup qualification,Roseau,Dominica,0,2024,0,1,404,2024-04-04,180.0,180.0,0.0,922.25,922.25,2024-04-04,55.0,57.0,2.0,1435.33,1421.54,-125.0,-513.0799999999999,981.0,1610.0,-629.0,-1,0.0,0.0,0.0,0.0,0.0,0.0,2.0,1.4,1.0,2.3125,1.765432098765432,1.41796875,-2.0,-1.4,-1.0,-2.3125,-1.765432098765432,-1.41796875
404,2024-06-09,Montserrat,Panama,1.0,3.0,FIFA World Cup qualification,Managua,Nicaragua,1,2024,0,1,405,2024-04-04,175.0,176.0,1.0,946.08,946.08,2024-04-04,45.0,44.0,-1.0,1475.62,1475.62,-130.0,-529.5399999999998,1003.0,1765.0,-762.0,-1,0.0,0.0,0.0,0.0,0.0,0.0,2.0,1.4,1.4285714285714286,2.359375,1.8971193415637857,1.595947265625,-2.0,-1.4,-1.4285714285714286,-2.359375,-1.8971193415637857,-1.595947265625
405,2024-06-09,Grenada,Costa Rica,0.0,3.0,FIFA World Cup qualification,St. George's,Grenada,0,2024,0,1,406,2024-04-04,174.0,174.0,0.0,950.99,950.99,2024-04-04,52.0,54.0,2.0,1445.38,1437.57,-122.0,-494.3900000000001,1107.0,1714.0,-607.0,-1,1.0,1.0,1.0,1.0,1.0,1.0,2.0,1.8,2.142857142857143,2.060546875,2.019695507121204,2.0835514068603516,-1.0,-0.8,-1.1428571428571428,-1.060546875,-1.0196955071212042,-1.0835514068603516
406,2024-06-09,Mauritania,Senegal,0.0,1.0,FIFA World Cup qualification,Nouakchott,Mauritania,0,2024,0,1,407,2024-04-04,105.0,106.0,1.0,1195.5,1194.48,2024-04-04,17.0,17.0,0.0,1624.73,1620.74,-88.0,-429.23,1372.0,1731.0,-359.0,-1,1.0,0.8,0.8,0.4375,0.5432098765432098,0.52734375,1.6666666666666667,2.2,2.142857142857143,1.454833984375,1.7021061604204417,1.768970549106598,-0.6666666666666667,-1.4000000000000001,-1.3428571428571427,-1.017333984375,-1.1588962838772319,-1.241626799106598
407,2024-06-09,Namibia,Tunisia,0.0,0.0,FIFA World Cup qualification,Johannesburg,South Africa,1,2024,0,1,408,2024-04-04,106.0,107.0,1.0,1192.13,1192.13,2024-04-04,41.0,41.0,0.0,1493.12,1491.15,-65.0,-300.9899999999998,1414.0,1738.0,-324.0,0,1.3333333333333333,2.0,2.0,1.25,1.6666666666666667,1.9375,1.6666666666666667,1.6,2.0,2.044921875,1.8610814747074464,1.8396320343017578,-0.3333333333333335,0.3999999999999999,0.0,-0.794921875,-0.1944148080407797,0.09786796569824219
408,2024-06-09,São Tomé and Príncipe,Liberia,0.0,1.0,FIFA World Cup qualification,Oujda,Morocco,1,2024,0,1,409,2024-04-04,188.0,191.0,3.0,893.58,888.94,2024-04-04,152.0,152.0,0.0,1029.58,1024.11,-36.0,-135.9999999999999,1062.0,1270.0,-208.0,-1,0.0,0.0,0.0,0.0,0.0,0.0,1.3333333333333333,1.3333333333333333,1.3333333333333333,1.25,0.9999999999999999,0.8125,-1.3333333333333333,-1.3333333333333333,-1.3333333333333333,-1.25,-0.9999999999999999,-0.8125
409,2024-06-09,DR Congo,Togo,1.0,0.0,FIFA World Cup qualification,Kinshasa,DR Congo,0,2024,0,1,410,2024-04-04,63.0,63.0,0.0,1388.25,1388.25,2024-04-04,113.0,116.0,3.0,1170.34,1165.74,50.0,217.91000000000008,1497.0,1319.0,178.0,1,0.6666666666666666,1.2,1.1428571428571428,0.99951171875,1.0479375885563966,1.0687482357025146,1.0,1.0,1.0,1.0,1.0,1.0,-0.33333333333333337,0.19999999999999996,0.1428571428571428,-0.00048828125,0.047937588556396626,0.06874823570251465
410,2024-06-09,Djibouti,Ethiopia,1.0,1.0,FIFA World Cup qualification,El Jadida,Morocco,1,2024,0,1,411,2024-04-04,192.0,192.0,0.0,877.28,882.76,2024-04-04,145.0,145.0,0.0,1068.48,1068.79,-47.0,-191.20000000000005,752.0,1285.0,-533.0,0,0.0,0.0,0.0,0.0,0.0,0.0,0.6666666666666666,0.6666666666666666,0.6666666666666666,0.75,0.7777777777777778,0.8125,-0.6666666666666666,-0.6666666666666666,-0.6666666666666666,-0.75,-0.7777777777777778,-0.8125
411,2024-06-09,Bermuda,Honduras,1.0,6.0,FIFA World Cup qualification,Hamilton,Bermuda,0,2024,0,1,412,2024-04-04,170.0,171.0,1.0,974.3,972.36,2024-04-04,82.0,78.0,-4.0,1301.92,1311.43,-88.0,-327.6200000000001,1175.0,1538.0,-363.0,-1,1.0,1.0,1.0,1.0,1.0,1.0,1.0,0.8,0.5714285714285714,1.5625,1.0987654320987652,0.85546875,0.0,0.19999999999999996,0.4285714285714286,-0.5625,-0.0987654320987652,0.14453125
412,2024-06-10,Guinea,Mozambique,0.0,1.0,FIFA World Cup qualification,El Jadida,Morocco,1,2024,0,1,413,2024-04-04,76.0,76.0,0.0,1324.65,1320.42,2024-04-04,110.0,110.0,0.0,1184.49,1184.49,34.0,140.16000000000008,1468.0,1311.0,157.0,-1,1.0,1.2,1.2,1.6875,1.5925925925925926,1.69921875,1.3333333333333333,1.0,1.3333333333333333,1.90625,1.7160493827160495,1.7548828125,-0.33333333333333326,0.19999999999999996,-0.1333333333333333,-0.21875,-0.1234567901234569,-0.0556640625
413,2024-06-10,Ghana,Central African Republic,4.0,3.0,FIFA World Cup qualification,Kumasi,Ghana,0,2024,0,1,414,2024-04-04,68.0,67.0,-1.0,1358.77,1363.42,2024-04-04,128.0,129.0,1.0,1128.17,1121.34,60.0,230.5999999999999,1548.0,1286.0,262.0,1,1.6666666666666667,1.0,1.1428571428571428,1.935546875,1.586597571508408,1.4313011169433594,1.3333333333333333,1.3333333333333333,1.3333333333333333,1.75,1.2222222222222219,0.9375,0.3333333333333335,-0.33333333333333326,-0.19047619047619047,0.185546875,0.3643753492861861,0.4938011169433594
414,2024-06-10,Equatorial Guinea,Malawi,1.0,0.0,FIFA World Cup qualification,Malabo,Equatorial Guinea,0,2024,0,1,415,2024-04-04,79.0,79.0,0.0,1308.03,1310.5,2024-04-04,125.0,122.0,-3.0,1140.93,1149.4,46.0,167.0999999999999,1467.0,1354.0,113.0,1,1.0,0.75,0.75,0.75,0.6666666666666666,0.5625,2.0,2.0,2.0,2.25,2.333333333333333,2.4375,-1.0,-1.25,-1.25,-1.5,-1.6666666666666665,-1.875
415,2024-06-10,Uganda,Algeria,1.0,2.0,FIFA World Cup qualification,Kira,Uganda,0,2024,0,1,416,2024-04-04,92.0,92.0,0.0,1242.15,1246.88,2024-04-04,43.0,43.0,0.0,1482.71,1480.24,-49.0,-240.56,1362.0,1723.0,-361.0,-1,2.0,2.0,2.0,2.25,1.6666666666666665,1.3125,0.3333333333333333,1.0,1.1428571428571428,0.3515625,0.7517146776406037,1.06182861328125,1.6666666666666667,1.0,0.8571428571428572,1.8984375,0.9149519890260628,0.25067138671875
416,2024-06-10,Burkina Faso,Sierra Leone,2.0,2.0,FIFA World Cup qualification,Bamako,Mali,1,2024,0,1,417,2024-04-04,62.0,61.0,-1.0,1390.38,1399.92,2024-04-04,126.0,126.0,0.0,1137.36,1137.36,64.0,253.0200000000002,1549.0,1333.0,216.0,0,1.3333333333333333,1.25,1.25,0.75,0.962962962962963,1.03125,1.3333333333333333,1.3333333333333333,1.3333333333333333,1.75,1.4444444444444442,1.3125,0.0,-0.08333333333333326,-0.08333333333333326,-1.0,-0.4814814814814812,-0.28125
417,2024-06-10,Benin,Nigeria,2.0,1.0,FIFA World Cup qualification,Abidjan,Ivory Coast,1,2024,0,1,418,2024-04-04,97.0,98.0,1.0,1225.68,1225.1,2024-04-04,30.0,28.0,-2.0,1520.27,1522.26,-67.0,-294.5899999999999,1476.0,1657.0,-181.0,1,1.3333333333333333,1.3333333333333333,1.3333333333333333,1.75,1.2222222222222219,0.9375,0.6666666666666666,1.2,1.1428571428571428,0.875,0.9753086419753086,1.0234375,0.6666666666666666,0.1333333333333333,0.19047619047619047,0.875,0.24691358024691323,-0.0859375
418,2024-06-10,Guinea-Bissau,Egypt,1.0,1.0,FIFA World Cup qualification,Bissau,Guinea-Bissau,0,2024,0,1,419,2024-04-04,116.0,118.0,2.0,1163.44,1164.01,2024-04-04,37.0,36.0,-1.0,1499.72,1500.38,-79.0,-336.28,1411.0,1684.0,-273.0,0,1.3333333333333333,1.25,1.25,1.0,1.074074074074074,1.09375,1.6666666666666667,1.4,1.8571428571428572,2.05078125,1.8715134887974394,1.8744964599609375,-0.3333333333333335,-0.1499999999999999,-0.6071428571428572,-1.05078125,-0.7974394147233654,-0.7807464599609375
419,2024-06-10,Somalia,Botswana,1.0,3.0,FIFA World Cup qualification,Maputo,Mozambique,1,2024,0,1,420,2024-04-04,199.0,198.0,-1.0,842.64,845.66,2024-04-04,146.0,146.0,0.0,1065.07,1064.5,-53.0,-222.42999999999995,857.0,1326.0,-469.0,-1,0.0,0.0,0.0,0.0,0.0,0.0,1.0,1.0,1.0,0.75,0.6666666666666666,0.5625,-1.0,-1.0,-1.0,-0.75,-0.6666666666666666,-0.5625
420,2024-06-11,Turkmenistan,Hong Kong,0.0,0.0,FIFA World Cup qualification,Ashgabat,Turkmenistan,0,2024,0,1,421,2024-04-04,143.0,141.0,-2.0,1072.52,1078.25,2022-03-31,147.0,148.0,1.0,1053.39,1053.39,4.0,19.12999999999988,1216.0,1060.0,156.0,0,0.0,0.2,0.2,0.0625,0.09876543209876545,0.10546875,0.0,0.2,0.14285714285714285,0.0546875,0.24142661179698233,0.47955322265625,0.0,0.0,0.05714285714285716,0.0078125,-0.14266117969821687,-0.37408447265625
421,2024-06-11,Iran,Uzbekistan,0.0,0.0,FIFA World Cup qualification,Tehran,Iran,0,2024,0,1,422,2024-04-04,20.0,20.0,0.0,1613.96,1608.23,2024-04-04,64.0,66.0,2.0,1386.58,1376.5,44.0,227.3800000000001,1827.0,1643.0,184.0,0,3.0,2.4,2.2857142857142856,2.7783355712890625,2.579587769298386,2.4678821673151106,3.0,2.6,2.4285714285714284,2.83203125,2.649646903419194,2.5536117553710938,0.0,-0.20000000000000018,-0.1428571428571428,-0.0536956787109375,-0.07005913412080789,-0.08572958805598319
422,2024-06-11,Indonesia,Philippines,2.0,0.0,FIFA World Cup qualification,Jakarta,Indonesia,0,2024,0,1,423,2024-04-04,134.0,142.0,8.0,1102.7,1072.66,2024-04-04,141.0,139.0,-2.0,1075.14,1086.17,7.0,27.559999999999945,1297.0,1052.0,245.0,1,2.0,1.2,1.0,1.14453125,1.257430269775949,1.3292083740234375,0.0,0.2,0.2,0.0625,0.09876543209876545,0.10546875,2.0,1.0,0.8,1.08203125,1.1586648376771835,1.2237396240234375
423,2024-06-11,Iraq,Vietnam,3.0,1.0,FIFA World Cup qualification,Basra,Iraq,0,2024,0,1,424,2024-04-04,58.0,59.0,1.0,1420.47,1409.44,2024-04-04,115.0,105.0,-10.0,1164.54,1194.58,57.0,255.9300000000001,1621.0,1318.0,303.0,1,3.0,2.4,2.5714285714285716,2.809326171875,2.655532787270835,2.529904782772064,1.0,0.6,0.8571428571428571,1.5302734375,1.133313011227963,0.9731683731079102,2.0,1.7999999999999998,1.7142857142857144,1.279052734375,1.5222197760428722,1.556736409664154
424,2024-06-11,Tajikistan,Pakistan,3.0,0.0,FIFA World Cup qualification,Dushanbe,Tajikistan,0,2024,0,1,425,2024-04-04,99.0,99.0,0.0,1216.76,1218.89,2024-04-04,195.0,195.0,0.0,849.94,856.54,96.0,366.82,1380.0,828.0,552.0,1,0.3333333333333333,0.2,0.7142857142857143,0.3125,0.4417009602194788,0.54345703125,0.0,0.0,0.5714285714285714,0.0625,0.21947873799725662,0.35595703125,0.3333333333333333,0.2,0.1428571428571429,0.25,0.22222222222222218,0.1875
425,2024-06-11,Saudi Arabia,Jordan,1.0,2.0,FIFA World Cup qualification,Riyadh,Saudi Arabia,0,2024,0,1,426,2024-04-04,53.0,53.0,0.0,1443.53,1441.4,2024-04-04,71.0,70.0,-1.0,1350.21,1343.6,18.0,93.31999999999994,1586.0,1503.0,83.0,-1,2.3333333333333335,1.8,2.142857142857143,2.307891845703125,2.176132648988526,2.1320686312392354,3.0,2.4,2.5714285714285716,2.79443359375,2.57870017556041,2.4067189693450928,-0.6666666666666665,-0.5999999999999999,-0.4285714285714288,-0.486541748046875,-0.4025675265718842,-0.2746503381058574
426,2024-06-11,United Arab Emirates,Bahrain,1.0,1.0,FIFA World Cup qualification,Dubai,United Arab Emirates,0,2024,0,1,427,2024-04-04,67.0,69.0,2.0,1366.45,1355.55,2024-04-04,80.0,82.0,2.0,1307.53,1297.32,13.0,58.92000000000007,1504.0,1461.0,43.0,0,3.0,2.4,2.142857142857143,2.7802734375,2.5508814713204284,2.4187116622924805,2.3333333333333335,2.0,1.4285714285714286,1.7421875,1.8175582990397805,1.87213134765625,0.6666666666666665,0.3999999999999999,0.7142857142857142,1.0380859375,0.7333231722806479,0.5465803146362305
427,2024-06-11,Yemen,Nepal,2.0,2.0,FIFA World Cup qualification,Dammam,Saudi Arabia,1,2024,0,1,428,2024-04-04,156.0,151.0,-5.0,1017.05,1027.94,2024-04-04,178.0,175.0,-3.0,937.84,948.05,22.0,79.20999999999992,1101.0,894.0,207.0,0,0.3333333333333333,0.8,1.1428571428571428,0.75,0.936899862825789,1.15966796875,0.0,0.0,0.5714285714285714,0.0625,0.21947873799725662,0.35595703125,0.3333333333333333,0.8,0.5714285714285714,0.6875,0.7174211248285324,0.8037109375
428,2024-06-11,Lebanon,Bangladesh,4.0,0.0,FIFA World Cup qualification,Al Rayyan,Qatar,1,2024,0,1,429,2024-04-04,120.0,115.0,-5.0,1158.96,1168.07,2024-04-04,184.0,183.0,-1.0,905.3,916.75,64.0,253.66000000000008,1284.0,939.0,345.0,1,0.3333333333333333,0.4,0.42857142857142855,0.548828125,0.456078849768836,0.4134559631347656,0.0,0.2,0.7142857142857143,0.125,0.318244170096022,0.46142578125,0.3333333333333333,0.2,-0.28571428571428575,0.423828125,0.137834679672814,-0.047969818115234375
429,2024-06-11,Cuba,Cayman Islands,3.0,0.0,FIFA World Cup qualification,Santiago,Cuba,0,2024,0,1,430,2024-04-04,169.0,169.0,0.0,980.65,980.65,2024-04-04,196.0,197.0,1.0,847.81,851.19,27.0,132.84000000000003,1305.0,865.0,440.0,1,0.0,0.0,0.0,0.0,0.0,0.0,3.0,3.0,3.0,3.0,3.0,3.0,-3.0,-3.0,-3.0,-3.0,-3.0,-3.0
430,2024-06-11,Saint Kitts and Nevis,Bahamas,1.0,0.0,FIFA World Cup qualification,Basseterre,Saint Kitts and Nevis,0,2024,0,1,431,2024-04-04,147.0,147.0,0.0,1056.61,1057.05,2024-04-04,200.0,202.0,2.0,835.81,835.81,53.0,220.79999999999995,1131.0,872.0,259.0,1,0.0,0.0,0.0,0.0,0.0,0.0,0.0,0.0,0.0,0.0,0.0,0.0,0.0,0.0,0.0,0.0,0.0,0.0
431,2024-06-11,Saint Lucia,Aruba,2.0,2.0,FIFA World Cup qualification,Bridgetown,Barbados,1,2024,0,1,432,2024-04-04,165.0,167.0,2.0,988.67,988.67,2024-04-04,193.0,193.0,0.0,875.82,879.32,28.0,112.84999999999992,1136.0,935.0,201.0,0,0.0,0.0,0.0,0.0,0.0,0.0,0.0,0.0,0.0,0.0,0.0,0.0,0.0,0.0,0.0,0.0,0.0,0.0
432,2024-06-11,Guyana,Belize,3.0,1.0,FIFA World Cup qualification,Bridgetown,Barbados,1,2024,0,1,433,2024-04-04,154.0,157.0,3.0,1020.31,1018.14,2024-04-04,182.0,182.0,0.0,919.52,918.68,28.0,100.78999999999996,1268.0,1057.0,211.0,1,0.0,0.0,0.0,0.0,0.0,0.0,0.0,0.0,0.0,0.0,0.0,0.0,0.0,0.0,0.0,0.0,0.0,0.0
433,2024-06-11,Dominican Republic,British Virgin Islands,4.0,0.0,FIFA World Cup qualification,San Cristóbal,Dominican Republic,0,2024,0,1,434,2024-04-04,150.0,150.0,0.0,1042.86,1040.77,2024-04-04,207.0,207.0,0.0,813.31,807.57,57.0,229.54999999999995,1193.0,658.0,535.0,1,0.0,0.0,0.0,0.0,0.0,0.0,0.6666666666666666,0.6666666666666666,0.6666666666666666,0.5,0.6666666666666667,0.75,-0.6666666666666666,-0.6666666666666666,-0.6666666666666666,-0.5,-0.6666666666666667,-0.75
434,2024-06-11,Puerto Rico,Anguilla,8.0,0.0,FIFA World Cup qualification,Bayamón,Puerto Rico,0,2024,0,1,435,2024-04-04,160.0,160.0,0.0,1006.35,1007.19,2024-04-04,209.0,209.0,0.0,793.48,785.69,49.0,212.87,1146.0,578.0,568.0,1,1.0,1.0,1.0,1.0,1.0,1.0,0.6666666666666666,0.6666666666666666,0.6666666666666666,0.5,0.6666666666666667,0.75,0.33333333333333337,0.33333333333333337,0.33333333333333337,0.5,0.33333333333333326,0.25
435,2024-06-11,Malaysia,Taiwan,3.0,1.0,FIFA World Cup qualification,Kuala Lumpur,Malaysia,0,2024,0,1,436,2024-04-04,138.0,132.0,-6.0,1094.54,1110.17,2024-04-04,159.0,153.0,-6.0,1007.3,1023.93,21.0,87.24000000000001,1285.0,912.0,373.0,1,0.3333333333333333,0.4,1.1428571428571428,0.65625,0.8271604938271606,1.0673828125,0.0,0.0,0.8571428571428571,0.09375,0.3950617283950619,0.7119140625,0.3333333333333333,0.4,0.2857142857142857,0.5625,0.43209876543209874,0.35546875
436,2024-06-11,Australia,Palestine,5.0,0.0,FIFA World Cup qualification,Perth,Australia,0,2024,0,1,437,2024-04-04,24.0,23.0,-1.0,1563.93,1554.82,2024-04-04,93.0,97.0,4.0,1238.66,1227.2,69.0,325.27,1784.0,1417.0,367.0,1,3.0,2.4,2.2857142857142856,2.7795028686523438,2.5881602981852962,2.480005836208875,2.3333333333333335,1.4,1.1428571428571428,1.640625,1.532235939643347,1.412353515625,0.6666666666666665,1.0,1.1428571428571428,1.1388778686523438,1.0559243585419493,1.0676523205838748
437,2024-06-11,Oman,Kyrgyzstan,1.0,1.0,FIFA World Cup qualification,Muscat,Oman,0,2024,0,1,438,2024-04-04,77.0,80.0,3.0,1323.23,1307.6,2024-04-04,100.0,104.0,4.0,1213.6,1196.97,23.0,109.63000000000012,1526.0,1266.0,260.0,0,3.0,1.8,2.142857142857143,2.708984375,2.402123660011177,2.170978546142578,2.3333333333333335,2.0,1.6666666666666667,1.71875,1.6419753086419753,1.4716796875,0.6666666666666665,-0.19999999999999996,0.47619047619047605,0.990234375,0.7601483513692016,0.6992988586425781
438,2024-06-11,Angola,Cameroon,1.0,1.0,FIFA World Cup qualification,Luanda,Angola,0,2024,0,1,439,2024-04-04,94.0,93.0,-1.0,1235.76,1238.11,2024-04-04,51.0,51.0,0.0,1452.59,1452.59,-43.0,-216.83,1398.0,1625.0,-227.0,0,1.6666666666666667,1.5,1.5,2.0,1.6666666666666665,1.5,1.3333333333333333,2.0,1.5714285714285714,1.93359375,1.7443987197073616,1.6037750244140625,0.3333333333333335,-0.5,-0.0714285714285714,0.06640625,-0.07773205304069508,-0.1037750244140625
439,2024-06-11,Thailand,Singapore,3.0,1.0,FIFA World Cup qualification,Bangkok,Thailand,0,2024,0,1,440,2024-04-04,101.0,101.0,0.0,1208.93,1206.72,2024-04-04,155.0,156.0,1.0,1019.06,1020.5,54.0,189.8700000000001,1437.0,1127.0,310.0,1,0.6666666666666666,0.6,0.8571428571428571,0.703125,0.6790123456790123,0.647705078125,0.3333333333333333,0.2,1.0,0.21875,0.5432098765432101,0.8525390625,0.3333333333333333,0.39999999999999997,-0.1428571428571429,0.484375,0.13580246913580218,-0.204833984375
440,2024-06-11,South Sudan,Sudan,0.0,3.0,FIFA World Cup qualification,Juba,South Sudan,0,2024,0,1,441,2024-04-04,167.0,166.0,-1.0,984.65,989.29,2024-04-04,127.0,127.0,0.0,1129.32,1128.74,-40.0,-144.66999999999996,1136.0,1296.0,-160.0,-1,0.6666666666666666,0.6666666666666666,0.6666666666666666,0.75,0.5555555555555555,0.4375,2.3333333333333335,2.3333333333333335,2.3333333333333335,2.5,2.1111111111111107,1.875,-1.666666666666667,-1.666666666666667,-1.666666666666667,-1.75,-1.5555555555555554,-1.4375
441,2024-06-11,Lesotho,Rwanda,0.0,1.0,FIFA World Cup qualification,Durban,South Africa,1,2024,0,1,442,2024-04-04,149.0,148.0,-1.0,1047.58,1047.27,2024-04-04,131.0,133.0,2.0,1112.44,1107.04,-18.0,-64.86000000000013,1252.0,1271.0,-19.0,-1,1.6666666666666667,1.6666666666666667,1.6666666666666667,2.0,1.6666666666666665,1.5,1.3333333333333333,1.3333333333333333,1.3333333333333333,1.0,1.1111111111111112,1.125,0.3333333333333335,0.3333333333333335,0.3333333333333335,1.0,0.5555555555555554,0.375
442,2024-06-11,South Africa,Zimbabwe,3.0,1.0,FIFA World Cup qualification,Bloemfontein,South Africa,0,2024,0,1,443,2024-04-04,59.0,58.0,-1.0,1407.67,1410.23,2024-04-04,122.0,124.0,2.0,1143.66,1144.56,63.0,264.01,1486.0,1333.0,153.0,1,1.0,1.4,1.5714285714285714,1.076171875,1.2097241274196007,1.3389625549316406,0.6666666666666666,0.6666666666666666,0.6666666666666666,0.5,0.6666666666666667,0.75,0.33333333333333337,0.7333333333333333,0.9047619047619048,0.576171875,0.5430574607529339,0.5889625549316406
443,2024-06-11,Cape Verde,Libya,1.0,0.0,FIFA World Cup qualification,Praia,Cape Verde,0,2024,0,1,444,2024-04-04,65.0,65.0,0.0,1383.44,1377.06,2024-04-04,114.0,120.0,6.0,1166.71,1159.51,49.0,216.73,1479.0,1347.0,132.0,1,1.3333333333333333,1.6,2.0,0.859375,1.2409693644261546,1.3970947265625,2.3333333333333335,2.3333333333333335,2.3333333333333335,2.5,2.5555555555555554,2.625,-1.0000000000000002,-0.7333333333333334,-0.3333333333333335,-1.640625,-1.3145861911294008,-1.2279052734375
444,2024-06-11,Mauritius,Eswatini,2.0,1.0,FIFA World Cup qualification,Saint Pierre,Mauritius,0,2024,0,1,445,2024-04-04,183.0,177.0,-6.0,919.4,944.95,2024-04-04,148.0,149.0,1.0,1048.89,1045.88,-35.0,-129.49000000000012,1029.0,1269.0,-240.0,1,0.3333333333333333,0.3333333333333333,0.3333333333333333,0.25,0.2222222222222222,0.1875,0.0,0.0,0.0,0.0,0.0,0.0,0.3333333333333333,0.3333333333333333,0.3333333333333333,0.25,0.2222222222222222,0.1875
445,2024-06-11,South Korea,China PR,1.0,0.0,FIFA World Cup qualification,Seoul,South Korea,0,2024,0,1,446,2024-04-04,23.0,22.0,-1.0,1563.99,1566.21,2024-04-04,88.0,88.0,0.0,1275.22,1273.78,65.0,288.77,1799.0,1400.0,399.0,1,2.3333333333333335,2.0,1.7142857142857142,2.5067901611328125,2.2008032388808427,2.059534335276112,1.6666666666666667,1.0,1.1428571428571428,1.42578125,1.2993446121018137,1.1644744873046875,0.6666666666666667,1.0,0.5714285714285714,1.0810089111328125,0.901458626779029,0.8950598479714245
446,2024-06-11,Morocco,Congo,6.0,0.0,FIFA World Cup qualification,Agadir,Morocco,0,2024,0,1,447,2024-04-04,13.0,12.0,-1.0,1661.42,1663.39,2024-04-04,111.0,112.0,1.0,1179.8,1179.8,98.0,481.6200000000001,1846.0,1266.0,580.0,1,2.0,2.0,1.8571428571428572,2.0875244140625,1.960152574687396,1.9039492830634117,0.0,0.0,0.0,0.0,0.0,0.0,2.0,2.0,1.8571428571428572,2.0875244140625,1.960152574687396,1.9039492830634117
447,2024-06-11,Kenya,Ivory Coast,0.0,0.0,FIFA World Cup qualification,Lilongwe,Malawi,1,2024,0,1,448,2024-04-04,107.0,111.0,4.0,1191.24,1181.92,2024-04-04,38.0,39.0,1.0,1498.8,1494.57,-69.0,-307.55999999999995,1371.0,1642.0,-271.0,0,1.3333333333333333,1.3333333333333333,1.3333333333333333,1.25,0.9999999999999999,0.8125,3.0,2.6,1.8571428571428572,2.8671875,2.648834019204389,2.53033447265625,-1.6666666666666667,-1.2666666666666668,-0.523809523809524,-1.6171875,-1.648834019204389,-1.71783447265625
448,2024-06-11,Zambia,Tanzania,0.0,1.0,FIFA World Cup qualification,Ndola,Zambia,0,2024,0,1,449,2024-04-04,86.0,87.0,1.0,1278.26,1275.71,2024-04-04,119.0,119.0,0.0,1159.81,1160.98,33.0,118.45000000000005,1523.0,1313.0,210.0,-1,0.3333333333333333,0.8,0.8,0.3125,0.740740740740741,1.08984375,0.3333333333333333,1.0,1.0,0.875,1.2222222222222223,1.515625,0.0,-0.19999999999999996,-0.19999999999999996,-0.5625,-0.4814814814814813,-0.42578125
449,2024-06-11,Seychelles,Burundi,1.0,3.0,FIFA World Cup qualification,Berkane,Morocco,1,2024,0,1,450,2024-04-04,197.0,199.0,2.0,845.53,845.53,2024-04-04,140.0,140.0,0.0,1081.63,1085.83,-57.0,-236.1000000000001,859.0,1246.0,-387.0,-1,0.0,0.0,0.0,0.0,0.0,0.0,1.3333333333333333,1.3333333333333333,1.3333333333333333,1.25,1.6666666666666667,1.9375,-1.3333333333333333,-1.3333333333333333,-1.3333333333333333,-1.25,-1.6666666666666667,-1.9375
450,2024-06-11,Madagascar,Mali,0.0,0.0,FIFA World Cup qualification,Johannesburg,South Africa,1,2024,0,1,451,2024-04-04,109.0,109.0,0.0,1185.86,1187.63,2024-04-04,44.0,47.0,3.0,1477.9,1469.81,-65.0,-292.0400000000002,1288.0,1631.0,-343.0,0,2.0,2.0,2.0,2.25,1.6666666666666665,1.3125,0.3333333333333333,1.0,1.2857142857142858,0.3984375,0.6712391403749429,0.75860595703125,1.6666666666666667,1.0,0.7142857142857142,1.8515625,0.9954275262917236,0.55389404296875
451,2024-06-11,Chad,Comoros,0.0,2.0,FIFA World Cup qualification,Oujda,Morocco,1,2024,0,1,452,2024-04-04,176.0,181.0,5.0,945.92,920.37,2024-04-04,117.0,121.0,4.0,1163.02,1156.45,-59.0,-217.1,1178.0,1241.0,-63.0,-1,0.0,0.0,0.0,0.0,0.0,0.0,2.0,2.0,2.0,1.5,2.0,2.25,-2.0,-2.0,-2.0,-1.5,-2.0,-2.25
452,2024-06-11,Kuwait,Afghanistan,1.0,0.0,FIFA World Cup qualification,Kuwait City,Kuwait,0,2024,0,1,453,2024-04-04,139.0,137.0,-2.0,1085.46,1094.05,2024-04-04,151.0,158.0,7.0,1036.92,1017.68,12.0,48.53999999999997,1340.0,1085.0,255.0,1,0.3333333333333333,0.8,0.8,0.6875,0.6296296296296295,0.56640625,1.6666666666666667,1.0,1.5714285714285714,1.46875,1.54320987654321,1.6650390625,-1.3333333333333335,-0.19999999999999996,-0.7714285714285714,-0.78125,-0.9135802469135805,-1.0986328125
453,2024-06-11,Qatar,India,2.0,1.0,FIFA World Cup qualification,Al Rayyan,Qatar,0,2024,0,1,454,2024-04-04,34.0,37.0,3.0,1507.94,1499.34,2024-04-04,121.0,117.0,-4.0,1145.94,1165.17,87.0,362.0,1534.0,1228.0,306.0,1,2.3333333333333335,2.6,2.4285714285714284,1.968017578125,2.222419798246654,2.286318600177765,0.6666666666666666,0.4,0.7142857142857143,0.671875,0.7448559670781894,0.924560546875,1.666666666666667,2.2,1.714285714285714,1.296142578125,1.4775638311684647,1.361758053302765
454,2024-06-11,Japan,Syria,5.0,0.0,FIFA World Cup qualification,Hiroshima,Japan,0,2024,0,1,455,2024-04-04,18.0,18.0,0.0,1621.88,1614.33,2024-04-04,89.0,89.0,0.0,1266.52,1265.51,71.0,355.3600000000001,1905.0,1444.0,461.0,1,2.0,2.4,2.142857142857143,2.5753173828125,2.391540275506699,2.319049157202244,1.3333333333333333,1.0,0.8571428571428571,0.9697265625,1.0550221002895899,1.0493745803833008,0.6666666666666667,1.4,1.2857142857142856,1.6055908203125,1.336518175217109,1.269674576818943
455,2024-06-11,North Korea,Myanmar,4.0,1.0,FIFA World Cup qualification,Vientiane,Laos,1,2024,0,1,456,2024-04-04,118.0,114.0,-4.0,1160.57,1168.12,2024-04-04,163.0,162.0,-1.0,999.46,1000.46,45.0,161.1099999999999,1370.0,926.0,444.0,1,2.0,1.5,1.5,1.875,1.4444444444444442,1.171875,0.3333333333333333,0.2,0.7142857142857143,0.1875,0.4554183813443074,0.73388671875,1.6666666666666667,1.3,0.7857142857142857,1.6875,0.9890260631001369,0.43798828125
456,2024-06-11,Gabon,Gambia,3.0,2.0,FIFA World Cup qualification,Franceville,Gabon,0,2024,0,1,457,2024-04-04,84.0,84.0,0.0,1287.33,1289.52,2022-03-31,123.0,125.0,2.0,1138.19,1135.18,39.0,149.13999999999987,1494.0,1443.0,51.0,1,2.0,2.0,2.0,1.5,2.0,2.25,1.0,0.75,0.75,1.5,0.9999999999999998,0.75,1.0,1.25,1.25,0.0,1.0000000000000002,1.5
457,2024-09-05,Jordan,Kuwait,1.0,1.0,FIFA World Cup qualification,Amman,Jordan,0,2024,0,1,458,2024-07-18,68.0,68.0,0.0,1374.13,1374.13,2024-07-18,136.0,137.0,1.0,1098.42,1098.42,68.0,275.71000000000004,1503.0,1340.0,163.0,0,3.0,2.4,2.5714285714285716,2.897216796875,2.719133450373607,2.5550392270088196,1.3333333333333333,1.4,1.1666666666666667,1.84375,1.4197530864197527,1.1748046875,1.6666666666666667,1.0,1.4047619047619049,1.053466796875,1.2993803639538544,1.3802345395088196
458,2024-09-05,Saudi Arabia,Indonesia,1.0,1.0,FIFA World Cup qualification,Jeddah,Saudi Arabia,0,2024,0,1,459,2024-07-18,56.0,56.0,0.0,1431.3,1431.3,2024-07-18,133.0,134.0,1.0,1108.73,1108.73,77.0,322.56999999999994,1586.0,1297.0,289.0,0,1.3333333333333333,1.6,1.7142857142857142,1.1539459228515625,1.4507550993256841,1.5990514734294266,2.0,1.8,1.2857142857142858,2.072265625,1.8382868465172992,1.7469062805175781,-0.6666666666666667,-0.19999999999999996,0.4285714285714284,-0.9183197021484375,-0.3875317471916151,-0.14785480708815157
459,2024-09-05,Australia,Bahrain,0.0,1.0,FIFA World Cup qualification,Robina,Australia,0,2024,0,1,460,2024-07-18,24.0,23.0,-1.0,1571.29,1571.29,2024-07-18,80.0,81.0,1.0,1302.86,1302.86,56.0,268.43000000000006,1784.0,1461.0,323.0,-1,3.0,2.4,2.2857142857142856,2.889751434326172,2.7254401987901975,2.610004377156656,1.6666666666666667,1.6,1.5714285714285714,1.37109375,1.5450388660265204,1.6540985107421875,1.3333333333333333,0.7999999999999998,0.7142857142857142,1.5186576843261719,1.180401332763677,0.9559058664144686
460,2024-09-05,Japan,China PR,7.0,0.0,FIFA World Cup qualification,Saitama,Japan,0,2024,0,1,461,2024-07-18,18.0,17.0,-1.0,1628.81,1628.81,2024-07-18,87.0,88.0,1.0,1267.51,1267.51,69.0,361.3,1905.0,1400.0,505.0,1,3.0,2.4,2.142857142857143,2.78765869140625,2.5943601836711325,2.489286867901683,1.3333333333333333,1.0,1.1428571428571428,0.712890625,0.8662297414012092,0.8733558654785156,1.6666666666666667,1.4,1.0,2.07476806640625,1.7281304422699233,1.6159310024231672
461,2024-09-05,South Korea,Palestine,0.0,0.0,FIFA World Cup qualification,Seoul,South Korea,0,2024,0,1,462,2024-07-18,23.0,22.0,-1.0,1572.87,1572.87,2024-07-18,96.0,95.0,-1.0,1231.25,1231.25,73.0,341.6199999999999,1799.0,1417.0,382.0,0,3.0,2.0,2.0,2.7533950805664062,2.467202159253895,2.294650751457084,1.3333333333333333,1.4,1.0,0.8203125,1.021490626428898,1.05926513671875,1.6666666666666667,0.6000000000000001,1.0,1.9330825805664062,1.4457115328249968,1.235385614738334
462,2024-09-05,Bolivia,Venezuela,4.0,0.0,FIFA World Cup qualification,El Alto,Bolivia,0,2024,0,1,463,2024-07-18,89.0,84.0,-5.0,1258.56,1282.43,2024-07-18,37.0,54.0,17.0,1501.46,1442.29,-52.0,-242.9000000000001,1590.0,1750.0,-160.0,1,0.0,0.6,0.42857142857142855,0.09375,0.1975308641975309,0.2373046875,2.3333333333333335,1.8,1.8571428571428572,1.785888671875,1.8516542758274201,1.8365604281425476,-2.3333333333333335,-1.2000000000000002,-1.4285714285714286,-1.692138671875,-1.6541234116298893,-1.5992557406425476
463,2024-09-05,Iran,Kyrgyzstan,1.0,0.0,FIFA World Cup qualification,Fuladshahr,Iran,0,2024,0,1,464,2024-07-18,20.0,20.0,0.0,1611.16,1611.16,2024-07-18,102.0,101.0,-1.0,1213.58,1213.58,82.0,397.58000000000015,1827.0,1266.0,561.0,1,2.3333333333333335,2.0,2.0,1.8891677856445312,2.053058512865591,2.100911625486333,1.6666666666666667,1.6,1.5714285714285714,1.359375,1.4279835390946503,1.353759765625,0.6666666666666667,0.3999999999999999,0.4285714285714286,0.5297927856445312,0.6250749737709407,0.7471518598613329
464,2024-09-05,Argentina,Chile,3.0,0.0,FIFA World Cup qualification,Buenos Aires,Argentina,0,2024,0,1,465,2024-07-18,1.0,1.0,0.0,1901.48,1860.14,2024-07-18,43.0,40.0,-3.0,1489.5,1496.13,42.0,411.98,2139.0,1739.0,400.0,1,2.3333333333333335,2.6,2.7142857142857144,2.7379684448242188,2.6367767827466544,2.5875475110642583,0.3333333333333333,0.4,0.8571428571428571,0.61865234375,0.6103913698792529,0.6201770305633545,2.0,2.2,1.8571428571428572,2.1193161010742188,2.0263854128674015,1.9673704805009038
465,2024-09-05,Iraq,Oman,1.0,0.0,FIFA World Cup qualification,Basra,Iraq,0,2024,0,1,466,2024-07-18,55.0,55.0,0.0,1433.07,1433.07,2024-07-18,76.0,76.0,0.0,1326.18,1326.18,21.0,106.88999999999989,1621.0,1526.0,95.0,1,3.0,2.4,2.5714285714285716,2.9046630859375,2.7703551915138904,2.647428587079048,2.3333333333333335,2.0,1.8571428571428572,1.8544921875,1.934749106674118,1.8782339096069336,0.6666666666666665,0.3999999999999999,0.7142857142857144,1.0501708984375,0.8356060848397724,0.7691946774721146
466,2024-09-05,Uzbekistan,North Korea,1.0,0.0,FIFA World Cup qualification,Tashkent,Uzbekistan,0,2024,0,1,467,2024-07-18,61.0,62.0,1.0,1397.41,1397.41,2024-07-18,110.0,110.0,0.0,1183.96,1183.96,49.0,213.45000000000005,1643.0,1370.0,273.0,1,2.3333333333333335,2.2,2.142857142857143,1.916015625,2.0997646022794627,2.1652088165283203,2.0,1.8,1.8,2.4375,1.9629629629629628,1.62890625,0.3333333333333335,0.40000000000000013,0.34285714285714275,-0.521484375,0.1368016393164999,0.5363025665283203
467,2024-09-05,Qatar,United Arab Emirates,1.0,3.0,FIFA World Cup qualification,Al Rayyan,Qatar,0,2024,0,1,468,2024-07-18,34.0,35.0,1.0,1504.06,1504.06,2024-07-18,69.0,69.0,0.0,1368.84,1368.84,35.0,135.22000000000003,1534.0,1504.0,30.0,-1,2.3333333333333335,2.6,2.4285714285714284,2.4840087890625,2.4816131988311025,2.4647389501333237,2.3333333333333335,2.0,2.2857142857142856,1.89013671875,2.0339209808802856,2.0640337467193604,0.0,0.6000000000000001,0.1428571428571428,0.5938720703125,0.44769221795081693,0.4007052034139633
468,2024-09-06,Peru,Colombia,1.0,1.0,FIFA World Cup qualification,Lima,Peru,0,2024,0,1,471,2024-07-18,42.0,31.0,-11.0,1489.68,1515.01,2024-07-18,9.0,12.0,3.0,1727.32,1669.44,-33.0,-237.63999999999987,1798.0,1984.0,-186.0,0,0.3333333333333333,0.2,0.14285714285714285,0.134765625,0.23365152481648957,0.360925555229187,2.0,2.0,2.2857142857142856,1.36798095703125,1.7372778288966542,1.8698530979454517,-1.6666666666666667,-1.8,-2.142857142857143,-1.23321533203125,-1.5036263040801645,-1.5089275427162647
469,2024-09-06,Uruguay,Paraguay,0.0,0.0,FIFA World Cup qualification,Montevideo,Uruguay,0,2024,0,1,472,2024-07-18,11.0,14.0,3.0,1713.15,1663.44,2024-07-18,62.0,58.0,-4.0,1396.8,1427.11,51.0,316.35000000000014,2006.0,1706.0,300.0,0,0.6666666666666666,1.6,2.0,0.996337890625,1.3282654211920115,1.549745598807931,0.0,0.2,0.5714285714285714,0.08154296875,0.22787854155023807,0.3243434429168701,0.6666666666666666,1.4000000000000001,1.4285714285714286,0.914794921875,1.1003868796417735,1.2254021558910608
470,2024-09-06,Brazil,Ecuador,1.0,0.0,FIFA World Cup qualification,Curitiba,Brazil,0,2024,0,1,473,2024-07-18,5.0,4.0,-1.0,1785.61,1791.85,2024-07-18,27.0,30.0,3.0,1530.44,1517.54,22.0,255.16999999999985,2011.0,1883.0,128.0,1,1.6666666666666667,1.2,0.8571428571428571,1.2017745971679688,1.2147083346436023,1.235364025196759,1.6666666666666667,1.6,1.4285714285714286,1.260467529296875,1.3837939712063088,1.429316914640367,0.0,-0.40000000000000013,-0.5714285714285715,-0.05869293212890625,-0.16908563656270648,-0.193952889443608
471,2024-09-09,Samoa,Tonga,2.0,1.0,FIFA World Cup qualification,Apia,Samoa,0,2024,0,1,474,2024-07-18,192.0,181.0,-11.0,876.45,920.54,2024-07-18,200.0,200.0,0.0,833.12,833.12,8.0,43.33000000000004,677.0,546.0,131.0,1,,,,,,,,,,,,,,,,,,
472,2024-09-10,China PR,Saudi Arabia,1.0,2.0,FIFA World Cup qualification,Dalian,China PR,0,2024,0,1,475,2024-07-18,87.0,88.0,1.0,1267.51,1267.51,2024-07-18,56.0,56.0,0.0,1431.3,1431.3,-31.0,-163.78999999999996,1400.0,1586.0,-186.0,-1,0.3333333333333333,1.0,0.7142857142857143,0.3564453125,0.5774864942674729,0.6550168991088867,1.3333333333333333,1.6,1.4285714285714286,1.0769729614257812,1.3005033995504562,1.44928860507207,-1.0,-0.6000000000000001,-0.7142857142857143,-0.7205276489257812,-0.7230169052829833,-0.7942717059631832
473,2024-09-10,Indonesia,Australia,0.0,0.0,FIFA World Cup qualification,Jakarta,Indonesia,0,2024,0,1,476,2024-07-18,133.0,134.0,1.0,1108.73,1108.73,2024-07-18,24.0,23.0,-1.0,1571.29,1571.29,-109.0,-462.56,1297.0,1784.0,-487.0,0,1.3333333333333333,2.0,1.4285714285714286,1.5361328125,1.5588578976781995,1.5601797103881836,2.0,2.4,2.142857142857143,1.444875717163086,1.8169601325267986,1.957503282867492,-0.6666666666666667,-0.3999999999999999,-0.7142857142857142,0.09125709533691406,-0.25810223484859907,-0.3973235724793085
474,2024-09-10,Bahrain,Japan,0.0,5.0,FIFA World Cup qualification,Riffa,Bahrain,0,2024,0,1,477,2024-07-18,80.0,81.0,1.0,1302.86,1302.86,2024-07-18,18.0,17.0,-1.0,1628.81,1628.81,-62.0,-325.95000000000005,1461.0,1905.0,-444.0,-1,1.6666666666666667,2.2,2.0,2.185546875,2.030025910684347,1.9905738830566406,3.0,2.4,2.5714285714285716,2.893829345703125,2.7295734557807547,2.616965150926262,-1.3333333333333333,-0.19999999999999973,-0.5714285714285716,-0.708282470703125,-0.6995475450964079,-0.6263912678696215
475,2024-09-10,Palestine,Jordan,1.0,3.0,FIFA World Cup qualification,Kuala Lumpur,Malaysia,1,2024,0,1,478,2024-07-18,96.0,95.0,-1.0,1231.25,1231.25,2024-07-18,68.0,68.0,0.0,1374.13,1374.13,-28.0,-142.8800000000001,1417.0,1503.0,-86.0,-1,0.6666666666666666,1.6,1.1428571428571428,0.91015625,1.0143270842859322,1.0444488525390625,2.3333333333333335,2.6,2.2857142857142856,1.9486083984375,2.1460889669157384,2.1662794202566147,-1.666666666666667,-1.0,-1.1428571428571428,-1.0384521484375,-1.1317618826298061,-1.1218305677175522
476,2024-09-10,Kuwait,Iraq,0.0,0.0,FIFA World Cup qualification,Kuwait City,Kuwait,0,2024,0,1,479,2024-07-18,136.0,137.0,1.0,1098.42,1098.42,2024-07-18,55.0,55.0,0.0,1433.07,1433.07,-81.0,-334.64999999999986,1340.0,1621.0,-281.0,0,1.6666666666666667,1.0,1.1428571428571428,1.421875,1.279835390946502,1.131103515625,3.0,3.0,2.5714285714285716,2.95233154296875,2.8469034610092603,2.735571440309286,-1.3333333333333333,-2.0,-1.4285714285714288,-1.53045654296875,-1.5670680700627584,-1.6044679246842861
477,2024-09-10,Oman,South Korea,1.0,3.0,FIFA World Cup qualification,Muscat,Oman,0,2024,0,1,480,2024-07-18,76.0,76.0,0.0,1326.18,1326.18,2024-07-18,23.0,22.0,-1.0,1572.87,1572.87,-53.0,-246.68999999999983,1526.0,1799.0,-273.0,-1,1.3333333333333333,2.0,1.4285714285714286,0.92724609375,1.2898327377827454,1.4086754322052002,2.3333333333333335,2.2,2.0,1.8766975402832031,1.97813477283593,1.970988063592813,-1.0000000000000002,-0.20000000000000018,-0.5714285714285714,-0.9494514465332031,-0.6883020350531845,-0.5623126313876128
478,2024-09-10,United Arab Emirates,Iran,0.0,1.0,FIFA World Cup qualification,Al Ain,United Arab Emirates,0,2024,0,1,481,2024-07-18,69.0,69.0,0.0,1368.84,1368.84,2024-07-18,20.0,20.0,0.0,1611.16,1611.16,-49.0,-242.32000000000016,1504.0,1827.0,-323.0,-1,2.3333333333333335,2.6,2.2857142857142856,2.445068359375,2.355947320586857,2.2980253100395203,2.3333333333333335,2.6,2.2857142857142856,2.4445838928222656,2.368705675243727,2.3256837191147497,0.0,0.0,0.0,0.000484466552734375,-0.012758354656869919,-0.02765840907522943
479,2024-09-10,Kyrgyzstan,Uzbekistan,2.0,3.0,FIFA World Cup qualification,Bishkek,Kyrgyzstan,0,2024,0,1,482,2024-07-18,102.0,101.0,-1.0,1213.58,1213.58,2024-07-18,61.0,62.0,1.0,1397.41,1397.41,-41.0,-183.83000000000013,1266.0,1643.0,-377.0,-1,0.6666666666666666,1.6,1.5714285714285714,0.6796875,0.9519890260631003,1.01531982421875,2.3333333333333335,2.6,2.4285714285714284,2.4580078125,2.3998430681863083,2.3739066123962402,-1.666666666666667,-1.0,-0.857142857142857,-1.7783203125,-1.447854042123208,-1.3585867881774902
480,2024-09-10,Venezuela,Uruguay,0.0,0.0,FIFA World Cup qualification,Maturín,Venezuela,0,2024,0,1,483,2024-07-18,37.0,54.0,17.0,1501.46,1442.29,2024-07-18,11.0,14.0,3.0,1713.15,1663.44,-26.0,-211.69000000000003,1750.0,2006.0,-256.0,0,1.3333333333333333,1.6,1.7142857142857142,0.8929443359375,1.234436183884947,1.3774203211069107,0.6666666666666666,1.2,1.7142857142857142,0.9981689453125,1.2188436141280077,1.4123091991059482,0.6666666666666666,0.40000000000000013,0.0,-0.105224609375,0.015592569756939234,-0.034888877999037504
481,2024-09-10,Chile,Bolivia,1.0,2.0,FIFA World Cup qualification,Santiago,Chile,0,2024,0,1,484,2024-07-18,43.0,40.0,-3.0,1489.5,1496.13,2024-07-18,89.0,84.0,-5.0,1258.56,1282.43,46.0,230.94000000000003,1739.0,1590.0,149.0,-1,0.3333333333333333,0.4,0.7142857142857143,0.309326171875,0.40692757991950196,0.46513277292251587,1.0,0.6,0.8571428571428571,1.546875,1.1316872427983538,0.927978515625,-0.6666666666666667,-0.19999999999999996,-0.1428571428571428,-1.237548828125,-0.7247596628788517,-0.46284574270248413
482,2024-09-10,Ecuador,Peru,1.0,0.0,FIFA World Cup qualification,Quito,Ecuador,0,2024,0,1,485,2024-07-18,27.0,30.0,3.0,1530.44,1517.54,2024-07-18,42.0,31.0,-11.0,1489.68,1515.01,15.0,40.75999999999999,1883.0,1798.0,85.0,1,0.6666666666666666,1.0,1.2857142857142858,0.6302337646484375,0.9225293141375392,1.0719876859802753,0.3333333333333333,0.4,0.2857142857142857,0.5673828125,0.48910101654432636,0.5206941664218903,0.3333333333333333,0.6,1.0,0.0628509521484375,0.4334282975932129,0.551293519558385
483,2024-09-10,Colombia,Argentina,2.0,1.0,FIFA World Cup qualification,Barranquilla,Colombia,0,2024,0,1,486,2024-07-18,9.0,12.0,3.0,1727.32,1669.44,2024-07-18,1.0,1.0,0.0,1901.48,1860.14,-8.0,-174.16000000000008,1984.0,2139.0,-155.0,1,1.3333333333333333,1.6,2.0,1.183990478515625,1.4915185525977694,1.6523898234590888,3.0,2.6,2.7142857142857144,2.8689842224121094,2.75785118849777,2.6906606332981937,-1.6666666666666667,-1.0,-0.7142857142857144,-1.6849937438964844,-1.2663326359000004,-1.038270809839105
484,2024-09-10,North Korea,Qatar,2.0,2.0,FIFA World Cup qualification,Vientiane,Laos,1,2024,0,1,487,2024-07-18,110.0,110.0,0.0,1183.96,1183.96,2024-07-18,34.0,35.0,1.0,1504.06,1504.06,-76.0,-320.0999999999999,1370.0,1534.0,-164.0,0,2.0,1.8,1.5,1.21875,1.308641975308642,1.2216796875,1.3333333333333333,2.0,2.2857142857142856,1.24200439453125,1.6544087992207352,1.8485542125999928,0.6666666666666667,-0.19999999999999996,-0.7857142857142856,-0.02325439453125,-0.34576682391209324,-0.6268745250999928
485,2024-09-10,Paraguay,Brazil,1.0,0.0,FIFA World Cup qualification,Asunción,Paraguay,0,2024,0,1,488,2024-07-18,62.0,58.0,-4.0,1396.8,1427.11,2024-07-18,5.0,4.0,-1.0,1785.61,1791.85,-57.0,-388.81,1706.0,2011.0,-305.0,1,0.3333333333333333,0.2,0.7142857142857143,0.540771484375,0.485252361033492,0.4932575821876526,1.6666666666666667,1.8,1.2857142857142858,2.1008872985839844,1.809805556429068,1.6765230188975693,-1.3333333333333335,-1.6,-0.5714285714285715,-1.5601158142089844,-1.324553195395576,-1.1832654367099167
486,2024-10-10,United Arab Emirates,North Korea,1.0,1.0,FIFA World Cup qualification,Al Ain,United Arab Emirates,0,2024,0,1,489,2024-09-19,69.0,69.0,0.0,1377.22,1368.84,2024-09-19,111.0,110.0,-1.0,1183.02,1183.96,42.0,194.20000000000005,1504.0,1370.0,134.0,0,1.3333333333333333,2.0,1.8571428571428572,1.2225341796875,1.5706315470579049,1.7235189825296402,1.3333333333333333,1.4,1.4285714285714286,1.109375,1.2057613168724282,1.166259765625,0.0,0.6000000000000001,0.4285714285714286,0.1131591796875,0.3648702301854767,0.5572592169046402
487,2024-10-10,Saudi Arabia,Japan,0.0,2.0,FIFA World Cup qualification,Jeddah,Saudi Arabia,0,2024,0,1,490,2024-09-19,56.0,56.0,0.0,1433.16,1431.3,2024-09-19,16.0,18.0,2.0,1639.6,1628.81,-40.0,-206.43999999999983,1586.0,1905.0,-319.0,-1,1.3333333333333333,1.6,1.7142857142857142,2.0384864807128906,1.8670022663669708,1.8369664538040524,3.0,3.0,2.5714285714285716,2.9469146728515625,2.81971563718717,2.7127238631946966,-1.6666666666666667,-1.4,-0.8571428571428574,-0.9084281921386719,-0.9527133708201994,-0.8757574093906442
488,2024-10-10,Australia,China PR,3.0,1.0,FIFA World Cup qualification,Adelaide,Australia,0,2024,0,1,491,2024-09-19,25.0,24.0,-1.0,1544.3,1571.29,2024-09-19,91.0,87.0,-4.0,1253.77,1267.51,66.0,290.53,1784.0,1400.0,384.0,1,1.3333333333333333,2.0,1.8571428571428572,1.222437858581543,1.544640088351199,1.718127462150619,0.0,0.8,0.7142857142857143,0.17822265625,0.3849909961783153,0.49126267433166504,1.3333333333333333,1.2,1.1428571428571428,1.044215202331543,1.1596490921728837,1.226864787818954
489,2024-10-10,Bahrain,Indonesia,2.0,2.0,FIFA World Cup qualification,Riffa,Bahrain,0,2024,0,1,492,2024-09-19,76.0,80.0,4.0,1315.49,1302.86,2024-09-19,129.0,133.0,4.0,1124.17,1108.73,53.0,191.32,1461.0,1297.0,164.0,0,1.3333333333333333,1.6,1.5714285714285714,1.0927734375,1.353350607122898,1.4929304122924805,1.6666666666666667,1.6,1.5714285714285714,1.26806640625,1.3725719317854663,1.4201347827911377,-0.3333333333333335,0.0,0.0,-0.17529296875,-0.019221324662568318,0.07279562950134277
490,2024-10-10,Iraq,Palestine,1.0,0.0,FIFA World Cup qualification,Basra,Iraq,0,2024,0,1,493,2024-09-19,55.0,55.0,0.0,1435.9,1433.07,2024-09-19,98.0,96.0,-2.0,1228.99,1231.25,43.0,206.91000000000008,1621.0,1417.0,204.0,1,2.3333333333333335,2.6,2.2857142857142856,1.976165771484375,2.2312689740061735,2.3016785802319646,0.3333333333333333,1.0,1.1428571428571428,0.455078125,0.6762180561906216,0.7833366394042969,2.0,1.6,1.1428571428571428,1.521087646484375,1.555050917815552,1.5183419408276677
491,2024-10-10,Oman,Kuwait,4.0,0.0,FIFA World Cup qualification,Muscat,Oman,0,2024,0,1,494,2024-09-19,78.0,76.0,-2.0,1309.27,1326.18,2024-09-19,134.0,136.0,2.0,1111.62,1098.42,56.0,197.6500000000001,1526.0,1340.0,186.0,1,0.3333333333333333,1.4,1.4285714285714286,0.463623046875,0.8598884918551637,1.0565065741539001,1.6666666666666667,1.2,1.2857142857142858,1.2109375,1.186556927297668,1.09832763671875,-1.3333333333333335,0.19999999999999996,0.1428571428571428,-0.747314453125,-0.32666843544250423,-0.041821062564849854
492,2024-10-10,Jordan,South Korea,0.0,2.0,FIFA World Cup qualification,Amman,Jordan,0,2024,0,1,495,2024-09-19,68.0,68.0,0.0,1377.52,1374.13,2024-09-19,23.0,23.0,0.0,1572.61,1572.87,-45.0,-195.08999999999992,1503.0,1799.0,-296.0,-1,2.3333333333333335,2.6,2.2857142857142856,2.47430419921875,2.4307259779438253,2.374709565192461,2.3333333333333335,2.6,2.0,2.4383487701416016,2.3187565152239533,2.2282410476946097,0.0,0.0,0.2857142857142856,0.03595542907714844,0.11196946271987196,0.14646851749785128
493,2024-10-10,Qatar,Kyrgyzstan,3.0,1.0,FIFA World Cup qualification,Doha,Qatar,0,2024,0,1,496,2024-09-19,44.0,34.0,-10.0,1481.69,1504.06,2024-09-19,106.0,102.0,-4.0,1201.11,1213.58,62.0,280.5800000000001,1534.0,1266.0,268.0,1,1.3333333333333333,1.6,2.0,1.121002197265625,1.4362725328138235,1.6364156594499946,0.3333333333333333,1.0,1.1428571428571428,0.33984375,0.6346593507087336,0.7614898681640625,1.0,0.6000000000000001,0.8571428571428572,0.781158447265625,0.8016131821050899,0.8749257912859321
494,2024-10-10,Fiji,Solomon Islands,1.0,0.0,FIFA World Cup qualification,Suva,Fiji,0,2024,0,1,497,2024-09-19,150.0,153.0,3.0,1038.29,1033.09,2024-09-19,144.0,141.0,-3.0,1064.11,1075.06,-6.0,-25.819999999999936,1221.0,1253.0,-32.0,1,1.0,1.0,1.0,0.75,1.3333333333333335,1.6875,2.0,2.0,2.0,1.5,2.0,2.25,-1.0,-1.0,-1.0,-0.75,-0.6666666666666665,-0.5625
495,2024-10-10,Papua New Guinea,New Caledonia,1.0,3.0,FIFA World Cup qualification,Suva,Fiji,1,2024,0,1,498,2024-09-19,168.0,168.0,0.0,984.23,984.23,2024-09-19,160.0,160.0,0.0,1008.92,1008.92,-8.0,-24.68999999999994,1173.0,1180.0,-7.0,-1,2.0,1.5,1.5,1.125,1.1111111111111112,0.984375,0.0,0.0,0.0,0.0,0.0,0.0,2.0,1.5,1.5,1.125,1.1111111111111112,0.984375
496,2024-10-10,Chile,Brazil,1.0,2.0,FIFA World Cup qualification,Santiago,Chile,0,2024,0,1,499,2024-09-19,49.0,43.0,-6.0,1467.98,1489.5,2024-09-19,5.0,5.0,0.0,1772.02,1785.61,-44.0,-304.04,1739.0,2011.0,-272.0,-1,0.3333333333333333,0.2,0.2857142857142857,0.1546630859375,0.271285053279668,0.3488495796918869,1.3333333333333333,1.6,1.2857142857142858,1.0504436492919922,1.206537037619379,1.257392264173177,-1.0,-1.4000000000000001,-1.0,-0.8957805633544922,-0.9352519843397109,-0.90854268448129
497,2024-10-10,Venezuela,Argentina,1.0,1.0,FIFA World Cup qualification,Maturín,Venezuela,0,2024,0,1,500,2024-09-19,40.0,37.0,-3.0,1488.56,1501.46,2024-09-19,1.0,1.0,0.0,1889.02,1901.48,-39.0,-400.46,1750.0,2139.0,-389.0,0,0.6666666666666666,1.6,1.4285714285714286,0.94647216796875,1.1562907892566314,1.283065240830183,2.0,2.0,2.2857142857142856,1.4344921112060547,1.8385674589985135,2.0179954749736453,-1.3333333333333335,-0.3999999999999999,-0.857142857142857,-0.4880199432373047,-0.6822766697418821,-0.7349302341434623
498,2024-10-10,Ecuador,Paraguay,0.0,0.0,FIFA World Cup qualification,Quito,Ecuador,0,2024,0,1,501,2024-09-19,27.0,27.0,0.0,1535.43,1530.44,2024-09-19,57.0,62.0,5.0,1423.98,1396.8,30.0,111.45000000000005,1883.0,1706.0,177.0,0,1.3333333333333333,1.6,1.5714285714285714,1.8151168823242188,1.6150195427583593,1.5539907644852065,1.3333333333333333,0.8,0.7142857142857143,1.7703857421875,1.3235015740223277,1.1199431866407394,0.0,0.8,0.8571428571428571,0.04473114013671875,0.29151796873603164,0.434047577844467
499,2024-10-10,Bolivia,Colombia,1.0,0.0,FIFA World Cup qualification,El Alto,Bolivia,0,2024,0,1,502,2024-09-19,83.0,89.0,6.0,1293.76,1258.56,2024-09-19,9.0,9.0,0.0,1738.72,1727.32,-74.0,-444.96,1590.0,1984.0,-394.0,1,2.0,1.2,1.2857142857142858,2.2734375,1.754458161865569,1.44598388671875,1.3333333333333333,2.0,2.0,2.0919952392578125,1.9943457017318462,1.9892923675943166,0.6666666666666667,-0.8,-0.7142857142857142,0.1814422607421875,-0.2398875398662772,-0.5433084808755666
500,2024-10-10,Uzbekistan,Iran,0.0,0.0,FIFA World Cup qualification,Tashkent,Uzbekistan,0,2024,0,1,503,2024-09-19,60.0,61.0,1.0,1413.06,1397.41,2024-09-19,19.0,20.0,1.0,1622.92,1611.16,-41.0,-209.86000000000013,1643.0,1827.0,-184.0,0,2.3333333333333335,2.6,2.4285714285714284,2.72900390625,2.599895378790872,2.53042995929718,2.3333333333333335,2.6,2.2857142857142856,2.722291946411133,2.579137116829151,2.4942627893360623,0.0,0.0,0.1428571428571428,0.0067119598388671875,0.020758261961721036,0.036167169961117906
501,2024-10-11,New Zealand,Tahiti,3.0,0.0,FIFA World Cup qualification,Port Vila,Vanuatu,1,2024,0,1,504,2024-09-19,95.0,94.0,-1.0,1247.08,1245.73,2024-09-19,158.0,158.0,0.0,1016.83,1016.83,63.0,230.2499999999999,1525.0,1147.0,378.0,1,2.0,2.4,2.5,1.5,2.0,2.25,0.0,0.0,0.0,0.0,0.0,0.0,2.0,2.4,2.5,1.5,2.0,2.25
502,2024-10-11,Peru,Uruguay,1.0,0.0,FIFA World Cup qualification,Lima,Peru,0,2024,0,1,505,2024-09-19,43.0,42.0,-1.0,1483.2,1489.68,2024-09-19,11.0,11.0,0.0,1701.34,1713.15,-32.0,-218.13999999999987,1798.0,2006.0,-208.0,1,0.3333333333333333,0.4,0.2857142857142857,0.28369140625,0.32606734436288426,0.3905206248164177,1.0,0.8,1.4285714285714286,0.99908447265625,1.1458957427520051,1.3092318993294612,-0.6666666666666667,-0.4,-1.1428571428571428,-0.71539306640625,-0.8198283983891208,-0.9187112745130435
503,2024-10-12,Vanuatu,Samoa,4.0,1.0,FIFA World Cup qualification,Port Vila,Vanuatu,0,2024,0,1,506,2024-09-19,162.0,162.0,0.0,1005.49,1005.49,2024-09-19,185.0,192.0,7.0,900.79,876.45,23.0,104.70000000000005,1081.0,739.0,342.0,1,,,,,,,3.0,3.0,3.0,3.0,3.0,3.0,,,,,,
504,2024-10-15,Jordan,Oman,4.0,0.0,FIFA World Cup qualification,Amman,Jordan,0,2024,0,1,507,2024-09-19,68.0,68.0,0.0,1377.52,1374.13,2024-09-19,78.0,76.0,-2.0,1309.27,1326.18,10.0,68.25,1503.0,1526.0,-23.0,1,1.3333333333333333,2.0,2.2857142857142856,1.237152099609375,1.6204839852958837,1.7810321738943458,1.0,1.4,1.8571428571428572,1.7318115234375,1.573258994570109,1.542379930615425,0.33333333333333326,0.6000000000000001,0.4285714285714284,-0.494659423828125,0.047224990725774685,0.23865224327892065
505,2024-10-15,China PR,Indonesia,2.0,1.0,FIFA World Cup qualification,Qingdao,China PR,0,2024,0,1,508,2024-09-19,91.0,87.0,-4.0,1253.77,1267.51,2024-09-19,129.0,133.0,4.0,1124.17,1108.73,38.0,129.5999999999999,1400.0,1297.0,103.0,1,0.0,0.2,0.7142857142857143,0.089111328125,0.2566606641188769,0.3684470057487488,1.0,1.2,1.7142857142857142,1.134033203125,1.2483812878569776,1.3151010870933533,-1.0,-1.0,-0.9999999999999999,-1.044921875,-0.9917206237381007,-0.9466540813446045
506,2024-10-15,Japan,Australia,1.0,1.0,FIFA World Cup qualification,Saitama,Japan,0,2024,0,1,509,2024-09-19,16.0,18.0,2.0,1639.6,1628.81,2024-09-19,25.0,24.0,-1.0,1544.3,1571.29,9.0,95.29999999999995,1905.0,1784.0,121.0,0,3.0,3.0,2.5714285714285716,2.9734573364257812,2.8798104247914464,2.7845428973960225,1.3333333333333333,2.0,2.2857142857142856,2.1112189292907715,2.0297600589007994,2.0385955966129643,1.6666666666666667,1.0,0.28571428571428603,0.8622384071350098,0.8500503658906471,0.7459473007830582
507,2024-10-15,South Korea,Iraq,3.0,2.0,FIFA World Cup qualification,Yongin,South Korea,0,2024,0,1,510,2024-09-19,23.0,23.0,0.0,1572.61,1572.87,2024-09-19,55.0,55.0,0.0,1435.9,1433.07,32.0,136.7099999999998,1799.0,1621.0,178.0,1,2.3333333333333335,2.6,2.4285714285714284,2.719174385070801,2.5458376768159687,2.4211807857709573,2.3333333333333335,2.6,2.7142857142857144,2.4880828857421875,2.487512649337449,2.4762589351739734,0.0,0.0,-0.28571428571428603,0.23109149932861328,0.058325027478519864,-0.05507814940301614
508,2024-10-15,Palestine,Kuwait,2.0,2.0,FIFA World Cup qualification,Al Rayyan,Qatar,1,2024,0,1,511,2024-09-19,98.0,96.0,-2.0,1228.99,1231.25,2024-09-19,134.0,136.0,2.0,1111.62,1098.42,36.0,117.37000000000012,1417.0,1340.0,77.0,0,0.3333333333333333,0.4,1.1428571428571428,0.2275390625,0.4508120374604144,0.5875024795532227,0.6666666666666666,1.2,0.8571428571428571,0.60546875,0.7910379515317787,0.8237457275390625,-0.3333333333333333,-0.7999999999999999,0.2857142857142857,-0.3779296875,-0.34022591407136427,-0.23624324798583984
509,2024-10-15,Saudi Arabia,Bahrain,0.0,0.0,FIFA World Cup qualification,Jeddah,Saudi Arabia,0,2024,0,1,512,2024-09-19,56.0,56.0,0.0,1433.16,1431.3,2024-09-19,76.0,80.0,4.0,1315.49,1302.86,20.0,117.67000000000009,1586.0,1461.0,125.0,0,1.3333333333333333,1.4,1.5714285714285714,1.0192432403564453,1.2446681775779807,1.3777248403530393,1.3333333333333333,1.2,1.7142857142857142,1.04638671875,1.2355670714152653,1.3696978092193604,0.0,0.19999999999999996,-0.1428571428571428,-0.027143478393554688,0.009101106162715311,0.008027031133678975
510,2024-10-15,Kyrgyzstan,North Korea,1.0,0.0,FIFA World Cup qualification,Bishkek,Kyrgyzstan,0,2024,0,1,513,2024-09-19,106.0,102.0,-4.0,1201.11,1213.58,2024-09-19,111.0,110.0,-1.0,1183.02,1183.96,5.0,18.08999999999992,1266.0,1370.0,-104.0,1,0.0,0.4,1.1428571428571428,0.169921875,0.42310623380582246,0.5711174011230469,0.6666666666666666,1.6,1.5714285714285714,1.0546875,1.1371742112482854,1.12469482421875,-0.6666666666666666,-1.2000000000000002,-0.4285714285714286,-0.884765625,-0.714067977442463,-0.5535774230957031
511,2024-10-15,Brazil,Peru,4.0,0.0,FIFA World Cup qualification,Brasília,Brazil,0,2024,0,1,514,2024-09-19,5.0,5.0,0.0,1772.02,1785.61,2024-09-19,43.0,42.0,-1.0,1483.2,1489.68,38.0,288.81999999999994,2011.0,1798.0,213.0,1,2.0,1.6,1.7142857142857142,2.025221824645996,1.8043580250795856,1.6930441981298827,1.3333333333333333,0.8,0.7142857142857143,1.641845703125,1.217378229575256,1.0428904686123133,0.6666666666666667,0.8,0.9999999999999999,0.3833761215209961,0.5869797955043297,0.6501537295175694
512,2024-10-15,Uzbekistan,United Arab Emirates,1.0,0.0,FIFA World Cup qualification,Tashkent,Uzbekistan,0,2024,0,1,515,2024-09-19,60.0,61.0,1.0,1413.06,1397.41,2024-09-19,69.0,69.0,0.0,1377.22,1368.84,9.0,35.83999999999992,1643.0,1504.0,139.0,1,2.3333333333333335,2.2,2.4285714285714284,1.864501953125,2.066596919193915,2.147822469472885,1.3333333333333333,1.6,2.0,1.11126708984375,1.3804210313719367,1.5426392368972301,1.0000000000000002,0.6000000000000001,0.4285714285714284,0.75323486328125,0.6861758878219781,0.605183232575655
513,2024-10-15,Argentina,Bolivia,6.0,0.0,FIFA World Cup qualification,Buenos Aires,Argentina,0,2024,0,1,516,2024-09-19,1.0,1.0,0.0,1889.02,1901.48,2024-09-19,83.0,89.0,6.0,1293.76,1258.56,82.0,595.26,2139.0,1590.0,549.0,1,1.3333333333333333,2.0,2.0,1.2172460556030273,1.5590449726656757,1.763496606230234,3.0,1.8,1.2857142857142858,2.63671875,2.169638774577046,1.8344879150390625,-1.6666666666666667,0.19999999999999996,0.7142857142857142,-1.4194726943969727,-0.6105938019113704,-0.07099130880882853
514,2024-10-15,Uruguay,Ecuador,0.0,0.0,FIFA World Cup qualification,Montevideo,Uruguay,0,2024,0,1,517,2024-09-19,11.0,11.0,0.0,1701.34,1713.15,2024-09-19,27.0,27.0,0.0,1535.43,1530.44,16.0,165.90999999999983,2006.0,1883.0,123.0,0,0.6666666666666666,0.6,1.0,0.499542236328125,0.7639304951680035,0.9819239244970959,1.3333333333333333,1.2,1.2857142857142858,1.4075584411621094,1.410013028505573,1.4154930733639048,-0.6666666666666666,-0.6,-0.2857142857142858,-0.9080162048339844,-0.6460825333375695,-0.433569148866809
515,2024-10-15,Paraguay,Venezuela,2.0,1.0,FIFA World Cup qualification,Asunción,Paraguay,0,2024,0,1,518,2024-09-19,57.0,62.0,5.0,1423.98,1396.8,2024-09-19,40.0,37.0,-3.0,1488.56,1501.46,-17.0,-64.57999999999993,1706.0,1750.0,-44.0,1,1.6666666666666667,1.0,0.7142857142857143,1.38519287109375,1.2156677160148852,1.0899573899805546,0.6666666666666666,1.2,1.4285714285714286,0.973236083984375,1.104193859504421,1.2122989306226373,1.0,-0.19999999999999996,-0.7142857142857143,0.411956787109375,0.11147385651046426,-0.12234154064208269
516,2024-10-15,Colombia,Chile,4.0,0.0,FIFA World Cup qualification,Barranquilla,Colombia,0,2024,0,1,519,2024-09-19,9.0,9.0,0.0,1738.72,1727.32,2024-09-19,49.0,43.0,-6.0,1467.98,1489.5,40.0,270.74,1984.0,1739.0,245.0,1,1.3333333333333333,1.4,1.5714285714285714,1.0459976196289062,1.3295638011545643,1.4919692756957375,0.0,0.2,0.2857142857142857,0.07733154296875,0.18085670218644537,0.2616371847689152,1.3333333333333333,1.2,1.2857142857142856,0.9686660766601562,1.148707098968119,1.2303320909268223
517,2024-10-15,Iran,Qatar,4.0,1.0,FIFA World Cup qualification,Dubai,United Arab Emirates,1,2024,0,1,520,2024-09-19,19.0,20.0,1.0,1622.92,1611.16,2024-09-19,44.0,34.0,-10.0,1481.69,1504.06,25.0,141.23000000000002,1827.0,1534.0,293.0,1,2.3333333333333335,2.2,2.4285714285714284,1.8611459732055664,2.052758077886101,2.1206970920020467,1.3333333333333333,1.6,2.0,2.0605010986328125,1.9575150218758823,1.977311744587496,1.0000000000000002,0.6000000000000001,0.4285714285714284,-0.1993551254272461,0.09524305601021865,0.14338534741455078
518,2024-11-14,United Arab Emirates,Kyrgyzstan,3.0,0.0,FIFA World Cup qualification,Abu Dhabi,United Arab Emirates,0,2024,0,1,521,2024-10-24,68.0,69.0,1.0,1361.34,1377.22,2024-10-24,103.0,106.0,3.0,1207.08,1201.11,35.0,154.26,1504.0,1266.0,238.0,1,0.3333333333333333,1.0,1.5714285714285714,0.555633544921875,0.9202806875812912,1.1569794276729226,1.0,0.8,1.1428571428571428,1.5849609375,1.2820708225372148,1.1783380508422852,-0.6666666666666667,0.19999999999999996,0.4285714285714286,-1.029327392578125,-0.3617901349559236,-0.021358623169362545
519,2024-11-14,Australia,Saudi Arabia,0.0,0.0,FIFA World Cup qualification,Melbourne,Australia,0,2024,0,1,522,2024-10-24,24.0,25.0,1.0,1552.77,1544.3,2024-10-24,59.0,56.0,-3.0,1422.67,1433.16,35.0,130.0999999999999,1784.0,1586.0,198.0,0,1.6666666666666667,1.6,2.0,1.5556094646453857,1.6865067059338663,1.7789466974597232,1.3333333333333333,1.0,1.2857142857142858,1.0096216201782227,1.1631121183853206,1.2832936302647795,0.3333333333333335,0.6000000000000001,0.7142857142857142,0.5459878444671631,0.5233945875485457,0.49565306719494373
520,2024-11-14,Oman,Palestine,1.0,0.0,FIFA World Cup qualification,Muscat,Oman,0,2024,0,1,523,2024-10-24,80.0,78.0,-2.0,1305.99,1309.27,2024-10-24,100.0,98.0,-2.0,1218.43,1228.99,20.0,87.55999999999995,1526.0,1417.0,109.0,1,1.0,0.8,1.4285714285714286,0.86590576171875,1.0488393297134062,1.1567849479615688,0.3333333333333333,0.4,0.8571428571428571,0.61376953125,0.6338746916402762,0.690626859664917,0.6666666666666667,0.4,0.5714285714285715,0.25213623046875,0.41496463807313,0.46615808829665184
521,2024-11-14,Iraq,Jordan,0.0,0.0,FIFA World Cup qualification,Basra,Iraq,0,2024,0,1,524,2024-10-24,56.0,55.0,-1.0,1434.4,1435.9,2024-10-24,64.0,68.0,4.0,1380.75,1377.52,8.0,53.65000000000009,1621.0,1503.0,118.0,0,1.3333333333333333,2.0,2.2857142857142856,1.2440414428710938,1.658341766224966,1.85719420138048,2.0,2.0,2.2857142857142856,2.1185760498046875,2.080322656863922,2.0857741304207593,-0.6666666666666667,0.0,0.0,-0.8745346069335938,-0.42198089063895616,-0.22857992904027924
522,2024-11-14,Kuwait,South Korea,1.0,3.0,FIFA World Cup qualification,Kuwait City,Kuwait,0,2024,0,1,525,2024-10-24,135.0,134.0,-1.0,1106.42,1111.62,2024-10-24,22.0,23.0,1.0,1589.93,1572.61,-113.0,-483.51,1340.0,1799.0,-459.0,-1,0.6666666666666666,1.2,1.0,0.802734375,0.8606919676878525,0.8678092956542969,3.0,2.6,2.7142857142857144,2.8595871925354004,2.697225117877313,2.565885589328218,-2.3333333333333335,-1.4000000000000001,-1.7142857142857144,-2.0568528175354004,-1.8365331501894602,-1.698076293673921
523,2024-11-14,Qatar,Uzbekistan,3.0,2.0,FIFA World Cup qualification,Al Rayyan,Qatar,0,2024,0,1,526,2024-10-24,46.0,44.0,-2.0,1478.6,1481.69,2024-10-24,58.0,60.0,2.0,1429.26,1413.06,12.0,49.33999999999992,1534.0,1643.0,-109.0,1,1.3333333333333333,1.4,1.5714285714285714,1.0302505493164062,1.3050100145839216,1.482983808440622,2.3333333333333335,2.2,2.4285714285714284,2.4322509765625,2.3777312794626098,2.360866852104664,-1.0000000000000002,-0.8000000000000003,-0.857142857142857,-1.4020004272460938,-1.0727212648786881,-0.8778830436640419
524,2024-11-14,Bahrain,China PR,0.0,1.0,FIFA World Cup qualification,Riffa,Bahrain,0,2024,0,1,527,2024-10-24,76.0,76.0,0.0,1313.8,1315.49,2024-10-24,92.0,91.0,-1.0,1257.29,1253.77,16.0,56.50999999999999,1461.0,1400.0,61.0,-1,0.6666666666666666,1.2,1.4285714285714286,1.023193359375,1.1570447142768434,1.2772733569145203,1.0,0.6,1.0,1.5445556640625,1.1711071094125844,1.0263352543115616,-0.33333333333333337,0.6,0.4285714285714286,-0.5213623046875,-0.014062395135741035,0.2509381026029587
525,2024-11-14,Papua New Guinea,Fiji,3.0,3.0,FIFA World Cup qualification,Port Moresby,Papua New Guinea,0,2024,0,1,528,2024-10-24,171.0,168.0,-3.0,972.32,984.23,2024-10-24,146.0,150.0,4.0,1051.41,1038.29,-25.0,-79.09000000000003,1173.0,1221.0,-48.0,0,1.0,1.2,1.2,0.5625,0.7407407407407408,0.73828125,1.0,1.5,1.5,1.875,1.8888888888888888,2.015625,0.0,-0.30000000000000004,-0.30000000000000004,-1.3125,-1.148148148148148,-1.27734375
526,2024-11-14,Solomon Islands,New Caledonia,2.0,3.0,FIFA World Cup qualification,Port Moresby,Papua New Guinea,1,2024,0,1,529,2024-10-24,147.0,144.0,-3.0,1050.99,1064.11,2024-10-24,155.0,160.0,5.0,1020.83,1008.92,8.0,30.159999999999968,1253.0,1180.0,73.0,-1,1.0,1.5,1.5,0.75,1.3333333333333335,1.6875,1.0,0.75,0.75,1.5,0.9999999999999998,0.75,0.0,0.75,0.75,-0.75,0.3333333333333337,0.9375
527,2024-11-14,Paraguay,Argentina,2.0,1.0,FIFA World Cup qualification,Asunción,Paraguay,0,2024,0,1,530,2024-10-24,55.0,57.0,2.0,1440.78,1423.98,2024-10-24,1.0,1.0,0.0,1883.5,1889.02,-54.0,-442.72,1706.0,2139.0,-433.0,1,2.3333333333333335,1.6,1.1428571428571428,2.192596435546875,1.8104451440099232,1.567468042485416,1.3333333333333333,2.0,2.0,2.1086230278015137,2.0393633151104504,2.0726224546726755,1.0000000000000002,-0.3999999999999999,-0.8571428571428572,0.08397340774536133,-0.22891817110052726,-0.5051544121872595
528,2024-11-14,Ecuador,Bolivia,4.0,0.0,FIFA World Cup qualification,Guayaquil,Ecuador,0,2024,0,1,531,2024-10-24,27.0,27.0,0.0,1536.32,1535.43,2024-10-24,79.0,83.0,4.0,1312.36,1293.76,52.0,223.96000000000004,1883.0,1590.0,293.0,1,1.6666666666666667,1.2,1.4285714285714286,1.2037792205810547,1.2733420190037155,1.3116198050229286,2.0,1.8,1.2857142857142858,1.318359375,1.446425849718031,1.3758659362792969,-0.33333333333333326,-0.6000000000000001,0.1428571428571428,-0.11458015441894531,-0.17308383071431543,-0.06424613125636824
529,2024-11-14,North Korea,Iran,2.0,3.0,FIFA World Cup qualification,Vientiane,Laos,1,2024,0,1,532,2024-10-24,111.0,111.0,0.0,1175.14,1183.02,2024-10-24,19.0,19.0,0.0,1627.58,1622.92,-92.0,-452.4399999999998,1370.0,1827.0,-457.0,-1,0.6666666666666666,1.0,1.1428571428571428,0.52734375,0.7581161408321904,0.8435211181640625,2.3333333333333335,2.2,2.4285714285714284,2.430572986602783,2.3685053852574005,2.340522819001535,-1.666666666666667,-1.2000000000000002,-1.2857142857142856,-1.9032292366027832,-1.6103892444252101,-1.4970017008374725
530,2024-11-14,Venezuela,Brazil,1.0,1.0,FIFA World Cup qualification,Maturín,Venezuela,0,2024,0,1,533,2024-10-24,44.0,40.0,-4.0,1482.47,1488.56,2024-10-24,5.0,5.0,0.0,1784.37,1772.02,-39.0,-301.89999999999986,1750.0,2011.0,-261.0,0,0.6666666666666666,0.6,1.2857142857142858,0.4866180419921875,0.7361292396696141,0.909224197966978,2.0,2.0,2.0,2.512610912322998,2.202905350053057,2.019783148597412,-1.3333333333333335,-1.4,-0.7142857142857142,-2.0259928703308105,-1.4667761103834431,-1.110558950630434
531,2024-11-15,Peru,Chile,0.0,0.0,FIFA World Cup qualification,Lima,Peru,0,2024,0,1,534,2024-10-24,38.0,43.0,5.0,1494.24,1483.2,2024-10-24,53.0,49.0,-4.0,1455.22,1467.98,15.0,39.01999999999998,1798.0,1739.0,59.0,0,1.0,0.8,0.7142857142857143,0.8209228515625,0.811585486383504,0.782167851459235,0.0,0.2,0.14285714285714285,0.038665771484375,0.1205711347909636,0.19622788857668638,1.0,0.6000000000000001,0.5714285714285714,0.782257080078125,0.6910143515925404,0.5859399628825486
532,2024-11-15,Uruguay,Colombia,3.0,2.0,FIFA World Cup qualification,Montevideo,Uruguay,0,2024,0,1,535,2024-10-24,14.0,11.0,-3.0,1680.36,1701.34,2024-10-24,10.0,9.0,-1.0,1724.37,1738.72,-4.0,-44.00999999999999,2006.0,1984.0,22.0,1,0.6666666666666666,0.8,0.7142857142857143,0.7497711181640625,0.8426203301120023,0.9864429433728219,2.0,1.4,1.8571428571428572,2.022998809814453,1.8863758674363762,1.868976956771803,-1.3333333333333335,-0.5999999999999999,-1.1428571428571428,-1.2732276916503906,-1.0437555373243739,-0.8825340133989812
533,2024-11-15,Samoa,Tahiti,0.0,3.0,FIFA World Cup qualification,Hamilton,New Zealand,1,2024,0,1,536,2024-10-24,186.0,185.0,-1.0,890.77,900.79,2024-10-24,159.0,158.0,-1.0,1009.52,1016.83,-27.0,-118.75,734.0,1147.0,-413.0,-1,1.5,1.5,1.5,1.5,2.0,2.25,0.0,0.0,0.0,0.0,0.0,0.0,1.5,1.5,1.5,1.5,2.0,2.25
534,2024-11-15,New Zealand,Vanuatu,8.0,1.0,FIFA World Cup qualification,Hamilton,New Zealand,0,2024,0,1,537,2024-10-24,91.0,95.0,4.0,1258.11,1247.08,2024-10-24,157.0,162.0,5.0,1015.52,1005.49,66.0,242.58999999999992,1525.0,1097.0,428.0,1,2.0,2.4,2.5714285714285716,2.25,2.333333333333333,2.4375,3.0,3.0,3.0,3.0,3.0,3.0,-1.0,-0.6000000000000001,-0.4285714285714284,-0.75,-0.666666666666667,-0.5625
535,2024-11-15,Indonesia,Japan,0.0,4.0,FIFA World Cup qualification,Jakarta,Indonesia,0,2024,0,1,538,2024-10-24,130.0,129.0,-1.0,1118.87,1124.17,2024-10-24,15.0,16.0,1.0,1645.09,1639.6,-115.0,-526.22,1297.0,1905.0,-608.0,-1,0.6666666666666666,1.2,1.2857142857142858,0.5670166015625,0.8322541919046518,0.986325815320015,2.3333333333333335,2.6,2.7142857142857144,1.9867286682128906,2.2532069498609646,2.338407173047017,-1.666666666666667,-1.4000000000000001,-1.4285714285714286,-1.4197120666503906,-1.4209527579563128,-1.3520813577270019
536,2024-11-17,Fiji,New Caledonia,1.0,1.0,FIFA World Cup qualification,Port Moresby,Papua New Guinea,1,2024,0,1,539,2024-10-24,146.0,150.0,4.0,1051.41,1038.29,2024-10-24,155.0,160.0,5.0,1020.83,1008.92,9.0,30.58000000000004,1221.0,1180.0,41.0,0,1.3333333333333333,1.4,1.4,1.4375,1.5925925925925926,1.76171875,2.0,1.2,1.2,2.25,1.6666666666666665,1.3125,-0.6666666666666667,0.19999999999999996,0.19999999999999996,-0.8125,-0.07407407407407396,0.44921875
537,2024-11-17,Papua New Guinea,Solomon Islands,1.0,2.0,FIFA World Cup qualification,Port Moresby,Papua New Guinea,0,2024,0,1,540,2024-10-24,171.0,168.0,-3.0,972.32,984.23,2024-10-24,147.0,144.0,-3.0,1050.99,1064.11,-24.0,-78.66999999999996,1173.0,1253.0,-80.0,-1,0.3333333333333333,1.4,1.1666666666666667,0.78125,0.8271604938271605,0.8037109375,0.0,1.2,1.2,0.375,0.8888888888888891,1.265625,0.3333333333333333,0.19999999999999996,-0.033333333333333215,0.40625,-0.06172839506172856,-0.4619140625
538,2024-11-18,New Zealand,Samoa,8.0,0.0,FIFA World Cup qualification,Auckland,New Zealand,0,2024,0,1,541,2024-10-24,91.0,95.0,4.0,1258.11,1247.08,2024-10-24,186.0,185.0,-1.0,890.77,900.79,95.0,367.3399999999999,1525.0,734.0,791.0,1,2.0,2.4,2.5714285714285716,2.625,2.5555555555555554,2.578125,1.0,1.0,1.0,0.75,1.3333333333333335,1.6875,1.0,1.4,1.5714285714285716,1.875,1.2222222222222219,0.890625
539,2024-11-18,Tahiti,Vanuatu,2.0,0.0,FIFA World Cup qualification,Auckland,New Zealand,1,2024,0,1,542,2024-10-24,159.0,158.0,-1.0,1009.52,1016.83,2024-10-24,157.0,162.0,5.0,1015.52,1005.49,-2.0,-6.0,1147.0,1097.0,50.0,1,1.0,0.75,0.75,1.5,0.9999999999999998,0.75,1.5,1.5,1.5,1.5,2.0,2.25,-0.5,-0.75,-0.75,0.0,-1.0000000000000002,-1.5
540,2024-11-19,China PR,Japan,1.0,3.0,FIFA World Cup qualification,Xiamen,China PR,0,2024,0,1,543,2024-10-24,92.0,91.0,-1.0,1257.29,1253.77,2024-10-24,15.0,16.0,1.0,1645.09,1639.6,-77.0,-387.8,1400.0,1905.0,-505.0,-1,2.0,1.2,1.0,2.27227783203125,1.7807380729417228,1.5197514407336712,2.3333333333333335,2.6,2.7142857142857144,2.4933643341064453,2.5021379665739762,2.5038053797852626,-0.3333333333333335,-1.4000000000000001,-1.7142857142857144,-0.2210865020751953,-0.7213998936322534,-0.9840539390515914
541,2024-11-19,Bolivia,Paraguay,2.0,2.0,FIFA World Cup qualification,El Alto,Bolivia,0,2024,0,1,544,2024-10-24,79.0,83.0,4.0,1312.36,1293.76,2024-10-24,55.0,57.0,2.0,1440.78,1423.98,-24.0,-128.42000000000007,1590.0,1706.0,-116.0,0,1.0,1.8,1.2857142857142858,0.6591796875,0.9642838998120207,1.0318994522094727,2.3333333333333335,2.2,1.5714285714285714,2.5962982177734375,2.2069634293399485,1.925601031864062,-1.3333333333333335,-0.40000000000000013,-0.2857142857142856,-1.9371185302734375,-1.2426795295279278,-0.8937015796545893
542,2024-11-19,Colombia,Ecuador,0.0,1.0,FIFA World Cup qualification,Barranquilla,Colombia,0,2024,0,1,545,2024-10-24,10.0,9.0,-1.0,1724.37,1738.72,2024-10-24,27.0,27.0,0.0,1536.32,1535.43,17.0,188.04999999999995,1984.0,1883.0,101.0,-1,1.0,1.4,1.4285714285714286,1.0114994049072266,1.2575839116242509,1.4017327175788523,1.6666666666666667,1.6,1.4285714285714286,2.1018896102905273,1.8488946793358103,1.7337148537671965,-0.6666666666666667,-0.20000000000000018,0.0,-1.0903902053833008,-0.5913107677115594,-0.33198213618834416
543,2024-11-19,Argentina,Peru,1.0,0.0,FIFA World Cup qualification,Buenos Aires,Argentina,0,2024,0,1,546,2024-10-24,1.0,1.0,0.0,1883.5,1889.02,2024-10-24,38.0,43.0,5.0,1494.24,1483.2,37.0,389.26,2139.0,1798.0,341.0,1,1.3333333333333333,1.4,1.8571428571428572,1.0543115139007568,1.3595755434069672,1.5544668410045066,1.3333333333333333,1.0,0.7142857142857143,0.91046142578125,0.8743903242556693,0.8366258885944262,0.0,0.3999999999999999,1.1428571428571428,0.14385008811950684,0.48518521915129786,0.7178409524100804
544,2024-11-19,Chile,Venezuela,4.0,2.0,FIFA World Cup qualification,Santiago,Chile,0,2024,0,1,547,2024-10-24,53.0,49.0,-4.0,1455.22,1467.98,2024-10-24,44.0,40.0,-4.0,1482.47,1488.56,-9.0,-27.25,1739.0,1750.0,-11.0,1,0.3333333333333333,0.2,0.2857142857142857,0.5193328857421875,0.41371408986064234,0.3971709164325148,0.6666666666666666,0.6,1.0,0.7433090209960938,0.8240861597797426,0.9319181484752335,-0.3333333333333333,-0.39999999999999997,-0.7142857142857143,-0.22397613525390625,-0.4103720699191003,-0.5347472320427187
545,2024-11-19,Brazil,Uruguay,1.0,1.0,FIFA World Cup qualification,Salvador,Brazil,0,2024,0,1,548,2024-10-24,5.0,5.0,0.0,1784.37,1772.02,2024-10-24,14.0,11.0,-3.0,1680.36,1701.34,9.0,104.01,2011.0,2006.0,5.0,0,2.3333333333333335,2.0,1.7142857142857142,1.756305456161499,1.8019369000353715,1.764837361448059,1.3333333333333333,1.2,1.0,1.8748855590820312,1.5617468867413349,1.4898322075296164,1.0000000000000002,0.8,0.7142857142857142,-0.11858010292053223,0.24019001329403666,0.2750051539184426
546,2024-11-19,North Korea,Uzbekistan,0.0,1.0,FIFA World Cup qualification,Vientiane,Laos,1,2024,0,1,549,2024-10-24,111.0,111.0,0.0,1175.14,1183.02,2024-10-24,58.0,60.0,2.0,1429.26,1413.06,-53.0,-254.1199999999999,1370.0,1643.0,-273.0,-1,0.3333333333333333,0.4,1.1428571428571428,0.263671875,0.5054107605547936,0.6326408386230469,1.3333333333333333,2.0,2.0,1.21612548828125,1.5851541863084067,1.7706501390784979,-1.0,-1.6,-0.8571428571428572,-0.95245361328125,-1.079743425753613,-1.138009300455451
547,2024-11-19,Kyrgyzstan,Iran,2.0,3.0,FIFA World Cup qualification,Bishkek,Kyrgyzstan,0,2024,0,1,550,2024-10-24,103.0,106.0,3.0,1207.08,1201.11,2024-10-24,19.0,19.0,0.0,1627.58,1622.92,-84.0,-420.5,1266.0,1827.0,-561.0,-1,1.0,0.6,0.7142857142857143,0.79248046875,0.8547138816914767,0.8837535381317139,2.3333333333333335,2.6,2.4285714285714284,2.7152864933013916,2.5790035901716,2.5053921142511513,-1.3333333333333335,-2.0,-1.714285714285714,-1.9228060245513916,-1.7242897084801236,-1.6216385761194374
548,2024-11-19,United Arab Emirates,Qatar,5.0,0.0,FIFA World Cup qualification,Abu Dhabi,United Arab Emirates,0,2024,0,1,551,2024-10-24,68.0,69.0,1.0,1361.34,1377.22,2024-10-24,46.0,44.0,-2.0,1478.6,1481.69,-22.0,-117.26,1504.0,1534.0,-30.0,1,1.3333333333333333,1.4,1.5714285714285714,1.7778167724609375,1.6135204583875273,1.617734570754692,2.0,1.4,1.5714285714285714,2.015125274658203,1.870006676389281,1.8622378563304665,-0.6666666666666667,0.0,0.0,-0.23730850219726562,-0.25648621800175375,-0.2445032855757745
549,2024-11-19,Palestine,South Korea,1.0,1.0,FIFA World Cup qualification,Amman,Jordan,1,2024,0,1,552,2024-10-24,100.0,98.0,-2.0,1218.43,1228.99,2024-10-24,22.0,23.0,1.0,1589.93,1572.61,-78.0,-371.5,1417.0,1799.0,-382.0,0,0.3333333333333333,0.4,0.42857142857142855,0.306884765625,0.4225831277601842,0.5179701447486877,3.0,2.6,2.7142857142857144,2.9297935962677,2.798150078584875,2.6744141919961635,-2.6666666666666665,-2.2,-2.285714285714286,-2.6229088306427,-2.375566950824691,-2.1564440472474757
550,2024-11-19,Oman,Iraq,0.0,1.0,FIFA World Cup qualification,Muscat,Oman,0,2024,0,1,553,2024-10-24,80.0,78.0,-2.0,1305.99,1309.27,2024-10-24,56.0,55.0,-1.0,1434.4,1435.9,-24.0,-128.41000000000008,1526.0,1621.0,-95.0,-1,2.0,1.2,1.4285714285714286,1.932952880859375,1.6992262198089372,1.6175887109711766,1.3333333333333333,1.6,2.0,1.1220207214355469,1.438894510816644,1.64289565103536,0.6666666666666667,-0.40000000000000013,-0.5714285714285714,0.8109321594238281,0.2603317089922932,-0.025306940064183436
551,2024-11-19,Kuwait,Jordan,1.0,1.0,FIFA World Cup qualification,Kuwait City,Kuwait,0,2024,0,1,554,2024-10-24,135.0,134.0,-1.0,1106.42,1111.62,2024-10-24,64.0,68.0,4.0,1380.75,1377.52,-71.0,-274.3299999999999,1340.0,1503.0,-163.0,0,0.3333333333333333,0.6,1.0,0.4013671875,0.573794645125235,0.6508569717407227,1.3333333333333333,1.6,2.0,1.5592880249023438,1.7202151045759482,1.8143305978155695,-1.0,-1.0,-1.0,-1.1579208374023438,-1.146420459450713,-1.1634736260748468
552,2024-11-19,Bahrain,Australia,2.0,2.0,FIFA World Cup qualification,Riffa,Bahrain,0,2024,0,1,555,2024-10-24,76.0,76.0,0.0,1313.8,1315.49,2024-10-24,24.0,25.0,1.0,1552.77,1544.3,-52.0,-238.97000000000003,1461.0,1784.0,-323.0,0,0.6666666666666666,1.0,1.0,0.5115966796875,0.771363142851229,0.9579550176858902,1.6666666666666667,1.2,1.7142857142857142,1.2778047323226929,1.4576711372892444,1.5842100230947924,-1.0,-0.19999999999999996,-0.7142857142857142,-0.7662080526351929,-0.6863079944380154,-0.6262550054089022
553,2024-11-19,Indonesia,Saudi Arabia,2.0,0.0,FIFA World Cup qualification,Jakarta,Indonesia,0,2024,0,1,556,2024-10-24,130.0,129.0,-1.0,1118.87,1124.17,2024-10-24,59.0,56.0,-3.0,1422.67,1433.16,-71.0,-303.8000000000002,1297.0,1586.0,-289.0,1,0.3333333333333333,0.6,0.8571428571428571,0.28350830078125,0.5548361279364346,0.7397443614900112,0.6666666666666666,1.2,1.2857142857142858,1.0048108100891113,1.1087414122568804,1.2124702226985846,-0.3333333333333333,-0.6,-0.4285714285714287,-0.7213025093078613,-0.5539052843204458,-0.4727258612085734
554,2025-03-19,Liberia,Tunisia,0.0,1.0,FIFA World Cup qualification,Monrovia,Liberia,0,2025,0,1,557,2024-12-19,145.0,145.0,0.0,1063.04,1063.04,2024-12-19,52.0,52.0,0.0,1464.42,1464.42,-93.0,-401.3800000000001,1270.0,1598.0,-328.0,-1,2.3333333333333335,1.75,1.75,2.125,1.6666666666666665,1.359375,1.6666666666666667,1.2,1.7142857142857142,1.5224609375,1.574054316471631,1.6297240257263184,0.6666666666666667,0.55,0.03571428571428581,0.6025390625,0.09261235019503555,-0.27034902572631836
555,2025-03-19,Central African Republic,Madagascar,1.0,4.0,FIFA World Cup qualification,Casablanca,Morocco,1,2025,0,1,558,2024-12-19,135.0,135.0,0.0,1102.23,1102.23,2024-12-19,116.0,115.0,-1.0,1162.02,1162.02,-19.0,-59.78999999999997,1328.0,1325.0,3.0,-1,1.3333333333333333,1.0,1.0,0.875,0.8148148148148147,0.703125,2.3333333333333335,1.75,1.75,1.625,1.4444444444444444,1.234375,-1.0000000000000002,-0.75,-0.75,-0.75,-0.6296296296296298,-0.53125
556,2025-03-19,Eswatini,Cameroon,0.0,0.0,FIFA World Cup qualification,Mbombela,South Africa,1,2025,0,1,559,2024-12-19,159.0,159.0,0.0,1015.25,1015.25,2024-12-19,49.0,49.0,0.0,1471.49,1471.49,-110.0,-456.24,1269.0,1625.0,-356.0,0,0.0,0.0,0.0,0.0,0.0,0.0,1.3333333333333333,1.6,1.7142857142857142,1.466796875,1.4962658131382411,1.4528312683105469,-1.3333333333333333,-1.6,-1.7142857142857142,-1.466796875,-1.4962658131382411,-1.4528312683105469
557,2025-03-20,Cape Verde,Mauritius,1.0,0.0,FIFA World Cup qualification,Praia,Cape Verde,0,2025,0,1,560,2024-12-19,72.0,72.0,0.0,1328.51,1328.51,2024-12-19,179.0,179.0,0.0,923.46,923.46,107.0,405.05,1472.0,1029.0,443.0,1,1.3333333333333333,1.6,2.0,1.9296875,1.827312909617436,1.797821044921875,1.3333333333333333,1.0,1.0,1.625,1.148148148148148,0.890625,0.0,0.6000000000000001,1.0,0.3046875,0.6791647614692882,0.907196044921875
558,2025-03-20,Comoros,Mali,0.0,3.0,FIFA World Cup qualification,Berkane,Morocco,1,2025,0,1,561,2024-12-19,103.0,103.0,0.0,1208.99,1208.99,2024-12-19,51.0,51.0,0.0,1466.1,1466.1,-52.0,-257.1099999999999,1340.0,1631.0,-291.0,-1,2.0,2.25,2.25,2.25,2.333333333333333,2.4375,0.3333333333333333,1.0,1.2857142857142858,0.69921875,0.7808260935832952,0.8189544677734375,1.6666666666666667,1.25,0.9642857142857142,1.55078125,1.552507239750038,1.6185455322265625
559,2025-03-20,Malawi,Namibia,0.0,1.0,FIFA World Cup qualification,Lilongwe,Malawi,0,2025,0,1,562,2024-12-19,131.0,131.0,0.0,1129.31,1129.31,2024-12-19,111.0,111.0,0.0,1179.26,1179.26,-20.0,-49.950000000000045,1354.0,1414.0,-60.0,-1,1.0,1.5,1.5,1.125,1.5555555555555556,1.828125,0.6666666666666666,1.6,1.8333333333333333,1.125,1.4444444444444446,1.703125,0.33333333333333337,-0.10000000000000009,-0.33333333333333326,0.0,0.11111111111111094,0.125
560,2025-03-20,Mozambique,Uganda,3.0,1.0,FIFA World Cup qualification,Cairo,Egypt,1,2025,0,1,563,2024-12-19,96.0,96.0,0.0,1232.7,1232.7,2024-12-19,88.0,88.0,0.0,1270.42,1270.42,-8.0,-37.72000000000003,1311.0,1389.0,-78.0,1,2.3333333333333335,1.6,1.5714285714285714,2.453125,2.1440329218106995,2.066162109375,2.0,1.5,1.5,1.125,1.1111111111111112,0.984375,0.3333333333333335,0.10000000000000009,0.0714285714285714,1.328125,1.0329218106995883,1.081787109375
561,2025-03-20,Gabon,Seychelles,3.0,0.0,FIFA World Cup qualification,Franceville,Gabon,0,2025,0,1,564,2024-12-19,84.0,84.0,0.0,1297.87,1297.87,2024-12-19,201.0,201.0,0.0,831.19,831.19,117.0,466.67999999999984,1494.0,859.0,635.0,1,2.0,2.25,2.25,2.25,2.333333333333333,2.4375,0.0,0.0,0.0,0.0,0.0,0.0,2.0,2.25,2.25,2.25,2.333333333333333,2.4375
562,2025-03-20,Gambia,Kenya,3.0,3.0,FIFA World Cup qualification,Ebimpé,Ivory Coast,1,2025,0,1,565,2022-03-31,123.0,125.0,2.0,1138.19,1135.18,2024-12-19,108.0,108.0,0.0,1189.65,1189.65,-15.0,-51.46000000000004,1443.0,1371.0,72.0,0,1.0,0.6,0.6,0.75,0.6666666666666666,0.5625,1.6666666666666667,1.25,1.25,1.125,0.9999999999999999,0.859375,-0.6666666666666667,-0.65,-0.65,-0.375,-0.33333333333333326,-0.296875
563,2025-03-20,Libya,Angola,1.0,1.0,FIFA World Cup qualification,Benghazi,Libya,0,2025,0,1,566,2024-12-19,118.0,118.0,0.0,1158.03,1158.03,2024-12-19,85.0,85.0,0.0,1296.48,1296.48,-33.0,-138.45000000000005,1347.0,1581.0,-234.0,0,1.3333333333333333,1.75,1.75,1.25,1.7037037037037037,1.96875,1.6666666666666667,1.4,1.4,1.5,1.4444444444444444,1.375,-0.3333333333333335,0.3500000000000001,0.3500000000000001,-0.25,0.2592592592592593,0.59375
564,2025-03-20,Zimbabwe,Benin,2.0,2.0,FIFA World Cup qualification,Durban,South Africa,1,2025,0,1,567,2024-12-19,121.0,121.0,0.0,1151.06,1151.06,2024-12-19,94.0,94.0,0.0,1250.99,1250.99,-27.0,-99.93000000000006,1333.0,1476.0,-143.0,0,0.3333333333333333,0.5,0.5,0.25,0.44444444444444453,0.5625,2.3333333333333335,1.75,1.75,2.375,1.8148148148148144,1.453125,-2.0,-1.25,-1.25,-2.125,-1.3703703703703698,-0.890625
565,2025-03-20,Sierra Leone,Guinea-Bissau,3.0,1.0,FIFA World Cup qualification,Monrovia,Liberia,1,2025,0,1,568,2024-12-19,129.0,129.0,0.0,1132.06,1132.06,2024-12-19,120.0,120.0,0.0,1151.72,1151.72,-9.0,-19.66000000000008,1333.0,1411.0,-78.0,1,1.3333333333333333,1.25,1.25,1.375,1.2962962962962963,1.234375,0.6666666666666666,1.2,1.2,1.0,1.0493827160493825,1.0703125,0.6666666666666666,0.050000000000000044,0.050000000000000044,0.375,0.2469135802469138,0.1640625
566,2025-03-20,Australia,Indonesia,5.0,1.0,FIFA World Cup qualification,Sydney,Australia,0,2025,0,1,569,2024-12-19,26.0,26.0,0.0,1544.15,1544.15,2024-12-19,127.0,125.0,-2.0,1133.41,1135.11,101.0,410.74,1719.0,1397.0,322.0,1,1.0,1.4,1.4285714285714286,1.1389023661613464,1.305114091526163,1.4381575173210943,1.0,1.0,1.2857142857142858,1.641754150390625,1.3698907519576229,1.3048082711175084,0.0,0.3999999999999999,0.1428571428571428,-0.5028517842292786,-0.06477666043145991,0.1333492462035859
567,2025-03-20,Saudi Arabia,China PR,1.0,0.0,FIFA World Cup qualification,Riyadh,Saudi Arabia,0,2025,0,1,570,2024-12-19,59.0,59.0,0.0,1406.56,1406.56,2024-12-19,90.0,90.0,0.0,1266.38,1266.38,31.0,140.17999999999984,1536.0,1400.0,136.0,1,0.6666666666666666,1.0,0.8571428571428571,0.5024054050445557,0.739160941504587,0.9093526670239385,2.0,1.2,0.8571428571428571,1.136138916015625,1.187158715294482,1.1398135805502534,-1.3333333333333335,-0.19999999999999996,0.0,-0.6337335109710693,-0.447997773789895,-0.23046091352631493
568,2025-03-20,Jordan,Palestine,3.0,1.0,FIFA World Cup qualification,Amman,Jordan,0,2025,0,1,571,2024-12-19,64.0,64.0,0.0,1375.91,1375.91,2024-12-19,101.0,101.0,0.0,1215.87,1215.87,37.0,160.0400000000002,1617.0,1417.0,200.0,1,1.6666666666666667,1.6,1.7142857142857142,1.2796440124511719,1.4801434030506322,1.6107479483616771,0.6666666666666666,0.4,0.42857142857142855,0.6534423828125,0.6150554185067894,0.6384776085615158,1.0,1.2000000000000002,1.2857142857142856,0.6262016296386719,0.8650879845438428,0.9722703398001613
569,2025-03-20,Iraq,Kuwait,2.0,2.0,FIFA World Cup qualification,Basra,Iraq,0,2025,0,1,572,2024-12-19,56.0,56.0,0.0,1442.86,1442.86,2024-12-19,134.0,134.0,0.0,1108.72,1109.16,78.0,334.1399999999999,1584.0,1345.0,239.0,0,1.3333333333333333,1.6,2.0,2.0610103607177734,1.959263007211096,1.98217173827652,0.6666666666666666,0.6,1.0,0.70068359375,0.7158630967501567,0.738142728805542,0.6666666666666666,1.0,1.0,1.3603267669677734,1.2433999104609392,1.244029009470978
570,2025-03-20,South Korea,Oman,1.0,1.0,FIFA World Cup qualification,Goyang,South Korea,0,2025,0,1,573,2024-12-19,23.0,23.0,0.0,1585.45,1585.45,2024-12-19,80.0,80.0,0.0,1306.67,1306.67,57.0,278.78,1774.0,1526.0,248.0,0,2.3333333333333335,2.6,2.4285714285714284,1.96489679813385,2.1987667190565836,2.2558106439971226,1.0,1.2,1.0,0.9664764404296875,1.132817479872625,1.2131915332283825,1.3333333333333335,1.4000000000000001,1.4285714285714284,0.9984203577041626,1.0659492391839587,1.0426191107687401
571,2025-03-20,Qatar,North Korea,5.0,1.0,FIFA World Cup qualification,Al Rayyan,Qatar,0,2025,0,1,574,2024-12-19,48.0,48.0,0.0,1474.6,1474.6,2024-12-19,115.0,114.0,-1.0,1164.41,1164.41,67.0,310.1899999999998,1524.0,1370.0,154.0,1,1.0,1.4,1.4285714285714286,1.0075626373291016,1.2466711175928542,1.3966783922478498,0.0,0.4,0.7142857142857143,0.1318359375,0.3369405070365291,0.47448062896728516,1.0,0.9999999999999999,0.7142857142857143,0.8757266998291016,0.9097306105563251,0.9221977632805647
572,2025-03-20,Uzbekistan,Kyrgyzstan,1.0,0.0,FIFA World Cup qualification,Tashkent,Uzbekistan,0,2025,0,1,575,2024-12-19,58.0,58.0,0.0,1424.93,1424.93,2024-12-19,107.0,107.0,0.0,1194.19,1194.19,49.0,230.74,1684.0,1266.0,418.0,1,2.0,2.0,2.0,2.108062744140625,2.0567694575389375,2.0779876043088734,1.0,0.6,0.5714285714285714,0.396240234375,0.5698092544609845,0.6628151535987854,1.0,1.4,1.4285714285714286,1.711822509765625,1.486960203077953,1.415172450710088
573,2025-03-20,Iran,United Arab Emirates,2.0,0.0,FIFA World Cup qualification,Tehran,Iran,0,2025,0,1,576,2024-12-19,18.0,18.0,0.0,1635.31,1635.31,2024-12-19,63.0,63.0,0.0,1385.57,1385.57,45.0,249.74,1838.0,1504.0,334.0,1,3.0,2.6,2.4285714285714284,2.857643246650696,2.7193357267810665,2.6290440856883635,2.0,1.4,1.5714285714285714,2.3889083862304688,2.0756803055916846,1.963300928066019,1.0,1.2000000000000002,0.857142857142857,0.46873486042022705,0.6436554211893819,0.6657431576223445
574,2025-03-20,Brazil,Colombia,2.0,1.0,FIFA World Cup qualification,Brasília,Brazil,0,2025,0,1,577,2024-12-19,5.0,5.0,0.0,1775.85,1775.85,2024-12-19,12.0,12.0,0.0,1694.44,1694.44,7.0,81.40999999999985,1996.0,1977.0,19.0,1,1.6666666666666667,1.6,1.7142857142857142,1.3781527280807495,1.534624600023581,1.5736280210860443,1.0,1.2,1.0,0.5057497024536133,0.8383892744161674,1.0512995381841392,0.6666666666666667,0.40000000000000013,0.7142857142857142,0.8724030256271362,0.6962353256074136,0.522328482901905
575,2025-03-20,Peru,Bolivia,3.0,1.0,FIFA World Cup qualification,Lima,Peru,0,2025,0,1,578,2024-12-19,40.0,40.0,0.0,1488.42,1488.42,2024-12-19,79.0,79.0,0.0,1308.58,1308.58,39.0,179.84000000000017,1798.0,1590.0,208.0,1,0.3333333333333333,0.8,0.7142857142857143,0.455230712890625,0.5829268828371129,0.6274694164458197,0.3333333333333333,1.4,1.4285714285714286,0.82958984375,0.9761892665413471,1.0239245891571045,0.0,-0.5999999999999999,-0.7142857142857143,-0.374359130859375,-0.39326238370423416,-0.39645517271128483
576,2025-03-20,Paraguay,Chile,1.0,0.0,FIFA World Cup qualification,Asunción,Paraguay,0,2025,0,1,579,2024-12-19,53.0,53.0,0.0,1458.26,1458.26,2024-12-19,50.0,50.0,0.0,1469.44,1469.44,-3.0,-11.180000000000064,1775.0,1739.0,36.0,1,2.3333333333333335,2.2,1.7142857142857142,1.7981491088867188,1.8046422862266325,1.6942007738980465,1.3333333333333333,0.8,0.7142857142857143,1.7596664428710938,1.275809393240428,1.047878187324386,1.0000000000000002,1.4000000000000001,0.9999999999999999,0.038482666015625,0.5288328929862045,0.6463225865736604
577,2025-03-20,Japan,Bahrain,2.0,0.0,FIFA World Cup qualification,Saitama,Japan,0,2025,0,1,580,2024-12-19,15.0,15.0,0.0,1652.79,1652.79,2024-12-19,81.0,81.0,0.0,1305.52,1305.52,66.0,347.27,1889.0,1461.0,428.0,1,2.3333333333333335,2.6,2.7142857142857144,2.7466821670532227,2.668091977715984,2.627854034838947,0.6666666666666666,0.6,1.0,0.75579833984375,0.847575428567486,0.9684662632644176,1.666666666666667,2.0,1.7142857142857144,1.9908838272094727,1.8205165491484983,1.6593877715745293
578,2025-03-21,Malta,Finland,0.0,1.0,FIFA World Cup qualification,Ta' Qali,Malta,0,2025,0,1,581,2024-12-19,168.0,169.0,1.0,983.95,983.95,2024-12-19,69.0,69.0,0.0,1361.53,1361.53,-99.0,-377.5799999999999,1258.0,1621.0,-363.0,-1,,,,,,,,,,,,,,,,,,
579,2025-03-21,Equatorial Guinea,São Tomé and Príncipe,2.0,0.0,FIFA World Cup qualification,Malabo,Equatorial Guinea,0,2025,0,1,582,2024-12-19,93.0,93.0,0.0,1256.2,1256.2,2024-12-19,189.0,189.0,0.0,878.09,878.09,96.0,378.11,1522.0,1062.0,460.0,1,2.0,1.2,1.2,1.875,1.4444444444444442,1.171875,0.0,0.0,0.0,0.0,0.0,0.0,2.0,1.2,1.2,1.875,1.4444444444444442,1.171875
580,2025-03-21,Ghana,Chad,5.0,0.0,FIFA World Cup qualification,Accra,Ghana,0,2025,0,1,583,2024-12-19,77.0,77.0,0.0,1320.52,1320.52,2024-12-19,176.0,176.0,0.0,935.41,935.41,99.0,385.11,1429.0,1178.0,251.0,1,2.3333333333333335,1.6,1.5714285714285714,2.4677734375,2.0577317143389386,1.8234758377075195,0.0,0.0,0.0,0.0,0.0,0.0,2.3333333333333335,1.6,1.5714285714285714,2.4677734375,2.0577317143389386,1.8234758377075195
581,2025-03-21,Poland,Lithuania,1.0,0.0,FIFA World Cup qualification,Warsaw,Poland,0,2025,0,1,584,2024-12-19,35.0,35.0,0.0,1510.62,1510.62,2024-12-19,142.0,142.0,0.0,1069.96,1069.96,107.0,440.6599999999999,1728.0,1308.0,420.0,1,0.3333333333333333,0.2,0.7142857142857143,0.578125,0.6698673982624601,0.8729248046875,,,,,,,,,,,,
582,2025-03-21,Guinea,Somalia,0.0,0.0,FIFA World Cup qualification,Ebimpé,Ivory Coast,1,2025,0,1,585,2024-12-19,78.0,78.0,0.0,1311.88,1311.88,2024-12-19,202.0,202.0,0.0,829.81,829.81,124.0,482.07000000000016,1466.0,857.0,609.0,0,1.0,0.6,1.0,0.84375,1.0617283950617284,1.2744140625,0.0,0.0,0.0,0.0,0.0,0.0,1.0,0.6,1.0,0.84375,1.0617283950617284,1.2744140625
583,2025-03-21,Romania,Bosnia and Herzegovina,0.0,1.0,FIFA World Cup qualification,Bucharest,Romania,0,2025,0,1,586,2024-12-19,38.0,38.0,0.0,1494.2,1494.2,2024-12-19,74.0,74.0,0.0,1326.69,1326.69,36.0,167.51,1723.0,1485.0,238.0,-1,0.0,0.0,0.0,0.0,0.0,0.0,,,,,,,,,,,,
584,2025-03-21,England,Albania,2.0,0.0,FIFA World Cup qualification,London,England,0,2025,0,1,587,2024-12-19,4.0,4.0,0.0,1813.81,1813.81,2024-12-19,65.0,65.0,0.0,1375.57,1375.57,61.0,438.24,2006.0,1616.0,390.0,1,1.3333333333333333,1.6,1.7142857142857142,1.1435546875,1.414136282296624,1.5636248588562012,0.5,0.5,0.5,0.5,0.6666666666666667,0.75,0.8333333333333333,1.1,1.2142857142857142,0.6435546875,0.7474696156299572,0.8136248588562012
585,2025-03-21,Andorra,Latvia,0.0,1.0,FIFA World Cup qualification,Andorra la Vella,Andorra,0,2025,0,1,588,2024-12-19,171.0,171.0,0.0,971.54,971.54,2024-12-19,140.0,140.0,0.0,1084.11,1084.11,-31.0,-112.56999999999994,1115.0,1349.0,-234.0,-1,,,,,,,,,,,,,,,,,,
586,2025-03-21,Cyprus,San Marino,2.0,0.0,FIFA World Cup qualification,Larnaca,Cyprus,0,2025,0,1,589,2024-12-19,130.0,130.0,0.0,1131.32,1131.32,2024-12-19,210.0,210.0,0.0,747.42,747.42,80.0,383.9,1299.0,777.0,522.0,1,,,,,,,,,,,,,,,,,,
587,2025-03-21,Botswana,Algeria,1.0,3.0,FIFA World Cup qualification,Francistown,Botswana,0,2025,0,1,590,2024-12-19,136.0,136.0,0.0,1098.85,1098.85,2024-12-19,37.0,37.0,0.0,1495.85,1495.85,-99.0,-397.0,1326.0,1685.0,-359.0,-1,2.0,1.5,1.5,1.875,1.4444444444444442,1.171875,1.0,1.0,1.5714285714285714,1.67578125,1.501143118427069,1.5463714599609375,1.0,0.5,-0.0714285714285714,0.19921875,-0.05669867398262474,-0.3744964599609375
588,2025-03-21,Burkina Faso,Djibouti,4.0,1.0,FIFA World Cup qualification,El Jadida,Morocco,1,2025,0,1,591,2024-12-19,66.0,66.0,0.0,1373.76,1373.76,2024-12-19,191.0,191.0,0.0,877.37,877.37,125.0,496.39,1549.0,752.0,797.0,1,0.6666666666666666,1.2,1.2,0.875,0.9753086419753086,1.0234375,0.3333333333333333,0.25,0.25,0.5,0.33333333333333326,0.25,0.3333333333333333,0.95,0.95,0.375,0.6419753086419754,0.7734375
589,2025-03-21,Morocco,Niger,2.0,1.0,FIFA World Cup qualification,Oujda,Morocco,0,2025,0,1,592,2024-12-19,14.0,14.0,0.0,1688.18,1688.18,2024-12-19,122.0,122.0,0.0,1145.96,1145.96,108.0,542.22,1802.0,1239.0,563.0,1,2.0,2.0,2.2857142857142856,2.54376220703125,2.306768383124931,2.177961962297559,1.5,1.5,1.5,1.5,0.9999999999999998,0.75,0.5,0.5,0.7857142857142856,1.04376220703125,1.306768383124931,1.4279619622975588
590,2025-03-21,South Africa,Lesotho,0.0,3.0,FIFA World Cup qualification,Polokwane,South Africa,0,2025,0,1,593,2024-12-19,57.0,57.0,0.0,1428.87,1428.87,2024-12-19,149.0,150.0,1.0,1046.76,1046.76,92.0,382.1099999999999,1576.0,1203.0,373.0,-1,1.6666666666666667,1.4,1.5714285714285714,2.0380859375,1.8064827516130668,1.7542219161987305,1.3333333333333333,1.25,1.25,1.0,1.1111111111111112,1.125,0.3333333333333335,0.1499999999999999,0.3214285714285714,1.0380859375,0.6953716405019557,0.6292219161987305
591,2025-03-21,Rwanda,Nigeria,0.0,2.0,FIFA World Cup qualification,Kigali,Rwanda,0,2025,0,1,594,2024-12-19,124.0,124.0,0.0,1136.06,1136.06,2024-12-19,44.0,44.0,0.0,1482.23,1482.23,-80.0,-346.1700000000001,1271.0,1657.0,-386.0,-1,2.0,1.75,1.75,2.0,1.7407407407407405,1.59375,0.3333333333333333,1.0,1.0,0.4375,0.6502057613168725,0.767578125,1.6666666666666667,0.75,0.75,1.5625,1.0905349794238681,0.826171875
592,2025-03-21,DR Congo,South Sudan,1.0,0.0,FIFA World Cup qualification,Kinshasa,DR Congo,0,2025,0,1,595,2024-12-19,61.0,61.0,0.0,1395.77,1395.77,2024-12-19,170.0,170.0,0.0,973.55,973.55,109.0,422.22,1540.0,1136.0,404.0,1,1.6666666666666667,1.6,1.4285714285714286,1.999755859375,1.6986250590375978,1.551561176776886,0.6666666666666666,0.5,0.5,0.375,0.37037037037037035,0.328125,1.0,1.1,0.9285714285714286,1.624755859375,1.3282546886672275,1.223436176776886
593,2025-03-21,Ethiopia,Egypt,0.0,2.0,FIFA World Cup qualification,Casablanca,Morocco,1,2025,0,1,596,2024-12-19,146.0,146.0,0.0,1059.94,1059.94,2024-12-19,33.0,33.0,0.0,1513.48,1513.48,-113.0,-453.54,1276.0,1657.0,-381.0,-1,0.6666666666666666,0.75,0.75,0.875,0.8518518518518519,0.859375,1.6666666666666667,1.4,1.5714285714285714,1.525390625,1.5810089925316264,1.6558723449707031,-1.0,-0.6499999999999999,-0.8214285714285714,-0.650390625,-0.7291571406797746,-0.7964973449707031
594,2025-03-21,New Zealand,Fiji,7.0,0.0,FIFA World Cup qualification,Wellington,New Zealand,0,2025,0,1,597,2024-12-19,89.0,89.0,0.0,1269.83,1269.83,2024-12-19,148.0,147.0,-1.0,1048.48,1049.15,59.0,221.3499999999999,1583.0,1221.0,362.0,1,3.0,2.4,2.5714285714285716,2.8125,2.7037037037037033,2.68359375,1.6666666666666667,1.0,1.3333333333333333,1.21875,1.3950617283950617,1.5712890625,1.3333333333333333,1.4,1.2380952380952384,1.59375,1.3086419753086416,1.1123046875
595,2025-03-21,New Caledonia,Tahiti,3.0,0.0,FIFA World Cup qualification,Wellington,New Zealand,1,2025,0,1,598,2024-12-19,152.0,152.0,0.0,1034.43,1034.43,2024-12-19,153.0,153.0,0.0,1031.47,1031.47,1.0,2.9600000000000364,1180.0,1147.0,33.0,1,2.3333333333333335,1.4,1.1666666666666667,1.625,1.4444444444444444,1.234375,2.0,1.2,1.2,2.25,1.6666666666666665,1.3125,0.3333333333333335,0.19999999999999996,-0.033333333333333215,-0.625,-0.2222222222222221,-0.078125
596,2025-03-21,Uruguay,Argentina,0.0,1.0,FIFA World Cup qualification,Montevideo,Uruguay,0,2025,0,1,599,2024-12-19,11.0,11.0,0.0,1695.91,1695.91,2024-12-19,1.0,1.0,0.0,1867.25,1867.25,-10.0,-171.33999999999992,1948.0,2108.0,-160.0,-1,1.6666666666666667,1.2,1.1428571428571428,1.4374427795410156,1.3744979244942233,1.3673741556472123,2.0,1.4,1.8571428571428572,2.0271557569503784,1.9063836956046447,1.91585013075338,-0.33333333333333326,-0.19999999999999996,-0.7142857142857144,-0.5897129774093628,-0.5318857711104215,-0.5484759751061676
597,2025-03-21,Ecuador,Venezuela,2.0,1.0,FIFA World Cup qualification,Quito,Ecuador,0,2025,0,1,600,2024-12-19,24.0,24.0,0.0,1560.13,1560.13,2024-12-19,47.0,47.0,0.0,1475.71,1475.71,23.0,84.42000000000007,1910.0,1750.0,160.0,1,2.3333333333333335,2.2,1.7142857142857142,2.5509448051452637,2.23259645289054,2.0502861403253974,0.3333333333333333,0.6,0.5714285714285714,0.3716545104980469,0.5493907731864952,0.6989386113564251,2.0,1.6,1.1428571428571428,2.179290294647217,1.683205679704045,1.3513475289689723
598,2025-03-21,Burundi,Ivory Coast,0.0,1.0,FIFA World Cup qualification,Meknes,Morocco,1,2025,0,1,601,2024-12-19,139.0,139.0,0.0,1087.26,1087.26,2024-12-19,46.0,46.0,0.0,1478.47,1478.47,-93.0,-391.21,1311.0,1579.0,-268.0,-1,1.3333333333333333,1.75,1.75,2.125,2.111111111111111,2.203125,2.3333333333333335,2.6,2.0,1.93359375,2.0992226794695927,2.1477508544921875,-1.0000000000000002,-0.8500000000000001,-0.25,0.19140625,0.011888431641518427,0.0553741455078125
599,2025-03-22,Czech Republic,Faroe Islands,2.0,1.0,FIFA World Cup qualification,Hradec Králové,Czech Republic,0,2025,0,1,602,2022-03-31,33.0,31.0,-2.0,1500.62,1510.42,2024-12-19,137.0,137.0,0.0,1096.88,1096.88,104.0,403.7399999999998,1753.0,1248.0,505.0,1,0.3333333333333333,0.25,0.25,0.25,0.2222222222222222,0.1875,,,,,,,,,,,,
600,2025-03-22,Montenegro,Gibraltar,3.0,1.0,FIFA World Cup qualification,Nikšić,Montenegro,0,2025,0,1,603,2024-12-19,73.0,73.0,0.0,1326.76,1326.76,2024-12-19,196.0,197.0,1.0,848.58,848.58,123.0,478.18,1516.0,1051.0,465.0,1,,,,,,,,,,,,,,,,,,
601,2025-03-22,Wales,Kazakhstan,3.0,1.0,FIFA World Cup qualification,Cardiff,Wales,0,2025,0,1,604,2024-12-19,29.0,29.0,0.0,1534.39,1534.39,2024-12-19,110.0,110.0,0.0,1180.18,1180.18,81.0,354.21000000000004,1701.0,1425.0,276.0,1,0.3333333333333333,1.4,1.4,0.5,1.0370370370370372,1.40625,,,,,,,,,,,,
602,2025-03-22,Liechtenstein,North Macedonia,0.0,3.0,FIFA World Cup qualification,Vaduz,Liechtenstein,0,2025,0,1,605,2024-12-19,204.0,204.0,0.0,821.71,821.71,2024-12-19,67.0,67.0,0.0,1368.96,1368.96,-137.0,-547.25,977.0,1551.0,-574.0,-1,,,,,,,1.5,1.5,1.5,1.5,2.0,2.25,,,,,,
603,2025-03-22,Israel,Estonia,2.0,1.0,FIFA World Cup qualification,Debrecen,Hungary,1,2025,0,1,606,2024-12-19,76.0,76.0,0.0,1322.25,1322.25,2024-12-19,123.0,123.0,0.0,1142.53,1142.53,47.0,179.72000000000003,1556.0,1357.0,199.0,1,,,,,,,,,,,,,,,,,,
604,2025-03-22,Sudan,Senegal,0.0,0.0,FIFA World Cup qualification,Benghazi,Libya,1,2025,0,1,607,2024-12-19,113.0,113.0,0.0,1165.41,1165.41,2024-12-19,17.0,17.0,0.0,1637.25,1637.25,-96.0,-471.8399999999999,1383.0,1771.0,-388.0,0,3.0,2.5,2.5,2.75,2.407407407407407,2.15625,1.6666666666666667,2.2,2.142857142857143,2.2274169921875,2.1347374402802943,2.0767279118299484,1.3333333333333333,0.2999999999999998,0.3571428571428572,0.5225830078125,0.27266996712711267,0.07952208817005157
605,2025-03-22,Togo,Mauritania,2.0,2.0,FIFA World Cup qualification,Lomé,Togo,0,2025,0,1,608,2024-12-19,119.0,119.0,0.0,1152.18,1152.18,2024-12-19,109.0,109.0,0.0,1183.16,1183.16,-10.0,-30.98000000000001,1368.0,1372.0,-4.0,0,0.6666666666666666,0.75,0.75,0.5,0.6666666666666667,0.75,0.0,0.8,0.6666666666666666,0.21875,0.36213991769547327,0.3955078125,0.6666666666666666,-0.050000000000000044,0.08333333333333337,0.28125,0.3045267489711935,0.3544921875
606,2025-03-23,Eswatini,Mauritius,3.0,3.0,FIFA World Cup qualification,Mbombela,South Africa,1,2025,0,1,610,2024-12-19,159.0,159.0,0.0,1015.25,1015.25,2024-12-19,179.0,179.0,0.0,923.46,923.46,20.0,91.78999999999996,1233.0,1029.0,204.0,0,0.3333333333333333,0.2,0.2,0.5,0.33333333333333326,0.25,1.0,0.8,0.8,0.8125,0.7654320987654321,0.66796875,-0.6666666666666667,-0.6000000000000001,-0.6000000000000001,-0.3125,-0.4320987654320988,-0.41796875
607,2025-03-23,Kenya,Gabon,1.0,2.0,FIFA World Cup qualification,Nairobi,Kenya,0,2025,0,1,611,2024-12-19,108.0,108.0,0.0,1189.65,1189.65,2024-12-19,84.0,84.0,0.0,1297.87,1297.87,-24.0,-108.2199999999998,1371.0,1494.0,-123.0,-1,1.0,1.2,1.2,1.0625,0.9999999999999999,0.89453125,2.0,2.4,2.4,2.625,2.5555555555555554,2.578125,-1.0,-1.2,-1.2,-1.5625,-1.5555555555555554,-1.68359375
608,2025-03-24,Albania,Andorra,3.0,0.0,FIFA World Cup qualification,Tirana,Albania,0,2025,0,1,612,2024-12-19,65.0,65.0,0.0,1375.57,1375.57,2024-12-19,171.0,171.0,0.0,971.54,971.54,106.0,404.03,1616.0,1115.0,501.0,1,0.3333333333333333,0.3333333333333333,0.3333333333333333,0.25,0.44444444444444453,0.5625,0.0,0.0,0.0,0.0,0.0,0.0,0.3333333333333333,0.3333333333333333,0.3333333333333333,0.25,0.44444444444444453,0.5625
609,2025-03-24,England,Latvia,3.0,0.0,FIFA World Cup qualification,London,England,0,2025,0,1,613,2024-12-19,4.0,4.0,0.0,1813.81,1813.81,2024-12-19,140.0,140.0,0.0,1084.11,1084.11,136.0,729.7,2006.0,1349.0,657.0,1,2.0,2.0,1.7142857142857142,2.07177734375,1.9427575215310826,1.9227186441421509,3.0,3.0,3.0,3.0,3.0,3.0,-1.0,-1.0,-1.2857142857142858,-0.92822265625,-1.0572424784689174,-1.0772813558578491
610,2025-03-24,San Marino,Romania,1.0,5.0,FIFA World Cup qualification,Serravalle,San Marino,0,2025,0,1,614,2024-12-19,210.0,210.0,0.0,747.42,747.42,2024-12-19,38.0,38.0,0.0,1494.2,1494.2,-172.0,-746.7800000000001,777.0,1723.0,-946.0,-1,0.0,0.0,0.0,0.0,0.0,0.0,0.0,0.0,0.0,0.0,0.0,0.0,0.0,0.0,0.0,0.0,0.0,0.0
611,2025-03-24,Bosnia and Herzegovina,Cyprus,2.0,1.0,FIFA World Cup qualification,Zenica,Bosnia and Herzegovina,0,2025,0,1,615,2024-12-19,74.0,74.0,0.0,1326.69,1326.69,2024-12-19,130.0,130.0,0.0,1131.32,1131.32,56.0,195.3700000000001,1485.0,1299.0,186.0,1,3.0,3.0,3.0,3.0,3.0,3.0,3.0,3.0,3.0,3.0,3.0,3.0,0.0,0.0,0.0,0.0,0.0,0.0
612,2025-03-24,Poland,Malta,2.0,0.0,FIFA World Cup qualification,Warsaw,Poland,0,2025,0,1,616,2024-12-19,35.0,35.0,0.0,1510.62,1510.62,2024-12-19,168.0,169.0,1.0,983.95,983.95,133.0,526.6699999999998,1728.0,1258.0,470.0,1,1.3333333333333333,0.8,1.0,1.7890625,1.4465782655083066,1.404693603515625,0.0,0.0,0.0,0.0,0.0,0.0,1.3333333333333333,0.8,1.0,1.7890625,1.4465782655083066,1.404693603515625
613,2025-03-24,Lithuania,Finland,2.0,2.0,FIFA World Cup qualification,Kaunas,Lithuania,0,2025,0,1,617,2024-12-19,142.0,142.0,0.0,1069.96,1069.96,2024-12-19,69.0,69.0,0.0,1361.53,1361.53,-73.0,-291.56999999999994,1308.0,1621.0,-313.0,0,0.0,0.0,0.0,0.0,0.0,0.0,3.0,3.0,3.0,3.0,3.0,3.0,-3.0,-3.0,-3.0,-3.0,-3.0,-3.0
614,2025-03-24,Madagascar,Ghana,0.0,3.0,FIFA World Cup qualification,Al Hoceima,Morocco,1,2025,0,1,618,2024-12-19,116.0,115.0,-1.0,1162.02,1162.02,2024-12-19,77.0,77.0,0.0,1320.52,1320.52,-39.0,-158.5,1323.0,1429.0,-106.0,-1,2.3333333333333335,2.0,2.0,2.3125,1.9629629629629628,1.67578125,3.0,2.2,1.5714285714285714,2.73388671875,2.3718211428926255,2.1176068782806396,-0.6666666666666665,-0.20000000000000018,0.4285714285714286,-0.42138671875,-0.40885817992966267,-0.44182562828063965
615,2025-03-24,Liberia,São Tomé and Príncipe,2.0,1.0,FIFA World Cup qualification,Monrovia,Liberia,0,2025,0,1,619,2024-12-19,145.0,145.0,0.0,1063.04,1063.04,2024-12-19,189.0,189.0,0.0,878.09,878.09,44.0,184.95,1256.0,1062.0,194.0,1,1.3333333333333333,1.4,1.4,1.0625,1.1111111111111112,1.01953125,0.0,0.0,0.0,0.0,0.0,0.0,1.3333333333333333,1.4,1.4,1.0625,1.1111111111111112,1.01953125
616,2025-03-24,Tunisia,Malawi,2.0,0.0,FIFA World Cup qualification,Radès,Tunisia,0,2025,0,1,620,2024-12-19,52.0,52.0,0.0,1464.42,1464.42,2024-12-19,131.0,131.0,0.0,1129.31,1129.31,79.0,335.1100000000001,1598.0,1354.0,244.0,1,2.3333333333333335,1.8,1.7142857142857142,2.26123046875,2.0493695443144206,1.9722930192947388,1.0,1.2,1.2,0.5625,1.0370370370370372,1.37109375,1.3333333333333335,0.6000000000000001,0.5142857142857142,1.69873046875,1.0123325072773834,0.6011992692947388
617,2025-03-24,Namibia,Equatorial Guinea,1.0,1.0,FIFA World Cup qualification,Johannesburg,South Africa,1,2025,0,1,621,2024-12-19,111.0,111.0,0.0,1179.26,1179.26,2024-12-19,93.0,93.0,0.0,1256.2,1256.2,-18.0,-76.94000000000005,1414.0,1522.0,-108.0,0,1.6666666666666667,1.6,2.0,2.0625,1.962962962962963,2.02734375,2.0,1.8,1.5,2.4375,1.9629629629629628,1.62890625,-0.33333333333333326,-0.19999999999999996,0.5,-0.375,2.220446049250313e-16,0.3984375
618,2025-03-24,Ivory Coast,Gambia,1.0,0.0,FIFA World Cup qualification,Abidjan,Ivory Coast,0,2025,0,1,622,2024-12-19,46.0,46.0,0.0,1478.47,1478.47,2022-03-31,123.0,125.0,2.0,1138.19,1135.18,77.0,340.28,1579.0,1443.0,136.0,1,2.3333333333333335,2.6,2.4285714285714284,2.466796875,2.3994817863130615,2.3608131408691406,1.3333333333333333,0.8,0.6666666666666666,0.875,0.7777777777777777,0.671875,1.0000000000000002,1.8,1.7619047619047619,1.591796875,1.6217040085352838,1.6889381408691406
619,2025-03-24,Ethiopia,Djibouti,6.0,1.0,FIFA World Cup qualification,El Jadida,Morocco,1,2025,0,1,623,2024-12-19,146.0,146.0,0.0,1059.94,1059.94,2024-12-19,191.0,191.0,0.0,877.37,877.37,45.0,182.57000000000005,1276.0,752.0,524.0,1,0.6666666666666666,0.6,0.6,0.4375,0.5679012345679013,0.64453125,0.3333333333333333,0.2,0.2,0.25,0.2222222222222222,0.1875,0.3333333333333333,0.39999999999999997,0.39999999999999997,0.1875,0.3456790123456791,0.45703125
620,2025-03-24,Guinea-Bissau,Burkina Faso,1.0,2.0,FIFA World Cup qualification,Bissau,Guinea-Bissau,0,2025,0,1,624,2024-12-19,120.0,120.0,0.0,1151.72,1151.72,2024-12-19,66.0,66.0,0.0,1373.76,1373.76,-54.0,-222.04,1411.0,1549.0,-138.0,-1,0.6666666666666666,1.0,1.0,0.5,0.6995884773662551,0.802734375,1.3333333333333333,1.6,1.5,1.9375,1.6502057613168724,1.517578125,-0.6666666666666666,-0.6000000000000001,-0.5,-1.4375,-0.9506172839506173,-0.71484375
621,2025-03-24,New Zealand,New Caledonia,3.0,0.0,FIFA World Cup qualification,Auckland,New Zealand,0,2025,0,1,625,2024-12-19,89.0,89.0,0.0,1269.83,1269.83,2024-12-19,152.0,152.0,0.0,1034.43,1034.43,63.0,235.39999999999984,1583.0,1180.0,403.0,1,3.0,2.4,2.5714285714285716,2.90625,2.802469135802469,2.7626953125,2.3333333333333335,2.0,1.4285714285714286,2.3125,1.9629629629629628,1.67578125,0.6666666666666665,0.3999999999999999,1.142857142857143,0.59375,0.8395061728395063,1.0869140625
622,2025-03-24,Central African Republic,Mali,0.0,0.0,FIFA World Cup qualification,Casablanca,Morocco,1,2025,0,1,626,2024-12-19,135.0,135.0,0.0,1102.23,1102.23,2024-12-19,51.0,51.0,0.0,1466.1,1466.1,-84.0,-363.8699999999999,1250.0,1631.0,-381.0,0,1.0,0.8,0.8,0.4375,0.5432098765432098,0.52734375,1.3333333333333333,1.0,1.2857142857142858,1.849609375,1.52055072905553,1.3642158508300781,-0.33333333333333326,-0.19999999999999996,-0.48571428571428577,-1.412109375,-0.9773408525123202,-0.8368721008300781
623,2025-03-25,Nigeria,Zimbabwe,1.0,1.0,FIFA World Cup qualification,Uyo,Nigeria,0,2025,0,1,627,2024-12-19,44.0,44.0,0.0,1482.23,1482.23,2024-12-19,121.0,121.0,0.0,1151.06,1151.06,77.0,331.1700000000001,1657.0,1333.0,324.0,0,1.3333333333333333,1.0,1.2857142857142858,1.71875,1.4334705075445815,1.32568359375,0.3333333333333333,0.6,0.6,0.625,0.6296296296296297,0.671875,1.0,0.4,0.6857142857142858,1.09375,0.8038408779149518,0.65380859375
624,2025-03-25,Rwanda,Lesotho,1.0,1.0,FIFA World Cup qualification,Kigali,Rwanda,0,2025,0,1,628,2024-12-19,124.0,124.0,0.0,1136.06,1136.06,2024-12-19,149.0,150.0,1.0,1046.76,1046.76,25.0,89.29999999999995,1271.0,1203.0,68.0,0,1.0,1.4,1.4,1.0,1.1604938271604939,1.1953125,2.0,1.6,1.6,2.0,1.7407407407407405,1.59375,-1.0,-0.20000000000000018,-0.20000000000000018,-1.0,-0.5802469135802466,-0.3984375
625,2025-03-25,Angola,Cape Verde,1.0,2.0,FIFA World Cup qualification,Luanda,Angola,0,2025,0,1,629,2024-12-19,85.0,85.0,0.0,1296.48,1296.48,2024-12-19,72.0,72.0,0.0,1328.51,1328.51,-13.0,-32.02999999999997,1581.0,1472.0,109.0,-1,1.6666666666666667,1.4,1.3333333333333333,1.25,1.2962962962962963,1.28125,2.0,2.0,2.0,2.46484375,2.2182086064116238,2.0983657836914062,-0.33333333333333326,-0.6000000000000001,-0.6666666666666667,-1.21484375,-0.9219123101153275,-0.8171157836914062
626,2025-03-25,Cameroon,Libya,3.0,1.0,FIFA World Cup qualification,Yaounde,Cameroon,0,2025,0,1,630,2024-12-19,49.0,49.0,0.0,1471.49,1471.49,2024-12-19,118.0,118.0,0.0,1158.03,1158.03,69.0,313.46000000000004,1578.0,1347.0,231.0,1,1.6666666666666667,1.2,1.7142857142857142,1.2333984375,1.330843875425494,1.3396234512329102,1.3333333333333333,1.6,1.6,1.125,1.4691358024691359,1.7265625,0.3333333333333335,-0.40000000000000013,0.1142857142857141,0.1083984375,-0.1382919270436418,-0.38693904876708984
627,2025-03-25,Morocco,Tanzania,2.0,0.0,FIFA World Cup qualification,Oujda,Morocco,0,2025,0,1,631,2024-12-19,14.0,14.0,0.0,1688.18,1688.18,2024-12-19,106.0,106.0,0.0,1199.33,1199.33,92.0,488.85000000000014,1802.0,1313.0,489.0,1,3.0,2.4,2.2857142857142856,2.771881103515625,2.5378455887499536,2.383471471723169,1.3333333333333333,1.4,1.4,1.9375,1.8148148148148149,1.88671875,1.6666666666666667,1.0,0.8857142857142857,0.834381103515625,0.7230307739351387,0.4967527217231691
628,2025-03-25,Burundi,Seychelles,5.0,0.0,FIFA World Cup qualification,Meknes,Morocco,1,2025,0,1,632,2024-12-19,139.0,139.0,0.0,1087.26,1087.26,2024-12-19,201.0,201.0,0.0,831.19,831.19,62.0,256.06999999999994,1311.0,859.0,452.0,1,1.3333333333333333,1.4,1.4,1.0625,1.4074074074074077,1.65234375,0.0,0.0,0.0,0.0,0.0,0.0,1.3333333333333333,1.4,1.4,1.0625,1.4074074074074077,1.65234375
629,2025-03-25,Uganda,Guinea,1.0,0.0,FIFA World Cup qualification,Kira,Uganda,0,2025,0,1,633,2024-12-19,88.0,88.0,0.0,1270.42,1270.42,2024-12-19,78.0,78.0,0.0,1311.88,1311.88,-10.0,-41.46000000000004,1389.0,1466.0,-77.0,1,1.0,1.2,1.2,0.5625,0.7407407407407408,0.73828125,1.3333333333333333,0.8,1.0,0.921875,1.0411522633744856,1.205810546875,-0.33333333333333326,0.3999999999999999,0.19999999999999996,-0.359375,-0.3004115226337448,-0.467529296875
630,2025-03-25,Israel,Norway,2.0,4.0,FIFA World Cup qualification,Debrecen,Hungary,1,2025,0,1,634,2024-12-19,76.0,76.0,0.0,1322.25,1322.25,2024-12-19,43.0,43.0,0.0,1484.44,1484.44,-33.0,-162.19000000000003,1556.0,1806.0,-250.0,-1,3.0,3.0,3.0,3.0,3.0,3.0,,,,,,,,,,,,
631,2025-03-25,Algeria,Mozambique,5.0,1.0,FIFA World Cup qualification,Tizi Ouzou,Algeria,0,2025,0,1,635,2024-12-19,37.0,37.0,0.0,1495.85,1495.85,2024-12-19,96.0,96.0,0.0,1232.7,1232.7,59.0,263.14999999999986,1685.0,1311.0,374.0,1,2.0,1.4,1.5714285714285714,2.337890625,2.000762078951379,1.9097785949707031,3.0,2.0,1.5714285714285714,2.7265625,2.429355281207133,2.29962158203125,-1.0,-0.6000000000000001,0.0,-0.388671875,-0.4285932022557537,-0.3898429870605469
632,2025-03-25,Liechtenstein,Kazakhstan,0.0,2.0,FIFA World Cup qualification,Vaduz,Liechtenstein,0,2025,0,1,637,2024-12-19,204.0,204.0,0.0,821.71,821.71,2024-12-19,110.0,110.0,0.0,1180.18,1180.18,-94.0,-358.47,977.0,1425.0,-448.0,-1,0.0,0.0,0.0,0.0,0.0,0.0,0.0,0.0,0.0,0.0,0.0,0.0,0.0,0.0,0.0,0.0,0.0,0.0
633,2025-03-25,North Macedonia,Wales,1.0,1.0,FIFA World Cup qualification,Skopje,North Macedonia,0,2025,0,1,638,2024-12-19,67.0,67.0,0.0,1368.96,1368.96,2024-12-19,29.0,29.0,0.0,1534.39,1534.39,-38.0,-165.43000000000006,1551.0,1701.0,-150.0,0,2.0,2.0,2.0,2.25,2.333333333333333,2.4375,1.0,1.4,1.6666666666666667,1.75,1.691358024691358,1.8046875,1.0,0.6000000000000001,0.33333333333333326,0.5,0.641975308641975,0.6328125
634,2025-03-25,Gibraltar,Czech Republic,0.0,4.0,FIFA World Cup qualification,Faro-Loulé,Portugal,1,2025,0,1,639,2024-12-19,196.0,197.0,1.0,848.58,848.58,2022-03-31,33.0,31.0,-2.0,1500.62,1510.42,-163.0,-652.0399999999998,1051.0,1753.0,-702.0,-1,0.0,0.0,0.0,0.0,0.0,0.0,1.3333333333333333,0.8,0.8,1.625,1.148148148148148,0.890625,-1.3333333333333333,-0.8,-0.8,-1.625,-1.148148148148148,-0.890625
635,2025-03-25,Montenegro,Faroe Islands,1.0,0.0,FIFA World Cup qualification,Nikšić,Montenegro,0,2025,0,1,640,2024-12-19,73.0,73.0,0.0,1326.76,1326.76,2024-12-19,137.0,137.0,0.0,1096.88,1096.88,64.0,229.87999999999988,1516.0,1248.0,268.0,1,3.0,3.0,3.0,3.0,3.0,3.0,0.0,0.0,0.0,0.0,0.0,0.0,3.0,3.0,3.0,3.0,3.0,3.0
636,2025-03-25,Benin,South Africa,0.0,2.0,FIFA World Cup qualification,Abidjan,Ivory Coast,1,2025,0,1,641,2024-12-19,94.0,94.0,0.0,1250.99,1250.99,2024-12-19,57.0,57.0,0.0,1428.87,1428.87,-37.0,-177.87999999999988,1476.0,1576.0,-100.0,-1,2.3333333333333335,1.6,1.6,1.6875,1.5432098765432096,1.33984375,1.3333333333333333,1.2,1.4285714285714286,1.01904296875,1.2043218344087114,1.3156664371490479,1.0000000000000002,0.40000000000000013,0.17142857142857149,0.66845703125,0.3388880421344982,0.02417731285095215
637,2025-03-25,Botswana,Somalia,2.0,0.0,FIFA World Cup qualification,Francistown,Botswana,0,2025,0,1,642,2024-12-19,136.0,136.0,0.0,1098.85,1098.85,2024-12-19,202.0,202.0,0.0,829.81,829.81,66.0,269.04,1326.0,857.0,469.0,1,1.0,1.2,1.2,0.9375,0.9629629629629629,0.87890625,0.3333333333333333,0.2,0.2,0.5,0.33333333333333326,0.25,0.6666666666666667,1.0,1.0,0.4375,0.6296296296296297,0.62890625
638,2025-03-25,Sudan,South Sudan,1.0,1.0,FIFA World Cup qualification,Benghazi,Libya,1,2025,0,1,643,2024-12-19,113.0,113.0,0.0,1165.41,1165.41,2024-12-19,170.0,170.0,0.0,973.55,973.55,57.0,191.86000000000013,1383.0,1136.0,247.0,0,2.3333333333333335,2.2,2.2,1.875,1.9382716049382713,1.8671875,0.3333333333333333,0.4,0.4,0.1875,0.2469135802469136,0.24609375,2.0,1.8000000000000003,1.8000000000000003,1.6875,1.6913580246913578,1.62109375
639,2025-03-25,Comoros,Chad,1.0,0.0,FIFA World Cup qualification,Berkane,Morocco,1,2025,0,1,644,2024-12-19,103.0,103.0,0.0,1208.99,1208.99,2024-12-19,176.0,176.0,0.0,935.41,935.41,73.0,273.58000000000004,1340.0,1178.0,162.0,1,1.0,1.8,1.8,1.125,1.5555555555555556,1.828125,0.0,0.0,0.0,0.0,0.0,0.0,1.0,1.8,1.8,1.125,1.5555555555555556,1.828125
640,2025-03-25,Mauritania,DR Congo,0.0,2.0,FIFA World Cup qualification,Nouadhibou,Mauritania,0,2025,0,1,645,2024-12-19,109.0,109.0,0.0,1183.16,1183.16,2024-12-19,61.0,61.0,0.0,1395.77,1395.77,-48.0,-212.6099999999999,1372.0,1540.0,-168.0,-1,0.3333333333333333,0.8,0.7142857142857143,0.609375,0.5747599451303155,0.546630859375,2.3333333333333335,1.6,1.7142857142857142,2.4998779296875,2.132416706025065,1.9136708825826645,-2.0,-0.8,-0.9999999999999999,-1.8905029296875,-1.5576567608947496,-1.3670400232076645
641,2025-03-25,Bolivia,Uruguay,0.0,0.0,FIFA World Cup qualification,El Alto,Bolivia,0,2025,0,1,646,2024-12-19,79.0,79.0,0.0,1308.58,1308.58,2024-12-19,11.0,11.0,0.0,1695.91,1695.91,-68.0,-387.33000000000015,1590.0,1948.0,-358.0,0,0.3333333333333333,0.8,1.4285714285714286,0.414794921875,0.6507928443608981,0.7679434418678284,1.3333333333333333,1.0,1.0,0.7187213897705078,0.9163319496628156,1.0255306167354092,-1.0,-0.19999999999999996,0.4285714285714286,-0.3039264678955078,-0.2655391053019175,-0.25758717486758087
642,2025-03-25,Colombia,Paraguay,2.0,2.0,FIFA World Cup qualification,Barranquilla,Colombia,0,2025,0,1,647,2024-12-19,12.0,12.0,0.0,1694.44,1694.44,2024-12-19,53.0,53.0,0.0,1458.26,1458.26,41.0,236.1800000000001,1977.0,1775.0,202.0,0,0.0,0.6,1.0,0.25287485122680664,0.5589261829441117,0.7884746536381044,2.3333333333333335,2.2,2.142857142857143,2.3990745544433594,2.2030948574844214,2.020650580423535,-2.3333333333333335,-1.6,-1.1428571428571428,-2.1461997032165527,-1.6441686745403097,-1.2321759267854304
643,2025-03-25,Venezuela,Peru,1.0,0.0,FIFA World Cup qualification,Maturín,Venezuela,0,2025,0,1,648,2024-12-19,47.0,47.0,0.0,1475.71,1475.71,2024-12-19,40.0,40.0,0.0,1488.42,1488.42,-7.0,-12.710000000000036,1750.0,1798.0,-48.0,1,0.3333333333333333,0.4,0.42857142857142855,0.18582725524902344,0.3662605154576635,0.5242039585173188,1.3333333333333333,1.4,1.1428571428571428,1.7276153564453125,1.3886179218914085,1.2206020623343647,-1.0,-0.9999999999999999,-0.7142857142857142,-1.541788101196289,-1.022357406433745,-0.6963981038170459
644,2025-03-25,Argentina,Brazil,4.0,1.0,FIFA World Cup qualification,Buenos Aires,Argentina,0,2025,0,1,649,2024-12-19,1.0,1.0,0.0,1867.25,1867.25,2024-12-19,5.0,5.0,0.0,1775.85,1775.85,4.0,91.40000000000008,2108.0,1996.0,112.0,1,2.0,2.0,1.8571428571428572,2.513577878475189,2.27092246373643,2.186887598065035,1.6666666666666667,2.2,2.0,2.1890763640403748,2.0230830666823874,1.9302210158145332,0.33333333333333326,-0.20000000000000018,-0.1428571428571428,0.32450151443481445,0.24783939705404245,0.25666658225050165
645,2025-03-25,Chile,Ecuador,0.0,0.0,FIFA World Cup qualification,Santiago,Chile,0,2025,0,1,650,2024-12-19,50.0,50.0,0.0,1469.44,1469.44,2024-12-19,24.0,24.0,0.0,1560.13,1560.13,-26.0,-90.69000000000004,1739.0,1910.0,-171.0,0,1.3333333333333333,0.8,0.5714285714285714,0.8798332214355469,0.8505395954936188,0.7859086404932896,3.0,2.2,2.0,2.775472402572632,2.48839763526036,2.287714605244048,-1.6666666666666667,-1.4000000000000001,-1.4285714285714286,-1.895639181137085,-1.637858039766741,-1.5018059647507584
646,2025-03-25,Iran,Uzbekistan,2.0,2.0,FIFA World Cup qualification,Tehran,Iran,0,2025,0,1,651,2024-12-19,18.0,18.0,0.0,1635.31,1635.31,2024-12-19,58.0,58.0,0.0,1424.93,1424.93,40.0,210.37999999999988,1838.0,1684.0,154.0,0,3.0,2.6,2.7142857142857144,2.928821623325348,2.812890484520711,2.7217830642662726,2.0,2.0,2.2857142857142856,2.5540313720703125,2.3711796383592914,2.308490703231655,1.0,0.6000000000000001,0.4285714285714288,0.3747902512550354,0.44171084616141965,0.41329236103461753
647,2025-03-25,Senegal,Togo,2.0,0.0,FIFA World Cup qualification,Diamniadio,Senegal,0,2025,0,1,652,2024-12-19,17.0,17.0,0.0,1637.25,1637.25,2024-12-19,119.0,119.0,0.0,1152.18,1152.18,102.0,485.07,1771.0,1368.0,403.0,1,1.6666666666666667,1.8,2.142857142857143,1.61370849609375,1.7564916268535296,1.8075459338724613,0.6666666666666666,0.8,0.8,0.75,0.7777777777777778,0.8125,1.0,1.0,1.3428571428571427,0.86370849609375,0.9787138490757518,0.9950459338724613
648,2025-03-25,Kyrgyzstan,Qatar,3.0,1.0,FIFA World Cup qualification,Bishkek,Kyrgyzstan,0,2025,0,1,653,2024-12-19,107.0,107.0,0.0,1194.19,1194.19,2024-12-19,48.0,48.0,0.0,1474.6,1474.6,-59.0,-280.40999999999985,1266.0,1524.0,-258.0,1,0.0,0.6,0.42857142857142855,0.1981201171875,0.37987283630732305,0.49711136519908905,2.0,1.8,1.4285714285714286,2.003781318664551,1.831114078395236,1.7975087941858874,-2.0,-1.2000000000000002,-1.0,-1.8056612014770508,-1.4512412420879128,-1.3003974289867983
649,2025-03-25,South Korea,Jordan,1.0,1.0,FIFA World Cup qualification,Suwon,South Korea,0,2025,0,1,654,2024-12-19,23.0,23.0,0.0,1585.45,1585.45,2024-12-19,64.0,64.0,0.0,1375.91,1375.91,41.0,209.54,1774.0,1617.0,157.0,0,1.6666666666666667,2.2,2.142857142857143,1.482448399066925,1.7991778127043891,1.941857982997842,1.6666666666666667,1.6,1.7142857142857142,2.139822006225586,1.9867622687004214,1.9580609612712578,0.0,0.6000000000000001,0.4285714285714286,-0.6573736071586609,-0.18758445599603224,-0.01620297827341588
650,2025-03-25,Kuwait,Oman,0.0,1.0,FIFA World Cup qualification,Kuwait City,Kuwait,0,2025,0,1,655,2024-12-19,134.0,134.0,0.0,1108.72,1109.16,2024-12-19,80.0,80.0,0.0,1306.67,1306.67,-54.0,-197.95000000000005,1345.0,1526.0,-181.0,-1,0.6666666666666666,0.6,0.7142857142857143,0.850341796875,0.8105753978334378,0.8036070466041565,1.3333333333333333,1.4,1.0,0.9832382202148438,1.0885449865817498,1.1598936499212869,-0.6666666666666666,-0.7999999999999999,-0.2857142857142857,-0.13289642333984375,-0.277969588748312,-0.35628660331713036
651,2025-03-25,Palestine,Iraq,2.0,1.0,FIFA World Cup qualification,Amman,Jordan,1,2025,0,1,656,2024-12-19,101.0,101.0,0.0,1215.87,1215.87,2024-12-19,56.0,56.0,0.0,1442.86,1442.86,-45.0,-226.99,1417.0,1584.0,-167.0,1,0.3333333333333333,0.4,0.42857142857142855,0.32672119140625,0.4100369456711929,0.47885820642113686,1.6666666666666667,1.6,1.7142857142857142,1.5305051803588867,1.639508671474064,1.73662880370739,-1.3333333333333335,-1.2000000000000002,-1.2857142857142856,-1.2037839889526367,-1.2294717258028711,-1.2577705972862532
652,2025-03-25,China PR,Australia,0.0,2.0,FIFA World Cup qualification,Hangzhou,China PR,0,2025,0,1,657,2024-12-19,90.0,90.0,0.0,1266.38,1266.38,2024-12-19,26.0,26.0,0.0,1544.15,1544.15,-64.0,-277.77,1400.0,1719.0,-319.0,-1,1.0,1.2,0.8571428571428571,0.5680694580078125,0.7914391435296547,0.85486018541269,1.6666666666666667,1.8,1.4285714285714286,2.069451183080673,1.8700760610174418,1.8286181379908206,-0.6666666666666667,-0.6000000000000001,-0.5714285714285715,-1.5013817250728607,-1.078636917487787,-0.9737579525781306
653,2025-03-25,Japan,Saudi Arabia,0.0,0.0,FIFA World Cup qualification,Saitama,Japan,0,2025,0,1,658,2024-12-19,15.0,15.0,0.0,1652.79,1652.79,2024-12-19,59.0,59.0,0.0,1406.56,1406.56,44.0,246.23,1889.0,1536.0,353.0,0,3.0,2.6,2.7142857142857144,2.8733410835266113,2.7787279851439894,2.7208905261292102,1.3333333333333333,1.0,1.2857142857142858,1.7512027025222778,1.4927739610030577,1.4320145002679538,1.6666666666666667,1.6,1.4285714285714286,1.1221383810043335,1.2859540241409317,1.2888760258612564
654,2025-03-25,Indonesia,Bahrain,1.0,0.0,FIFA World Cup qualification,Jakarta,Indonesia,0,2025,0,1,659,2024-12-19,127.0,125.0,-2.0,1133.41,1135.11,2024-12-19,81.0,81.0,0.0,1305.52,1305.52,-46.0,-172.1099999999999,1397.0,1461.0,-64.0,1,1.0,0.8,0.8571428571428571,0.8208770751953125,0.9132605013050821,0.9786062033381313,0.3333333333333333,0.6,0.8571428571428571,0.377899169921875,0.5650502857116574,0.7263496974483132,0.6666666666666667,0.20000000000000007,0.0,0.4429779052734375,0.3482102155934247,0.2522565058898181
655,2025-03-25,Egypt,Sierra Leone,1.0,0.0,FIFA World Cup qualification,Cairo,Egypt,0,2025,0,1,660,2024-12-19,33.0,33.0,0.0,1513.48,1513.48,2024-12-19,129.0,129.0,0.0,1132.06,1132.06,96.0,381.4200000000001,1657.0,1333.0,324.0,1,2.3333333333333335,1.8,1.5714285714285714,2.2626953125,2.0540059950210843,1.9919042587280273,2.3333333333333335,1.6,1.6,2.1875,1.8641975308641974,1.67578125,0.0,0.19999999999999996,-0.028571428571428692,0.0751953125,0.1898084641568869,0.31612300872802734
656,2025-03-25,North Korea,United Arab Emirates,1.0,2.0,FIFA World Cup qualification,Riyadh,Saudi Arabia,1,2025,0,1,661,2024-12-19,115.0,114.0,-1.0,1164.41,1164.41,2024-12-19,63.0,63.0,0.0,1385.57,1385.57,-52.0,-221.15999999999983,1370.0,1504.0,-134.0,-1,0.0,0.2,0.2857142857142857,0.06591796875,0.22462700469101943,0.35586047172546387,2.0,1.4,1.4285714285714286,1.1944541931152344,1.3837868703944565,1.4724756960495142,-2.0,-1.2,-1.1428571428571428,-1.1285362243652344,-1.159159865703437,-1.1166152243240504
657,2025-06-04,Saint Vincent and the Grenadines,Anguilla,6.0,0.0,FIFA World Cup qualification,Kingstown,Saint Vincent and the Grenadines,0,2025,0,1,662,2025-04-03,172.0,173.0,1.0,966.08,962.0,2025-04-03,209.0,209.0,0.0,769.31,769.0,37.0,196.7700000000001,1037.0,622.0,415.0,1,0.0,0.0,0.0,0.0,0.0,0.0,0.3333333333333333,0.5,0.5,0.25,0.44444444444444453,0.5625,-0.3333333333333333,-0.5,-0.5,-0.25,-0.44444444444444453,-0.5625
658,2025-06-04,Dominica,British Virgin Islands,3.0,0.0,FIFA World Cup qualification,Roseau,Dominica,0,2025,0,1,663,2025-04-03,184.0,183.0,-1.0,900.0,900.0,2025-04-03,207.0,207.0,0.0,780.3,780.0,23.0,119.70000000000005,999.0,626.0,373.0,1,0.0,0.0,0.0,0.0,0.0,0.0,0.3333333333333333,0.5,0.5,0.25,0.44444444444444453,0.5625,-0.3333333333333333,-0.5,-0.5,-0.25,-0.44444444444444453,-0.5625
659,2025-06-04,Montserrat,Belize,1.0,0.0,FIFA World Cup qualification,Couva,Trinidad and Tobago,1,2025,0,1,664,2025-04-03,180.0,181.0,1.0,914.26,914.0,2025-04-03,179.0,178.0,-1.0,919.26,925.0,-1.0,-5.0,1003.0,1057.0,-54.0,1,0.0,0.0,0.0,0.0,0.0,0.0,0.0,0.0,0.0,0.0,0.0,0.0,0.0,0.0,0.0,0.0,0.0,0.0
660,2025-06-04,Grenada,Bahamas,6.0,0.0,FIFA World Cup qualification,St. George's,Grenada,0,2025,0,1,665,2025-04-03,174.0,174.0,0.0,955.5,955.0,2025-04-03,204.0,205.0,1.0,818.58,819.0,30.0,136.91999999999996,1072.0,806.0,266.0,1,0.5,0.5,0.5,0.5,0.6666666666666667,0.75,0.0,0.0,0.0,0.0,0.0,0.0,0.5,0.5,0.5,0.5,0.6666666666666667,0.75
661,2025-06-04,Bermuda,Cayman Islands,5.0,0.0,FIFA World Cup qualification,Devonshire Parish,Bermuda,0,2025,0,1,666,2025-04-03,168.0,166.0,-2.0,977.52,988.0,2025-04-03,191.0,194.0,3.0,866.71,867.0,23.0,110.80999999999996,1145.0,821.0,324.0,1,0.5,0.5,0.5,0.5,0.6666666666666667,0.75,1.5,1.5,1.5,1.5,2.0,2.25,-1.0,-1.0,-1.0,-1.0,-1.3333333333333333,-1.5
662,2025-06-04,Barbados,Aruba,1.0,1.0,FIFA World Cup qualification,Wildey,Barbados,0,2025,0,1,667,2025-04-03,176.0,177.0,1.0,933.3,933.0,2025-04-03,195.0,195.0,0.0,860.78,858.0,19.0,72.51999999999998,955.0,943.0,12.0,0,0.0,0.0,0.0,0.0,0.0,0.0,0.5,0.5,0.5,0.5,0.33333333333333326,0.25,-0.5,-0.5,-0.5,-0.5,-0.33333333333333326,-0.25
663,2025-06-05,Iraq,South Korea,0.0,2.0,FIFA World Cup qualification,Basra,Iraq,0,2025,0,1,668,2025-04-03,59.0,56.0,-3.0,1413.39,1443.0,2025-04-03,23.0,23.0,0.0,1574.9,1585.0,-36.0,-161.51,1584.0,1774.0,-190.0,-1,1.3333333333333333,1.0,1.2857142857142858,0.7652525901794434,1.0930057809827096,1.3024716027805425,1.0,1.8,2.142857142857143,1.2412241995334625,1.5327852084695928,1.7063934872483815,0.33333333333333326,-0.8,-0.857142857142857,-0.47597160935401917,-0.43977942748688315,-0.40392188446783894
664,2025-06-05,Indonesia,China PR,1.0,0.0,FIFA World Cup qualification,Jakarta,Indonesia,0,2025,0,1,669,2025-04-03,123.0,127.0,4.0,1142.83,1133.0,2025-04-03,94.0,90.0,-4.0,1252.74,1266.0,-29.0,-109.91000000000008,1397.0,1400.0,-3.0,1,2.0,1.2,1.1428571428571428,1.9104385375976562,1.608840334203388,1.4839546525035985,0.0,1.2,0.8571428571428571,0.28403472900390625,0.5276260956864366,0.6411451390595175,2.0,0.0,0.2857142857142857,1.62640380859375,1.0812142385169512,0.842809513444081
665,2025-06-05,Australia,Japan,1.0,0.0,FIFA World Cup qualification,Perth,Australia,0,2025,0,1,670,2025-04-03,26.0,26.0,0.0,1554.59,1544.0,2025-04-03,15.0,15.0,0.0,1652.63,1653.0,-11.0,-98.0400000000002,1719.0,1889.0,-170.0,1,2.3333333333333335,1.8,1.8571428571428572,2.5347255915403366,2.2467173740116277,2.1214636034931154,2.3333333333333335,2.2,2.4285714285714284,1.9366705417633057,2.1858186567626596,2.2906678945969077,0.0,-0.40000000000000013,-0.5714285714285712,0.598055049777031,0.060898717248968115,-0.16920429110379231
666,2025-06-05,Bahrain,Saudi Arabia,0.0,2.0,FIFA World Cup qualification,Riffa,Bahrain,0,2025,0,1,671,2025-04-03,85.0,81.0,-4.0,1286.02,1306.0,2025-04-03,58.0,59.0,1.0,1421.84,1407.0,-27.0,-135.81999999999994,1461.0,1536.0,-75.0,-1,0.3333333333333333,0.4,0.42857142857142855,0.1889495849609375,0.3767001904744383,0.5447622730862349,1.3333333333333333,1.2,1.2857142857142858,1.375601351261139,1.3285159740020385,1.3240108752009654,-1.0,-0.7999999999999999,-0.8571428571428572,-1.1866517663002014,-0.9518157835276002,-0.7792486021147305
667,2025-06-05,Kuwait,Palestine,0.0,2.0,FIFA World Cup qualification,Kuwait City,Kuwait,0,2025,0,1,672,2025-04-03,134.0,134.0,0.0,1111.92,1109.0,2025-04-03,101.0,101.0,0.0,1224.64,1216.0,-33.0,-112.72000000000004,1345.0,1417.0,-72.0,-1,0.6666666666666666,0.6,0.5714285714285714,0.4251708984375,0.5403835985556252,0.6027052849531174,1.3333333333333333,1.0,0.7142857142857143,1.663360595703125,1.273357963780795,1.1091436548158526,-0.6666666666666666,-0.4,-0.1428571428571429,-1.238189697265625,-0.7329743652251698,-0.5064383698627353
668,2025-06-05,Oman,Jordan,0.0,3.0,FIFA World Cup qualification,Muscat,Oman,0,2025,0,1,673,2025-04-03,77.0,80.0,3.0,1322.85,1307.0,2025-04-03,62.0,64.0,2.0,1388.46,1376.0,-15.0,-65.61000000000013,1526.0,1617.0,-91.0,-1,1.3333333333333333,1.4,1.4285714285714286,1.9916191101074219,1.7256966577211665,1.6199202374409651,1.6666666666666667,1.8,1.7142857142857142,1.569911003112793,1.6578415124669477,1.7185457209534434,-0.3333333333333335,-0.40000000000000013,-0.2857142857142856,0.4217081069946289,0.06785514525421887,-0.09862548351247824
669,2025-06-05,Qatar,Iran,1.0,0.0,FIFA World Cup qualification,Al Rayyan,Qatar,0,2025,0,1,674,2025-04-03,55.0,48.0,-7.0,1456.6,1475.0,2025-04-03,17.0,18.0,1.0,1637.39,1635.0,-38.0,-180.7900000000002,1524.0,1838.0,-314.0,1,1.0,1.2,1.4285714285714286,1.0018906593322754,1.2207427189301574,1.3481315956394155,2.3333333333333335,2.6,2.4285714285714284,1.964410811662674,2.2085936563471407,2.2913372981997044,-1.3333333333333335,-1.4000000000000001,-0.9999999999999998,-0.9625201523303986,-0.9878509374169833,-0.9432057025602889
670,2025-06-05,North Korea,Kyrgyzstan,2.0,2.0,FIFA World Cup qualification,Riyadh,Saudi Arabia,1,2025,0,1,675,2025-04-03,118.0,115.0,-3.0,1154.3,1164.0,2025-04-03,103.0,107.0,4.0,1205.67,1194.0,-15.0,-51.37000000000012,1370.0,1266.0,104.0,0,0.0,0.0,0.2857142857142857,0.032958984375,0.14975133646067965,0.2668953537940979,1.0,1.2,0.8571428571428571,1.59906005859375,1.2532485575382153,1.1228335238993168,-1.0,-1.2,-0.5714285714285714,-1.56610107421875,-1.1034972210775356,-0.8559381701052189
671,2025-06-05,United Arab Emirates,Uzbekistan,0.0,0.0,FIFA World Cup qualification,Abu Dhabi,United Arab Emirates,0,2025,0,1,676,2025-04-03,65.0,63.0,-2.0,1382.73,1386.0,2025-04-03,57.0,58.0,1.0,1436.79,1425.0,-8.0,-54.059999999999945,1504.0,1684.0,-180.0,0,2.0,1.8,1.4285714285714286,2.097227096557617,1.922524580262971,1.8543567720371357,2.3333333333333335,2.0,2.0,1.7770156860351562,1.9141197589061942,1.9813680274237413,-0.3333333333333335,-0.19999999999999996,-0.5714285714285714,0.32021141052246094,0.00840482135677667,-0.12701125538660563
672,2025-06-05,Chile,Argentina,0.0,1.0,FIFA World Cup qualification,Santiago,Chile,0,2025,0,1,677,2025-04-03,52.0,50.0,-2.0,1461.91,1469.0,2025-04-03,1.0,1.0,0.0,1886.16,1867.0,-51.0,-424.25,1739.0,2108.0,-369.0,-1,1.3333333333333333,1.0,0.7142857142857143,0.9399166107177734,0.9003597303290792,0.8394314803699672,3.0,2.4,1.8571428571428572,2.7567889392375946,2.5139483091576196,2.3901656985487763,-1.6666666666666667,-1.4,-1.1428571428571428,-1.8168723285198212,-1.6135885788285402,-1.550734218178809
673,2025-06-05,Paraguay,Uruguay,2.0,0.0,FIFA World Cup qualification,Asunción,Paraguay,0,2025,0,1,678,2025-04-03,48.0,53.0,5.0,1475.93,1458.0,2025-04-03,13.0,11.0,-2.0,1679.49,1696.0,-35.0,-203.56,1775.0,1948.0,-173.0,1,1.6666666666666667,2.2,2.142857142857143,1.6995372772216797,1.8020632383229476,1.7654879353176511,0.6666666666666666,1.2,1.0,0.8593606948852539,0.9442212997752104,1.019147962551557,1.0,1.0000000000000002,1.1428571428571428,0.8401765823364258,0.8578419385477372,0.7463399727660942
674,2025-06-05,Ecuador,Brazil,0.0,0.0,FIFA World Cup qualification,Guayaquil,Ecuador,0,2025,0,1,679,2025-04-03,24.0,24.0,0.0,1567.95,1560.0,2025-04-03,5.0,5.0,0.0,1776.04,1776.0,-19.0,-208.08999999999992,1910.0,1996.0,-86.0,0,2.3333333333333335,2.2,2.142857142857143,1.887736201286316,1.9922650901735732,1.965785953933036,1.3333333333333333,1.6,1.5714285714285714,1.0945381820201874,1.348722044454925,1.4476657618609,1.0000000000000002,0.6000000000000001,0.5714285714285714,0.7931980192661285,0.6435430457186482,0.5181201920721361
675,2025-06-06,Trinidad and Tobago,Saint Kitts and Nevis,6.0,2.0,FIFA World Cup qualification,Port of Spain,Trinidad and Tobago,0,2025,0,1,680,2025-04-03,100.0,102.0,2.0,1228.7,1215.0,2025-04-03,145.0,144.0,-1.0,1064.99,1065.0,45.0,163.71000000000004,1373.0,1131.0,242.0,1,2.0,2.0,2.0,2.0,1.6666666666666665,1.5,1.5,1.5,1.5,1.5,0.9999999999999998,0.75,0.5,0.5,0.5,0.5,0.6666666666666667,0.75
676,2025-06-06,Curaçao,Saint Lucia,4.0,0.0,FIFA World Cup qualification,Willemstad,Curaçao,0,2025,0,1,681,2025-04-03,91.0,91.0,0.0,1258.95,1265.0,2025-04-03,165.0,167.0,2.0,985.72,986.0,74.0,273.23,1335.0,1140.0,195.0,1,3.0,3.0,3.0,3.0,3.0,3.0,0.5,0.5,0.5,0.5,0.33333333333333326,0.25,2.5,2.5,2.5,2.5,2.666666666666667,2.75
677,2025-06-06,Antigua and Barbuda,Cuba,0.0,1.0,FIFA World Cup qualification,Piggotts,Antigua and Barbuda,0,2025,0,1,682,2025-04-03,159.0,161.0,2.0,1010.97,1011.0,2025-04-03,167.0,163.0,-4.0,979.68,994.0,8.0,31.29000000000008,933.0,1305.0,-372.0,-1,0.5,0.5,0.5,0.5,0.6666666666666667,0.75,1.5,1.5,1.5,1.5,0.9999999999999998,0.75,-1.0,-1.0,-1.0,-1.0,-0.33333333333333304,0.0
678,2025-06-06,Guatemala,Dominican Republic,4.0,2.0,FIFA World Cup qualification,Guatemala City,Guatemala,0,2025,0,1,683,2025-04-03,106.0,105.0,-1.0,1197.12,1201.0,2025-04-03,141.0,141.0,0.0,1085.0,1083.0,35.0,112.11999999999988,1503.0,1251.0,252.0,1,3.0,3.0,3.0,3.0,3.0,3.0,1.5,1.5,1.5,1.5,0.9999999999999998,0.75,1.5,1.5,1.5,1.5,2.0,2.25
679,2025-06-06,Suriname,Puerto Rico,1.0,0.0,FIFA World Cup qualification,Paramaribo,Suriname,0,2025,0,1,684,2025-04-03,137.0,138.0,1.0,1096.6,1097.0,2025-04-03,156.0,157.0,1.0,1021.19,1023.0,19.0,75.40999999999985,1338.0,1141.0,197.0,1,3.0,3.0,3.0,3.0,3.0,3.0,2.0,2.0,2.0,2.0,1.6666666666666665,1.5,1.0,1.0,1.0,1.0,1.3333333333333335,1.5
680,2025-06-06,Nicaragua,Guyana,1.0,0.0,FIFA World Cup qualification,Managua,Nicaragua,0,2025,0,1,685,2025-04-03,133.0,133.0,0.0,1114.28,1114.0,2025-04-03,152.0,154.0,2.0,1037.92,1031.0,19.0,76.3599999999999,1344.0,1251.0,93.0,1,3.0,3.0,3.0,3.0,3.0,3.0,1.5,1.5,1.5,1.5,0.9999999999999998,0.75,1.5,1.5,1.5,1.5,2.0,2.25
681,2025-06-06,Gibraltar,Croatia,0.0,7.0,FIFA World Cup qualification,Faro-Loulé,Portugal,1,2025,0,1,686,2025-04-03,196.0,196.0,0.0,843.19,849.0,2025-04-03,11.0,13.0,2.0,1707.99,1692.0,-185.0,-864.8,1051.0,1886.0,-835.0,-1,0.0,0.0,0.0,0.0,0.0,0.0,0.6666666666666666,1.0,1.0,0.97265625,1.009551389523955,1.0412673950195312,-0.6666666666666666,-1.0,-1.0,-0.97265625,-1.009551389523955,-1.0412673950195312
682,2025-06-06,Czech Republic,Montenegro,2.0,0.0,FIFA World Cup qualification,Plzeň,Czech Republic,0,2025,0,1,687,2022-03-31,33.0,31.0,-2.0,1500.62,1510.42,2025-04-03,73.0,73.0,0.0,1337.36,1327.0,40.0,163.26,1753.0,1516.0,237.0,1,2.0,1.4,1.1666666666666667,2.3125,1.765432098765432,1.41796875,3.0,3.0,3.0,3.0,3.0,3.0,-1.0,-1.6,-1.8333333333333333,-0.6875,-1.234567901234568,-1.58203125
683,2025-06-06,North Macedonia,Belgium,1.0,1.0,FIFA World Cup qualification,Skopje,North Macedonia,0,2025,0,1,688,2025-04-03,67.0,67.0,0.0,1375.58,1369.0,2025-04-03,8.0,8.0,0.0,1735.75,1741.0,-59.0,-360.1700000000001,1551.0,1851.0,-300.0,0,1.3333333333333333,1.75,1.75,1.625,1.8888888888888888,2.078125,1.3333333333333333,1.0,1.1428571428571428,0.703125,0.9958847736625517,1.222412109375,0.0,0.75,0.6071428571428572,0.921875,0.8930041152263372,0.855712890625
684,2025-06-06,Wales,Liechtenstein,3.0,0.0,FIFA World Cup qualification,Cardiff,Wales,0,2025,0,1,689,2025-04-03,28.0,29.0,1.0,1535.66,1534.0,2025-04-03,205.0,204.0,-1.0,813.95,822.0,177.0,721.71,1701.0,977.0,724.0,1,1.3333333333333333,1.0,1.5714285714285714,1.375,1.4609053497942388,1.603515625,0.0,0.0,0.0,0.0,0.0,0.0,1.3333333333333333,1.0,1.5714285714285714,1.375,1.4609053497942388,1.603515625
685,2025-06-06,Estonia,Israel,1.0,3.0,FIFA World Cup qualification,Tallinn,Estonia,0,2025,0,1,690,2025-04-03,121.0,123.0,2.0,1144.48,1143.0,2025-04-03,78.0,76.0,-2.0,1321.77,1322.0,-43.0,-177.28999999999996,1357.0,1556.0,-199.0,-1,0.0,0.0,0.0,0.0,0.0,0.0,1.5,1.5,1.5,1.5,2.0,2.25,-1.5,-1.5,-1.5,-1.5,-2.0,-2.25
686,2025-06-06,Norway,Italy,3.0,0.0,FIFA World Cup qualification,Oslo,Norway,0,2025,0,1,691,2025-04-03,38.0,43.0,5.0,1497.18,1484.0,2025-04-03,9.0,9.0,0.0,1731.51,1732.0,-29.0,-234.33,1806.0,1943.0,-137.0,1,3.0,3.0,3.0,3.0,3.0,3.0,0.3333333333333333,0.25,0.25,0.25,0.2222222222222222,0.1875,2.6666666666666665,2.75,2.75,2.75,2.7777777777777777,2.8125
687,2025-06-06,Venezuela,Bolivia,2.0,0.0,FIFA World Cup qualification,Maturín,Venezuela,0,2025,0,1,692,2025-04-03,47.0,47.0,0.0,1476.84,1476.0,2025-04-03,80.0,79.0,-1.0,1308.12,1309.0,33.0,168.72000000000003,1750.0,1590.0,160.0,1,1.0,0.8,0.8571428571428571,1.5929136276245117,1.2441736769717755,1.1431529688879891,0.6666666666666666,0.4,1.1428571428571428,0.7073974609375,0.767195229573932,0.8259575814008713,0.33333333333333337,0.4,-0.2857142857142857,0.8855161666870117,0.47697844739784345,0.31719538748711784
688,2025-06-06,Colombia,Peru,0.0,0.0,FIFA World Cup qualification,Barranquilla,Colombia,0,2025,0,1,693,2025-04-03,14.0,12.0,-2.0,1679.04,1694.0,2025-04-03,42.0,40.0,-2.0,1483.47,1488.0,28.0,195.57,1977.0,1798.0,179.0,0,0.3333333333333333,0.8,1.0,0.6264374256134033,0.7059507886294077,0.8413559902285783,1.0,0.8,1.0,0.8638076782226562,0.9257452812609391,0.9154515467507736,-0.6666666666666667,0.0,0.0,-0.23737025260925293,-0.2197944926315314,-0.07409555652219524
689,2025-06-07,Anguilla,El Salvador,0.0,3.0,FIFA World Cup qualification,The Valley,Anguilla,0,2025,0,1,694,2025-04-03,209.0,209.0,0.0,769.31,769.0,2025-04-03,81.0,83.0,2.0,1300.81,1301.0,-128.0,-531.5,622.0,1483.0,-861.0,-1,0.0,0.4,0.4,0.125,0.2962962962962964,0.421875,1.3333333333333333,1.0,1.1428571428571428,1.8046875,1.3758573388203015,1.15008544921875,-1.3333333333333333,-0.6,-0.7428571428571428,-1.6796875,-1.0795610425240052,-0.72821044921875
690,2025-06-07,British Virgin Islands,Jamaica,0.0,1.0,FIFA World Cup qualification,Road Town,British Virgin Islands,0,2025,0,1,695,2025-04-03,207.0,207.0,0.0,780.3,780.0,2025-04-03,63.0,62.0,-1.0,1387.49,1391.0,-144.0,-607.19,626.0,1610.0,-984.0,-1,0.0,0.4,0.4,0.125,0.2962962962962964,0.421875,1.0,1.8,1.4285714285714286,0.6640625,0.9675354366712392,1.02008056640625,-1.0,-1.4,-1.0285714285714285,-0.5390625,-0.6712391403749428,-0.59820556640625
691,2025-06-07,Belize,Panama,0.0,2.0,FIFA World Cup qualification,Belmopan,Belize,0,2025,0,1,696,2025-04-03,179.0,178.0,-1.0,919.26,925.0,2025-04-03,35.0,36.0,1.0,1507.98,1504.0,-144.0,-588.72,1057.0,1726.0,-669.0,-1,0.0,0.0,0.0,0.0,0.0,0.0,2.0,1.8,2.142857142857143,1.29248046875,1.5584683906586057,1.6004054546356201,-2.0,-1.8,-2.142857142857143,-1.29248046875,-1.5584683906586057,-1.6004054546356201
692,2025-06-07,Aruba,Haiti,0.0,5.0,FIFA World Cup qualification,Oranjestad,Aruba,0,2025,0,1,697,2025-04-03,195.0,195.0,0.0,860.78,858.0,2025-04-03,83.0,86.0,3.0,1291.54,1288.0,-112.0,-430.76,943.0,1538.0,-595.0,-1,0.6666666666666666,0.6666666666666666,0.6666666666666666,0.75,0.5555555555555555,0.4375,3.0,3.0,3.0,3.0,3.0,3.0,-2.3333333333333335,-2.3333333333333335,-2.3333333333333335,-2.25,-2.4444444444444446,-2.5625
693,2025-06-07,Bahamas,Costa Rica,0.0,8.0,FIFA World Cup qualification,Wildey,Barbados,1,2025,0,1,698,2025-04-03,204.0,205.0,1.0,818.58,819.0,2025-04-03,54.0,54.0,0.0,1459.13,1455.0,-150.0,-640.5500000000001,806.0,1661.0,-855.0,-1,0.0,0.0,0.0,0.0,0.0,0.0,1.3333333333333333,2.0,1.8571428571428572,1.9412841796875,1.8433966433819662,1.8662799373269081,-1.3333333333333333,-2.0,-1.8571428571428572,-1.9412841796875,-1.8433966433819662,-1.8662799373269081
694,2025-06-07,Cayman Islands,Honduras,0.0,1.0,FIFA World Cup qualification,George Town,Cayman Islands,0,2025,0,1,699,2025-04-03,191.0,194.0,3.0,866.71,867.0,2025-04-03,75.0,75.0,0.0,1333.51,1326.0,-116.0,-466.8,821.0,1538.0,-717.0,-1,1.0,1.0,1.0,0.75,1.3333333333333335,1.6875,2.0,1.4,1.0,2.28125,1.7325102880658432,1.3916015625,-1.0,-0.3999999999999999,0.0,-1.53125,-0.3991769547325097,0.2958984375
695,2025-06-07,Andorra,England,0.0,1.0,FIFA World Cup qualification,Barcelona,Spain,1,2025,0,1,700,2025-04-03,173.0,171.0,-2.0,957.4,972.0,2025-04-03,4.0,4.0,0.0,1819.2,1814.0,-169.0,-861.8000000000001,1115.0,2006.0,-891.0,-1,0.0,0.0,0.0,0.0,0.0,0.0,2.0,2.0,2.0,2.535888671875,2.2951716810207214,2.192038983106613,-2.0,-2.0,-2.0,-2.535888671875,-2.2951716810207214,-2.192038983106613
696,2025-06-07,Austria,Romania,2.0,1.0,FIFA World Cup qualification,Vienna,Austria,0,2025,0,1,701,2025-04-03,22.0,22.0,0.0,1580.21,1590.0,2025-04-03,45.0,38.0,-7.0,1479.22,1494.0,23.0,100.99,1871.0,1723.0,148.0,1,2.0,1.2,1.2,1.125,1.1111111111111112,0.984375,1.0,0.75,0.75,1.5,0.9999999999999998,0.75,1.0,0.44999999999999996,0.44999999999999996,-0.375,0.11111111111111138,0.234375
697,2025-06-07,Bosnia and Herzegovina,San Marino,1.0,0.0,FIFA World Cup qualification,Zenica,Bosnia and Herzegovina,0,2025,0,1,702,2024-12-19,74.0,74.0,0.0,1326.69,1326.69,2025-04-03,210.0,210.0,0.0,741.35,747.0,136.0,585.34,1485.0,777.0,708.0,1,3.0,3.0,3.0,3.0,3.0,3.0,0.0,0.0,0.0,0.0,0.0,0.0,3.0,3.0,3.0,3.0,3.0,3.0
698,2025-06-07,Finland,Netherlands,0.0,2.0,FIFA World Cup qualification,Helsinki,Finland,0,2025,0,1,703,2025-04-03,69.0,69.0,0.0,1359.79,1362.0,2025-04-03,7.0,7.0,0.0,1752.5,1748.0,-62.0,-392.71,1621.0,1938.0,-317.0,-1,2.0,2.0,2.0,2.0,2.333333333333333,2.5,2.0,1.4,1.5714285714285714,1.232421875,1.496147267523582,1.6488590240478516,0.0,0.6000000000000001,0.4285714285714286,0.767578125,0.837186065809751,0.8511409759521484
699,2025-06-07,Malta,Lithuania,0.0,0.0,FIFA World Cup qualification,Ta' Qali,Malta,0,2025,0,1,704,2025-04-03,169.0,168.0,-1.0,976.36,984.0,2025-04-03,143.0,142.0,-1.0,1072.57,1070.0,-26.0,-96.20999999999992,1258.0,1308.0,-50.0,0,0.0,0.0,0.0,0.0,0.0,0.0,0.5,0.5,0.5,0.5,0.33333333333333326,0.25,-0.5,-0.5,-0.5,-0.5,-0.33333333333333326,-0.25
700,2025-06-07,Albania,Serbia,0.0,0.0,FIFA World Cup qualification,Tirana,Albania,0,2025,0,1,705,2025-04-03,66.0,65.0,-1.0,1375.94,1376.0,2025-04-03,30.0,32.0,2.0,1523.91,1514.0,-36.0,-147.97000000000003,1616.0,1812.0,-196.0,0,1.0,1.0,1.0,1.625,1.2962962962962963,1.171875,0.3333333333333333,0.25,0.25,0.125,0.14814814814814817,0.140625,0.6666666666666667,0.75,0.75,1.5,1.1481481481481481,1.03125
701,2025-06-09,Faroe Islands,Gibraltar,2.0,1.0,FIFA World Cup qualification,Tórshavn,Faroe Islands,0,2025,0,1,706,2025-04-03,140.0,137.0,-3.0,1085.12,1097.0,2025-04-03,196.0,196.0,0.0,843.19,849.0,56.0,241.92999999999984,1248.0,1051.0,197.0,1,0.0,0.0,0.0,0.0,0.0,0.0,0.0,0.0,0.0,0.0,0.0,0.0,0.0,0.0,0.0,0.0,0.0,0.0
702,2025-06-09,Croatia,Czech Republic,5.0,1.0,FIFA World Cup qualification,Osijek,Croatia,0,2025,0,1,707,2025-04-03,11.0,13.0,2.0,1707.99,1692.0,2022-03-31,33.0,31.0,-2.0,1500.62,1510.42,22.0,207.3700000000001,1886.0,1753.0,133.0,1,1.6666666666666667,1.6,1.2857142857142858,1.986328125,1.6730342596826366,1.5309505462646484,3.0,2.0,1.4285714285714286,2.65625,2.176954732510288,1.8134765625,-1.3333333333333333,-0.3999999999999999,-0.1428571428571428,-0.669921875,-0.5039204728276512,-0.28252601623535156
703,2025-06-09,Belgium,Wales,4.0,3.0,FIFA World Cup qualification,Brussels,Belgium,0,2025,0,1,708,2025-04-03,8.0,8.0,0.0,1735.75,1741.0,2025-04-03,28.0,29.0,1.0,1535.66,1534.0,20.0,200.08999999999992,1851.0,1701.0,150.0,1,0.6666666666666666,1.0,0.8571428571428571,0.8515625,0.9972565157750345,1.16680908203125,2.3333333333333335,1.4,1.5714285714285714,2.1875,1.9739368998628257,1.95263671875,-1.666666666666667,-0.3999999999999999,-0.7142857142857143,-1.3359375,-0.9766803840877912,-0.78582763671875
704,2025-06-09,Estonia,Norway,0.0,1.0,FIFA World Cup qualification,Tallinn,Estonia,0,2025,0,1,709,2025-04-03,121.0,123.0,2.0,1144.48,1143.0,2025-04-03,38.0,43.0,5.0,1497.18,1484.0,-83.0,-352.70000000000005,1357.0,1806.0,-449.0,-1,0.0,0.0,0.0,0.0,0.0,0.0,3.0,3.0,3.0,3.0,3.0,3.0,-3.0,-3.0,-3.0,-3.0,-3.0,-3.0
705,2025-06-09,Kazakhstan,North Macedonia,0.0,1.0,FIFA World Cup qualification,Astana,Kazakhstan,0,2025,0,1,711,2025-04-03,110.0,110.0,0.0,1183.3,1180.0,2025-04-03,67.0,67.0,0.0,1375.58,1369.0,-43.0,-192.28,1425.0,1551.0,-126.0,-1,1.5,1.5,1.5,1.5,0.9999999999999998,0.75,1.6666666666666667,1.6,1.6,1.3125,1.5925925925925926,1.80859375,-0.16666666666666674,-0.10000000000000009,-0.10000000000000009,0.1875,-0.5925925925925928,-1.05859375
706,2025-06-10,Romania,Cyprus,2.0,0.0,FIFA World Cup qualification,Bucharest,Romania,0,2025,0,1,712,2025-04-03,45.0,38.0,-7.0,1479.22,1494.0,2025-04-03,129.0,130.0,1.0,1128.2,1131.0,84.0,351.02,1677.0,1299.0,378.0,1,1.0,0.6,0.6,0.75,0.6666666666666666,0.5625,1.5,1.5,1.5,1.5,2.0,2.25,-0.5,-0.9,-0.9,-0.75,-1.3333333333333335,-1.6875
707,2025-06-10,Serbia,Andorra,3.0,0.0,FIFA World Cup qualification,Leskovac,Serbia,0,2025,0,1,713,2025-04-03,30.0,32.0,2.0,1523.91,1514.0,2025-04-03,173.0,171.0,-2.0,957.4,972.0,143.0,566.5100000000001,1838.0,1066.0,772.0,1,0.3333333333333333,0.4,0.4,0.5625,0.4320987654320987,0.35546875,0.0,0.0,0.0,0.0,0.0,0.0,0.3333333333333333,0.4,0.4,0.5625,0.4320987654320987,0.35546875
708,2025-06-10,Latvia,Albania,1.0,1.0,FIFA World Cup qualification,Riga,Latvia,0,2025,0,1,714,2025-04-03,138.0,140.0,2.0,1092.49,1084.0,2025-04-03,66.0,65.0,-1.0,1375.94,1376.0,-72.0,-283.45000000000005,1289.0,1639.0,-350.0,0,1.5,1.5,1.5,1.5,2.0,2.25,1.3333333333333333,1.0,1.0,1.3125,1.1975308641975309,1.12890625,0.16666666666666674,0.5,0.5,0.1875,0.8024691358024691,1.12109375
709,2025-06-10,Cuba,Bermuda,1.0,2.0,FIFA World Cup qualification,Santiago de Cuba,Cuba,0,2025,0,1,715,2025-04-03,167.0,163.0,-4.0,979.68,994.0,2025-04-03,168.0,166.0,-2.0,977.52,988.0,1.0,2.159999999999968,1305.0,1145.0,160.0,-1,2.0,2.0,2.0,2.25,1.6666666666666665,1.3125,1.3333333333333333,1.3333333333333333,1.3333333333333333,1.75,1.4444444444444442,1.3125,0.6666666666666667,0.6666666666666667,0.6666666666666667,0.5,0.22222222222222232,0.0
710,2025-06-10,Honduras,Antigua and Barbuda,2.0,0.0,FIFA World Cup qualification,Tegucigalpa,Honduras,0,2025,0,1,716,2025-04-03,75.0,75.0,0.0,1333.51,1326.0,2025-04-03,159.0,161.0,2.0,1010.97,1011.0,84.0,322.54,1561.0,933.0,628.0,1,3.0,1.8,1.4285714285714286,2.640625,2.155006858710562,1.793701171875,0.3333333333333333,0.3333333333333333,0.3333333333333333,0.25,0.44444444444444453,0.5625,2.6666666666666665,1.4666666666666668,1.0952380952380953,2.390625,1.7105624142661173,1.231201171875
711,2025-06-10,Saint Kitts and Nevis,Grenada,2.0,3.0,FIFA World Cup qualification,Basseterre,Saint Kitts and Nevis,0,2025,0,1,717,2025-04-03,145.0,144.0,-1.0,1064.99,1065.0,2025-04-03,174.0,174.0,0.0,955.5,955.0,29.0,109.49,1131.0,1072.0,59.0,-1,1.0,1.0,1.0,0.75,0.6666666666666666,0.5625,1.3333333333333333,1.3333333333333333,1.3333333333333333,1.75,1.4444444444444442,1.3125,-0.33333333333333326,-0.33333333333333326,-0.33333333333333326,-1.0,-0.7777777777777776,-0.75
712,2025-06-10,Costa Rica,Trinidad and Tobago,2.0,1.0,FIFA World Cup qualification,San José,Costa Rica,0,2025,0,1,718,2025-04-03,54.0,54.0,0.0,1459.13,1455.0,2025-04-03,100.0,102.0,2.0,1228.7,1215.0,46.0,230.4300000000001,1653.0,1373.0,280.0,1,2.0,2.0,1.8571428571428572,2.47064208984375,2.2289310955879773,2.149709952995181,2.3333333333333335,2.3333333333333335,2.3333333333333335,2.5,2.1111111111111107,1.875,-0.3333333333333335,-0.3333333333333335,-0.4761904761904763,-0.02935791015625,0.11781998447686659,0.2747099529951811
713,2025-06-10,Haiti,Curaçao,1.0,5.0,FIFA World Cup qualification,Oranjestad,Aruba,1,2025,0,1,719,2025-04-03,83.0,86.0,3.0,1291.54,1288.0,2025-04-03,91.0,91.0,0.0,1258.95,1265.0,8.0,32.58999999999992,1538.0,1335.0,203.0,-1,3.0,3.0,3.0,3.0,3.0,3.0,3.0,3.0,3.0,3.0,3.0,3.0,0.0,0.0,0.0,0.0,0.0,0.0
714,2025-06-10,Guyana,Montserrat,3.0,0.0,FIFA World Cup qualification,Leonora,Guyana,0,2025,0,1,720,2025-04-03,152.0,154.0,2.0,1037.92,1031.0,2025-04-03,180.0,181.0,1.0,914.26,914.0,28.0,123.66000000000008,1251.0,1003.0,248.0,1,1.0,1.0,1.0,0.75,0.6666666666666666,0.5625,1.0,1.0,1.0,1.5,0.9999999999999998,0.75,0.0,0.0,0.0,-0.75,-0.33333333333333315,-0.1875
715,2025-06-10,Panama,Nicaragua,3.0,0.0,FIFA World Cup qualification,Panama City,Panama,0,2025,0,1,721,2025-04-03,35.0,36.0,1.0,1507.98,1504.0,2025-04-03,133.0,133.0,0.0,1114.28,1114.0,98.0,393.7000000000001,1726.0,1344.0,382.0,1,2.0,1.8,2.142857142857143,2.146240234375,2.0389789271057372,1.950304090976715,3.0,3.0,3.0,3.0,3.0,3.0,-1.0,-1.2,-0.8571428571428572,-0.853759765625,-0.9610210728942628,-1.049695909023285
716,2025-06-10,Dominican Republic,Dominica,5.0,0.0,FIFA World Cup qualification,Santo Domingo,Dominican Republic,0,2025,0,1,722,2025-04-03,141.0,141.0,0.0,1085.0,1083.0,2025-04-03,184.0,183.0,-1.0,900.0,900.0,43.0,185.0,1251.0,999.0,252.0,1,1.0,1.0,1.0,0.75,0.6666666666666666,0.5625,1.0,1.0,1.0,1.5,0.9999999999999998,0.75,0.0,0.0,0.0,-0.75,-0.33333333333333315,-0.1875
717,2025-06-10,Jamaica,Guatemala,3.0,0.0,FIFA World Cup qualification,Kingston,Jamaica,0,2025,0,1,723,2025-04-03,63.0,62.0,-1.0,1387.49,1391.0,2025-04-03,106.0,105.0,-1.0,1197.12,1201.0,43.0,190.3700000000001,1569.0,1503.0,66.0,1,1.0,1.8,1.7142857142857142,1.83203125,1.6450236244474925,1.5150604248046875,3.0,3.0,3.0,3.0,3.0,3.0,-2.0,-1.2,-1.2857142857142858,-1.16796875,-1.3549763755525075,-1.4849395751953125
718,2025-06-10,El Salvador,Suriname,1.0,1.0,FIFA World Cup qualification,San Salvador,El Salvador,0,2025,0,1,724,2025-04-03,81.0,83.0,2.0,1300.81,1301.0,2025-04-03,137.0,138.0,1.0,1096.6,1097.0,56.0,204.21000000000004,1394.0,1338.0,56.0,0,2.3333333333333335,1.4,1.1428571428571428,2.40234375,1.917238225880201,1.6125640869140625,3.0,3.0,3.0,3.0,3.0,3.0,-0.6666666666666665,-1.6,-1.8571428571428572,-0.59765625,-1.082761774119799,-1.3874359130859375
719,2025-06-10,Puerto Rico,Saint Vincent and the Grenadines,2.0,1.0,FIFA World Cup qualification,Mayagüez,Puerto Rico,0,2025,0,1,725,2025-04-03,156.0,157.0,1.0,1021.19,1023.0,2025-04-03,172.0,173.0,1.0,966.08,962.0,16.0,55.110000000000014,1141.0,1037.0,104.0,1,1.3333333333333333,1.3333333333333333,1.3333333333333333,1.0,1.1111111111111112,1.125,1.0,1.0,1.0,1.5,0.9999999999999998,0.75,0.33333333333333326,0.33333333333333326,0.33333333333333326,-0.5,0.11111111111111138,0.375
720,2025-06-10,Saint Lucia,Barbados,2.0,1.0,FIFA World Cup qualification,Gros Islet,Saint Lucia,0,2025,0,1,726,2025-04-03,165.0,167.0,2.0,985.72,986.0,2025-04-03,176.0,177.0,1.0,933.3,933.0,11.0,52.42000000000007,1140.0,955.0,185.0,1,0.3333333333333333,0.3333333333333333,0.3333333333333333,0.25,0.2222222222222222,0.1875,0.3333333333333333,0.3333333333333333,0.3333333333333333,0.5,0.33333333333333326,0.25,0.0,0.0,0.0,-0.25,-0.11111111111111105,-0.0625
721,2025-06-10,San Marino,Austria,0.0,4.0,FIFA World Cup qualification,Serravalle,San Marino,0,2025,0,1,727,2025-04-03,210.0,210.0,0.0,741.35,747.0,2025-04-03,22.0,22.0,0.0,1580.21,1590.0,-188.0,-838.86,845.0,1871.0,-1026.0,-1,0.0,0.0,0.0,0.0,0.0,0.0,2.0,1.8,1.5,2.0625,1.7407407407407405,1.48828125,-2.0,-1.8,-1.5,-2.0625,-1.7407407407407405,-1.48828125
722,2025-06-10,Uruguay,Venezuela,2.0,0.0,FIFA World Cup qualification,Montevideo,Uruguay,0,2025,0,1,728,2025-04-03,13.0,11.0,-2.0,1679.49,1696.0,2025-04-03,47.0,47.0,0.0,1476.84,1476.0,34.0,202.6500000000001,1948.0,1750.0,198.0,1,0.3333333333333333,1.0,0.8571428571428571,0.42968034744262695,0.629480866516807,0.7643609719136677,2.0,1.4,1.1428571428571428,2.296456813812256,1.8294491179811834,1.6073647266659918,-1.6666666666666667,-0.3999999999999999,-0.2857142857142857,-1.866776466369629,-1.1999682514643764,-0.8430037547523241
723,2025-06-10,Netherlands,Malta,8.0,0.0,FIFA World Cup qualification,Groningen,Netherlands,0,2025,0,1,729,2025-04-03,7.0,7.0,0.0,1752.5,1748.0,2025-04-03,169.0,168.0,-1.0,976.36,984.0,162.0,776.14,1938.0,1252.0,686.0,1,2.0,1.8,1.8571428571428572,2.1162109375,1.997431511682388,1.9866442680358887,0.3333333333333333,0.3333333333333333,0.3333333333333333,0.5,0.33333333333333326,0.25,1.6666666666666667,1.4666666666666668,1.523809523809524,1.6162109375,1.6640981783490547,1.7366442680358887
724,2025-06-10,Finland,Poland,2.0,1.0,FIFA World Cup qualification,Helsinki,Finland,0,2025,0,1,730,2025-04-03,69.0,69.0,0.0,1359.79,1362.0,2025-04-03,33.0,35.0,2.0,1517.35,1511.0,-36.0,-157.55999999999997,1532.0,1728.0,-196.0,1,1.3333333333333333,1.3333333333333333,1.3333333333333333,1.0,1.5555555555555556,1.875,2.3333333333333335,1.4,1.0,2.39453125,1.964385510338871,1.8035202026367188,-1.0000000000000002,-0.06666666666666665,0.33333333333333326,-1.39453125,-0.4088299547833154,0.07147979736328125
725,2025-06-10,Peru,Ecuador,0.0,0.0,FIFA World Cup qualification,Lima,Peru,0,2025,0,1,731,2025-04-03,42.0,40.0,-2.0,1483.47,1488.0,2025-04-03,24.0,24.0,0.0,1567.95,1560.0,-18.0,-84.48000000000002,1798.0,1910.0,-112.0,0,1.3333333333333333,1.0,1.1428571428571428,0.9319038391113281,0.9504968541739595,0.9365886600630802,1.6666666666666667,2.2,1.8571428571428572,1.443868100643158,1.6615100601157156,1.724339465449777,-0.3333333333333335,-1.2000000000000002,-0.7142857142857144,-0.5119642615318298,-0.7110132059417561,-0.7877508053866968
726,2025-06-10,Argentina,Colombia,1.0,1.0,FIFA World Cup qualification,Buenos Aires,Argentina,0,2025,0,1,732,2025-04-03,1.0,1.0,0.0,1886.16,1867.0,2025-04-03,14.0,12.0,-2.0,1679.04,1694.0,13.0,207.1200000000001,2108.0,1977.0,131.0,0,3.0,2.4,2.2857142857142856,2.8783944696187973,2.6759655394384128,2.5426242739115823,0.6666666666666666,0.4,0.7142857142857143,0.8132187128067017,0.8039671924196051,0.8810169926714337,2.3333333333333335,2.0,1.5714285714285712,2.0651757568120956,1.8719983470188075,1.6616072812401486
727,2025-06-10,Brazil,Paraguay,1.0,0.0,FIFA World Cup qualification,São Paulo,Brazil,0,2025,0,1,733,2025-04-03,5.0,5.0,0.0,1776.04,1776.0,2025-04-03,48.0,53.0,5.0,1475.93,1458.0,43.0,300.1099999999999,1996.0,1775.0,221.0,1,1.3333333333333333,1.2,1.7142857142857142,1.0472690910100937,1.23248136296995,1.3357493213956748,2.3333333333333335,2.2,2.142857142857143,2.34976863861084,2.2013754922152984,2.0741159514882384,-1.0000000000000002,-1.0000000000000002,-0.4285714285714286,-1.3024995476007462,-0.9688941292453483,-0.7383666300925635
728,2025-06-10,Uzbekistan,Qatar,3.0,0.0,FIFA World Cup qualification,Tashkent,Uzbekistan,0,2025,0,1,734,2025-04-03,57.0,58.0,1.0,1436.79,1425.0,2025-04-03,55.0,48.0,-7.0,1456.6,1475.0,-2.0,-19.809999999999945,1684.0,1524.0,160.0,1,1.6666666666666667,1.6,1.7142857142857142,1.3885078430175781,1.6094131726041296,1.736026020567806,2.0,1.8,1.7142857142857142,2.0009453296661377,1.8138284792867716,1.7610986967295617,-0.33333333333333326,-0.19999999999999996,0.0,-0.6124374866485596,-0.20441530668264196,-0.02507267616175568
729,2025-06-10,Iran,North Korea,3.0,0.0,FIFA World Cup qualification,Tehran,Iran,0,2025,0,1,735,2025-04-03,17.0,18.0,1.0,1637.39,1635.0,2025-04-03,118.0,115.0,-3.0,1154.3,1164.0,101.0,483.09000000000015,1838.0,1370.0,468.0,1,1.3333333333333333,2.0,2.0,0.982205405831337,1.472395770898094,1.7185029736497783,0.3333333333333333,0.2,0.2857142857142857,0.5164794921875,0.433167557640453,0.4501715153455734,1.0,1.8,1.7142857142857144,0.465725913643837,1.039228213257641,1.268331458304205
730,2025-06-10,Bolivia,Chile,2.0,0.0,FIFA World Cup qualification,El Alto,Bolivia,0,2025,0,1,736,2025-04-03,80.0,79.0,-1.0,1308.12,1309.0,2025-04-03,52.0,50.0,-2.0,1461.91,1469.0,-28.0,-153.7900000000002,1590.0,1739.0,-149.0,1,0.3333333333333333,0.4,0.7142857142857143,0.35369873046875,0.5114634863826214,0.6194681860506535,0.3333333333333333,1.0,0.7142857142857143,0.4699583053588867,0.6002398202193863,0.6295736102774754,0.0,-0.6,0.0,-0.11625957489013672,-0.08877633383676486,-0.010105424226821924
731,2025-06-10,South Korea,Kuwait,4.0,0.0,FIFA World Cup qualification,Seoul,South Korea,0,2025,0,1,737,2025-04-03,23.0,23.0,0.0,1574.9,1585.0,2025-04-03,134.0,134.0,0.0,1111.92,1109.0,111.0,462.98,1774.0,1345.0,429.0,1,1.6666666666666667,1.8,2.142857142857143,2.1206120997667313,2.021856805646395,2.0297951154362863,0.3333333333333333,0.4,0.42857142857142855,0.21258544921875,0.36025573237041686,0.45202896371483803,1.3333333333333335,1.4,1.7142857142857142,1.9080266505479813,1.6616010732759783,1.5777661517214483
732,2025-06-10,Jordan,Iraq,0.0,1.0,FIFA World Cup qualification,Amman,Jordan,0,2025,0,1,738,2025-04-03,62.0,64.0,2.0,1388.46,1376.0,2025-04-03,59.0,56.0,-3.0,1413.39,1443.0,-3.0,-24.930000000000064,1617.0,1584.0,33.0,-1,2.3333333333333335,1.8,1.7142857142857142,2.2849555015563965,2.1052276749779653,2.0389092907150825,0.3333333333333333,1.0,1.1428571428571428,0.3826262950897217,0.7286705206551398,0.9768537020854069,2.0,0.8,0.5714285714285714,1.9023292064666748,1.3765571543228254,1.0620555886296756
733,2025-06-10,Palestine,Oman,1.0,1.0,FIFA World Cup qualification,Amman,Jordan,1,2025,0,1,739,2025-04-03,101.0,101.0,0.0,1224.64,1216.0,2025-04-03,77.0,80.0,3.0,1322.85,1307.0,-24.0,-98.2099999999998,1417.0,1526.0,-109.0,0,2.0,1.4,1.1428571428571428,2.3316802978515625,1.8489053091871965,1.5818577411118895,1.3333333333333333,1.4,1.4285714285714286,0.9958095550537109,1.1504644384807778,1.2149401780807239,0.6666666666666667,0.0,-0.2857142857142858,1.3358707427978516,0.6984408707064187,0.36691756303116563
734,2025-06-10,China PR,Bahrain,1.0,0.0,FIFA World Cup qualification,Chongqing,China PR,0,2025,0,1,740,2025-04-03,94.0,90.0,-4.0,1252.74,1266.0,2025-04-03,85.0,81.0,-4.0,1286.02,1306.0,-9.0,-33.27999999999997,1400.0,1461.0,-61.0,1,0.0,0.6,0.8571428571428571,0.14201736450195312,0.35175073045762445,0.48085885429463815,0.0,0.2,0.42857142857142855,0.09447479248046875,0.25113346031629225,0.4085717048146762,0.0,0.39999999999999997,0.42857142857142855,0.047542572021484375,0.1006172701413322,0.07228714947996195
735,2025-06-10,Japan,Indonesia,6.0,0.0,FIFA World Cup qualification,Suita,Japan,0,2025,0,1,741,2025-04-03,15.0,15.0,0.0,1652.63,1653.0,2025-04-03,123.0,127.0,4.0,1142.83,1133.0,108.0,509.8000000000002,1889.0,1397.0,492.0,1,1.3333333333333333,2.0,2.0,0.9683352708816528,1.4572124378417732,1.7180009209476808,2.0,1.8,1.4285714285714286,2.455219268798828,2.0725602228022586,1.8629659893776989,-0.6666666666666667,0.19999999999999996,0.5714285714285714,-1.4868839979171753,-0.6153477849604854,-0.1449650684300181
736,2025-06-10,Saudi Arabia,Australia,1.0,2.0,FIFA World Cup qualification,Jeddah,Saudi Arabia,0,2025,0,1,742,2025-04-03,58.0,59.0,1.0,1421.84,1407.0,2025-04-03,26.0,26.0,0.0,1554.59,1544.0,-32.0,-132.75,1536.0,1719.0,-183.0,-1,2.3333333333333335,1.6,1.2857142857142858,2.1878006756305695,1.885677316001359,1.743008156400724,3.0,2.2,2.142857142857143,2.7673627957701683,2.4978115826744185,2.3410977026198365,-0.6666666666666665,-0.6000000000000001,-0.857142857142857,-0.5795621201395988,-0.6121342666730596,-0.5980895462191125
737,2025-06-10,Kyrgyzstan,United Arab Emirates,1.0,1.0,FIFA World Cup qualification,Bishkek,Kyrgyzstan,0,2025,0,1,743,2025-04-03,103.0,107.0,4.0,1205.67,1194.0,2025-04-03,65.0,63.0,-2.0,1382.73,1386.0,-38.0,-177.05999999999997,1266.0,1504.0,-238.0,0,1.3333333333333333,0.8,1.0,1.299530029296875,1.1688323716921436,1.0921251429244876,1.3333333333333333,2.0,1.5714285714285714,1.5486135482788086,1.6150163868419807,1.6407675790278518,0.0,-1.2,-0.5714285714285714,-0.2490835189819336,-0.4461840151498371,-0.5486424361033642
738,2025-09-03,Seychelles,Gabon,0.0,4.0,FIFA World Cup qualification,Saint Pierre,Mauritius,1,2025,0,1,744,2025-07-10,203.0,203.0,0.0,820.71,821.0,2025-07-10,80.0,79.0,-1.0,1306.59,1310.0,-123.0,-485.8799999999999,859.0,1494.0,-635.0,-1,0.0,0.0,0.0,0.0,0.0,0.0,3.0,2.4,2.5,2.8125,2.7037037037037033,2.68359375,-3.0,-2.4,-2.5,-2.8125,-2.7037037037037033,-2.68359375
739,2025-09-04,Mali,Comoros,3.0,0.0,FIFA World Cup qualification,Berkane,Morocco,1,2025,0,1,745,2025-07-10,54.0,53.0,-1.0,1454.72,1460.0,2025-07-10,107.0,105.0,-2.0,1198.51,1203.0,53.0,256.21000000000004,1631.0,1340.0,291.0,1,1.6666666666666667,1.0,1.2857142857142858,1.4248046875,1.3470338193703535,1.2731618881225586,2.0,1.8,2.0,2.0625,2.037037037037037,2.12109375,-0.33333333333333326,-0.8,-0.7142857142857142,-0.6376953125,-0.6900032176666837,-0.8479318618774414
740,2025-09-04,Luxembourg,Northern Ireland,1.0,3.0,FIFA World Cup qualification,Luxembourg,Luxembourg,0,2025,0,1,746,2025-07-10,92.0,91.0,-1.0,1260.17,1262.0,2025-07-10,71.0,71.0,0.0,1351.01,1349.0,-21.0,-90.83999999999992,1455.0,1561.0,-106.0,-1,,,,,,,,,,,,,,,,,,
741,2025-09-04,Slovakia,Germany,2.0,0.0,FIFA World Cup qualification,Bratislava,Slovakia,0,2025,0,1,747,2025-07-10,52.0,46.0,-6.0,1466.56,1478.0,2025-07-10,9.0,10.0,1.0,1716.98,1717.0,-43.0,-250.42000000000007,1665.0,1971.0,-306.0,1,1.5,1.5,1.5,1.5,2.0,2.25,1.3333333333333333,2.0,2.0,1.2109375,1.4695930498399634,1.47930908203125,0.16666666666666674,-0.5,-0.5,0.2890625,0.5304069501600366,0.77069091796875
742,2025-09-04,Georgia,Turkey,2.0,3.0,FIFA World Cup qualification,Tbilisi,Georgia,0,2025,0,1,748,2025-07-10,67.0,68.0,1.0,1375.23,1373.0,2022-03-31,43.0,39.0,-4.0,1461.81,1472.72,-24.0,-86.57999999999993,1650.0,1774.0,-124.0,-1,1.3333333333333333,1.0,1.0,0.875,0.8148148148148147,0.703125,2.0,1.8,1.5,1.21875,1.308641975308642,1.2216796875,-0.6666666666666667,-0.8,-0.5,-0.34375,-0.49382716049382736,-0.5185546875
743,2025-09-04,Bulgaria,Spain,0.0,3.0,FIFA World Cup qualification,Sofia,Bulgaria,0,2025,0,1,749,2025-07-10,84.0,85.0,1.0,1284.42,1289.0,2025-07-10,2.0,2.0,0.0,1867.09,1855.0,-82.0,-582.6699999999998,1451.0,2178.0,-727.0,-1,,,,,,,3.0,3.0,3.0,2.984375,2.9046215854629205,2.8206310272216797,,,,,,
744,2025-09-04,Liechtenstein,Belgium,0.0,6.0,FIFA World Cup qualification,Vaduz,Liechtenstein,0,2025,0,1,750,2025-07-10,204.0,205.0,1.0,811.65,814.0,2025-07-10,8.0,8.0,0.0,1736.38,1736.0,-196.0,-924.73,977.0,1851.0,-874.0,-1,0.0,0.0,0.0,0.0,0.0,0.0,1.3333333333333333,1.6,1.2857142857142858,1.92578125,1.6648376771833562,1.6251068115234375,-1.3333333333333333,-1.6,-1.2857142857142858,-1.92578125,-1.6648376771833562,-1.6251068115234375
745,2025-09-04,Netherlands,Poland,1.0,1.0,FIFA World Cup qualification,Rotterdam,Netherlands,0,2025,0,1,751,2025-07-10,7.0,6.0,-1.0,1758.18,1752.0,2025-07-10,37.0,34.0,-3.0,1502.39,1517.0,30.0,255.79,1938.0,1682.0,256.0,0,2.0,2.4,1.8571428571428572,2.55810546875,2.3316210077882586,2.2399832010269165,2.0,1.4,1.0,1.197265625,1.3095903402259141,1.352640151977539,0.0,1.0,0.8571428571428572,1.36083984375,1.0220306675623445,0.8873430490493774
746,2025-09-04,Kazakhstan,Wales,0.0,1.0,FIFA World Cup qualification,Astana,Kazakhstan,0,2025,0,1,752,2025-07-10,114.0,113.0,-1.0,1165.49,1178.0,2025-07-10,31.0,29.0,-2.0,1528.94,1536.0,-83.0,-363.4500000000001,1425.0,1701.0,-276.0,-1,1.0,1.0,1.0,0.75,0.6666666666666666,0.5625,1.3333333333333333,1.4,1.1428571428571428,1.09375,1.315957933241884,1.4644775390625,-0.33333333333333326,-0.3999999999999999,-0.1428571428571428,-0.34375,-0.6492912665752174,-0.9019775390625
747,2025-09-04,Suriname,Panama,0.0,0.0,FIFA World Cup qualification,Paramaribo,Suriname,0,2025,0,1,753,2025-07-10,136.0,137.0,1.0,1099.98,1097.0,2025-07-10,30.0,33.0,3.0,1545.08,1518.0,-106.0,-445.0999999999999,1411.0,1726.0,-315.0,0,2.3333333333333335,2.5,2.5,2.0,2.333333333333333,2.5,2.0,2.4,2.142857142857143,2.5731201171875,2.359319284737158,2.2127280682325363,0.3333333333333335,0.10000000000000009,0.3571428571428572,-0.5731201171875,-0.02598595140382498,0.2872719317674637
748,2025-09-04,Guatemala,El Salvador,0.0,1.0,FIFA World Cup qualification,Guatemala City,Guatemala,0,2025,0,1,754,2025-07-10,100.0,106.0,6.0,1235.64,1197.0,2025-07-10,87.0,81.0,-6.0,1272.7,1301.0,-13.0,-37.059999999999945,1481.0,1389.0,92.0,-1,2.0,2.25,2.25,1.5,2.0,2.25,2.3333333333333335,1.6,1.2857142857142858,1.701171875,1.6114921505868007,1.4594230651855469,-0.3333333333333335,0.6499999999999999,0.9642857142857142,-0.201171875,0.38850784941319927,0.7905769348144531
749,2025-09-04,Lithuania,Malta,1.0,1.0,FIFA World Cup qualification,Kaunas,Lithuania,0,2025,0,1,755,2025-07-10,143.0,143.0,0.0,1069.2,1073.0,2025-07-10,168.0,169.0,1.0,977.43,976.0,25.0,91.7700000000001,1293.0,1251.0,42.0,0,0.6666666666666666,0.6666666666666666,0.6666666666666666,0.75,0.5555555555555555,0.4375,0.3333333333333333,0.25,0.25,0.25,0.2222222222222222,0.1875,0.3333333333333333,0.41666666666666663,0.41666666666666663,0.5,0.33333333333333326,0.25
750,2025-09-04,Madagascar,Central African Republic,2.0,0.0,FIFA World Cup qualification,Casablanca,Morocco,1,2025,0,1,756,2025-07-10,115.0,115.0,0.0,1162.86,1163.0,2025-07-10,134.0,135.0,1.0,1107.54,1102.0,19.0,55.319999999999936,1325.0,1250.0,75.0,1,1.3333333333333333,2.0,1.6666666666666667,1.15625,1.308641975308642,1.2568359375,0.3333333333333333,1.0,0.8333333333333334,0.71875,0.6954732510288065,0.6455078125,1.0,1.0,0.8333333333333334,0.4375,0.6131687242798355,0.611328125
751,2025-09-04,São Tomé and Príncipe,Equatorial Guinea,2.0,3.0,FIFA World Cup qualification,Oujda,Morocco,1,2025,0,1,757,2025-07-10,193.0,194.0,1.0,865.08,865.0,2025-07-10,93.0,92.0,-1.0,1251.59,1256.0,-100.0,-386.5099999999999,1062.0,1522.0,-460.0,-1,0.0,0.0,0.0,0.0,0.0,0.0,2.3333333333333335,2.0,1.4285714285714286,1.71875,1.6419753086419753,1.4716796875,-2.3333333333333335,-2.0,-1.4285714285714286,-1.71875,-1.6419753086419753,-1.4716796875
752,2025-09-04,Tunisia,Liberia,3.0,0.0,FIFA World Cup qualification,Radès,Tunisia,0,2025,0,1,758,2025-07-10,49.0,49.0,0.0,1471.09,1474.0,2025-07-10,144.0,144.0,0.0,1068.31,1068.0,95.0,402.78,1598.0,1256.0,342.0,1,2.3333333333333335,2.2,1.7142857142857142,2.630615234375,2.3662463628762804,2.229219764471054,2.0,2.0,1.6666666666666667,2.03125,1.7407407407407405,1.5146484375,0.3333333333333335,0.20000000000000018,0.04761904761904745,0.599365234375,0.62550562213554,0.7145713269710541
753,2025-09-04,Chad,Ghana,1.0,1.0,FIFA World Cup qualification,N'Djamena,Chad,0,2025,0,1,759,2025-07-10,175.0,177.0,2.0,924.6,925.0,2025-07-10,76.0,76.0,0.0,1333.33,1333.0,-99.0,-408.7299999999999,1150.0,1429.0,-279.0,0,0.0,0.0,0.0,0.0,0.0,0.0,3.0,2.6,2.0,2.866943359375,2.58121409526175,2.3382051587104797,-3.0,-2.6,-2.0,-2.866943359375,-2.58121409526175,-2.3382051587104797
754,2025-09-04,Colombia,Bolivia,3.0,0.0,FIFA World Cup qualification,Barranquilla,Colombia,0,2025,0,1,760,2025-07-10,14.0,14.0,0.0,1679.46,1679.0,2025-07-10,78.0,80.0,2.0,1315.71,1308.0,64.0,363.75,1977.0,1663.0,314.0,1,1.0,0.6,0.8571428571428571,0.9066093564033508,0.86931146161307,0.9107627445035753,1.3333333333333333,1.0,0.7142857142857143,1.676849365234375,1.3409756575884142,1.21460113953799,-0.33333333333333326,-0.4,0.1428571428571428,-0.7702400088310242,-0.47166419597534415,-0.3038383950344148
755,2025-09-04,Argentina,Venezuela,3.0,0.0,FIFA World Cup qualification,Buenos Aires,Argentina,0,2025,0,1,761,2025-07-10,1.0,1.0,0.0,1885.36,1886.0,2025-07-10,46.0,47.0,1.0,1477.02,1477.0,45.0,408.3399999999999,2108.0,1745.0,363.0,1,2.3333333333333335,2.6,2.2857142857142856,1.9391972348093987,2.1173103596256087,2.156968205433687,2.0,1.2,1.0,1.148228406906128,1.2196327453207891,1.2055235449994939,0.3333333333333335,1.4000000000000001,1.2857142857142856,0.7909688279032707,0.8976776143048195,0.9514446604341931
756,2025-09-04,Uruguay,Peru,3.0,0.0,FIFA World Cup qualification,Montevideo,Uruguay,0,2025,0,1,762,2025-07-10,16.0,13.0,-3.0,1670.75,1679.0,2025-07-10,42.0,42.0,0.0,1489.98,1483.0,26.0,180.77,1948.0,1744.0,204.0,1,1.3333333333333333,1.0,1.2857142857142858,1.7148401737213135,1.4196539110112045,1.3232707289352508,0.6666666666666666,1.0,0.8571428571428571,0.9659519195556641,0.9669979027826396,0.9524414950473101,0.6666666666666666,0.0,0.4285714285714287,0.7488882541656494,0.4526560082285649,0.37082923388794065
757,2025-09-04,Brazil,Chile,3.0,0.0,FIFA World Cup qualification,Rio de Janeiro,Brazil,0,2025,0,1,763,2025-07-10,5.0,5.0,0.0,1777.68,1776.0,2025-07-10,57.0,52.0,-5.0,1441.62,1462.0,52.0,336.0600000000002,1996.0,1689.0,307.0,1,1.3333333333333333,1.6,1.7142857142857142,2.023634545505047,1.8216542419799664,1.7518119910467562,0.3333333333333333,0.8,0.7142857142857143,0.23497915267944336,0.40015988014625753,0.47218020770810654,1.0,0.8,0.9999999999999999,1.7886553928256035,1.4214943618337088,1.2796317833386497
758,2025-09-04,Paraguay,Ecuador,0.0,0.0,FIFA World Cup qualification,Asunción,Paraguay,0,2025,0,1,764,2025-07-10,43.0,48.0,5.0,1486.68,1476.0,2025-07-10,25.0,24.0,-1.0,1570.68,1568.0,-18.0,-84.0,1775.0,1910.0,-135.0,0,1.3333333333333333,1.6,2.0,1.17488431930542,1.4675836614768658,1.5555869636161788,1.0,1.8,1.8571428571428572,1.221934050321579,1.4410067067438104,1.5432545990873328,0.33333333333333326,-0.19999999999999996,0.1428571428571428,-0.04704973101615906,0.026576954733055436,0.012332364528846007
759,2025-09-04,Angola,Libya,0.0,1.0,FIFA World Cup qualification,Luanda,Angola,0,2025,0,1,765,2025-07-10,85.0,87.0,2.0,1279.55,1280.0,2025-07-10,117.0,117.0,0.0,1155.19,1155.0,32.0,124.3599999999999,1543.0,1347.0,196.0,-1,0.6666666666666666,1.2,1.1428571428571428,0.625,0.8641975308641976,0.9609375,0.3333333333333333,1.0,1.3333333333333333,0.5625,0.9794238683127574,1.294921875,0.3333333333333333,0.19999999999999996,-0.19047619047619047,0.0625,-0.11522633744855981,-0.333984375
760,2025-09-04,Cameroon,Eswatini,3.0,0.0,FIFA World Cup qualification,Yaoundé,Cameroon,0,2025,0,1,766,2025-07-10,51.0,50.0,-1.0,1466.97,1466.0,2025-07-10,155.0,155.0,0.0,1022.87,1023.0,104.0,444.1,1578.0,1233.0,345.0,1,1.6666666666666667,1.6,1.7142857142857142,2.11669921875,1.8872292502836627,1.7547175884246826,0.6666666666666666,0.4,0.3333333333333333,0.75,0.5555555555555555,0.4375,1.0,1.2000000000000002,1.380952380952381,1.36669921875,1.3316736947281074,1.3172175884246826
761,2025-09-04,Mauritius,Cape Verde,0.0,2.0,FIFA World Cup qualification,Saint Pierre,Mauritius,0,2025,0,1,767,2025-07-10,177.0,178.0,1.0,921.61,922.0,2025-07-10,73.0,72.0,-1.0,1343.68,1344.0,-104.0,-422.0700000000001,1094.0,1472.0,-378.0,-1,1.3333333333333333,1.0,0.8333333333333334,0.90625,0.8436213991769547,0.7509765625,3.0,2.0,2.0,2.732421875,2.478805737607749,2.3237743377685547,-1.6666666666666667,-1.0,-1.1666666666666665,-1.826171875,-1.6351843384307942,-1.5727977752685547
762,2025-09-04,Algeria,Botswana,3.0,1.0,FIFA World Cup qualification,Tizi Ouzou,Algeria,0,2025,0,1,768,2025-07-10,36.0,36.0,0.0,1503.8,1507.0,2025-07-10,135.0,136.0,1.0,1101.2,1101.0,99.0,402.5999999999999,1685.0,1326.0,359.0,1,3.0,1.8,1.5714285714285714,2.6689453125,2.333841385967586,2.1823339462280273,2.0,1.8,1.5,1.96875,1.641975308641975,1.4091796875,1.0,0.0,0.0714285714285714,0.7001953125,0.6918660773256109,0.7731542587280273
763,2025-09-04,Guinea-Bissau,Sierra Leone,1.0,1.0,FIFA World Cup qualification,Bissau,Guinea-Bissau,0,2025,0,1,769,2025-07-10,131.0,128.0,-3.0,1119.53,1128.0,2025-07-10,124.0,124.0,0.0,1140.06,1140.0,-7.0,-20.529999999999973,1411.0,1333.0,78.0,0,0.3333333333333333,0.4,0.8571428571428571,0.25,0.4663923182441701,0.60205078125,1.3333333333333333,1.4,1.3333333333333333,1.09375,1.2427983539094651,1.2568359375,-1.0,-0.9999999999999999,-0.47619047619047616,-0.84375,-0.7764060356652951,-0.65478515625
764,2025-09-05,Ukraine,France,0.0,2.0,FIFA World Cup qualification,Wrocław,Poland,1,2025,0,1,770,2025-07-10,26.0,25.0,-1.0,1557.21,1560.0,2025-07-10,3.0,3.0,0.0,1862.03,1853.0,-23.0,-304.81999999999994,1799.0,2055.0,-256.0,-1,1.3333333333333333,1.3333333333333333,1.3333333333333333,1.25,1.6666666666666667,1.9375,1.3333333333333333,1.2,1.4285714285714286,0.79541015625,1.1504682551779033,1.3746349811553955,0.0,0.1333333333333333,-0.09523809523809534,0.45458984375,0.5161984114887634,0.5628650188446045
765,2025-09-05,Denmark,Scotland,0.0,0.0,FIFA World Cup qualification,Copenhagen,Denmark,0,2025,0,1,771,2025-07-10,21.0,21.0,0.0,1621.25,1618.0,2025-07-10,47.0,44.0,-3.0,1474.69,1480.0,26.0,146.55999999999997,1864.0,1759.0,105.0,0,0.3333333333333333,0.4,0.4,0.3125,0.4197530864197532,0.50390625,0.3333333333333333,0.25,0.25,0.25,0.2222222222222222,0.1875,0.0,0.15000000000000002,0.15000000000000002,0.0625,0.19753086419753096,0.31640625
766,2025-09-05,Greece,Belarus,5.0,1.0,FIFA World Cup qualification,Athens,Greece,0,2025,0,1,772,2025-07-10,39.0,40.0,1.0,1497.82,1490.0,2025-07-10,97.0,98.0,1.0,1237.24,1235.0,58.0,260.5799999999999,1838.0,1492.0,346.0,1,,,,,,,,,,,,,,,,,,
767,2025-09-05,Iceland,Azerbaijan,5.0,0.0,FIFA World Cup qualification,Reykjavík,Iceland,0,2025,0,1,773,2025-07-10,74.0,74.0,0.0,1337.93,1337.0,2025-07-10,122.0,119.0,-3.0,1148.01,1151.0,48.0,189.92000000000007,1550.0,1365.0,185.0,1,,,,,,,,,,,,,,,,,,
768,2025-09-05,Italy,Estonia,5.0,0.0,FIFA World Cup qualification,Bergamo,Italy,0,2025,0,1,774,2025-07-10,11.0,9.0,-2.0,1702.57,1718.0,2025-07-10,126.0,121.0,-5.0,1131.34,1144.0,115.0,571.23,1943.0,1357.0,586.0,1,0.3333333333333333,0.2,0.2,0.125,0.14814814814814817,0.140625,0.0,0.0,0.0,0.0,0.0,0.0,0.3333333333333333,0.2,0.2,0.125,0.14814814814814817,0.140625
769,2025-09-05,Nicaragua,Costa Rica,1.0,1.0,FIFA World Cup qualification,Managua,Nicaragua,0,2025,0,1,775,2025-07-10,130.0,133.0,3.0,1120.02,1114.0,2025-07-10,40.0,54.0,14.0,1493.85,1459.0,-90.0,-373.8299999999999,1325.0,1658.0,-333.0,0,2.0,2.25,2.25,1.5,2.0,2.25,3.0,2.0,2.2857142857142856,2.735321044921875,2.485954063725318,2.362282464746386,-1.0,0.25,-0.03571428571428559,-1.235321044921875,-0.4859540637253179,-0.11228246474638581
770,2025-09-05,Faroe Islands,Croatia,0.0,1.0,FIFA World Cup qualification,Tórshavn,Faroe Islands,0,2025,0,1,776,2025-07-10,141.0,141.0,0.0,1089.74,1085.0,2025-07-10,10.0,11.0,1.0,1707.51,1699.0,-131.0,-617.77,1248.0,1886.0,-638.0,-1,1.0,1.0,1.0,1.5,0.9999999999999998,0.75,2.3333333333333335,1.6,1.5714285714285714,2.4931640625,2.1153561731217576,1.8982129096984863,-1.3333333333333335,-0.6000000000000001,-0.5714285714285714,-0.9931640625,-1.1153561731217578,-1.1482129096984863
771,2025-09-05,Montenegro,Czech Republic,0.0,2.0,FIFA World Cup qualification,Podgorica,Montenegro,0,2025,0,1,777,2025-07-10,77.0,73.0,-4.0,1327.28,1337.0,2022-03-31,33.0,31.0,-2.0,1500.62,1510.42,-44.0,-173.33999999999992,1516.0,1753.0,-237.0,-1,2.0,2.0,2.0,1.5,2.0,2.25,2.0,1.8,1.4285714285714286,1.328125,1.4513031550068587,1.360107421875,0.0,0.19999999999999996,0.5714285714285714,0.171875,0.5486968449931413,0.889892578125
772,2025-09-05,Bermuda,Jamaica,0.0,4.0,FIFA World Cup qualification,Devonshire Parish,Bermuda,0,2025,0,1,778,2025-07-10,162.0,168.0,6.0,1000.04,978.0,2025-04-03,63.0,62.0,-1.0,1387.49,1391.0,-99.0,-387.4500000000001,1169.0,1588.0,-419.0,-1,2.0,1.75,1.75,2.375,1.9629629629629628,1.734375,2.0,1.8,2.142857142857143,2.416015625,2.096682416298328,1.8862953186035156,0.0,-0.050000000000000044,-0.3928571428571428,-0.041015625,-0.1337194533353654,-0.15192031860351562
773,2025-09-05,Trinidad and Tobago,Curaçao,0.0,0.0,FIFA World Cup qualification,Port of Spain,Trinidad and Tobago,0,2025,0,1,779,2025-07-10,101.0,100.0,-1.0,1229.11,1230.0,2025-07-10,86.0,90.0,4.0,1277.22,1265.0,-15.0,-48.11000000000013,1395.0,1335.0,60.0,0,2.0,1.75,1.75,1.25,1.4074074074074072,1.40625,3.0,3.0,3.0,3.0,3.0,3.0,-1.0,-1.25,-1.25,-1.75,-1.5925925925925928,-1.59375
774,2025-09-05,Switzerland,Kosovo,4.0,0.0,FIFA World Cup qualification,Basel,Switzerland,0,2025,0,1,780,2025-07-10,19.0,20.0,1.0,1635.09,1625.0,2025-07-10,95.0,97.0,2.0,1247.71,1238.0,76.0,387.3799999999999,1814.0,1527.0,287.0,1,1.6666666666666667,1.8,1.7142857142857142,1.56640625,1.6492912665752173,1.7297210693359375,,,,,,,,,,,,
775,2025-09-05,Slovenia,Sweden,2.0,2.0,FIFA World Cup qualification,Ljubljana,Slovenia,0,2025,0,1,782,2025-07-10,50.0,51.0,1.0,1469.76,1463.0,2025-07-10,29.0,28.0,-1.0,1545.43,1536.0,-21.0,-75.67000000000007,1752.0,1744.0,8.0,0,1.0,1.0,1.0,1.0,1.0,1.0,1.5,1.5,1.5,1.5,2.0,2.25,-0.5,-0.5,-0.5,-0.5,-1.0,-1.25
776,2025-09-05,Haiti,Honduras,0.0,0.0,FIFA World Cup qualification,Willemstad,Curaçao,1,2025,0,1,783,2025-07-10,90.0,83.0,-7.0,1261.42,1292.0,2025-07-10,66.0,75.0,9.0,1379.84,1334.0,-24.0,-118.41999999999985,1538.0,1562.0,-24.0,0,2.0,2.25,2.25,1.5,2.0,2.25,3.0,2.4,1.8571428571428572,2.8203125,2.4366712391403746,2.09527587890625,-1.0,-0.1499999999999999,0.3928571428571428,-1.3203125,-0.43667123914037465,0.15472412109375
777,2025-09-05,Uganda,Mozambique,4.0,0.0,FIFA World Cup qualification,Kampala,Uganda,0,2025,0,1,784,2025-07-10,88.0,89.0,1.0,1269.37,1274.0,2025-07-10,99.0,96.0,-3.0,1236.18,1239.0,11.0,33.18999999999983,1389.0,1432.0,-43.0,1,1.0,1.8,1.5,1.78125,1.4938271604938271,1.3037109375,2.0,2.0,1.5714285714285714,1.36328125,1.6195701874714221,1.7247161865234375,-1.0,-0.19999999999999996,-0.0714285714285714,0.41796875,-0.12574302697759498,-0.4210052490234375
778,2025-09-05,Namibia,Malawi,1.0,2.0,FIFA World Cup qualification,Francistown,Botswana,1,2025,0,1,785,2025-07-10,108.0,108.0,0.0,1192.29,1192.0,2025-07-10,129.0,132.0,3.0,1121.1,1118.0,21.0,71.19000000000005,1380.0,1256.0,124.0,-1,1.6666666666666667,1.2,1.7142857142857142,1.53125,1.6419753086419755,1.7705078125,0.0,0.6,1.0,0.28125,0.6913580246913582,1.0283203125,1.6666666666666667,0.6,0.7142857142857142,1.25,0.9506172839506173,0.7421875
779,2025-09-05,Djibouti,Burkina Faso,0.0,6.0,FIFA World Cup qualification,Bissau,Guinea-Bissau,1,2025,0,1,786,2025-07-10,191.0,192.0,1.0,865.75,866.0,2025-07-10,63.0,64.0,1.0,1388.03,1385.0,-128.0,-522.28,752.0,1549.0,-797.0,-1,0.3333333333333333,0.2,0.16666666666666666,0.125,0.14814814814814817,0.140625,2.3333333333333335,1.6,1.7142857142857142,2.46875,2.1001371742112482,1.88818359375,-2.0,-1.4000000000000001,-1.5476190476190474,-2.34375,-1.9519890260631,-1.74755859375
780,2025-09-05,Egypt,Ethiopia,2.0,0.0,FIFA World Cup qualification,Cairo,Egypt,0,2025,0,1,787,2025-07-10,34.0,32.0,-2.0,1518.79,1519.0,2025-07-10,146.0,147.0,1.0,1060.62,1061.0,112.0,458.1700000000001,1657.0,1276.0,381.0,1,2.3333333333333335,2.2,1.8571428571428572,2.63134765625,2.369337330014056,2.2439281940460205,1.3333333333333333,1.0,1.0,1.71875,1.3786008230452673,1.2333984375,1.0000000000000002,1.2000000000000002,0.8571428571428572,0.91259765625,0.9907365069687886,1.0105297565460205
781,2025-09-05,South Sudan,DR Congo,1.0,4.0,FIFA World Cup qualification,Juba,South Sudan,0,2025,0,1,788,2025-07-10,169.0,170.0,1.0,975.6,976.0,2025-07-10,61.0,61.0,0.0,1412.1,1407.0,-108.0,-436.4999999999999,1136.0,1540.0,-404.0,-1,0.3333333333333333,0.6,0.5,0.59375,0.4979423868312757,0.4345703125,3.0,2.2,2.0,2.74993896484375,2.4216111373500433,2.1852531619369984,-2.6666666666666665,-1.6,-1.5,-2.15618896484375,-1.9236687505187677,-1.7506828494369984
782,2025-09-05,Mauritania,Togo,2.0,0.0,FIFA World Cup qualification,Nouadhibou,Mauritania,0,2025,0,1,789,2025-07-10,111.0,110.0,-1.0,1173.04,1180.0,2025-07-10,120.0,120.0,0.0,1149.49,1149.0,9.0,23.549999999999955,1331.0,1368.0,-37.0,1,0.3333333333333333,0.2,0.7142857142857143,0.3046875,0.38317329675354367,0.40997314453125,0.3333333333333333,0.6,0.6666666666666666,0.375,0.5185185185185186,0.609375,0.0,-0.39999999999999997,0.04761904761904767,-0.0703125,-0.13534522176497493,-0.19940185546875
783,2025-09-05,Benin,Zimbabwe,1.0,0.0,FIFA World Cup qualification,Ebimpé,Ivory Coast,1,2025,0,1,790,2025-07-10,96.0,95.0,-1.0,1238.97,1240.0,2025-07-10,116.0,116.0,0.0,1157.45,1161.0,20.0,81.51999999999998,1476.0,1398.0,78.0,1,1.3333333333333333,1.6,1.3333333333333333,0.84375,1.02880658436214,1.0048828125,0.6666666666666666,0.6,0.6666666666666666,0.8125,0.7530864197530864,0.75390625,0.6666666666666666,1.0,0.6666666666666666,0.03125,0.27572016460905346,0.2509765625
784,2025-09-05,Senegal,Sudan,2.0,0.0,FIFA World Cup qualification,Diamniadio,Senegal,0,2025,0,1,791,2025-07-10,18.0,19.0,1.0,1635.1,1630.0,2025-07-10,110.0,114.0,4.0,1173.59,1174.0,92.0,461.51,1771.0,1383.0,388.0,1,2.3333333333333335,1.8,2.142857142857143,2.306854248046875,2.170994417902353,2.105659450404346,1.6666666666666667,2.2,2.0,1.4375,1.6255144032921809,1.650390625,0.6666666666666667,-0.40000000000000013,0.1428571428571428,0.869354248046875,0.5454800146101721,0.455268825404346
785,2025-09-05,Congo,Tanzania,1.0,1.0,FIFA World Cup qualification,Brazzaville,Congo,0,2025,0,1,792,2025-07-10,132.0,125.0,-7.0,1116.26,1136.0,2025-07-10,103.0,107.0,4.0,1209.14,1196.0,-29.0,-92.88000000000012,1261.0,1383.0,-122.0,0,0.0,0.0,0.0,0.0,0.0,0.0,1.3333333333333333,0.8,1.1666666666666667,0.96875,1.2098765432098768,1.4150390625,-1.3333333333333333,-0.8,-1.1666666666666667,-0.96875,-1.2098765432098768,-1.4150390625
786,2025-09-05,Morocco,Niger,5.0,0.0,FIFA World Cup qualification,Rabat,Morocco,0,2025,0,1,793,2025-07-10,12.0,12.0,0.0,1698.72,1694.0,2025-07-10,121.0,122.0,1.0,1148.22,1143.0,109.0,550.5,1802.0,1337.0,465.0,1,3.0,2.4,2.2857142857142856,2.8859405517578125,2.691897059166636,2.537603603792377,1.0,1.0,1.0,0.75,0.6666666666666666,0.5625,2.0,1.4,1.2857142857142856,2.1359405517578125,2.0252303924999695,1.9751036037923768
787,2025-09-05,Kenya,Gambia,1.0,3.0,FIFA World Cup qualification,Nairobi,Kenya,0,2025,0,1,794,2025-07-10,109.0,111.0,2.0,1179.05,1179.0,2022-03-31,123.0,125.0,2.0,1138.19,1135.18,14.0,40.8599999999999,1376.0,1443.0,-67.0,-1,0.6666666666666666,1.2,1.0,0.53125,0.6666666666666666,0.6708984375,0.3333333333333333,0.8,0.5714285714285714,0.4375,0.5185185185185185,0.50390625,0.3333333333333333,0.3999999999999999,0.4285714285714286,0.09375,0.14814814814814814,0.1669921875
788,2025-09-05,Ivory Coast,Burundi,1.0,0.0,FIFA World Cup qualification,Abidjan,Ivory Coast,0,2025,0,1,795,2025-07-10,45.0,41.0,-4.0,1480.96,1487.0,2025-07-10,139.0,140.0,1.0,1092.51,1086.0,94.0,388.4500000000001,1579.0,1291.0,288.0,1,2.3333333333333335,2.6,2.7142857142857144,2.7333984375,2.5996545242087077,2.5206098556518555,2.0,1.4,1.6666666666666667,2.03125,1.9382716049382718,1.9892578125,0.3333333333333335,1.2000000000000002,1.0476190476190477,0.7021484375,0.6613829192704359,0.5313520431518555
789,2025-09-05,Somalia,Guinea,0.0,3.0,FIFA World Cup qualification,Kampala,Uganda,1,2025,0,1,796,2025-07-10,200.0,201.0,1.0,832.13,832.0,2025-07-10,81.0,82.0,1.0,1292.63,1293.0,-119.0,-460.5000000000001,857.0,1466.0,-609.0,-1,0.3333333333333333,0.2,0.16666666666666666,0.25,0.2222222222222222,0.1875,0.3333333333333333,0.8,0.5714285714285714,0.4609375,0.6941015089163238,0.90435791015625,0.0,-0.6000000000000001,-0.40476190476190477,-0.2109375,-0.4718792866941016,-0.71685791015625
790,2025-09-05,South Africa,Lesotho,3.0,0.0,FIFA World Cup qualification,Bloemfontein,South Africa,0,2025,0,1,797,2025-07-10,56.0,56.0,0.0,1443.31,1445.0,2025-07-10,148.0,148.0,0.0,1046.35,1046.0,92.0,396.96,1576.0,1221.0,355.0,1,2.0,1.6,1.4285714285714286,2.009521484375,1.8028812229391407,1.7367498278617859,1.3333333333333333,1.6,1.5,1.5,1.4938271604938271,1.4453125,0.6666666666666667,0.0,-0.0714285714285714,0.509521484375,0.3090540624453135,0.2914373278617859
791,2025-09-06,San Marino,Bosnia and Herzegovina,0.0,6.0,FIFA World Cup qualification,Serravalle,San Marino,0,2025,0,1,798,2025-07-10,210.0,210.0,0.0,738.24,741.0,2025-07-10,72.0,70.0,-2.0,1349.11,1351.0,-138.0,-610.8699999999999,845.0,1485.0,-640.0,-1,0.0,0.0,0.0,0.0,0.0,0.0,3.0,3.0,3.0,3.0,3.0,3.0,-3.0,-3.0,-3.0,-3.0,-3.0,-3.0
792,2025-09-06,England,Andorra,2.0,0.0,FIFA World Cup qualification,London,England,0,2025,0,1,799,2025-07-10,4.0,4.0,0.0,1813.32,1819.0,2025-07-10,174.0,173.0,-1.0,953.95,957.0,170.0,859.3699999999999,2006.0,1066.0,940.0,1,3.0,2.4,2.2857142857142856,2.7679443359375,2.5301144540138143,2.39402923732996,0.0,0.0,0.0,0.0,0.0,0.0,3.0,2.4,2.2857142857142856,2.7679443359375,2.5301144540138143,2.39402923732996
793,2025-09-06,Austria,Cyprus,1.0,0.0,FIFA World Cup qualification,Linz,Austria,0,2025,0,1,800,2025-07-10,22.0,22.0,0.0,1591.25,1580.0,2025-07-10,128.0,129.0,1.0,1124.35,1128.0,106.0,466.9000000000001,1871.0,1299.0,572.0,1,2.0,2.4,1.7142857142857142,2.53125,2.1604938271604937,1.8662109375,1.0,1.0,1.0,0.75,1.3333333333333335,1.6875,1.0,1.4,0.7142857142857142,1.78125,0.8271604938271602,0.1787109375
794,2025-09-06,Latvia,Serbia,0.0,1.0,FIFA World Cup qualification,Riga,Latvia,0,2025,0,1,801,2025-07-10,137.0,138.0,1.0,1099.3,1092.0,2025-07-10,32.0,31.0,-1.0,1523.03,1524.0,-105.0,-423.73,1301.0,1838.0,-537.0,-1,1.3333333333333333,1.3333333333333333,1.3333333333333333,1.25,1.6666666666666667,1.9375,1.3333333333333333,1.0,0.8333333333333334,1.78125,1.288065843621399,1.0166015625,0.0,0.33333333333333326,0.4999999999999999,-0.53125,0.37860082304526776,0.9208984375
795,2025-09-06,Republic of Ireland,Hungary,2.0,2.0,FIFA World Cup qualification,Dublin,Republic of Ireland,0,2025,0,1,802,2025-07-10,60.0,60.0,0.0,1412.76,1412.0,2025-07-10,38.0,37.0,-1.0,1500.73,1503.0,-22.0,-87.97000000000003,1633.0,1701.0,-68.0,0,,,,,,,1.0,1.0,1.0,1.5,0.9999999999999998,0.75,,,,,,
796,2025-09-06,Nigeria,Rwanda,1.0,0.0,FIFA World Cup qualification,Uyo,Nigeria,0,2025,0,1,803,2025-07-10,44.0,43.0,-1.0,1484.27,1481.0,2025-07-10,127.0,130.0,3.0,1125.47,1127.0,83.0,358.79999999999995,1657.0,1271.0,386.0,1,1.3333333333333333,1.0,1.2857142857142858,1.359375,1.2889803383630545,1.2442626953125,1.3333333333333333,1.4,1.3333333333333333,1.0,1.1069958847736627,1.146484375,0.0,-0.3999999999999999,-0.04761904761904745,0.359375,0.18198445358939175,0.0977783203125
797,2025-09-06,Armenia,Portugal,0.0,5.0,FIFA World Cup qualification,Yerevan,Armenia,0,2025,0,1,804,2025-07-10,105.0,102.0,-3.0,1204.77,1208.0,2025-07-10,6.0,7.0,1.0,1770.53,1750.0,-99.0,-565.76,1470.0,1993.0,-523.0,-1,,,,,,,0.6666666666666666,1.6,1.5714285714285714,1.06640625,1.2542295381801556,1.4250335693359375,,,,,,
798,2025-09-07,Belgium,Kazakhstan,6.0,0.0,FIFA World Cup qualification,Anderlecht,Belgium,0,2025,0,1,805,2025-07-10,8.0,8.0,0.0,1736.38,1736.0,2025-07-10,114.0,113.0,-1.0,1165.49,1178.0,106.0,570.8900000000001,1851.0,1425.0,426.0,1,2.3333333333333335,1.6,1.5714285714285714,2.462890625,2.1098917847889043,1.9688301086425781,1.0,0.75,0.75,0.375,0.4444444444444445,0.421875,1.3333333333333335,0.8500000000000001,0.8214285714285714,2.087890625,1.6654473403444598,1.5469551086425781
799,2025-09-07,Poland,Finland,3.0,1.0,FIFA World Cup qualification,Chorzów,Poland,0,2025,0,1,806,2025-07-10,37.0,34.0,-3.0,1502.39,1517.0,2025-07-10,69.0,69.0,0.0,1371.55,1360.0,32.0,130.84000000000017,1682.0,1556.0,126.0,1,1.3333333333333333,1.6,1.1428571428571428,1.0986328125,1.2063935601506095,1.2644801139831543,1.3333333333333333,1.75,1.75,2.0,2.037037037037037,2.15625,0.0,-0.1499999999999999,-0.6071428571428572,-0.9013671875,-0.8306434768864277,-0.8917698860168457
800,2025-09-07,Lithuania,Netherlands,2.0,3.0,FIFA World Cup qualification,Kaunas,Lithuania,0,2025,0,1,807,2025-07-10,143.0,143.0,0.0,1069.2,1073.0,2025-07-10,7.0,6.0,-1.0,1758.18,1752.0,-136.0,-688.98,1293.0,1938.0,-645.0,-1,1.0,0.75,0.75,0.875,0.7037037037037036,0.578125,2.3333333333333335,2.0,1.8571428571428572,1.779052734375,1.887747338525506,1.9299874007701874,-1.3333333333333335,-1.25,-1.1071428571428572,-0.904052734375,-1.1840436348218022,-1.3518624007701874
801,2025-09-07,Turkey,Spain,0.0,6.0,FIFA World Cup qualification,Konya,Turkey,0,2025,0,1,808,2022-03-31,43.0,39.0,-4.0,1461.81,1472.72,2025-07-10,2.0,2.0,0.0,1867.09,1855.0,-41.0,-405.28,1774.0,2178.0,-404.0,-1,2.0,1.8,1.7142857142857142,2.109375,1.8724279835390947,1.666259765625,3.0,3.0,3.0,2.9921875,2.936414390308614,2.8654732704162598,-1.0,-1.2,-1.2857142857142858,-0.8828125,-1.0639864067695193,-1.1992135047912598
802,2025-09-07,North Macedonia,Liechtenstein,5.0,0.0,FIFA World Cup qualification,Skopje,North Macedonia,0,2025,0,1,809,2025-07-10,62.0,67.0,5.0,1390.79,1376.0,2025-07-10,204.0,205.0,1.0,811.65,814.0,142.0,579.14,1551.0,977.0,574.0,1,1.6666666666666667,1.6,1.8333333333333333,2.15625,2.0617283950617282,2.1064453125,0.0,0.0,0.0,0.0,0.0,0.0,1.6666666666666667,1.6,1.8333333333333333,2.15625,2.0617283950617282,2.1064453125
803,2025-09-07,Luxembourg,Slovakia,0.0,1.0,FIFA World Cup qualification,Luxembourg,Luxembourg,0,2025,0,1,810,2025-07-10,92.0,91.0,-1.0,1260.17,1262.0,2025-07-10,52.0,46.0,-6.0,1466.56,1478.0,-40.0,-206.38999999999987,1455.0,1665.0,-210.0,-1,0.0,0.0,0.0,0.0,0.0,0.0,2.0,2.0,2.0,2.25,2.333333333333333,2.4375,-2.0,-2.0,-2.0,-2.25,-2.333333333333333,-2.4375
804,2025-09-07,Germany,Northern Ireland,3.0,1.0,FIFA World Cup qualification,Cologne,Germany,0,2025,0,1,811,2025-07-10,9.0,10.0,1.0,1716.98,1717.0,2025-07-10,71.0,71.0,0.0,1351.01,1349.0,62.0,365.97,1971.0,1561.0,410.0,1,1.0,1.4,1.8571428571428572,0.60546875,0.979728699893309,1.1094818115234375,3.0,3.0,3.0,3.0,3.0,3.0,-2.0,-1.6,-1.1428571428571428,-2.39453125,-2.0202713001066908,-1.8905181884765625
805,2025-09-07,Central African Republic,Comoros,0.0,2.0,FIFA World Cup qualification,Meknes,Morocco,1,2025,0,1,812,2025-07-10,134.0,135.0,1.0,1107.54,1102.0,2025-07-10,107.0,105.0,-2.0,1198.51,1203.0,-27.0,-90.97000000000004,1250.0,1340.0,-90.0,-1,0.3333333333333333,0.8,0.7142857142857143,0.359375,0.4636488340192044,0.484130859375,1.0,1.2,1.7142857142857142,1.03125,1.358024691358025,1.5908203125,-0.6666666666666667,-0.3999999999999999,-0.9999999999999999,-0.671875,-0.8943758573388205,-1.106689453125
806,2025-09-07,Georgia,Bulgaria,3.0,0.0,FIFA World Cup qualification,Tbilisi,Georgia,0,2025,0,1,813,2025-07-10,67.0,68.0,1.0,1375.23,1373.0,2025-07-10,84.0,85.0,1.0,1284.42,1289.0,17.0,90.80999999999996,1650.0,1451.0,199.0,1,1.0,0.8,0.8,0.4375,0.5432098765432098,0.52734375,0.0,0.0,0.0,0.0,0.0,0.0,1.0,0.8,0.8,0.4375,0.5432098765432098,0.52734375
807,2025-09-08,Switzerland,Slovenia,3.0,0.0,FIFA World Cup qualification,Basel,Switzerland,0,2025,0,1,814,2025-07-10,19.0,20.0,1.0,1635.09,1625.0,2025-07-10,50.0,51.0,1.0,1469.76,1463.0,31.0,165.32999999999993,1814.0,1752.0,62.0,1,2.3333333333333335,1.8,1.7142857142857142,2.283203125,2.0995275110501446,2.047290802001953,1.0,1.0,1.0,1.0,1.0,1.0,1.3333333333333335,0.8,0.7142857142857142,1.283203125,1.0995275110501446,1.0472908020019531
808,2025-09-08,Panama,Guatemala,1.0,1.0,FIFA World Cup qualification,Panama City,Panama,0,2025,0,1,815,2025-07-10,30.0,33.0,3.0,1545.08,1518.0,2025-07-10,100.0,106.0,6.0,1235.64,1197.0,70.0,309.4399999999998,1726.0,1481.0,245.0,0,2.3333333333333335,2.0,1.8571428571428572,1.78656005859375,1.9062128564914387,1.9095460511744022,1.0,1.8,1.8,0.75,1.3333333333333335,1.6875,1.3333333333333335,0.19999999999999996,0.05714285714285716,1.03656005859375,0.5728795231581052,0.22204605117440224
809,2025-09-08,El Salvador,Suriname,1.0,2.0,FIFA World Cup qualification,San Salvador,El Salvador,0,2025,0,1,816,2025-07-10,87.0,81.0,-6.0,1272.7,1301.0,2025-07-10,136.0,137.0,1.0,1099.98,1097.0,49.0,172.72000000000003,1389.0,1411.0,-22.0,-1,2.3333333333333335,2.2,1.5714285714285714,2.3505859375,2.0743281003912006,1.8445672988891602,1.6666666666666667,2.2,2.2,1.5,1.8888888888888888,2.125,0.6666666666666667,0.0,-0.6285714285714288,0.8505859375,0.1854392115023118,-0.28043270111083984
810,2025-09-08,Gibraltar,Faroe Islands,0.0,1.0,FIFA World Cup qualification,Gibraltar,Gibraltar,0,2025,0,1,817,2025-07-10,199.0,196.0,-3.0,835.17,843.0,2025-07-10,141.0,141.0,0.0,1089.74,1085.0,-58.0,-254.57000000000005,1051.0,1248.0,-197.0,-1,0.0,0.0,0.0,0.0,0.0,0.0,1.0,0.75,0.75,0.75,0.6666666666666666,0.5625,-1.0,-0.75,-0.75,-0.75,-0.6666666666666666,-0.5625
811,2025-09-08,Croatia,Montenegro,4.0,0.0,FIFA World Cup qualification,Zagreb,Croatia,0,2025,0,1,818,2025-07-10,10.0,11.0,1.0,1707.51,1699.0,2025-07-10,77.0,73.0,-4.0,1327.28,1337.0,67.0,380.23,1886.0,1516.0,370.0,1,3.0,2.2,2.0,2.74658203125,2.4102374487478384,2.1736596822738647,1.0,1.5,1.5,0.75,1.3333333333333335,1.6875,2.0,0.7000000000000002,0.5,1.99658203125,1.076904115414505,0.48615968227386475
812,2025-09-08,Israel,Italy,4.0,5.0,FIFA World Cup qualification,Debrecen,Hungary,1,2025,0,1,819,2025-07-10,75.0,78.0,3.0,1336.52,1322.0,2025-07-10,11.0,9.0,-2.0,1702.57,1718.0,-64.0,-366.05,1629.0,1943.0,-314.0,-1,2.0,2.0,2.0,2.25,2.333333333333333,2.4375,1.0,0.8,0.6666666666666666,1.5625,1.0987654320987652,0.85546875,1.0,1.2,1.3333333333333335,0.6875,1.2345679012345678,1.58203125
813,2025-09-08,Greece,Denmark,0.0,3.0,FIFA World Cup qualification,Athens,Greece,0,2025,0,1,820,2025-07-10,39.0,40.0,1.0,1497.82,1490.0,2025-07-10,21.0,21.0,0.0,1621.25,1618.0,-18.0,-123.43000000000006,1838.0,1864.0,-26.0,-1,3.0,3.0,3.0,3.0,3.0,3.0,0.6666666666666666,0.4,0.5,0.65625,0.6131687242798354,0.6279296875,2.3333333333333335,2.6,2.5,2.34375,2.386831275720165,2.3720703125
814,2025-09-08,Belarus,Scotland,0.0,2.0,FIFA World Cup qualification,Zalaegerszeg,Hungary,1,2025,0,1,821,2025-07-10,97.0,98.0,1.0,1237.24,1235.0,2025-07-10,47.0,44.0,-3.0,1474.69,1480.0,-50.0,-237.45000000000005,1492.0,1759.0,-267.0,-1,0.0,0.0,0.0,0.0,0.0,0.0,0.6666666666666666,0.4,0.4,0.625,0.4814814814814814,0.390625,-0.6666666666666666,-0.4,-0.4,-0.625,-0.4814814814814814,-0.390625
815,2025-09-08,Kosovo,Sweden,2.0,0.0,FIFA World Cup qualification,Pristina,Kosovo,0,2025,0,1,822,2025-07-10,95.0,97.0,2.0,1247.71,1238.0,2025-07-10,29.0,28.0,-1.0,1545.43,1536.0,-66.0,-297.72,1527.0,1744.0,-217.0,1,0.0,0.0,0.0,0.0,0.0,0.0,1.3333333333333333,1.3333333333333333,1.3333333333333333,1.25,1.6666666666666667,1.9375,-1.3333333333333333,-1.3333333333333333,-1.3333333333333333,-1.25,-1.6666666666666667,-1.9375
816,2025-09-08,Zambia,Morocco,0.0,2.0,FIFA World Cup qualification,Ndola,Zambia,0,2025,0,1,823,2025-07-10,83.0,88.0,5.0,1285.32,1276.0,2025-07-10,12.0,12.0,0.0,1698.72,1694.0,-71.0,-413.4000000000001,1523.0,1802.0,-279.0,-1,0.0,0.2,0.6666666666666666,0.15625,0.4938271604938274,0.8173828125,3.0,3.0,2.5714285714285716,2.9429702758789062,2.7945980394444243,2.6532027028442826,-3.0,-2.8,-1.904761904761905,-2.7867202758789062,-2.3007708789505967,-1.8358198903442826
817,2025-09-08,Madagascar,Chad,3.0,1.0,FIFA World Cup qualification,Casablanca,Morocco,1,2025,0,1,824,2025-07-10,115.0,115.0,0.0,1162.86,1163.0,2025-07-10,175.0,177.0,2.0,924.6,925.0,60.0,238.25999999999988,1325.0,1150.0,175.0,1,2.0,2.0,1.8571428571428572,2.078125,1.8724279835390947,1.692626953125,0.3333333333333333,0.2,0.14285714285714285,0.5,0.33333333333333326,0.25,1.6666666666666667,1.8,1.7142857142857144,1.578125,1.5390946502057614,1.442626953125
818,2025-09-08,Malawi,Liberia,2.0,2.0,FIFA World Cup qualification,Lilongwe,Malawi,0,2025,0,1,825,2025-07-10,129.0,132.0,3.0,1121.1,1118.0,2025-07-10,144.0,144.0,0.0,1068.31,1068.0,15.0,52.78999999999997,1256.0,1256.0,0.0,0,1.0,1.2,1.2857142857142858,1.640625,1.4609053497942386,1.521240234375,1.0,1.4,1.4285714285714286,1.015625,1.1604938271604939,1.135986328125,0.0,-0.19999999999999996,-0.1428571428571428,0.625,0.3004115226337447,0.38525390625
819,2025-09-08,Equatorial Guinea,Tunisia,0.0,1.0,FIFA World Cup qualification,Malabo,Equatorial Guinea,0,2025,0,1,826,2025-07-10,93.0,92.0,-1.0,1251.59,1256.0,2025-07-10,49.0,49.0,0.0,1471.09,1474.0,-44.0,-219.5,1522.0,1598.0,-76.0,-1,2.3333333333333335,2.0,1.8571428571428572,2.359375,2.094650205761317,1.853759765625,3.0,2.6,2.142857142857143,2.8153076171875,2.5774975752508533,2.4219148233532906,-0.6666666666666665,-0.6000000000000001,-0.2857142857142856,-0.4559326171875,-0.4828473694895363,-0.5681550577282906
820,2025-09-08,Uganda,Somalia,2.0,0.0,FIFA World Cup qualification,Kampala,Uganda,0,2025,0,1,827,2025-07-10,88.0,89.0,1.0,1269.37,1274.0,2025-07-10,200.0,201.0,1.0,832.13,832.0,112.0,437.2399999999999,1389.0,857.0,532.0,1,2.0,1.8,1.7142857142857142,2.390625,1.9958847736625513,1.727783203125,0.3333333333333333,0.2,0.14285714285714285,0.125,0.14814814814814817,0.140625,1.6666666666666667,1.6,1.5714285714285714,2.265625,1.8477366255144032,1.587158203125
821,2025-09-08,Guinea,Algeria,0.0,0.0,FIFA World Cup qualification,Casablanca,Morocco,1,2025,0,1,828,2025-07-10,81.0,82.0,1.0,1292.63,1293.0,2025-07-10,36.0,36.0,0.0,1503.8,1507.0,-45.0,-211.16999999999985,1466.0,1685.0,-219.0,0,1.3333333333333333,1.4,1.0,1.73046875,1.462734339277549,1.4282684326171875,3.0,2.4,1.8571428571428572,2.83447265625,2.555894257311724,2.3867504596710205,-1.6666666666666667,-1.0,-0.8571428571428572,-1.10400390625,-1.093159918034175,-0.958482027053833
822,2025-09-08,Mozambique,Botswana,2.0,0.0,FIFA World Cup qualification,Maputo,Mozambique,0,2025,0,1,829,2025-07-10,99.0,96.0,-3.0,1236.18,1239.0,2025-07-10,135.0,136.0,1.0,1101.2,1101.0,36.0,134.98000000000002,1432.0,1326.0,106.0,1,1.0,1.8,1.4285714285714286,0.681640625,1.0797134583142816,1.2935371398925781,1.0,1.2,1.2857142857142858,0.984375,1.0946502057613168,1.056884765625,0.0,0.6000000000000001,0.1428571428571428,-0.302734375,-0.014936747447035215,0.23665237426757812
823,2025-09-08,Libya,Eswatini,2.0,0.0,FIFA World Cup qualification,Benghazi,Libya,0,2025,0,1,830,2025-07-10,117.0,117.0,0.0,1155.19,1155.0,2025-07-10,155.0,155.0,0.0,1022.87,1023.0,38.0,132.32000000000005,1347.0,1233.0,114.0,1,1.3333333333333333,1.4,1.5714285714285714,1.78125,1.652949245541838,1.72119140625,0.6666666666666666,0.4,0.2857142857142857,0.375,0.37037037037037035,0.328125,0.6666666666666666,0.9999999999999999,1.2857142857142856,1.40625,1.2825788751714677,1.39306640625
824,2025-09-08,Guinea-Bissau,Djibouti,2.0,0.0,FIFA World Cup qualification,Bissau,Guinea-Bissau,0,2025,0,1,831,2025-07-10,131.0,128.0,-3.0,1119.53,1128.0,2025-07-10,191.0,192.0,1.0,865.75,866.0,60.0,253.78,1411.0,752.0,659.0,1,0.3333333333333333,0.6,0.8571428571428571,0.625,0.6442615454961134,0.7015380859375,0.0,0.2,0.14285714285714285,0.0625,0.09876543209876545,0.10546875,0.3333333333333333,0.39999999999999997,0.7142857142857142,0.5625,0.5454961133973479,0.5960693359375
825,2025-09-08,Ghana,Mali,1.0,0.0,FIFA World Cup qualification,Accra,Ghana,0,2025,0,1,832,2025-07-10,76.0,76.0,0.0,1333.33,1333.0,2025-07-10,54.0,53.0,-1.0,1454.72,1460.0,-22.0,-121.3900000000001,1429.0,1631.0,-202.0,1,2.3333333333333335,2.6,2.142857142857143,1.9334716796875,2.0541427301745,2.00365386903286,2.3333333333333335,1.6,1.2857142857142858,2.21240234375,1.8980225462469023,1.704871416091919,0.0,1.0,0.857142857142857,-0.2789306640625,0.15612018392759786,0.29878245294094086
826,2025-09-09,Namibia,São Tomé and Príncipe,3.0,0.0,FIFA World Cup qualification,Francistown,Botswana,1,2025,0,1,833,2025-07-10,108.0,108.0,0.0,1192.29,1192.0,2025-07-10,193.0,194.0,1.0,865.08,865.0,85.0,327.2099999999999,1380.0,1062.0,318.0,1,1.3333333333333333,1.2,1.2857142857142858,0.765625,1.0946502057613172,1.327880859375,0.0,0.0,0.0,0.0,0.0,0.0,1.3333333333333333,1.2,1.2857142857142858,0.765625,1.0946502057613172,1.327880859375
827,2025-09-09,Azerbaijan,Ukraine,1.0,1.0,FIFA World Cup qualification,Baku,Azerbaijan,0,2025,0,1,834,2025-07-10,122.0,119.0,-3.0,1148.01,1151.0,2025-07-10,26.0,25.0,-1.0,1557.21,1560.0,-96.0,-409.2000000000001,1365.0,1799.0,-434.0,0,0.0,0.0,0.0,0.0,0.0,0.0,0.3333333333333333,1.0,1.0,0.625,1.1111111111111114,1.453125,-0.3333333333333333,-1.0,-1.0,-0.625,-1.1111111111111114,-1.453125
828,2025-09-09,France,Iceland,2.0,1.0,FIFA World Cup qualification,Paris,France,0,2025,0,1,835,2025-07-10,3.0,3.0,0.0,1862.03,1853.0,2025-07-10,74.0,74.0,0.0,1337.93,1337.0,71.0,524.0999999999999,2055.0,1550.0,505.0,1,1.3333333333333333,1.6,1.7142857142857142,1.897705078125,1.7669788367852686,1.7809762358665466,3.0,3.0,3.0,3.0,3.0,3.0,-1.6666666666666667,-1.4,-1.2857142857142858,-1.102294921875,-1.2330211632147314,-1.2190237641334534
829,2025-09-09,Armenia,Republic of Ireland,2.0,1.0,FIFA World Cup qualification,Yerevan,Armenia,0,2025,0,1,836,2025-07-10,105.0,102.0,-3.0,1204.77,1208.0,2025-07-10,60.0,60.0,0.0,1412.76,1412.0,-45.0,-207.99,1470.0,1633.0,-163.0,1,0.0,0.0,0.0,0.0,0.0,0.0,1.0,1.0,1.0,1.0,1.0,1.0,-1.0,-1.0,-1.0,-1.0,-1.0,-1.0
830,2025-09-09,Hungary,Portugal,2.0,3.0,FIFA World Cup qualification,Budapest,Hungary,0,2025,0,1,837,2025-07-10,38.0,37.0,-1.0,1500.73,1503.0,2025-07-10,6.0,7.0,1.0,1770.53,1750.0,-32.0,-269.79999999999995,1701.0,1993.0,-292.0,-1,1.3333333333333333,1.0,1.0,1.25,0.9999999999999999,0.8125,1.6666666666666667,1.6,1.5714285714285714,2.033203125,1.836153025453437,1.8187751770019531,-0.3333333333333335,-0.6000000000000001,-0.5714285714285714,-0.783203125,-0.8361530254534372,-1.0062751770019531
831,2025-09-09,Bosnia and Herzegovina,Austria,1.0,2.0,FIFA World Cup qualification,Zenica,Bosnia and Herzegovina,0,2025,0,1,838,2025-07-10,72.0,70.0,-2.0,1349.11,1351.0,2025-07-10,22.0,22.0,0.0,1591.25,1580.0,-50.0,-242.1400000000001,1485.0,1871.0,-386.0,-1,3.0,3.0,3.0,3.0,3.0,3.0,3.0,2.4,2.142857142857143,2.765625,2.4403292181069958,2.149658203125,0.0,0.6000000000000001,0.8571428571428572,0.234375,0.5596707818930042,0.850341796875
832,2025-09-09,Cyprus,Romania,2.0,2.0,FIFA World Cup qualification,Nicosia,Cyprus,0,2025,0,1,839,2025-07-10,128.0,129.0,1.0,1124.35,1128.0,2025-07-10,48.0,45.0,-3.0,1474.46,1479.0,-80.0,-350.1100000000001,1299.0,1681.0,-382.0,0,0.0,0.75,0.75,0.375,0.8888888888888891,1.265625,2.0,1.2,1.0,1.875,1.4444444444444442,1.171875,-2.0,-0.44999999999999996,-0.25,-1.5,-0.5555555555555551,0.09375
833,2025-09-09,Jamaica,Trinidad and Tobago,2.0,0.0,FIFA World Cup qualification,Kingston,Jamaica,0,2025,0,1,840,2025-04-03,63.0,62.0,-1.0,1387.49,1391.0,2025-07-10,101.0,100.0,-1.0,1229.11,1230.0,38.0,158.3800000000001,1588.0,1395.0,193.0,1,3.0,1.8,2.142857142857143,2.7080078125,2.397788277532219,2.1647214889526367,1.3333333333333333,1.6,1.6,1.125,1.2716049382716048,1.3046875,1.6666666666666667,0.19999999999999996,0.5428571428571427,1.5830078125,1.126183339260614,0.8600339889526367
834,2025-09-09,Albania,Latvia,1.0,0.0,FIFA World Cup qualification,Tirana,Albania,0,2025,0,1,841,2025-07-10,68.0,66.0,-2.0,1373.15,1376.0,2025-07-10,137.0,138.0,1.0,1099.3,1092.0,69.0,273.85000000000014,1627.0,1301.0,326.0,1,1.6666666666666667,1.0,1.0,1.15625,1.1316872427983538,1.0966796875,0.3333333333333333,1.0,1.0,0.625,1.1111111111111114,1.453125,1.3333333333333335,0.0,0.0,0.53125,0.02057613168724237,-0.3564453125
835,2025-09-09,Serbia,England,0.0,5.0,FIFA World Cup qualification,Belgrade,Serbia,0,2025,0,1,842,2025-07-10,32.0,31.0,-1.0,1523.03,1524.0,2025-07-10,4.0,4.0,0.0,1813.32,1819.0,-28.0,-290.29,1838.0,2006.0,-168.0,-1,2.3333333333333335,1.4,1.1428571428571428,2.390625,1.858710562414266,1.512451171875,3.0,2.4,2.2857142857142856,2.88397216796875,2.686742969342543,2.54552192799747,-0.6666666666666665,-1.0,-1.1428571428571428,-0.49334716796875,-0.828032406928277,-1.03307075612247
836,2025-09-09,Curaçao,Bermuda,3.0,2.0,FIFA World Cup qualification,Willemstad,Curaçao,0,2025,0,1,843,2025-07-10,86.0,90.0,4.0,1277.22,1265.0,2025-07-10,162.0,168.0,6.0,1000.04,978.0,76.0,277.18000000000006,1335.0,1169.0,166.0,1,2.3333333333333335,2.6,2.6,2.0,2.333333333333333,2.5,2.0,1.4,1.4,1.1875,1.308641975308642,1.30078125,0.3333333333333335,1.2000000000000002,1.2000000000000002,0.8125,1.024691358024691,1.19921875
837,2025-09-09,Costa Rica,Haiti,3.0,3.0,FIFA World Cup qualification,San José,Costa Rica,0,2025,0,1,844,2025-07-10,40.0,54.0,14.0,1493.85,1459.0,2025-07-10,90.0,83.0,-7.0,1261.42,1292.0,50.0,232.42999999999984,1658.0,1538.0,120.0,0,2.3333333333333335,2.0,2.0,1.8676605224609375,1.9906360424835454,2.0217118485597894,1.3333333333333333,2.0,2.0,1.25,1.6666666666666667,1.9375,1.0000000000000002,0.0,0.0,0.6176605224609375,0.3239693758168787,0.08421184855978936
838,2025-09-09,Honduras,Nicaragua,2.0,0.0,FIFA World Cup qualification,Tegucigalpa,Honduras,0,2025,0,1,845,2025-07-10,66.0,75.0,9.0,1379.84,1334.0,2025-07-10,130.0,133.0,3.0,1120.02,1114.0,64.0,259.81999999999994,1562.0,1325.0,237.0,1,2.3333333333333335,2.6,1.8571428571428572,1.91015625,1.9577808260935832,1.8214569091796875,1.3333333333333333,2.0,2.0,1.25,1.6666666666666667,1.9375,1.0000000000000002,0.6000000000000001,-0.1428571428571428,0.66015625,0.29111415942691643,-0.1160430908203125
839,2025-09-09,Gabon,Ivory Coast,0.0,0.0,FIFA World Cup qualification,Franceville,Gabon,0,2025,0,1,846,2025-07-10,80.0,79.0,-1.0,1306.59,1310.0,2025-07-10,45.0,41.0,-4.0,1480.96,1487.0,-35.0,-174.37000000000012,1494.0,1579.0,-85.0,0,3.0,2.4,2.5714285714285716,2.90625,2.802469135802469,2.7626953125,3.0,2.6,2.7142857142857144,2.86669921875,2.7331030161391388,2.6404573917388916,0.0,-0.20000000000000018,-0.1428571428571428,0.03955078125,0.0693661196633304,0.1222379207611084
840,2025-09-09,Kenya,Seychelles,5.0,0.0,FIFA World Cup qualification,Nairobi,Kenya,0,2025,0,1,848,2025-07-10,109.0,111.0,2.0,1179.05,1179.0,2025-07-10,203.0,203.0,0.0,820.71,821.0,94.0,358.3399999999999,1376.0,859.0,517.0,1,0.3333333333333333,0.6,0.8571428571428571,0.265625,0.4444444444444445,0.503173828125,0.0,0.0,0.0,0.0,0.0,0.0,0.3333333333333333,0.6,0.8571428571428571,0.265625,0.4444444444444445,0.503173828125
841,2025-09-09,Gambia,Burundi,2.0,0.0,FIFA World Cup qualification,Nairobi,Kenya,1,2025,0,1,849,2022-03-31,123.0,125.0,2.0,1138.19,1135.18,2025-07-10,139.0,140.0,1.0,1092.51,1086.0,16.0,45.680000000000064,1443.0,1291.0,152.0,1,1.3333333333333333,1.4,1.0,1.71875,1.3456790123456788,1.1279296875,1.0,1.4,1.4285714285714286,1.015625,1.292181069958848,1.491943359375,0.33333333333333326,0.0,-0.4285714285714286,0.703125,0.0534979423868307,-0.364013671875
842,2025-09-09,Angola,Mauritius,3.0,1.0,FIFA World Cup qualification,Luanda,Angola,0,2025,0,1,850,2025-07-10,85.0,87.0,2.0,1279.55,1280.0,2025-07-10,177.0,178.0,1.0,921.61,922.0,92.0,357.93999999999994,1543.0,1094.0,449.0,1,0.3333333333333333,1.0,1.0,0.3125,0.5761316872427985,0.720703125,0.3333333333333333,0.8,0.7142857142857143,0.453125,0.5624142661179699,0.563232421875,0.0,0.19999999999999996,0.2857142857142857,-0.140625,0.013717421124828655,0.157470703125
843,2025-09-09,Ecuador,Argentina,1.0,0.0,FIFA World Cup qualification,Guayaquil,Ecuador,0,2025,0,1,851,2025-07-10,25.0,24.0,-1.0,1570.68,1568.0,2025-07-10,1.0,1.0,0.0,1885.36,1886.0,-24.0,-314.67999999999984,1910.0,2108.0,-198.0,1,1.0,1.4,1.8571428571428572,1.1109670251607895,1.2940044711625402,1.4074409493154996,2.3333333333333335,2.6,2.2857142857142856,2.4695986174046993,2.4115402397504058,2.367726154075265,-1.3333333333333335,-1.2000000000000002,-0.4285714285714284,-1.3586315922439098,-1.1175357685878655,-0.9602852047597656
844,2025-09-09,Peru,Paraguay,0.0,1.0,FIFA World Cup qualification,Lima,Peru,0,2025,0,1,852,2025-07-10,42.0,42.0,0.0,1489.98,1483.0,2025-07-10,43.0,48.0,5.0,1486.68,1476.0,1.0,3.2999999999999545,1744.0,1775.0,-31.0,-1,0.6666666666666666,1.0,0.8571428571428571,0.48297595977783203,0.6446652685217599,0.7143311212854826,1.3333333333333333,1.6,1.7142857142857142,1.08744215965271,1.3117224409845774,1.416690222712134,-0.6666666666666666,-0.6000000000000001,-0.8571428571428571,-0.6044661998748779,-0.6670571724628175,-0.7023591014266515
845,2025-09-09,Bolivia,Brazil,1.0,0.0,FIFA World Cup qualification,El Alto,Bolivia,0,2025,0,1,853,2025-07-10,78.0,80.0,2.0,1315.71,1308.0,2025-07-10,5.0,5.0,0.0,1777.68,1776.0,-73.0,-461.97,1663.0,1996.0,-333.0,1,1.0,0.8,0.7142857142857143,0.8384246826171875,0.8939837717256096,0.9109508546534926,2.3333333333333335,2.0,1.7142857142857142,2.5118172727525234,2.2144361613199774,2.0638589932850673,-1.3333333333333335,-1.2,-0.9999999999999999,-1.673392590135336,-1.3204523895943678,-1.1529081386315747
846,2025-09-09,Venezuela,Colombia,3.0,6.0,FIFA World Cup qualification,Maturín,Venezuela,0,2025,0,1,854,2025-07-10,46.0,47.0,1.0,1477.02,1477.0,2025-07-10,14.0,14.0,0.0,1679.46,1679.0,-32.0,-202.44000000000003,1745.0,1977.0,-232.0,-1,1.0,1.2,1.0,0.574114203453064,0.8130884968805262,0.9041426587496204,1.6666666666666667,1.2,0.8571428571428571,1.9533046782016754,1.5795409744087132,1.4330720583776815,-0.6666666666666667,0.0,0.1428571428571429,-1.3791904747486115,-0.766452477528187,-0.5289293996280611
847,2025-09-09,Chile,Uruguay,0.0,0.0,FIFA World Cup qualification,Santiago,Chile,0,2025,0,1,855,2025-07-10,57.0,52.0,-5.0,1441.62,1462.0,2025-07-10,16.0,13.0,-3.0,1670.75,1679.0,-41.0,-229.1300000000001,1689.0,1948.0,-259.0,0,0.0,0.2,0.7142857142857143,0.11748957633972168,0.2667732534308384,0.3541351557810799,2.0,1.4,1.5714285714285714,2.3574200868606567,1.9464359406741363,1.742453046701438,-2.0,-1.2,-0.8571428571428571,-2.239930510520935,-1.6796626872432978,-1.3883178909203582
848,2025-09-09,Burkina Faso,Egypt,0.0,0.0,FIFA World Cup qualification,Ouagadougou,Burkina Faso,0,2025,0,1,856,2025-07-10,63.0,64.0,1.0,1388.03,1385.0,2025-07-10,34.0,32.0,-2.0,1518.79,1519.0,-29.0,-130.76,1549.0,1657.0,-108.0,0,3.0,2.0,2.0,2.734375,2.400091449474165,2.1661376953125,3.0,2.6,2.142857142857143,2.815673828125,2.5795582200093703,2.4329461455345154,0.0,-0.6000000000000001,-0.1428571428571428,-0.081298828125,-0.1794667705352051,-0.2668084502220154
849,2025-09-09,Togo,Sudan,1.0,0.0,FIFA World Cup qualification,Lomé,Togo,0,2025,0,1,857,2025-07-10,120.0,120.0,0.0,1149.49,1149.0,2025-07-10,110.0,114.0,4.0,1173.59,1174.0,-10.0,-24.09999999999991,1368.0,1383.0,-15.0,1,0.3333333333333333,0.4,0.5714285714285714,0.1875,0.3456790123456791,0.45703125,0.6666666666666666,1.6,1.7142857142857142,0.71875,1.083676268861454,1.23779296875,-0.3333333333333333,-1.2000000000000002,-1.1428571428571428,-0.53125,-0.737997256515775,-0.78076171875
850,2025-09-09,Sierra Leone,Ethiopia,2.0,0.0,FIFA World Cup qualification,Monrovia,Liberia,1,2025,0,1,858,2025-07-10,124.0,124.0,0.0,1140.06,1140.0,2025-07-10,146.0,147.0,1.0,1060.62,1061.0,22.0,79.44000000000005,1333.0,1276.0,57.0,1,1.3333333333333333,1.6,1.2857142857142858,1.046875,1.161865569272977,1.192626953125,1.0,1.0,0.8571428571428571,0.859375,0.9190672153635117,0.925048828125,0.33333333333333326,0.6000000000000001,0.4285714285714287,0.1875,0.24279835390946525,0.267578125
851,2025-09-09,Mauritania,South Sudan,0.0,0.0,FIFA World Cup qualification,Nouadhibou,Mauritania,0,2025,0,1,859,2025-07-10,111.0,110.0,-1.0,1173.04,1180.0,2025-07-10,169.0,170.0,1.0,975.6,976.0,58.0,197.44,1331.0,1136.0,195.0,0,1.3333333333333333,0.8,1.0,1.65234375,1.2554488645023623,1.0574798583984375,0.3333333333333333,0.4,0.42857142857142855,0.296875,0.3319615912208505,0.325927734375,1.0,0.4,0.5714285714285714,1.35546875,0.9234872732815118,0.7315521240234375
852,2025-09-09,Zimbabwe,Rwanda,0.0,1.0,FIFA World Cup qualification,Johannesburg,South Africa,1,2025,0,1,860,2025-07-10,116.0,116.0,0.0,1157.45,1161.0,2025-07-10,127.0,130.0,3.0,1125.47,1127.0,11.0,31.98000000000001,1398.0,1271.0,127.0,-1,0.6666666666666666,0.4,0.5714285714285714,0.40625,0.5020576131687243,0.5654296875,0.3333333333333333,0.8,1.1428571428571428,0.5,0.7379972565157752,0.85986328125,0.3333333333333333,-0.4,-0.5714285714285714,-0.09375,-0.23593964334705086,-0.29443359375
853,2025-09-09,South Africa,Nigeria,1.0,1.0,FIFA World Cup qualification,Bloemfontein,South Africa,0,2025,0,1,861,2025-07-10,56.0,56.0,0.0,1443.31,1445.0,2025-07-10,44.0,43.0,-1.0,1484.27,1481.0,-12.0,-40.96000000000004,1576.0,1657.0,-81.0,0,2.0,2.0,1.7142857142857142,2.5047607421875,2.2019208152927603,2.0525623708963394,2.3333333333333335,1.6,1.2857142857142858,2.1796875,1.8593202255753696,1.683197021484375,-0.3333333333333335,0.3999999999999999,0.4285714285714284,0.3250732421875,0.3426005897173907,0.3693653494119644
854,2025-09-09,Benin,Lesotho,4.0,0.0,FIFA World Cup qualification,Abidjan,Ivory Coast,1,2025,0,1,862,2025-07-10,96.0,95.0,-1.0,1238.97,1240.0,2025-07-10,148.0,148.0,0.0,1046.35,1046.0,52.0,192.6200000000001,1476.0,1221.0,255.0,1,1.3333333333333333,2.0,1.5714285714285714,1.921875,1.6858710562414263,1.503662109375,1.3333333333333333,1.4,1.2857142857142858,0.75,0.9958847736625516,1.083984375,0.0,0.6000000000000001,0.2857142857142856,1.171875,0.6899862825788747,0.419677734375
855,2025-09-09,Cape Verde,Cameroon,1.0,0.0,FIFA World Cup qualification,Praia,Cape Verde,0,2025,0,1,863,2025-07-10,73.0,72.0,-1.0,1343.68,1344.0,2025-07-10,51.0,50.0,-1.0,1466.97,1466.0,-22.0,-123.28999999999996,1472.0,1578.0,-106.0,1,3.0,2.4,2.2857142857142856,2.8662109375,2.652537158405166,2.492830753326416,2.3333333333333335,2.2,1.7142857142857142,2.558349609375,2.2581528335224417,2.066038191318512,0.6666666666666665,0.19999999999999973,0.5714285714285714,0.307861328125,0.39438432488272435,0.42679256200790405
856,2025-09-09,Tanzania,Niger,0.0,1.0,FIFA World Cup qualification,Unguja,Tanzania,0,2025,0,1,864,2025-07-10,103.0,107.0,4.0,1209.14,1196.0,2025-07-10,121.0,122.0,1.0,1148.22,1143.0,18.0,60.92000000000007,1383.0,1337.0,46.0,-1,1.3333333333333333,1.0,1.1428571428571428,0.984375,1.139917695473251,1.311279296875,1.0,0.75,0.75,0.375,0.4444444444444445,0.421875,0.33333333333333326,0.25,0.3928571428571428,0.609375,0.6954732510288066,0.889404296875
857,2025-09-09,DR Congo,Senegal,2.0,3.0,FIFA World Cup qualification,Kinshasa,DR Congo,0,2025,0,1,865,2025-07-10,61.0,61.0,0.0,1412.1,1407.0,2025-07-10,18.0,19.0,1.0,1635.1,1630.0,-43.0,-223.0,1540.0,1771.0,-231.0,-1,3.0,2.6,2.0,2.874969482421875,2.614407424900029,2.3889398714527488,2.3333333333333335,2.2,2.142857142857143,2.6534271240234375,2.4473296119349017,2.3292445878032595,0.6666666666666665,0.3999999999999999,-0.1428571428571428,0.2215423583984375,0.16707781296512714,0.059695283649489284
858,2025-10-08,Niger,Congo,3.0,1.0,FIFA World Cup qualification,Ouagadougou,Burkina Faso,1,2025,0,1,866,2025-09-18,117.0,121.0,4.0,1158.73,1148.0,2025-09-18,133.0,132.0,-1.0,1119.76,1116.0,16.0,38.97000000000003,1362.0,1261.0,101.0,1,1.0,1.2,1.2,1.6875,1.296296296296296,1.06640625,0.3333333333333333,0.3333333333333333,0.3333333333333333,0.5,0.33333333333333326,0.25,0.6666666666666667,0.8666666666666667,0.8666666666666667,1.1875,0.9629629629629628,0.81640625
859,2025-10-08,Chad,Mali,0.0,2.0,FIFA World Cup qualification,N'Djamena,Chad,0,2025,0,1,867,2025-09-18,175.0,175.0,0.0,925.82,925.0,2025-09-18,56.0,54.0,-2.0,1445.83,1455.0,-119.0,-520.0099999999999,1150.0,1631.0,-481.0,-1,0.3333333333333333,0.2,0.14285714285714285,0.25,0.2222222222222222,0.1875,1.3333333333333333,1.6,1.1428571428571428,1.106201171875,1.2653483641646017,1.2786535620689392,-1.0,-1.4000000000000001,-1.0,-0.856201171875,-1.0431261419423796,-1.0911535620689392
860,2025-10-08,Central African Republic,Ghana,0.0,5.0,FIFA World Cup qualification,El Jadida,Morocco,1,2025,0,1,868,2025-09-18,140.0,134.0,-6.0,1081.36,1108.0,2025-09-18,75.0,76.0,1.0,1340.84,1333.0,-65.0,-259.48,1250.0,1429.0,-179.0,-1,0.3333333333333333,0.2,0.7142857142857143,0.1796875,0.30909922267946965,0.36309814453125,2.3333333333333335,2.6,2.4285714285714284,2.46673583984375,2.3694284867829998,2.252740401774645,-2.0,-2.4,-1.714285714285714,-2.28704833984375,-2.06032926410353,-1.8896422572433949
861,2025-10-08,Comoros,Madagascar,1.0,2.0,FIFA World Cup qualification,Abidjan,Ivory Coast,1,2025,0,1,869,2025-09-18,105.0,107.0,2.0,1201.83,1199.0,2025-09-18,108.0,115.0,7.0,1187.61,1163.0,3.0,14.220000000000027,1340.0,1325.0,15.0,-1,2.0,1.8,1.7142857142857142,2.015625,1.9053497942386832,1.943115234375,2.0,2.0,2.2857142857142856,2.5390625,2.248285322359396,2.01947021484375,0.0,-0.19999999999999996,-0.5714285714285714,-0.5234375,-0.34293552812071293,-0.07635498046875
862,2025-10-08,Tanzania,Zambia,0.0,1.0,FIFA World Cup qualification,Unguja,Tanzania,0,2025,0,1,870,2025-09-18,107.0,103.0,-4.0,1199.43,1209.0,2025-09-18,85.0,83.0,-2.0,1273.0,1285.0,-22.0,-73.56999999999994,1363.0,1523.0,-160.0,-1,0.3333333333333333,1.0,0.7142857142857143,0.4921875,0.7599451303155008,0.98345947265625,0.0,0.2,0.5714285714285714,0.078125,0.329218106995885,0.613037109375,0.3333333333333333,0.8,0.1428571428571429,0.4140625,0.4307270233196158,0.37042236328125
863,2025-10-08,Mauritius,Cameroon,0.0,2.0,FIFA World Cup qualification,Saint Pierre,Mauritius,0,2025,0,1,871,2025-09-18,179.0,177.0,-2.0,912.24,922.0,2025-09-18,52.0,51.0,-1.0,1455.42,1467.0,-127.0,-543.1800000000001,1084.0,1579.0,-495.0,-1,0.3333333333333333,0.8,0.7142857142857143,0.2265625,0.3749428440786466,0.42242431640625,2.0,1.6,1.5714285714285714,1.2791748046875,1.5054352223482945,1.549528643488884,-1.6666666666666667,-0.8,-0.8571428571428571,-1.0526123046875,-1.1304923782696479,-1.127104327082634
864,2025-10-08,Ethiopia,Guinea-Bissau,1.0,0.0,FIFA World Cup qualification,Kigali,Rwanda,1,2025,0,1,872,2025-09-18,147.0,146.0,-1.0,1046.41,1061.0,2025-09-18,130.0,131.0,1.0,1126.81,1120.0,-17.0,-80.39999999999986,1250.0,1411.0,-161.0,1,1.0,0.8,0.7142857142857143,0.4296875,0.6127114769090078,0.69378662109375,1.3333333333333333,1.0,0.8571428571428571,1.8125,1.4295076969974088,1.276153564453125,-0.33333333333333326,-0.19999999999999996,-0.1428571428571428,-1.3828125,-0.8167962200884009,-0.582366943359375
865,2025-10-08,Libya,Cape Verde,3.0,3.0,FIFA World Cup qualification,Tripoli,Libya,0,2025,0,1,873,2025-09-18,112.0,117.0,5.0,1179.56,1155.0,2025-07-10,73.0,72.0,-1.0,1343.68,1344.0,-39.0,-164.12000000000012,1347.0,1472.0,-125.0,0,2.0,1.4,1.5714285714285714,2.390625,2.1019661636945584,2.0408935546875,3.0,3.0,2.2857142857142856,2.93310546875,2.7683581056034443,2.619623064994812,-1.0,-1.6,-0.7142857142857142,-0.54248046875,-0.666391941908886,-0.578729510307312
866,2025-10-08,Djibouti,Egypt,0.0,3.0,FIFA World Cup qualification,Casablanca,Morocco,1,2025,0,1,874,2025-09-18,193.0,191.0,-2.0,855.91,866.0,2025-09-18,35.0,34.0,-1.0,1519.18,1519.0,-158.0,-663.2700000000001,752.0,1657.0,-905.0,-1,0.0,0.2,0.14285714285714285,0.03125,0.06584362139917697,0.0791015625,2.3333333333333335,2.2,2.142857142857143,1.9078369140625,2.0530388133395805,2.0747096091508865,-2.3333333333333335,-2.0,-2.0,-1.8765869140625,-1.9871951919404036,-1.9956080466508865
867,2025-10-08,Sierra Leone,Burkina Faso,0.0,1.0,FIFA World Cup qualification,Monrovia,Liberia,1,2025,0,1,875,2025-09-18,122.0,124.0,2.0,1150.1,1140.0,2025-09-18,64.0,63.0,-1.0,1385.36,1388.0,-58.0,-235.26,1353.0,1508.0,-155.0,-1,1.3333333333333333,1.6,1.5714285714285714,2.0234375,1.7745770461819843,1.64447021484375,2.3333333333333335,2.2,1.7142857142857142,1.8671875,1.9333942996494435,1.874603271484375,-1.0000000000000002,-0.6000000000000001,-0.1428571428571428,0.15625,-0.15881725346745923,-0.230133056640625
868,2025-10-08,Saudi Arabia,Indonesia,3.0,2.0,FIFA World Cup qualification,Jeddah,Saudi Arabia,0,2025,0,1,876,2025-09-18,59.0,59.0,0.0,1420.65,1415.0,2025-09-18,119.0,118.0,-1.0,1157.94,1155.0,60.0,262.71000000000004,1536.0,1357.0,179.0,1,1.3333333333333333,1.4,1.2857142857142858,1.0939003378152847,1.2571182106675727,1.307256117300543,2.0,1.8,1.2857142857142858,1.227609634399414,1.381706815201506,1.3972244920332741,-0.6666666666666667,-0.40000000000000013,0.0,-0.13370929658412933,-0.12458860453393328,-0.08996837473273112
869,2025-10-08,Qatar,Oman,0.0,0.0,FIFA World Cup qualification,Al Rayyan,Qatar,0,2025,0,1,877,2025-09-18,53.0,53.0,0.0,1453.65,1460.0,2025-09-18,78.0,79.0,1.0,1321.97,1314.0,25.0,131.68000000000006,1524.0,1501.0,23.0,0,1.0,1.2,1.2857142857142858,1.0004726648330688,1.2092189861911813,1.3208240225471712,1.3333333333333333,1.0,1.1428571428571428,0.9979047775268555,1.100309625653852,1.161205133560543,-0.33333333333333326,0.19999999999999996,0.14285714285714302,0.002567887306213379,0.10890936053732925,0.15961888898662835
870,2025-10-08,Eswatini,Angola,2.0,2.0,FIFA World Cup qualification,Lobamba,Eswatini,0,2025,0,1,878,2025-09-18,159.0,155.0,-4.0,1010.06,1023.0,2025-09-18,89.0,85.0,-4.0,1268.72,1280.0,-70.0,-258.6600000000001,1233.0,1571.0,-338.0,0,0.3333333333333333,0.4,0.2857142857142857,0.1875,0.2469135802469136,0.24609375,1.0,1.0,1.2857142857142858,1.65625,1.3840877914951988,1.29052734375,-0.6666666666666667,-0.6,-1.0,-1.46875,-1.1371742112482852,-1.04443359375
871,2025-10-09,Austria,San Marino,10.0,0.0,FIFA World Cup qualification,Vienna,Austria,0,2025,0,1,879,2025-09-18,22.0,22.0,0.0,1601.86,1591.0,2025-09-18,210.0,210.0,0.0,733.23,738.0,188.0,868.6299999999999,1871.0,841.0,1030.0,1,3.0,2.4,2.5714285714285716,2.8828125,2.6268861454046637,2.36224365234375,0.0,0.0,0.0,0.0,0.0,0.0,3.0,2.4,2.5714285714285716,2.8828125,2.6268861454046637,2.36224365234375
872,2025-10-09,Nicaragua,Haiti,0.0,3.0,FIFA World Cup qualification,Managua,Nicaragua,0,2025,0,1,880,2025-09-18,132.0,130.0,-2.0,1120.77,1120.0,2025-09-18,87.0,90.0,3.0,1269.23,1261.0,-45.0,-148.46000000000004,1331.0,1538.0,-207.0,-1,0.3333333333333333,1.4,1.6666666666666667,0.625,1.1111111111111114,1.453125,0.6666666666666666,1.6,1.8333333333333333,1.125,1.4444444444444446,1.703125,-0.3333333333333333,-0.20000000000000018,-0.16666666666666652,-0.5,-0.33333333333333326,-0.25
873,2025-10-09,Liberia,Namibia,3.0,1.0,FIFA World Cup qualification,Monrovia,Liberia,0,2025,0,1,881,2025-09-18,144.0,144.0,0.0,1065.62,1068.0,2025-09-18,109.0,108.0,-1.0,1183.79,1192.0,-35.0,-118.17000000000009,1256.0,1363.0,-107.0,1,1.3333333333333333,1.4,1.5714285714285714,1.0078125,1.1069958847736627,1.10198974609375,1.3333333333333333,1.6,1.2857142857142858,1.8828125,1.729766803840878,1.74591064453125,0.0,-0.20000000000000018,0.2857142857142856,-0.875,-0.6227709190672153,-0.6439208984375
874,2025-10-09,Czech Republic,Croatia,0.0,0.0,FIFA World Cup qualification,Prague,Czech Republic,0,2025,0,1,882,2022-03-31,33.0,31.0,-2.0,1500.62,1510.42,2025-09-18,9.0,10.0,1.0,1714.21,1708.0,-24.0,-213.5900000000001,1753.0,1886.0,-133.0,0,2.0,2.4,1.8571428571428572,2.1640625,1.967535436671239,1.77008056640625,3.0,2.6,2.0,2.873291015625,2.6068249658318923,2.3802447617053986,-1.0,-0.20000000000000018,-0.1428571428571428,-0.709228515625,-0.6392895291606533,-0.6101641952991486
875,2025-10-09,Faroe Islands,Montenegro,4.0,0.0,FIFA World Cup qualification,Tórshavn,Faroe Islands,0,2025,0,1,883,2025-09-18,136.0,141.0,5.0,1094.46,1090.0,2025-09-18,80.0,77.0,-3.0,1314.05,1327.0,-56.0,-219.58999999999992,1248.0,1516.0,-268.0,1,2.0,1.2,1.2,1.875,1.4444444444444442,1.171875,0.0,1.2,1.2,0.375,0.8888888888888891,1.265625,2.0,0.0,0.0,1.5,0.5555555555555551,-0.09375
876,2025-10-09,Cyprus,Bosnia and Herzegovina,2.0,2.0,FIFA World Cup qualification,Larnaca,Cyprus,0,2025,0,1,884,2025-09-18,128.0,128.0,0.0,1128.11,1124.0,2025-09-18,73.0,72.0,-1.0,1344.25,1349.0,-55.0,-216.1400000000001,1311.0,1485.0,-174.0,0,0.3333333333333333,0.8,0.8,0.6875,0.925925925925926,1.19921875,2.0,2.4,2.4,1.5,2.0,2.25,-1.6666666666666667,-1.5999999999999999,-1.5999999999999999,-0.8125,-1.074074074074074,-1.05078125
877,2025-10-09,Honduras,Costa Rica,0.0,0.0,FIFA World Cup qualification,San Pedro Sula,Honduras,0,2025,0,1,885,2025-09-18,65.0,66.0,1.0,1383.99,1380.0,2025-09-18,47.0,40.0,-7.0,1481.14,1494.0,-18.0,-97.15000000000008,1585.0,1666.0,-81.0,0,2.3333333333333335,2.6,2.2857142857142856,2.455078125,2.305187217395722,2.1160926818847656,1.6666666666666667,2.2,1.7142857142857142,1.4338302612304688,1.6604240283223637,1.766283886419842,0.6666666666666667,0.3999999999999999,0.5714285714285714,1.0212478637695312,0.6447631890733583,0.3498087954649236
878,2025-10-09,Finland,Lithuania,2.0,1.0,FIFA World Cup qualification,Helsinki,Finland,0,2025,0,1,886,2025-09-18,71.0,69.0,-2.0,1358.71,1372.0,2025-09-18,145.0,143.0,-2.0,1065.34,1069.0,74.0,293.3700000000001,1556.0,1293.0,263.0,1,1.0,1.4,1.4,1.0,1.358024691358025,1.6171875,0.6666666666666666,0.6,0.6,0.4375,0.4691358024691358,0.43359375,0.33333333333333337,0.7999999999999999,0.7999999999999999,0.5625,0.8888888888888892,1.18359375
879,2025-10-09,Scotland,Greece,3.0,1.0,FIFA World Cup qualification,Glasgow,Scotland,0,2025,0,1,887,2025-09-18,43.0,47.0,4.0,1485.08,1475.0,2025-09-18,40.0,39.0,-1.0,1494.71,1498.0,-3.0,-9.63000000000011,1759.0,1838.0,-79.0,1,1.3333333333333333,1.0,0.8333333333333334,1.8125,1.3209876543209873,1.04296875,1.5,1.5,1.5,1.5,2.0,2.25,-0.16666666666666674,-0.5,-0.6666666666666666,0.3125,-0.6790123456790127,-1.20703125
880,2025-10-09,Belarus,Denmark,0.0,6.0,FIFA World Cup qualification,Zalaegerszeg,Hungary,1,2025,0,1,888,2025-09-18,100.0,97.0,-3.0,1223.55,1237.0,2025-09-18,20.0,21.0,1.0,1627.64,1621.0,-80.0,-404.09000000000015,1492.0,1864.0,-372.0,-1,0.0,0.0,0.0,0.0,0.0,0.0,1.3333333333333333,1.0,0.8571428571428571,1.828125,1.40877914951989,1.220947265625,-1.3333333333333333,-1.0,-0.8571428571428571,-1.828125,-1.40877914951989,-1.220947265625
881,2025-10-09,Malawi,Equatorial Guinea,3.0,0.0,FIFA World Cup qualification,Lilongwe,Malawi,0,2025,0,1,889,2025-09-18,126.0,129.0,3.0,1133.6,1121.0,2025-09-18,95.0,93.0,-2.0,1248.68,1252.0,-31.0,-115.08000000000015,1256.0,1522.0,-266.0,1,1.3333333333333333,0.8,1.0,1.3203125,1.3072702331961592,1.39093017578125,1.3333333333333333,2.0,1.8571428571428572,1.1796875,1.3964334705075447,1.39031982421875,0.0,-1.2,-0.8571428571428572,0.140625,-0.08916323731138553,0.0006103515625
882,2025-10-09,Mozambique,Guinea,1.0,2.0,FIFA World Cup qualification,Maputo,Mozambique,0,2025,0,1,890,2025-09-18,97.0,99.0,2.0,1234.04,1236.0,2025-09-18,81.0,81.0,0.0,1299.48,1293.0,-16.0,-65.44000000000005,1432.0,1466.0,-34.0,-1,1.0,1.8,1.8571428571428572,1.8408203125,1.719808972209521,1.7201528549194336,1.3333333333333333,1.0,1.1428571428571428,1.365234375,1.308489559518366,1.3212013244628906,-0.33333333333333326,0.8,0.7142857142857144,0.4755859375,0.4113194126911548,0.39895153045654297
883,2025-10-09,Botswana,Uganda,0.0,1.0,FIFA World Cup qualification,Francistown,Botswana,0,2025,0,1,891,2025-09-18,139.0,135.0,-4.0,1087.27,1101.0,2025-09-18,82.0,88.0,6.0,1287.61,1269.0,-57.0,-200.33999999999992,1326.0,1389.0,-63.0,-1,1.0,1.2,1.2857142857142858,0.4921875,0.7297668038408779,0.79266357421875,3.0,1.8,2.142857142857143,2.6953125,2.3305898491083674,2.04583740234375,-2.0,-0.6000000000000001,-0.857142857142857,-2.203125,-1.6008230452674894,-1.253173828125
884,2025-10-09,Algeria,Somalia,3.0,0.0,FIFA World Cup qualification,Bir El Djir,Algeria,0,2025,0,1,892,2025-09-18,38.0,36.0,-2.0,1500.73,1504.0,2025-09-18,201.0,200.0,-1.0,824.75,832.0,163.0,675.98,1685.0,857.0,828.0,1,2.3333333333333335,2.6,1.8571428571428572,1.917236328125,2.037262838207816,2.0400628447532654,0.0,0.2,0.14285714285714285,0.0625,0.09876543209876545,0.10546875,2.3333333333333335,2.4,1.7142857142857144,1.854736328125,1.9384974061090507,1.9345940947532654
885,2025-10-09,Burundi,Kenya,0.0,1.0,FIFA World Cup qualification,Bujumbura,Burundi,0,2025,0,1,893,2025-09-18,141.0,139.0,-2.0,1077.05,1093.0,2025-09-18,111.0,109.0,-2.0,1181.64,1179.0,-30.0,-104.59000000000016,1268.0,1341.0,-73.0,-1,1.0,1.2,1.0,0.5078125,0.8614540466392322,1.11895751953125,1.0,1.0,1.2857142857142858,1.6328125,1.296296296296296,1.12738037109375,0.0,0.19999999999999996,-0.2857142857142858,-1.125,-0.43484224965706386,-0.0084228515625
886,2025-10-09,Malta,Netherlands,0.0,4.0,FIFA World Cup qualification,Ta' Qali,Malta,0,2025,0,1,894,2025-09-18,166.0,168.0,2.0,982.43,977.0,2025-09-18,7.0,7.0,0.0,1754.17,1758.0,-159.0,-771.7400000000001,1260.0,1938.0,-678.0,-1,0.6666666666666666,0.4,0.4,0.625,0.4814814814814814,0.390625,2.3333333333333335,2.0,2.2857142857142856,2.3895263671875,2.2584982256836703,2.1974905505776405,-1.666666666666667,-1.6,-1.8857142857142857,-1.7645263671875,-1.777016744202189,-1.8068655505776405
887,2025-10-10,Sweden,Switzerland,0.0,2.0,FIFA World Cup qualification,Solna,Sweden,0,2025,0,1,895,2025-09-18,32.0,29.0,-3.0,1524.63,1545.0,2025-09-18,17.0,19.0,2.0,1648.29,1635.0,-15.0,-123.65999999999984,1744.0,1814.0,-70.0,-1,0.3333333333333333,1.0,1.0,0.625,1.1111111111111114,1.453125,2.3333333333333335,2.2,2.142857142857143,2.6416015625,2.399685007366763,2.285468101501465,-2.0,-1.2000000000000002,-1.1428571428571428,-2.0166015625,-1.2885738962556517,-0.8323431015014648
888,2025-10-10,Iceland,Ukraine,3.0,5.0,FIFA World Cup qualification,Reykjavík,Iceland,0,2025,0,1,896,2025-09-18,74.0,74.0,0.0,1343.09,1338.0,2025-09-18,28.0,26.0,-2.0,1543.06,1557.0,-46.0,-199.97000000000003,1562.0,1773.0,-211.0,-1,1.5,1.5,1.5,1.5,2.0,2.25,0.6666666666666666,1.0,1.0,0.8125,1.0740740740740744,1.33984375,0.8333333333333334,0.5,0.5,0.6875,0.9259259259259256,0.91015625
889,2025-10-10,France,Azerbaijan,3.0,0.0,FIFA World Cup qualification,Paris,France,0,2025,0,1,897,2025-09-18,2.0,3.0,1.0,1870.92,1862.0,2025-09-18,124.0,122.0,-2.0,1148.09,1148.0,122.0,722.8300000000002,2055.0,1367.0,688.0,1,2.0,2.0,1.7142857142857142,2.4488525390625,2.177985891190179,2.08573217689991,0.5,0.5,0.5,0.5,0.33333333333333326,0.25,1.5,1.5,1.2142857142857142,1.9488525390625,1.8446525578568458,1.83573217689991
890,2025-10-10,Kazakhstan,Liechtenstein,4.0,0.0,FIFA World Cup qualification,Astana,Kazakhstan,0,2025,0,1,898,2025-09-18,118.0,114.0,-4.0,1158.05,1165.0,2025-09-18,204.0,204.0,0.0,808.48,812.0,86.0,349.56999999999994,1425.0,977.0,448.0,1,0.0,0.6,0.6,0.1875,0.29629629629629634,0.31640625,0.0,0.0,0.0,0.0,0.0,0.0,0.0,0.6,0.6,0.1875,0.29629629629629634,0.31640625
891,2025-10-10,El Salvador,Panama,0.0,1.0,FIFA World Cup qualification,San Salvador,El Salvador,0,2025,0,1,899,2025-09-18,90.0,87.0,-3.0,1267.75,1273.0,2025-09-18,29.0,30.0,1.0,1529.71,1545.0,-61.0,-261.96000000000004,1389.0,1726.0,-337.0,-1,1.3333333333333333,2.0,1.5714285714285714,1.17529296875,1.3828854002608006,1.3834254741668701,1.6666666666666667,1.6,2.0,1.393280029296875,1.604141904327626,1.6821595383808017,-0.3333333333333335,0.3999999999999999,-0.4285714285714286,-0.217987060546875,-0.2212565040668253,-0.29873406421393156
892,2025-10-10,Suriname,Guatemala,1.0,1.0,FIFA World Cup qualification,Paramaribo,Suriname,0,2025,0,1,900,2025-09-18,131.0,136.0,5.0,1125.2,1100.0,2025-09-18,98.0,100.0,2.0,1230.73,1236.0,-33.0,-105.52999999999996,1411.0,1481.0,-70.0,0,1.6666666666666667,2.2,2.3333333333333335,2.25,2.259259259259259,2.34375,0.3333333333333333,1.4,1.6666666666666667,0.875,1.2222222222222223,1.515625,1.3333333333333335,0.8000000000000003,0.6666666666666667,1.375,1.0370370370370368,0.828125
893,2025-10-10,Bermuda,Trinidad and Tobago,0.0,3.0,FIFA World Cup qualification,Devonshire Parish,Bermuda,0,2025,0,1,901,2025-09-18,165.0,162.0,-3.0,988.72,1000.0,2025-09-18,102.0,101.0,-1.0,1220.99,1229.0,-63.0,-232.27,1151.0,1389.0,-238.0,-1,1.0,1.2,1.1666666666666667,0.59375,0.8724279835390948,0.9755859375,0.3333333333333333,1.4,1.3333333333333333,0.5625,0.8477366255144033,0.978515625,0.6666666666666667,-0.19999999999999996,-0.16666666666666652,0.03125,0.024691358024691468,-0.0029296875
894,2025-10-10,Curaçao,Jamaica,2.0,0.0,FIFA World Cup qualification,Willemstad,Curaçao,0,2025,0,1,902,2025-09-18,84.0,86.0,2.0,1282.42,1277.0,2025-09-18,69.0,70.0,1.0,1377.21,1363.0,-15.0,-94.78999999999996,1335.0,1569.0,-234.0,1,2.3333333333333335,2.6,2.6666666666666665,2.5,2.5555555555555554,2.625,3.0,2.4,2.142857142857143,2.85400390625,2.5985255183548124,2.3735411167144775,-0.6666666666666665,0.20000000000000018,0.5238095238095237,-0.35400390625,-0.04296996279925702,0.25145888328552246
895,2025-10-10,Belgium,North Macedonia,0.0,0.0,FIFA World Cup qualification,Gent,Belgium,0,2025,0,1,903,2025-09-18,8.0,8.0,0.0,1739.55,1736.0,2025-09-18,63.0,62.0,-1.0,1388.5,1391.0,55.0,351.04999999999995,1851.0,1551.0,300.0,0,3.0,2.0,2.0,2.7314453125,2.4065945231926027,2.2266225814819336,2.3333333333333335,2.2,2.0,2.578125,2.3744855967078187,2.329833984375,0.6666666666666665,-0.20000000000000018,0.0,0.1533203125,0.03210892648478403,-0.1032114028930664
896,2025-10-10,Kosovo,Slovenia,0.0,0.0,FIFA World Cup qualification,Pristina,Kosovo,0,2025,0,1,904,2025-09-18,91.0,95.0,4.0,1262.1,1248.0,2025-09-18,50.0,50.0,0.0,1462.96,1470.0,-41.0,-200.86000000000013,1527.0,1752.0,-225.0,0,1.5,1.5,1.5,1.5,0.9999999999999998,0.75,0.6666666666666666,0.75,0.75,0.5,0.6666666666666667,0.75,0.8333333333333334,0.75,0.75,1.0,0.33333333333333304,0.0
897,2025-10-10,Tunisia,São Tomé and Príncipe,6.0,0.0,FIFA World Cup qualification,Radès,Tunisia,0,2025,0,1,905,2025-09-18,46.0,49.0,3.0,1483.02,1471.0,2025-09-18,195.0,193.0,-2.0,854.76,865.0,149.0,628.26,1598.0,1024.0,574.0,1,3.0,2.6,2.4285714285714284,2.90765380859375,2.7183317168339025,2.566436117514968,0.0,0.0,0.0,0.0,0.0,0.0,3.0,2.6,2.4285714285714284,2.90765380859375,2.7183317168339025,2.566436117514968
898,2025-10-10,Northern Ireland,Slovakia,2.0,0.0,FIFA World Cup qualification,Belfast,Northern Ireland,0,2025,0,1,906,2025-09-18,72.0,71.0,-1.0,1355.98,1351.0,2025-09-18,42.0,52.0,10.0,1491.86,1467.0,-30.0,-135.87999999999988,1561.0,1665.0,-104.0,1,1.5,1.5,1.5,1.5,2.0,2.25,2.0,2.25,2.25,2.625,2.5555555555555554,2.578125,-0.5,-0.75,-0.75,-1.125,-0.5555555555555554,-0.328125
899,2025-10-10,Seychelles,Ivory Coast,0.0,7.0,FIFA World Cup qualification,Saint Pierre,Mauritius,1,2025,0,1,907,2025-09-18,203.0,203.0,0.0,812.33,821.0,2025-09-18,44.0,45.0,1.0,1483.9,1483.0,-159.0,-671.57,845.0,1579.0,-734.0,-1,0.0,0.0,0.0,0.0,0.0,0.0,2.3333333333333335,2.2,2.4285714285714284,1.933349609375,2.155402010759426,2.2303430438041687,-2.3333333333333335,-2.2,-2.4285714285714284,-1.933349609375,-2.155402010759426,-2.2303430438041687
900,2025-10-10,Gambia,Gabon,3.0,4.0,FIFA World Cup qualification,Nairobi,Kenya,1,2025,0,1,908,2022-03-31,123.0,125.0,2.0,1138.19,1135.18,2025-09-18,79.0,80.0,1.0,1314.06,1307.0,-44.0,-175.8699999999999,1443.0,1464.0,-21.0,-1,2.0,1.4,1.4285714285714286,2.359375,1.8971193415637857,1.595947265625,2.3333333333333335,2.6,2.2857142857142856,1.953125,2.2016460905349797,2.322021484375,-0.3333333333333335,-1.2000000000000002,-0.857142857142857,0.40625,-0.30452674897119403,-0.72607421875
901,2025-10-10,South Africa,Zimbabwe,0.0,0.0,FIFA World Cup qualification,Durban,South Africa,0,2025,0,1,909,2025-09-18,55.0,56.0,1.0,1448.67,1443.0,2025-09-18,125.0,116.0,-9.0,1133.75,1157.0,70.0,314.9200000000001,1576.0,1355.0,221.0,0,2.3333333333333335,2.0,1.7142857142857142,1.75238037109375,1.8012805435285069,1.7894217781722546,0.3333333333333333,0.4,0.42857142857142855,0.203125,0.33470507544581624,0.424072265625,2.0,1.6,1.2857142857142856,1.54925537109375,1.4665754680826906,1.3653495125472546
902,2025-10-10,Rwanda,Benin,0.0,1.0,FIFA World Cup qualification,Kigali,Rwanda,0,2025,0,1,910,2025-09-18,127.0,127.0,0.0,1133.5,1125.0,2025-09-18,93.0,96.0,3.0,1257.3,1239.0,-34.0,-123.79999999999995,1341.0,1445.0,-104.0,-1,1.3333333333333333,1.4,1.4285714285714286,1.75,1.4919981710105166,1.3948974609375,2.0,2.0,2.0,2.4609375,2.123914037494284,1.87774658203125,-0.6666666666666667,-0.6000000000000001,-0.5714285714285714,-0.7109375,-0.6319158664837676,-0.48284912109375
903,2025-10-10,Lesotho,Nigeria,1.0,2.0,FIFA World Cup qualification,Polokwane,South Africa,1,2025,0,1,911,2025-09-18,153.0,148.0,-5.0,1034.11,1046.0,2025-09-18,45.0,44.0,-1.0,1483.85,1484.0,-108.0,-449.74,1198.0,1584.0,-386.0,-1,0.3333333333333333,0.8,1.1428571428571428,0.375,0.6639231824417011,0.81298828125,1.6666666666666667,1.6,1.2857142857142858,1.58984375,1.5728801503835799,1.5123977661132812,-1.3333333333333335,-0.8,-0.14285714285714302,-1.21484375,-0.9089569679418787,-0.6994094848632812
904,2025-10-10,Sudan,Mauritania,0.0,0.0,FIFA World Cup qualification,Dar es Salaam,Tanzania,1,2025,0,1,912,2025-09-18,116.0,110.0,-6.0,1163.56,1174.0,2025-09-18,110.0,111.0,1.0,1183.29,1173.0,-6.0,-19.73000000000001,1374.0,1341.0,33.0,0,0.3333333333333333,1.0,1.5714285714285714,0.359375,0.7224508459076361,0.9283447265625,1.3333333333333333,1.0,0.7142857142857143,1.326171875,1.1702992430015748,1.0431098937988281,-1.0,0.0,0.8571428571428571,-0.966796875,-0.44784839709393875,-0.11476516723632812
905,2025-10-10,South Sudan,Senegal,0.0,5.0,FIFA World Cup qualification,Juba,South Sudan,0,2025,0,1,913,2025-09-18,169.0,169.0,0.0,976.55,976.0,2025-09-18,18.0,18.0,0.0,1645.22,1635.0,-151.0,-668.6700000000001,1139.0,1771.0,-632.0,-1,0.6666666666666666,0.4,0.5714285714285714,0.6484375,0.5546410608139003,0.49444580078125,3.0,2.6,2.142857142857143,2.8267135620117188,2.631553074623268,2.4969334408524446,-2.3333333333333335,-2.2,-1.5714285714285714,-2.1782760620117188,-2.0769120138093675,-2.0024876400711946
906,2025-10-10,Togo,DR Congo,0.0,1.0,FIFA World Cup qualification,Lomé,Togo,0,2025,0,1,914,2025-09-18,120.0,120.0,0.0,1151.07,1149.0,2025-09-18,60.0,61.0,1.0,1407.6,1412.0,-60.0,-256.53,1360.0,1540.0,-180.0,-1,1.0,0.8,0.8571428571428571,1.59375,1.2304526748971192,1.0927734375,2.0,2.4,2.0,1.4374847412109375,1.7429382832666862,1.7917049035895616,-1.0,-1.5999999999999999,-1.1428571428571428,0.1562652587890625,-0.512485608369567,-0.6989314660895616
907,2025-10-10,Germany,Luxembourg,4.0,0.0,FIFA World Cup qualification,Sinsheim,Germany,0,2025,0,1,915,2025-09-18,12.0,9.0,-3.0,1704.27,1717.0,2025-09-18,96.0,92.0,-4.0,1242.61,1260.0,84.0,461.6600000000001,1971.0,1455.0,516.0,1,1.0,1.4,1.8571428571428572,1.802734375,1.653152466595539,1.5821113586425781,0.0,0.0,0.0,0.0,0.0,0.0,1.0,1.4,1.8571428571428572,1.802734375,1.653152466595539,1.5821113586425781
908,2025-10-11,Norway,Israel,5.0,0.0,FIFA World Cup qualification,Oslo,Norway,0,2025,0,1,916,2025-09-18,31.0,33.0,2.0,1526.23,1519.0,2025-09-18,76.0,75.0,-1.0,1337.4,1337.0,45.0,188.83,1806.0,1629.0,177.0,1,3.0,3.0,3.0,3.0,3.0,3.0,1.0,1.5,1.5,1.125,1.5555555555555556,1.828125,2.0,1.5,1.5,1.875,1.4444444444444444,1.171875
909,2025-10-11,Serbia,Albania,0.0,1.0,FIFA World Cup qualification,Leskovac,Serbia,0,2025,0,1,917,2025-09-18,34.0,32.0,-2.0,1520.9,1523.0,2025-09-18,66.0,68.0,2.0,1380.66,1373.0,32.0,140.24,1806.0,1631.0,175.0,-1,2.0,1.4,1.1428571428571428,1.1953125,1.239140374942844,1.13433837890625,1.6666666666666667,1.6,1.2857142857142858,2.078125,1.754458161865569,1.572509765625,0.33333333333333326,-0.20000000000000018,-0.14285714285714302,-0.8828125,-0.515317786922725,-0.43817138671875
910,2025-10-11,Estonia,Italy,1.0,3.0,FIFA World Cup qualification,Tallinn,Estonia,0,2025,0,1,918,2025-09-18,129.0,126.0,-3.0,1127.19,1131.0,2025-09-18,10.0,11.0,1.0,1710.07,1703.0,-119.0,-582.8799999999999,1356.0,1943.0,-587.0,-1,0.0,0.0,0.0,0.0,0.0,0.0,2.0,1.4,1.0,2.28125,1.7325102880658432,1.3916015625,-2.0,-1.4,-1.0,-2.28125,-1.7325102880658432,-1.3916015625
911,2025-10-11,Portugal,Republic of Ireland,1.0,0.0,FIFA World Cup qualification,Lisbon,Portugal,0,2025,0,1,919,2025-09-18,5.0,6.0,1.0,1779.56,1771.0,2025-09-18,61.0,60.0,-1.0,1397.52,1413.0,56.0,382.04,1993.0,1603.0,390.0,1,2.3333333333333335,1.6,2.0,2.5166015625,2.224102016968958,2.114081382751465,0.5,0.5,0.5,0.5,0.6666666666666667,0.75,1.8333333333333335,1.1,1.5,2.0166015625,1.5574353503022913,1.3640813827514648
912,2025-10-11,Latvia,Andorra,2.0,2.0,FIFA World Cup qualification,Riga,Latvia,0,2025,0,1,920,2025-09-18,137.0,137.0,0.0,1088.8,1099.0,2025-09-18,174.0,174.0,0.0,954.69,954.0,37.0,134.1099999999999,1295.0,1074.0,221.0,0,0.3333333333333333,0.8,0.8,0.3125,0.740740740740741,1.08984375,0.0,0.0,0.0,0.0,0.0,0.0,0.3333333333333333,0.8,0.8,0.3125,0.740740740740741,1.08984375
913,2025-10-11,Bulgaria,Turkey,1.0,6.0,FIFA World Cup qualification,Sofia,Bulgaria,0,2025,0,1,921,2025-09-18,86.0,84.0,-2.0,1271.53,1284.0,2022-03-31,43.0,39.0,-4.0,1461.81,1472.72,-43.0,-190.28,1451.0,1774.0,-323.0,-1,0.0,0.0,0.0,0.0,0.0,0.0,1.0,1.8,1.7142857142857142,1.0546875,1.2482853223593966,1.24969482421875,-1.0,-1.8,-1.7142857142857142,-1.0546875,-1.2482853223593966,-1.24969482421875
914,2025-10-11,United Arab Emirates,Oman,2.0,1.0,FIFA World Cup qualification,Al Rayyan,Qatar,1,2025,0,1,922,2025-09-18,67.0,65.0,-2.0,1379.86,1380.0,2025-09-18,78.0,79.0,1.0,1321.97,1314.0,11.0,57.88999999999987,1538.0,1501.0,37.0,1,1.6666666666666667,1.6,1.5714285714285714,1.2743067741394043,1.4100109245613206,1.4805756842708888,0.6666666666666666,1.2,1.2857142857142858,0.9989523887634277,1.0668730837692348,1.1209038501704072,1.0,0.40000000000000013,0.2857142857142856,0.27535438537597656,0.34313784079208576,0.35967183410048165
915,2025-10-11,Hungary,Armenia,2.0,0.0,FIFA World Cup qualification,Budapest,Hungary,0,2025,0,1,923,2025-09-18,41.0,38.0,-3.0,1492.18,1501.0,2025-09-18,103.0,105.0,2.0,1219.55,1205.0,62.0,272.6300000000001,1695.0,1412.0,283.0,1,1.3333333333333333,0.8,0.8,0.625,0.6666666666666666,0.609375,1.5,1.5,1.5,1.5,0.9999999999999998,0.75,-0.16666666666666674,-0.7,-0.7,-0.875,-0.33333333333333315,-0.140625
916,2025-10-11,Spain,Georgia,2.0,0.0,FIFA World Cup qualification,Elche,Spain,0,2025,0,1,924,2025-09-18,1.0,2.0,1.0,1875.37,1867.0,2025-09-18,68.0,67.0,-1.0,1377.32,1375.0,67.0,498.05,2178.0,1650.0,528.0,1,3.0,3.0,3.0,2.99609375,2.9576095935390763,2.899104952812195,1.0,1.4,1.1666666666666667,1.71875,1.362139917695473,1.1455078125,2.0,1.6,1.8333333333333333,1.27734375,1.5954696758436033,1.7535971403121948
917,2025-10-11,Iraq,Indonesia,1.0,0.0,FIFA World Cup qualification,Jeddah,Saudi Arabia,1,2025,0,1,925,2025-09-18,58.0,58.0,0.0,1422.19,1417.0,2025-09-18,119.0,118.0,-1.0,1157.94,1155.0,61.0,264.25,1584.0,1357.0,227.0,1,1.0,1.4,1.1428571428571428,1.6913131475448608,1.4857803471034263,1.4826402765640552,1.0,1.2,1.2857142857142858,0.613804817199707,0.9211378768010041,1.0479183690249556,0.0,0.19999999999999996,-0.14285714285714302,1.0775083303451538,0.5646424703024222,0.43472190753909956
918,2025-10-12,Croatia,Gibraltar,3.0,0.0,FIFA World Cup qualification,Varaždin,Croatia,0,2025,0,1,926,2025-09-18,9.0,10.0,1.0,1714.21,1708.0,2025-09-18,200.0,199.0,-1.0,827.19,835.0,191.0,887.02,1886.0,1051.0,835.0,1,2.3333333333333335,2.6,2.142857142857143,1.9366455078125,2.0712166438879285,2.035183571279049,0.0,0.0,0.0,0.0,0.0,0.0,2.3333333333333335,2.6,2.142857142857143,1.9366455078125,2.0712166438879285,2.035183571279049
919,2025-10-12,Faroe Islands,Czech Republic,2.0,1.0,FIFA World Cup qualification,Tórshavn,Faroe Islands,0,2025,0,1,927,2025-09-18,136.0,141.0,5.0,1094.46,1090.0,2022-03-31,33.0,31.0,-2.0,1500.62,1510.42,-103.0,-406.1599999999999,1248.0,1753.0,-505.0,1,2.0,1.8,1.5,2.4375,1.9629629629629628,1.62890625,1.3333333333333333,2.0,1.8571428571428572,1.58203125,1.6450236244474927,1.5775604248046875,0.6666666666666667,-0.19999999999999996,-0.3571428571428572,0.85546875,0.31793933851547007,0.0513458251953125
920,2025-10-12,Romania,Austria,1.0,0.0,FIFA World Cup qualification,Bucharest,Romania,0,2025,0,1,928,2025-09-18,51.0,48.0,-3.0,1462.85,1474.0,2025-09-18,22.0,22.0,0.0,1601.86,1591.0,-29.0,-139.01,1650.0,1871.0,-221.0,1,1.3333333333333333,1.4,1.0,1.4375,1.2962962962962963,1.12890625,3.0,3.0,2.5714285714285716,2.94140625,2.751257430269776,2.5216827392578125,-1.6666666666666667,-1.6,-1.5714285714285716,-1.50390625,-1.4549611339734798,-1.3927764892578125
921,2025-10-12,San Marino,Cyprus,0.0,4.0,FIFA World Cup qualification,Serravalle,San Marino,0,2025,0,1,929,2025-09-18,210.0,210.0,0.0,733.23,738.0,2025-09-18,128.0,128.0,0.0,1128.11,1124.0,-82.0,-394.8799999999999,841.0,1311.0,-470.0,-1,0.0,0.0,0.0,0.0,0.0,0.0,0.6666666666666666,0.4,0.8333333333333334,0.84375,0.9506172839506174,1.1494140625,-0.6666666666666666,-0.4,-0.8333333333333334,-0.84375,-0.9506172839506174,-1.1494140625
922,2025-10-12,Netherlands,Finland,4.0,0.0,FIFA World Cup qualification,Amsterdam,Netherlands,0,2025,0,1,930,2025-09-18,7.0,7.0,0.0,1754.17,1758.0,2025-09-18,71.0,69.0,-2.0,1358.71,1372.0,64.0,395.46,1938.0,1556.0,382.0,1,2.3333333333333335,2.6,2.2857142857142856,2.69476318359375,2.5056654837891132,2.3981179129332304,2.0,1.4,1.6666666666666667,2.0,1.9053497942386832,1.962890625,0.3333333333333335,1.2000000000000002,0.6190476190476188,0.69476318359375,0.60031568955043,0.4352272879332304
923,2025-10-12,Denmark,Greece,3.0,1.0,FIFA World Cup qualification,Copenhagen,Denmark,0,2025,0,1,931,2025-09-18,20.0,21.0,1.0,1627.64,1621.0,2025-09-18,40.0,39.0,-1.0,1494.71,1498.0,20.0,132.93000000000006,1864.0,1838.0,26.0,1,2.3333333333333335,1.6,1.1428571428571428,2.4140625,1.9391860996799266,1.66571044921875,1.0,1.0,1.0,0.75,1.3333333333333335,1.6875,1.3333333333333335,0.6000000000000001,0.1428571428571428,1.6640625,0.6058527663465931,-0.02178955078125
924,2025-10-12,Scotland,Belarus,2.0,1.0,FIFA World Cup qualification,Glasgow,Scotland,0,2025,0,1,932,2025-09-18,43.0,47.0,4.0,1485.08,1475.0,2025-09-18,100.0,97.0,-3.0,1223.55,1237.0,57.0,261.53,1759.0,1492.0,267.0,1,2.3333333333333335,1.6,1.1428571428571428,2.40625,1.8806584362139915,1.5322265625,0.0,0.0,0.0,0.0,0.0,0.0,2.3333333333333335,1.6,1.1428571428571428,2.40625,1.8806584362139915,1.5322265625
925,2025-10-12,Lithuania,Poland,0.0,2.0,FIFA World Cup qualification,Kaunas,Lithuania,0,2025,0,1,933,2025-09-18,145.0,143.0,-2.0,1065.34,1069.0,2025-09-18,36.0,37.0,1.0,1517.31,1502.0,-109.0,-451.97,1293.0,1682.0,-389.0,-1,0.3333333333333333,0.6,0.5,0.21875,0.31275720164609055,0.3251953125,1.3333333333333333,2.0,1.5714285714285714,2.04931640625,1.8042623734337395,1.6983600854873657,-1.0,-1.4,-1.0714285714285714,-1.83056640625,-1.491505171787649,-1.3731647729873657
926,2025-10-12,Ghana,Comoros,1.0,0.0,FIFA World Cup qualification,Accra,Ghana,0,2025,0,1,934,2025-09-18,75.0,76.0,1.0,1340.84,1333.0,2025-09-18,105.0,107.0,2.0,1201.83,1199.0,30.0,139.01,1429.0,1340.0,89.0,1,2.3333333333333335,2.6,2.7142857142857144,2.733367919921875,2.579618991188666,2.4395553013309836,1.0,1.2,1.2857142857142858,1.0078125,1.2702331961591222,1.45733642578125,1.3333333333333335,1.4000000000000001,1.4285714285714286,1.725555419921875,1.309385795029544,0.9822188755497336
927,2025-10-12,Chad,Central African Republic,2.0,3.0,FIFA World Cup qualification,N'Djamena,Chad,0,2025,0,1,935,2025-09-18,175.0,175.0,0.0,925.82,925.0,2025-09-18,140.0,134.0,-6.0,1081.36,1108.0,-35.0,-155.53999999999985,1150.0,1250.0,-100.0,-1,0.3333333333333333,0.2,0.14285714285714285,0.125,0.14814814814814817,0.140625,0.0,0.2,0.5714285714285714,0.08984375,0.2060661484529798,0.2723236083984375,0.3333333333333333,0.0,-0.42857142857142855,0.03515625,-0.05791800030483163,-0.1316986083984375
928,2025-10-12,Zambia,Niger,0.0,1.0,FIFA World Cup qualification,Ndola,Zambia,0,2025,0,1,936,2025-09-18,85.0,83.0,-2.0,1273.0,1285.0,2025-09-18,117.0,121.0,4.0,1158.73,1148.0,32.0,114.26999999999998,1523.0,1362.0,161.0,-1,1.0,0.6,0.5714285714285714,1.5390625,1.2194787379972565,1.20977783203125,2.0,1.8,1.5,2.34375,1.8641975308641974,1.5498046875,-1.0,-1.2000000000000002,-0.9285714285714286,-0.8046875,-0.6447187928669409,-0.34002685546875
929,2025-10-12,Egypt,Guinea-Bissau,1.0,0.0,FIFA World Cup qualification,Cairo,Egypt,0,2025,0,1,937,2025-09-18,35.0,34.0,-1.0,1519.18,1519.0,2025-09-18,130.0,131.0,1.0,1126.81,1120.0,95.0,392.3700000000001,1657.0,1411.0,246.0,1,2.3333333333333335,2.6,2.4285714285714284,2.45391845703125,2.3686925422263867,2.306032206863165,1.3333333333333333,0.8,0.8571428571428571,0.90625,0.9530051313316059,0.9571151733398438,1.0000000000000002,1.8,1.5714285714285712,1.54766845703125,1.4156874108947808,1.3489170335233212
930,2025-10-12,Djibouti,Sierra Leone,1.0,2.0,FIFA World Cup qualification,Casablanca,Morocco,1,2025,0,1,938,2025-09-18,193.0,191.0,-2.0,855.91,866.0,2025-09-18,122.0,124.0,2.0,1150.1,1140.0,-71.0,-294.18999999999994,752.0,1353.0,-601.0,-1,0.0,0.0,0.14285714285714285,0.015625,0.04389574759945132,0.059326171875,1.3333333333333333,1.4,1.5714285714285714,1.01171875,1.183051364121323,1.2333526611328125,-1.3333333333333333,-1.4,-1.4285714285714286,-0.99609375,-1.1391556165218717,-1.1740264892578125
931,2025-10-12,Burkina Faso,Ethiopia,3.0,1.0,FIFA World Cup qualification,Ouagadougou,Burkina Faso,0,2025,0,1,939,2025-09-18,64.0,63.0,-1.0,1385.36,1388.0,2025-09-18,147.0,146.0,-1.0,1046.41,1061.0,83.0,338.9499999999998,1508.0,1250.0,258.0,1,2.3333333333333335,2.6,2.0,2.43359375,2.288929533099629,2.1559524536132812,1.0,1.2,1.1428571428571428,1.71484375,1.4084743179393384,1.2703399658203125,1.3333333333333335,1.4000000000000001,0.8571428571428572,0.71875,0.8804552151602905,0.8856124877929688
932,2025-10-12,Mali,Madagascar,4.0,1.0,FIFA World Cup qualification,Bamako,Mali,0,2025,0,1,940,2025-09-18,56.0,54.0,-2.0,1445.83,1455.0,2025-09-18,108.0,115.0,7.0,1187.61,1163.0,52.0,258.22,1631.0,1325.0,306.0,1,2.0,2.0,1.5714285714285714,2.0531005859375,1.8435655761097345,1.7089901715517044,3.0,2.4,2.2857142857142856,2.76953125,2.4988568815729306,2.2646026611328125,-1.0,-0.3999999999999999,-0.7142857142857142,-0.7164306640625,-0.6552913054631961,-0.5556124895811081
933,2025-10-13,Slovakia,Luxembourg,2.0,0.0,FIFA World Cup qualification,Trnava,Slovakia,0,2025,0,1,941,2025-09-18,42.0,52.0,10.0,1491.86,1467.0,2025-09-18,96.0,92.0,-4.0,1242.61,1260.0,54.0,249.25,1665.0,1455.0,210.0,1,2.0,1.8,1.8,1.3125,1.7037037037037037,1.93359375,0.0,0.0,0.0,0.0,0.0,0.0,2.0,1.8,1.8,1.3125,1.7037037037037037,1.93359375
934,2025-10-13,Costa Rica,Nicaragua,4.0,1.0,FIFA World Cup qualification,San José,Costa Rica,0,2025,0,1,942,2025-09-18,47.0,40.0,-7.0,1481.14,1494.0,2025-09-18,132.0,130.0,-2.0,1120.77,1120.0,85.0,360.3700000000001,1666.0,1331.0,335.0,1,1.0,1.8,1.7142857142857142,1.2169151306152344,1.4402826855482425,1.5747129148148815,0.3333333333333333,0.8,1.4285714285714286,0.3125,0.740740740740741,1.08984375,0.6666666666666667,1.0,0.2857142857142856,0.9044151306152344,0.6995419448075014,0.4848691648148815
935,2025-10-13,Wales,Belgium,2.0,4.0,FIFA World Cup qualification,Cardiff,Wales,0,2025,0,1,943,2025-09-18,30.0,31.0,1.0,1529.09,1529.0,2025-09-18,8.0,8.0,0.0,1739.55,1736.0,-22.0,-210.46000000000004,1724.0,1851.0,-127.0,-1,2.0,2.0,1.4285714285714286,2.046875,1.8773052888279227,1.848358154296875,2.3333333333333335,2.2,1.7142857142857142,1.86572265625,1.9377296821284018,1.9199669361114502,-0.3333333333333335,-0.20000000000000018,-0.2857142857142856,0.18115234375,-0.06042439330047911,-0.0716087818145752
936,2025-10-13,Ukraine,Azerbaijan,2.0,1.0,FIFA World Cup qualification,Kraków,Poland,1,2025,0,1,944,2025-09-18,28.0,26.0,-2.0,1543.06,1557.0,2025-09-18,124.0,122.0,-2.0,1148.09,1148.0,96.0,394.97,1773.0,1367.0,406.0,1,1.3333333333333333,1.0,1.3333333333333333,1.90625,1.7160493827160495,1.7548828125,0.3333333333333333,0.3333333333333333,0.3333333333333333,0.25,0.2222222222222222,0.1875,1.0,0.6666666666666667,1.0,1.65625,1.4938271604938271,1.5673828125
937,2025-10-13,Iceland,France,2.0,2.0,FIFA World Cup qualification,Reykjavík,Iceland,0,2025,0,1,945,2025-09-18,74.0,74.0,0.0,1343.09,1338.0,2025-09-18,2.0,3.0,1.0,1870.92,1862.0,-72.0,-527.8300000000002,1562.0,2055.0,-493.0,0,1.0,1.0,1.0,0.75,1.3333333333333335,1.6875,3.0,2.0,2.0,2.72442626953125,2.451990594126786,2.3142991326749325,-2.0,-1.0,-1.0,-1.97442626953125,-1.1186572607934524,-0.6267991326749325
938,2025-10-13,Sweden,Kosovo,0.0,1.0,FIFA World Cup qualification,Gothenburg,Sweden,0,2025,0,1,946,2025-09-18,32.0,29.0,-3.0,1524.63,1545.0,2025-09-18,91.0,95.0,4.0,1262.1,1248.0,59.0,262.5300000000002,1744.0,1527.0,217.0,-1,0.3333333333333333,0.8,0.8,0.3125,0.740740740740741,1.08984375,1.3333333333333333,1.3333333333333333,1.3333333333333333,1.25,0.9999999999999999,0.8125,-1.0,-0.5333333333333332,-0.5333333333333332,-0.9375,-0.25925925925925886,0.27734375
939,2025-10-13,Slovenia,Switzerland,0.0,0.0,FIFA World Cup qualification,Ljubljana,Slovenia,0,2025,0,1,947,2025-09-18,50.0,50.0,0.0,1462.96,1470.0,2025-09-18,17.0,19.0,2.0,1648.29,1635.0,-33.0,-185.33,1752.0,1814.0,-62.0,0,0.6666666666666666,0.8,0.8,0.75,0.7777777777777778,0.8125,3.0,2.6,2.142857142857143,2.82080078125,2.599790004911175,2.4641010761260986,-2.3333333333333335,-1.8,-1.3428571428571427,-2.07080078125,-1.8220122271333974,-1.6516010761260986
940,2025-10-13,Northern Ireland,Germany,0.0,1.0,FIFA World Cup qualification,Belfast,Northern Ireland,0,2025,0,1,948,2025-09-18,72.0,71.0,-1.0,1355.98,1351.0,2025-09-18,12.0,9.0,-3.0,1704.27,1717.0,-60.0,-348.29,1561.0,1971.0,-410.0,-1,2.0,2.0,2.0,2.25,2.333333333333333,2.4375,2.0,1.8,1.8571428571428572,2.4013671875,2.1021016443970257,1.9365835189819336,0.0,0.19999999999999996,0.1428571428571428,-0.1513671875,0.2312316889363073,0.5009164810180664
941,2025-10-13,Honduras,Haiti,3.0,0.0,FIFA World Cup qualification,Tegucigalpa,Honduras,0,2025,0,1,949,2025-09-18,65.0,66.0,1.0,1383.99,1380.0,2025-09-18,87.0,90.0,3.0,1269.23,1261.0,22.0,114.76,1585.0,1538.0,47.0,1,1.6666666666666667,2.2,2.4285714285714284,1.7275390625,1.870124811597148,1.8370695114135742,1.6666666666666667,1.6,2.0,2.0625,1.962962962962963,2.02734375,0.0,0.6000000000000001,0.4285714285714284,-0.3349609375,-0.09283815136581497,-0.19027423858642578
942,2025-10-13,São Tomé and Príncipe,Malawi,1.0,0.0,FIFA World Cup qualification,Sousse,Tunisia,1,2025,0,1,950,2025-09-18,195.0,193.0,-2.0,854.76,865.0,2025-09-18,126.0,129.0,3.0,1133.6,1121.0,-69.0,-278.8399999999999,1024.0,1256.0,-232.0,1,0.0,0.0,0.0,0.0,0.0,0.0,2.3333333333333335,1.4,1.4285714285714286,2.16015625,1.8715134887974394,1.7931976318359375,-2.3333333333333335,-1.4,-1.4285714285714286,-2.16015625,-1.8715134887974394,-1.7931976318359375
943,2025-10-13,Tunisia,Namibia,3.0,0.0,FIFA World Cup qualification,Radès,Tunisia,0,2025,0,1,951,2025-09-18,46.0,49.0,3.0,1483.02,1471.0,2025-09-18,109.0,108.0,-1.0,1183.79,1192.0,63.0,299.23,1598.0,1363.0,235.0,1,3.0,3.0,2.7142857142857144,2.953826904296875,2.8122211445559353,2.674827088136226,1.0,1.4,1.2857142857142858,0.94140625,1.153177869227252,1.3094329833984375,2.0,1.6,1.4285714285714286,2.012420654296875,1.6590432753286832,1.3653941047377884
944,2025-10-13,South Sudan,Togo,0.0,0.0,FIFA World Cup qualification,Juba,South Sudan,0,2025,0,1,952,2025-09-18,169.0,169.0,0.0,976.55,976.0,2025-09-18,120.0,120.0,0.0,1151.07,1149.0,-49.0,-174.51999999999998,1139.0,1360.0,-221.0,0,0.3333333333333333,0.4,0.42857142857142855,0.32421875,0.3697607072092669,0.3708343505859375,1.0,0.8,0.7142857142857143,0.796875,0.8203017832647462,0.819580078125,-0.6666666666666667,-0.4,-0.28571428571428575,-0.47265625,-0.45054107605547933,-0.4487457275390625
945,2025-10-13,Lesotho,Zimbabwe,1.0,0.0,FIFA World Cup qualification,Polokwane,South Africa,1,2025,0,1,953,2025-09-18,153.0,148.0,-5.0,1034.11,1046.0,2025-09-18,125.0,116.0,-9.0,1133.75,1157.0,-28.0,-99.6400000000001,1198.0,1355.0,-157.0,1,0.0,0.8,1.0,0.1875,0.44261545496113414,0.6097412109375,0.3333333333333333,0.6,0.42857142857142855,0.6015625,0.5564700502972107,0.56805419921875,-0.3333333333333333,0.20000000000000007,0.5714285714285714,-0.4140625,-0.11385459533607661,0.04168701171875
946,2025-10-13,North Macedonia,Kazakhstan,1.0,1.0,FIFA World Cup qualification,Skopje,North Macedonia,0,2025,0,1,954,2025-09-18,63.0,62.0,-1.0,1388.5,1391.0,2025-09-18,118.0,114.0,-4.0,1158.05,1165.0,55.0,230.45000000000005,1551.0,1425.0,126.0,0,2.3333333333333335,1.8,1.7142857142857142,1.7890625,1.916323731138546,1.99737548828125,1.0,1.2,1.0,1.59375,1.1975308641975306,0.9873046875,1.3333333333333335,0.6000000000000001,0.7142857142857142,0.1953125,0.7187928669410153,1.01007080078125
947,2025-10-13,Cameroon,Angola,0.0,0.0,FIFA World Cup qualification,Yaoundé,Cameroon,0,2025,0,1,955,2025-09-18,52.0,51.0,-1.0,1455.42,1467.0,2025-09-18,89.0,85.0,-4.0,1268.72,1280.0,37.0,186.70000000000005,1579.0,1571.0,8.0,0,2.0,2.0,2.0,2.13958740234375,2.00362348156553,1.912146482616663,1.3333333333333333,1.0,1.2857142857142858,1.328125,1.256058527663466,1.2178955078125,0.6666666666666667,1.0,0.7142857142857142,0.81146240234375,0.7475649539020639,0.694250974804163
948,2025-10-13,Mauritius,Libya,0.0,0.0,FIFA World Cup qualification,Saint Pierre,Mauritius,0,2025,0,1,956,2025-09-18,179.0,177.0,-2.0,912.24,922.0,2025-09-18,112.0,117.0,5.0,1179.56,1155.0,-67.0,-267.31999999999994,1084.0,1347.0,-263.0,0,0.0,0.2,0.5714285714285714,0.11328125,0.24996189605243108,0.3168182373046875,2.3333333333333335,1.6,1.5714285714285714,1.6953125,1.7346441091297056,1.780670166015625,-2.3333333333333335,-1.4000000000000001,-1.0,-1.58203125,-1.4846822130772745,-1.4638519287109375
949,2025-10-13,Cape Verde,Eswatini,3.0,0.0,FIFA World Cup qualification,Praia,Cape Verde,0,2025,0,1,957,2025-07-10,73.0,72.0,-1.0,1343.68,1344.0,2025-09-18,159.0,155.0,-4.0,1010.06,1023.0,86.0,333.6200000000001,1472.0,1233.0,239.0,1,2.3333333333333335,2.6,2.2857142857142856,1.966552734375,2.1789054037356297,2.214717298746109,0.3333333333333333,0.6,0.42857142857142855,0.59375,0.4979423868312757,0.4345703125,2.0,2.0,1.857142857142857,1.372802734375,1.6809630169043541,1.780146986246109
950,2025-10-13,Equatorial Guinea,Liberia,1.0,1.0,FIFA World Cup qualification,Malabo,Equatorial Guinea,0,2025,0,1,958,2025-09-18,95.0,93.0,-2.0,1248.68,1252.0,2025-09-18,144.0,144.0,0.0,1065.62,1068.0,49.0,183.06000000000017,1522.0,1256.0,266.0,0,1.0,1.4,1.4285714285714286,0.58984375,0.93095564700503,1.0427398681640625,1.3333333333333333,1.4,1.5714285714285714,2.00390625,1.7379972565157749,1.5764923095703125,-0.33333333333333326,0.0,-0.1428571428571428,-1.4140625,-0.8070416095107449,-0.53375244140625
951,2025-10-14,Jamaica,Bermuda,4.0,0.0,FIFA World Cup qualification,Kingston,Jamaica,0,2025,0,1,959,2025-09-18,69.0,70.0,1.0,1377.21,1363.0,2025-09-18,165.0,162.0,-3.0,988.72,1000.0,96.0,388.49,1569.0,1151.0,418.0,1,2.0,2.4,1.7142857142857142,1.427001953125,1.7323503455698752,1.7801558375358582,0.0,1.2,1.0,0.296875,0.58161865569273,0.731689453125,2.0,1.2,0.7142857142857142,1.130126953125,1.1507316898771451,1.0484663844108582
952,2025-10-14,Curaçao,Trinidad and Tobago,1.0,1.0,FIFA World Cup qualification,Willemstad,Curaçao,0,2025,0,1,960,2025-09-18,84.0,86.0,2.0,1282.42,1277.0,2025-09-18,102.0,101.0,-1.0,1220.99,1229.0,18.0,61.430000000000064,1335.0,1389.0,-54.0,0,2.3333333333333335,2.6,2.7142857142857144,2.75,2.7037037037037033,2.71875,1.3333333333333333,1.4,1.5714285714285714,1.78125,1.5651577503429355,1.48388671875,1.0000000000000002,1.2000000000000002,1.142857142857143,0.96875,1.1385459533607678,1.23486328125
953,2025-10-14,El Salvador,Guatemala,0.0,1.0,FIFA World Cup qualification,San Salvador,El Salvador,0,2025,0,1,961,2025-09-18,90.0,87.0,-3.0,1267.75,1273.0,2025-09-18,98.0,100.0,2.0,1230.73,1236.0,8.0,37.01999999999998,1389.0,1481.0,-92.0,-1,1.0,1.4,1.5714285714285714,0.587646484375,0.9219236001738672,1.0375691056251526,0.6666666666666666,1.0,1.5714285714285714,0.9375,1.1481481481481484,1.38671875,0.33333333333333337,0.3999999999999999,0.0,-0.349853515625,-0.22622454797428115,-0.3491496443748474
954,2025-10-14,Panama,Suriname,1.0,1.0,FIFA World Cup qualification,Panama City,Panama,0,2025,0,1,962,2025-09-18,29.0,30.0,1.0,1529.71,1545.0,2025-09-18,131.0,136.0,5.0,1125.2,1100.0,102.0,404.51,1726.0,1411.0,315.0,0,1.6666666666666667,2.2,2.0,2.1966400146484375,2.069427936218417,2.0116196537856013,1.6666666666666667,1.8,2.142857142857143,1.625,1.8395061728395061,2.0078125,0.0,0.40000000000000013,-0.1428571428571428,0.5716400146484375,0.22992176337891101,0.0038071537856012583
955,2025-10-14,Latvia,England,0.0,5.0,FIFA World Cup qualification,Riga,Latvia,0,2025,0,1,963,2025-09-18,137.0,137.0,0.0,1088.8,1099.0,2025-09-18,4.0,4.0,0.0,1820.45,1813.0,-133.0,-731.6500000000001,1295.0,2006.0,-711.0,-1,0.3333333333333333,0.4,0.8333333333333334,0.65625,0.8271604938271606,1.0673828125,3.0,3.0,2.5714285714285716,2.941986083984375,2.7911619795616955,2.6591414459981024,-2.6666666666666665,-2.6,-1.7380952380952381,-2.285736083984375,-1.964001485734535,-1.5917586334981024
956,2025-10-14,Andorra,Serbia,1.0,3.0,FIFA World Cup qualification,Encamp,Andorra,0,2025,0,1,964,2025-09-18,174.0,174.0,0.0,954.69,954.0,2025-09-18,34.0,32.0,-2.0,1520.9,1523.0,-140.0,-566.21,1074.0,1806.0,-732.0,-1,0.3333333333333333,0.2,0.16666666666666666,0.5,0.33333333333333326,0.25,1.0,1.4,1.0,0.59765625,0.8260935832952294,0.8507537841796875,-0.6666666666666667,-1.2,-0.8333333333333334,-0.09765625,-0.49276024996189616,-0.6007537841796875
957,2025-10-14,Italy,Israel,3.0,0.0,FIFA World Cup qualification,Udine,Italy,0,2025,0,1,965,2025-09-18,10.0,11.0,1.0,1710.07,1703.0,2025-09-18,76.0,75.0,-1.0,1337.4,1337.0,66.0,372.6699999999999,1943.0,1629.0,314.0,1,3.0,1.8,1.4285714285714286,2.640625,2.155006858710562,1.793701171875,1.0,1.2,1.2,0.5625,1.0370370370370372,1.37109375,2.0,0.6000000000000001,0.22857142857142865,2.078125,1.1179698216735248,0.422607421875
958,2025-10-14,Republic of Ireland,Armenia,1.0,0.0,FIFA World Cup qualification,Dublin,Republic of Ireland,0,2025,0,1,967,2025-09-18,61.0,60.0,-1.0,1397.52,1413.0,2025-09-18,103.0,105.0,2.0,1219.55,1205.0,42.0,177.97000000000003,1603.0,1412.0,191.0,1,0.3333333333333333,0.3333333333333333,0.3333333333333333,0.25,0.44444444444444453,0.5625,1.0,1.0,1.0,0.75,0.6666666666666666,0.5625,-0.6666666666666667,-0.6666666666666667,-0.6666666666666667,-0.5,-0.2222222222222221,0.0
959,2025-10-14,Portugal,Hungary,2.0,2.0,FIFA World Cup qualification,Lisbon,Portugal,0,2025,0,1,968,2025-09-18,5.0,6.0,1.0,1779.56,1771.0,2025-09-18,41.0,38.0,-3.0,1492.18,1501.0,36.0,287.3799999999999,1993.0,1695.0,298.0,0,3.0,2.2,2.0,2.75830078125,2.4827346779793054,2.3355610370635986,1.3333333333333333,1.4,1.1666666666666667,1.8125,1.4444444444444442,1.20703125,1.6666666666666667,0.8000000000000003,0.8333333333333333,0.94580078125,1.0382902335348612,1.1285297870635986
960,2025-10-14,Spain,Bulgaria,4.0,0.0,FIFA World Cup qualification,Valladolid,Spain,0,2025,0,1,969,2025-09-18,1.0,2.0,1.0,1875.37,1867.0,2025-09-18,86.0,84.0,-2.0,1271.53,1284.0,85.0,603.8399999999999,2178.0,1451.0,727.0,1,3.0,3.0,3.0,2.998046875,2.9717397290260505,2.924328714609146,0.0,0.0,0.0,0.0,0.0,0.0,3.0,3.0,3.0,2.998046875,2.9717397290260505,2.924328714609146
961,2025-10-14,Somalia,Mozambique,0.0,1.0,FIFA World Cup qualification,Bir El Djir,Algeria,1,2025,0,1,970,2025-09-18,201.0,200.0,-1.0,824.75,832.0,2025-09-18,97.0,99.0,2.0,1234.04,1236.0,-104.0,-409.29,857.0,1432.0,-575.0,-1,0.0,0.2,0.14285714285714285,0.03125,0.06584362139917697,0.0791015625,1.0,1.2,1.7142857142857142,0.92041015625,1.1465393148063474,1.2901146411895752,-1.0,-1.0,-1.5714285714285714,-0.88916015625,-1.0806956934071705,-1.2110130786895752
962,2025-10-14,Turkey,Georgia,4.0,1.0,FIFA World Cup qualification,Izmit,Turkey,0,2025,0,1,971,2022-03-31,43.0,39.0,-4.0,1461.81,1472.72,2025-09-18,68.0,67.0,-1.0,1377.32,1375.0,25.0,84.49000000000001,1774.0,1650.0,124.0,1,2.0,1.8,1.7142857142857142,2.02734375,1.832190214906264,1.6872711181640625,1.0,1.2,1.0,0.859375,0.9080932784636487,0.859130859375,1.0,0.6000000000000001,0.7142857142857142,1.16796875,0.9240969364426154,0.8281402587890625
963,2025-10-14,Gabon,Burundi,2.0,0.0,FIFA World Cup qualification,Franceville,Gabon,0,2025,0,1,972,2025-09-18,79.0,80.0,1.0,1314.06,1307.0,2025-09-18,141.0,139.0,-2.0,1077.05,1093.0,62.0,237.01,1464.0,1268.0,196.0,1,2.3333333333333335,2.6,2.2857142857142856,2.4765625,2.467764060356653,2.49151611328125,0.0,0.6,1.0,0.25390625,0.5743026977594882,0.8392181396484375,2.3333333333333335,2.0,1.2857142857142856,2.22265625,1.8934613625971646,1.6522979736328125
964,2025-10-14,Algeria,Uganda,2.0,1.0,FIFA World Cup qualification,Tizi Ouzou,Algeria,0,2025,0,1,973,2025-09-18,38.0,36.0,-2.0,1500.73,1504.0,2025-09-18,82.0,88.0,6.0,1287.61,1269.0,44.0,213.1200000000001,1685.0,1389.0,296.0,1,2.3333333333333335,2.6,2.2857142857142856,2.4586181640625,2.3581752254718773,2.280047133564949,3.0,2.4,2.142857142857143,2.84765625,2.553726566072245,2.2843780517578125,-0.6666666666666665,0.20000000000000018,0.1428571428571428,-0.3890380859375,-0.1955513406003675,-0.004330918192863464
965,2025-10-14,Saudi Arabia,Iraq,0.0,0.0,FIFA World Cup qualification,Jeddah,Saudi Arabia,0,2025,0,1,974,2025-09-18,59.0,59.0,0.0,1420.65,1415.0,2025-09-18,58.0,58.0,0.0,1422.19,1417.0,-1.0,-1.5399999999999636,1536.0,1584.0,-48.0,0,2.0,2.0,1.5714285714285714,2.0469501689076424,1.8380788071117151,1.7304420879754072,2.0,1.4,1.5714285714285714,2.3456565737724304,1.990520231402284,1.8619802074230414,0.0,0.6000000000000001,0.0,-0.29870640486478806,-0.15244142429056895,-0.13153811944763416
966,2025-10-14,Senegal,Mauritania,4.0,0.0,FIFA World Cup qualification,Diamniadio,Senegal,0,2025,0,1,975,2025-09-18,18.0,18.0,0.0,1645.22,1635.0,2025-09-18,110.0,111.0,1.0,1183.29,1173.0,92.0,461.93000000000006,1771.0,1341.0,430.0,1,3.0,2.6,2.4285714285714284,2.9133567810058594,2.754368716415512,2.6227000806393335,1.6666666666666667,1.2,0.8571428571428571,1.1630859375,1.1135328286677164,1.032332420349121,1.3333333333333333,1.4000000000000001,1.5714285714285712,1.7502708435058594,1.6408358877477958,1.5903676602902124
967,2025-10-14,DR Congo,Sudan,1.0,0.0,FIFA World Cup qualification,Kinshasa,DR Congo,0,2025,0,1,976,2025-09-18,60.0,61.0,1.0,1407.6,1412.0,2025-09-18,116.0,110.0,-6.0,1163.56,1174.0,56.0,244.04,1540.0,1374.0,166.0,1,2.0,2.4,2.2857142857142856,2.2187423706054688,2.161958855511124,2.093778677692171,0.3333333333333333,0.6,1.2857142857142858,0.6796875,0.8149672306050907,0.946258544921875,1.6666666666666667,1.7999999999999998,0.9999999999999998,1.5390548706054688,1.3469916249060332,1.1475201327702962
968,2025-10-14,Qatar,United Arab Emirates,2.0,1.0,FIFA World Cup qualification,Al Rayyan,Qatar,0,2025,0,1,977,2025-09-18,53.0,53.0,0.0,1453.65,1460.0,2025-09-18,67.0,65.0,-2.0,1379.86,1380.0,14.0,73.79000000000019,1524.0,1538.0,-14.0,1,1.3333333333333333,1.4,1.4285714285714286,1.0002363324165344,1.1394793241274543,1.2406180169103784,1.6666666666666667,1.6,2.0,2.137153387069702,1.9400072830408803,1.8604317632031666,-0.3333333333333335,-0.20000000000000018,-0.5714285714285714,-1.1369170546531677,-0.800527958913426,-0.6198137462927882
969,2025-10-14,South Africa,Rwanda,3.0,0.0,FIFA World Cup qualification,Mbombela,South Africa,0,2025,0,1,978,2025-09-18,55.0,56.0,1.0,1448.67,1443.0,2025-09-18,127.0,127.0,0.0,1133.5,1125.0,72.0,315.1700000000001,1576.0,1341.0,235.0,1,1.6666666666666667,1.6,1.7142857142857142,1.376190185546875,1.5341870290190047,1.592066333629191,1.0,0.8,1.0,0.875,0.9946654473403445,1.046173095703125,0.6666666666666667,0.8,0.7142857142857142,0.501190185546875,0.5395215816786603,0.5458932379260659
970,2025-10-14,Morocco,Congo,1.0,0.0,FIFA World Cup qualification,Rabat,Morocco,0,2025,0,1,979,2025-09-18,11.0,12.0,1.0,1706.25,1699.0,2025-09-18,133.0,132.0,-1.0,1119.76,1116.0,122.0,586.49,1802.0,1261.0,541.0,1,3.0,3.0,2.5714285714285716,2.971485137939453,2.8630653596296165,2.739902027133212,0.3333333333333333,0.25,0.25,0.25,0.2222222222222222,0.1875,2.6666666666666665,2.75,2.3214285714285716,2.721485137939453,2.640843137407394,2.552402027133212
971,2025-10-14,Seychelles,Gambia,0.0,7.0,FIFA World Cup qualification,Saint Pierre,Mauritius,1,2025,0,1,980,2025-09-18,203.0,203.0,0.0,812.33,821.0,2022-03-31,123.0,125.0,2.0,1138.19,1135.18,-80.0,-325.86,845.0,1443.0,-598.0,-1,0.0,0.0,0.0,0.0,0.0,0.0,2.0,1.4,1.4285714285714286,1.1796875,1.2647462277091905,1.19696044921875,-2.0,-1.4,-1.4285714285714286,-1.1796875,-1.2647462277091905,-1.19696044921875
972,2025-10-14,Ivory Coast,Kenya,3.0,0.0,FIFA World Cup qualification,Ebimpé,Ivory Coast,0,2025,0,1,981,2025-09-18,44.0,45.0,1.0,1483.9,1483.0,2025-09-18,111.0,109.0,-2.0,1181.64,1179.0,67.0,302.26,1579.0,1341.0,238.0,1,2.3333333333333335,2.6,2.4285714285714284,2.4666748046875,2.436934673839617,2.4227572828531265,2.0,1.4,1.2857142857142858,2.31640625,1.8641975308641974,1.5955352783203125,0.3333333333333335,1.2000000000000002,1.1428571428571426,0.1502685546875,0.5727371429754196,0.827222004532814
973,2025-10-14,Nigeria,Benin,4.0,0.0,FIFA World Cup qualification,Uyo,Nigeria,0,2025,0,1,982,2025-09-18,45.0,44.0,-1.0,1483.85,1484.0,2025-09-18,93.0,96.0,3.0,1257.3,1239.0,48.0,226.54999999999995,1584.0,1445.0,139.0,1,2.3333333333333335,2.2,1.7142857142857142,2.294921875,2.0485867669223863,1.884298324584961,3.0,2.0,2.2857142857142856,2.73046875,2.415942691662856,2.1583099365234375,-0.6666666666666665,0.20000000000000018,-0.5714285714285714,-0.435546875,-0.36735592474046985,-0.27401161193847656
974,2025-10-14,Guinea,Botswana,2.0,2.0,FIFA World Cup qualification,Casablanca,Morocco,1,2025,0,1,983,2025-09-18,81.0,81.0,0.0,1299.48,1293.0,2025-09-18,139.0,135.0,-4.0,1087.27,1101.0,58.0,212.21000000000004,1466.0,1326.0,140.0,0,2.3333333333333335,1.6,1.5714285714285714,2.1826171875,1.872326373012244,1.740900993347168,0.0,0.6,0.8571428571428571,0.24609375,0.48651120256058533,0.5944976806640625,2.3333333333333335,1.0,0.7142857142857143,1.9365234375,1.3858151704516586,1.1464033126831055
975,2025-11-13,Nicaragua,Honduras,2.0,0.0,FIFA World Cup qualification,Managua,Nicaragua,0,2025,0,1,984,2025-09-18,132.0,130.0,-2.0,1120.77,1120.0,2025-09-18,65.0,66.0,1.0,1383.99,1380.0,-67.0,-263.22,1331.0,1585.0,-254.0,1,0.0,0.2,1.0,0.15625,0.4938271604938274,0.8173828125,2.3333333333333335,2.2,2.4285714285714284,2.36376953125,2.2467498743980987,2.1278021335601807,-2.3333333333333335,-2.0,-1.4285714285714284,-2.20751953125,-1.7529227139042713,-1.3104193210601807
976,2025-11-13,England,Serbia,2.0,0.0,FIFA World Cup qualification,London,England,0,2025,0,1,985,2025-09-18,4.0,4.0,0.0,1820.45,1813.0,2025-09-18,34.0,32.0,-2.0,1520.9,1523.0,30.0,299.54999999999995,2006.0,1806.0,200.0,1,3.0,3.0,2.5714285714285716,2.9709930419921875,2.8607746530411307,2.744356084498577,1.0,1.8,1.4285714285714286,1.798828125,1.550729055530153,1.3880653381347656,2.0,1.2,1.142857142857143,1.1721649169921875,1.3100455975109777,1.3562907463638112
977,2025-11-13,Haiti,Costa Rica,1.0,0.0,FIFA World Cup qualification,Willemstad,Curaçao,1,2025,0,1,986,2025-09-18,87.0,90.0,3.0,1269.23,1261.0,2025-09-18,47.0,40.0,-7.0,1481.14,1494.0,-40.0,-211.91000000000008,1538.0,1666.0,-128.0,1,1.3333333333333333,1.0,1.5714285714285714,1.03125,1.3086419753086422,1.5205078125,1.6666666666666667,1.8,2.142857142857143,2.108457565307617,1.9601884570321615,1.9310346861111611,-0.3333333333333335,-0.8,-0.5714285714285714,-1.0772075653076172,-0.6515464817235193,-0.41052687361116114
978,2025-11-13,Trinidad and Tobago,Jamaica,1.0,1.0,FIFA World Cup qualification,Port of Spain,Trinidad and Tobago,0,2025,0,1,987,2025-09-18,102.0,101.0,-1.0,1220.99,1229.0,2025-09-18,69.0,70.0,1.0,1377.21,1363.0,-33.0,-156.22000000000003,1389.0,1569.0,-180.0,0,1.3333333333333333,1.0,1.5714285714285714,1.390625,1.376771833561957,1.3629150390625,2.0,2.4,2.142857142857143,2.2135009765625,2.1549002303799165,2.0851168781518936,-0.6666666666666667,-1.4,-0.5714285714285714,-0.8228759765625,-0.7781283968179595,-0.7222018390893936
979,2025-11-13,Bermuda,Curaçao,0.0,7.0,FIFA World Cup qualification,Devonshire Parish,Bermuda,0,2025,0,1,988,2025-09-18,165.0,162.0,-3.0,988.72,1000.0,2025-09-18,84.0,86.0,2.0,1282.42,1277.0,-81.0,-293.70000000000005,1151.0,1335.0,-184.0,-1,0.0,0.6,0.8571428571428571,0.1484375,0.38774577046182,0.54876708984375,2.3333333333333335,2.2,2.4285714285714284,1.875,2.135802469135802,2.2890625,-2.3333333333333335,-1.6,-1.5714285714285712,-1.7265625,-1.7480566986739823,-1.74029541015625
980,2025-11-13,Guatemala,Panama,2.0,3.0,FIFA World Cup qualification,Guatemala City,Guatemala,0,2025,0,1,989,2025-09-18,98.0,100.0,2.0,1230.73,1236.0,2025-09-18,29.0,30.0,1.0,1529.71,1545.0,-69.0,-298.98,1481.0,1726.0,-245.0,-1,1.6666666666666667,1.0,1.5714285714285714,1.96875,1.765432098765432,1.7900390625,1.6666666666666667,1.8,1.7142857142857142,1.5983200073242188,1.712951957478945,1.758714740339201,0.0,-0.8,-0.1428571428571428,0.37042999267578125,0.052480141286487036,0.031324322160799056
981,2025-11-13,Suriname,El Salvador,4.0,0.0,FIFA World Cup qualification,Paramaribo,Suriname,0,2025,0,1,990,2025-09-18,131.0,136.0,5.0,1125.2,1100.0,2025-09-18,90.0,87.0,-3.0,1267.75,1273.0,-41.0,-142.54999999999995,1411.0,1389.0,22.0,1,1.6666666666666667,1.4,1.8571428571428572,1.3125,1.5596707818930042,1.755859375,0.0,0.8,1.4285714285714286,0.2938232421875,0.6146157334492449,0.7781768292188644,1.6666666666666667,0.5999999999999999,0.4285714285714286,1.0186767578125,0.9450550484437593,0.9776825457811356
982,2025-11-13,Andorra,Albania,0.0,1.0,FIFA World Cup qualification,Encamp,Andorra,0,2025,0,1,991,2025-09-18,174.0,174.0,0.0,954.69,954.0,2025-09-18,66.0,68.0,2.0,1380.66,1373.0,-108.0,-425.97,1074.0,1631.0,-557.0,-1,0.3333333333333333,0.2,0.14285714285714285,0.25,0.2222222222222222,0.1875,2.3333333333333335,2.2,1.5714285714285714,2.5390625,2.169638774577046,1.92938232421875,-2.0,-2.0,-1.4285714285714286,-2.2890625,-1.9474165523548237,-1.74188232421875
983,2025-11-13,Armenia,Hungary,0.0,1.0,FIFA World Cup qualification,Yerevan,Armenia,0,2025,0,1,993,2025-09-18,103.0,105.0,2.0,1219.55,1205.0,2025-09-18,41.0,38.0,-3.0,1492.18,1501.0,-62.0,-272.6300000000001,1412.0,1695.0,-283.0,-1,1.0,0.75,0.75,0.375,0.4444444444444445,0.421875,1.3333333333333333,1.6,1.1428571428571428,1.40625,1.2962962962962963,1.1552734375,-0.33333333333333326,-0.8500000000000001,-0.3928571428571428,-1.03125,-0.8518518518518519,-0.7333984375
984,2025-11-13,United Arab Emirates,Iraq,1.0,1.0,FIFA World Cup qualification,Abu Dhabi,United Arab Emirates,0,2025,0,1,994,2025-09-18,67.0,65.0,-2.0,1379.86,1380.0,2025-09-18,58.0,58.0,0.0,1422.19,1417.0,-9.0,-42.33000000000016,1538.0,1584.0,-46.0,0,1.3333333333333333,1.6,1.5714285714285714,1.068576693534851,1.2933381886939204,1.395323822402375,2.3333333333333335,1.4,1.5714285714285714,1.6728282868862152,1.6603468209348562,1.646485155567281,-1.0000000000000002,0.20000000000000018,0.0,-0.6042515933513641,-0.36700863224093583,-0.2511613331649061
985,2025-11-13,Cameroon,DR Congo,0.0,1.0,FIFA World Cup qualification,Rabat,Morocco,1,2025,0,1,995,2025-09-18,52.0,51.0,-1.0,1455.42,1467.0,2025-09-18,60.0,61.0,1.0,1407.6,1412.0,8.0,47.82000000000016,1579.0,1540.0,39.0,-1,1.3333333333333333,2.0,1.7142857142857142,1.569793701171875,1.6690823210436867,1.6841098619624972,2.0,2.4,2.5714285714285716,2.6093711853027344,2.4413059036740825,2.3203340082691284,-0.6666666666666667,-0.3999999999999999,-0.8571428571428574,-1.0395774841308594,-0.7722235826303958,-0.6362241463066312
986,2025-11-13,Nigeria,Gabon,4.0,1.0,FIFA World Cup qualification,Rabat,Morocco,1,2025,0,1,996,2025-09-18,45.0,44.0,-1.0,1483.85,1484.0,2025-09-18,79.0,80.0,1.0,1314.06,1307.0,34.0,169.78999999999996,1584.0,1464.0,120.0,1,2.3333333333333335,2.2,2.0,2.6474609375,2.3657245112815906,2.1632237434387207,2.3333333333333335,2.6,2.7142857142857144,2.73828125,2.6451760402377684,2.6186370849609375,0.0,-0.3999999999999999,-0.7142857142857144,-0.0908203125,-0.27945152895617786,-0.4554133415222168
987,2025-11-13,Norway,Estonia,4.0,1.0,FIFA World Cup qualification,Oslo,Norway,0,2025,0,1,997,2025-09-18,31.0,33.0,2.0,1526.23,1519.0,2025-09-18,129.0,126.0,-3.0,1127.19,1131.0,98.0,399.04,1806.0,1356.0,450.0,1,3.0,3.0,3.0,3.0,3.0,3.0,0.0,0.0,0.0,0.0,0.0,0.0,3.0,3.0,3.0,3.0,3.0,3.0
988,2025-11-13,Azerbaijan,Iceland,0.0,2.0,FIFA World Cup qualification,Baku,Azerbaijan,0,2025,0,1,998,2025-09-18,124.0,122.0,-2.0,1148.09,1148.0,2025-09-18,74.0,74.0,0.0,1343.09,1338.0,-50.0,-195.0,1367.0,1562.0,-195.0,-1,0.3333333333333333,0.25,0.25,0.125,0.14814814814814817,0.140625,0.3333333333333333,1.0,1.0,0.875,1.2222222222222223,1.515625,0.0,-0.75,-0.75,-0.75,-1.0740740740740742,-1.375
989,2025-11-13,Republic of Ireland,Portugal,2.0,0.0,FIFA World Cup qualification,Dublin,Republic of Ireland,0,2025,0,1,999,2025-09-18,61.0,60.0,-1.0,1397.52,1413.0,2025-09-18,5.0,6.0,1.0,1779.56,1771.0,-56.0,-382.04,1603.0,1993.0,-390.0,1,1.0,1.0,1.0,1.625,1.2962962962962963,1.171875,2.3333333333333335,2.2,1.7142857142857142,1.879150390625,1.988489785319537,2.001670777797699,-1.3333333333333335,-1.2000000000000002,-0.7142857142857142,-0.254150390625,-0.6921934890232406,-0.829795777797699
990,2025-11-13,France,Ukraine,4.0,0.0,FIFA World Cup qualification,Paris,France,0,2025,0,1,1000,2025-09-18,2.0,3.0,1.0,1870.92,1862.0,2025-09-18,28.0,26.0,-2.0,1543.06,1557.0,26.0,327.8600000000001,2055.0,1773.0,282.0,1,2.3333333333333335,2.0,2.0,1.862213134765625,1.9679937294178573,1.9857243495061994,2.3333333333333335,1.6,1.5714285714285714,2.453125,2.1440329218106995,2.066162109375,0.0,0.3999999999999999,0.4285714285714286,-0.590911865234375,-0.17603919239284216,-0.08043775986880064
991,2025-11-14,Luxembourg,Germany,0.0,2.0,FIFA World Cup qualification,Luxembourg,Luxembourg,0,2025,0,1,1001,2025-09-18,96.0,92.0,-4.0,1242.61,1260.0,2025-09-18,12.0,9.0,-3.0,1704.27,1717.0,-84.0,-461.6600000000001,1455.0,1971.0,-516.0,-1,0.0,0.0,0.0,0.0,0.0,0.0,3.0,1.8,1.8571428571428572,2.70068359375,2.4014010962646837,2.20243763923645,-3.0,-1.8,-1.8571428571428572,-2.70068359375,-2.4014010962646837,-2.20243763923645
992,2025-11-14,Slovakia,Northern Ireland,1.0,0.0,FIFA World Cup qualification,Košice,Slovakia,0,2025,0,1,1002,2025-09-18,42.0,52.0,10.0,1491.86,1467.0,2025-09-18,72.0,71.0,-1.0,1355.98,1351.0,30.0,135.87999999999988,1665.0,1561.0,104.0,1,2.0,1.8,2.0,2.15625,2.135802469135802,2.2001953125,1.0,1.5,1.5,1.125,1.5555555555555556,1.828125,1.0,0.30000000000000004,0.5,1.03125,0.5802469135802466,0.3720703125
993,2025-11-14,Finland,Malta,0.0,1.0,FIFA World Cup qualification,Helsinki,Finland,0,2025,0,1,1003,2025-09-18,71.0,69.0,-2.0,1358.71,1372.0,2025-09-18,166.0,168.0,2.0,982.43,977.0,95.0,376.2800000000001,1556.0,1260.0,296.0,-1,1.0,1.2,1.4285714285714286,1.0,1.2702331961591222,1.47216796875,0.3333333333333333,0.4,0.3333333333333333,0.3125,0.32098765432098764,0.29296875,0.6666666666666667,0.7999999999999999,1.0952380952380953,0.6875,0.9492455418381346,1.17919921875
994,2025-11-14,Poland,Netherlands,1.0,1.0,FIFA World Cup qualification,Warsaw,Poland,0,2025,0,1,1004,2025-09-18,36.0,37.0,1.0,1517.31,1502.0,2025-09-18,7.0,7.0,0.0,1754.17,1758.0,-29.0,-236.86000000000013,1682.0,1938.0,-256.0,0,2.3333333333333335,2.0,2.0,2.524658203125,2.2028415822891594,2.0237700641155243,3.0,2.6,2.2857142857142856,2.847381591796875,2.670443655859409,2.548588434699923,-0.6666666666666665,-0.6000000000000001,-0.2857142857142856,-0.322723388671875,-0.46760207357024974,-0.5248183705843985
995,2025-11-14,Croatia,Faroe Islands,3.0,1.0,FIFA World Cup qualification,Rijeka,Croatia,0,2025,0,1,1005,2025-09-18,9.0,10.0,1.0,1714.21,1708.0,2025-09-18,136.0,141.0,5.0,1094.46,1090.0,127.0,619.75,1886.0,1248.0,638.0,1,2.3333333333333335,2.6,2.4285714285714284,2.46832275390625,2.3808110959252855,2.2763876784592867,3.0,2.4,1.7142857142857142,2.71875,2.3086419753086416,1.9716796875,-0.6666666666666665,0.20000000000000018,0.7142857142857142,-0.25042724609375,0.07216912061664393,0.3047079909592867
996,2025-11-14,Gibraltar,Montenegro,1.0,2.0,FIFA World Cup qualification,Gibraltar,Gibraltar,0,2025,0,1,1006,2025-09-18,200.0,199.0,-1.0,827.19,835.0,2025-09-18,80.0,77.0,-3.0,1314.05,1327.0,-120.0,-486.8599999999999,1051.0,1516.0,-465.0,-1,0.0,0.0,0.0,0.0,0.0,0.0,0.0,0.6,1.0,0.1875,0.5925925925925928,0.94921875,0.0,-0.6,-1.0,-0.1875,-0.5925925925925928,-0.94921875
997,2025-11-15,Kazakhstan,Belgium,1.0,1.0,FIFA World Cup qualification,Astana,Kazakhstan,0,2025,0,1,1007,2025-09-18,118.0,114.0,-4.0,1158.05,1165.0,2025-09-18,8.0,8.0,0.0,1739.55,1736.0,-110.0,-581.5,1425.0,1851.0,-426.0,0,1.3333333333333333,0.8,1.0,1.296875,1.1316872427983538,0.990478515625,2.3333333333333335,2.6,2.0,2.432861328125,2.291819788085601,2.1899752020835876,-1.0000000000000002,-1.8,-1.0,-1.135986328125,-1.1601325452872473,-1.1994966864585876
998,2025-11-15,Liechtenstein,Wales,0.0,1.0,FIFA World Cup qualification,Vaduz,Liechtenstein,0,2025,0,1,1008,2025-09-18,204.0,204.0,0.0,808.48,812.0,2025-09-18,30.0,31.0,1.0,1529.09,1529.0,-174.0,-720.6099999999999,977.0,1724.0,-747.0,-1,0.0,0.0,0.0,0.0,0.0,0.0,1.0,1.4,1.4285714285714286,1.0234375,1.2515368592186153,1.3862686157226562,-1.0,-1.4,-1.4285714285714286,-1.0234375,-1.2515368592186153,-1.3862686157226562
999,2025-11-15,Bosnia and Herzegovina,Romania,3.0,1.0,FIFA World Cup qualification,Zenica,Bosnia and Herzegovina,0,2025,0,1,1009,2025-09-18,73.0,72.0,-1.0,1344.25,1349.0,2025-09-18,51.0,48.0,-3.0,1462.85,1474.0,-22.0,-118.59999999999992,1485.0,1650.0,-165.0,1,1.3333333333333333,2.0,2.1666666666666665,1.25,1.6666666666666667,1.9375,2.3333333333333335,2.0,1.4285714285714286,2.21875,1.8641975308641974,1.5966796875,-1.0000000000000002,0.0,0.7380952380952379,-0.96875,-0.19753086419753063,0.3408203125
1000,2025-11-15,Georgia,Spain,0.0,4.0,FIFA World Cup qualification,Tbilisi,Georgia,0,2025,0,1,1010,2025-09-18,68.0,67.0,-1.0,1377.32,1375.0,2025-09-18,1.0,2.0,1.0,1875.37,1867.0,-67.0,-498.05,1650.0,2178.0,-528.0,-1,1.0,0.6,1.0,0.4296875,0.6053955189757659,0.64434814453125,3.0,3.0,3.0,2.9990234375,2.9811598193507,2.9432465359568596,-2.0,-2.4,-2.0,-2.5693359375,-2.375764300374934,-2.2988983914256096
1001,2025-11-15,Cyprus,Austria,0.0,2.0,FIFA World Cup qualification,Limassol,Cyprus,0,2025,0,1,1011,2025-09-18,128.0,128.0,0.0,1128.11,1124.0,2025-09-18,22.0,22.0,0.0,1601.86,1591.0,-106.0,-473.75,1311.0,1871.0,-560.0,-1,1.6666666666666667,1.0,1.1428571428571428,1.921875,1.6337448559670782,1.612060546875,2.0,2.4,2.142857142857143,1.470703125,1.834171620179851,1.8912620544433594,-0.33333333333333326,-1.4,-1.0,0.451171875,-0.20042676421277283,-0.2792015075683594
1002,2025-11-15,Greece,Scotland,3.0,2.0,FIFA World Cup qualification,Piraeus,Greece,0,2025,0,1,1012,2025-09-18,40.0,39.0,-1.0,1494.71,1498.0,2025-09-18,43.0,47.0,4.0,1485.08,1475.0,3.0,9.63000000000011,1838.0,1759.0,79.0,1,0.0,0.75,0.75,0.375,0.8888888888888891,1.265625,3.0,2.0,1.5714285714285714,2.703125,2.2537722908093274,1.899169921875,-3.0,-1.25,-0.8214285714285714,-2.328125,-1.3648834019204383,-0.633544921875
1003,2025-11-15,Denmark,Belarus,2.0,2.0,FIFA World Cup qualification,Copenhagen,Denmark,0,2025,0,1,1013,2025-09-18,20.0,21.0,1.0,1627.64,1621.0,2025-09-18,100.0,97.0,-3.0,1223.55,1237.0,80.0,404.09000000000015,1864.0,1492.0,372.0,0,3.0,2.0,1.5714285714285714,2.70703125,2.292790733119951,1.9992828369140625,0.0,0.0,0.0,0.0,0.0,0.0,3.0,2.0,1.5714285714285714,2.70703125,2.292790733119951,1.9992828369140625
1004,2025-11-15,Switzerland,Sweden,4.0,1.0,FIFA World Cup qualification,Geneva,Switzerland,0,2025,0,1,1014,2025-09-18,17.0,19.0,2.0,1648.29,1635.0,2025-09-18,32.0,29.0,-3.0,1524.63,1545.0,15.0,123.65999999999984,1814.0,1744.0,70.0,1,2.3333333333333335,2.2,2.142857142857143,1.910400390625,2.0665266699407834,2.098075807094574,0.0,0.2,0.6666666666666666,0.15625,0.4938271604938274,0.8173828125,2.3333333333333335,2.0,1.4761904761904763,1.754150390625,1.572699509446956,1.280692994594574
1005,2025-11-15,Slovenia,Kosovo,0.0,2.0,FIFA World Cup qualification,Ljubljana,Slovenia,0,2025,0,1,1015,2025-09-18,50.0,50.0,0.0,1462.96,1470.0,2025-09-18,91.0,95.0,4.0,1262.1,1248.0,41.0,200.86000000000013,1752.0,1527.0,225.0,-1,0.6666666666666666,0.8,0.8333333333333334,0.875,0.8518518518518519,0.859375,2.3333333333333335,1.75,1.75,2.125,1.6666666666666665,1.359375,-1.666666666666667,-0.95,-0.9166666666666666,-1.25,-0.8148148148148147,-0.5
1006,2025-11-15,Turkey,Bulgaria,2.0,0.0,FIFA World Cup qualification,Bursa,Turkey,0,2025,0,1,1016,2022-03-31,43.0,39.0,-4.0,1461.81,1472.72,2025-09-18,86.0,84.0,-2.0,1271.53,1284.0,43.0,190.28,1774.0,1451.0,323.0,1,2.0,1.8,2.142857142857143,2.513671875,2.2214601432708427,2.015453338623047,0.0,0.0,0.0,0.0,0.0,0.0,2.0,1.8,2.142857142857143,2.513671875,2.2214601432708427,2.015453338623047
1007,2025-11-16,Serbia,Latvia,2.0,1.0,FIFA World Cup qualification,Leskovac,Serbia,0,2025,0,1,1017,2025-09-18,34.0,32.0,-2.0,1520.9,1523.0,2025-09-18,137.0,137.0,0.0,1088.8,1099.0,103.0,432.10000000000014,1806.0,1295.0,511.0,1,1.0,1.2,1.4285714285714286,0.8994140625,1.0338193703534355,1.0410490036010742,0.3333333333333333,0.4,0.7142857142857143,0.328125,0.5514403292181072,0.800537109375,0.6666666666666667,0.7999999999999999,0.7142857142857143,0.5712890625,0.48237904113532837,0.24051189422607422
1008,2025-11-16,Albania,England,0.0,2.0,FIFA World Cup qualification,Tirana,Albania,0,2025,0,1,1018,2025-09-18,66.0,68.0,2.0,1380.66,1373.0,2025-09-18,4.0,4.0,0.0,1820.45,1813.0,-62.0,-439.79,1631.0,2006.0,-375.0,-1,3.0,2.2,2.0,2.76953125,2.4464258497180307,2.1970367431640625,3.0,3.0,3.0,2.9854965209960938,2.90718310202742,2.8082670633739326,0.0,-0.7999999999999998,-1.0,-0.21596527099609375,-0.46075725230938946,-0.6112303202098701
1009,2025-11-16,Italy,Norway,1.0,4.0,FIFA World Cup qualification,Milan,Italy,0,2025,0,1,1019,2025-09-18,10.0,11.0,1.0,1710.07,1703.0,2025-09-18,31.0,33.0,2.0,1526.23,1519.0,21.0,183.83999999999992,1943.0,1806.0,137.0,-1,3.0,2.4,1.8571428571428572,2.8203125,2.4366712391403746,2.09527587890625,3.0,3.0,3.0,3.0,3.0,3.0,0.0,-0.6000000000000001,-1.1428571428571428,-0.1796875,-0.5633287608596254,-0.90472412109375
1010,2025-11-16,Portugal,Armenia,9.0,1.0,FIFA World Cup qualification,Porto,Portugal,0,2025,0,1,1021,2025-09-18,5.0,6.0,1.0,1779.56,1771.0,2025-09-18,103.0,105.0,2.0,1219.55,1205.0,98.0,560.01,1993.0,1412.0,581.0,1,1.3333333333333333,2.0,1.7142857142857142,0.9395751953125,1.3256598568796913,1.5012530833482742,0.0,0.6,0.6,0.1875,0.29629629629629634,0.31640625,1.3333333333333333,1.4,1.1142857142857143,0.7520751953125,1.029363560583395,1.1848468333482742
1011,2025-11-16,Azerbaijan,France,1.0,3.0,FIFA World Cup qualification,Baku,Azerbaijan,0,2025,0,1,1022,2025-09-18,124.0,122.0,-2.0,1148.09,1148.0,2025-09-18,2.0,3.0,1.0,1870.92,1862.0,-122.0,-722.8300000000002,1367.0,2055.0,-688.0,-1,0.0,0.2,0.2,0.0625,0.09876543209876545,0.10546875,2.3333333333333335,2.6,2.0,2.4311065673828125,2.311995819611905,2.2392932621296495,-2.3333333333333335,-2.4,-1.8,-2.3686065673828125,-2.2132303875131396,-2.1338245121296495
1012,2025-11-16,Ukraine,Iceland,2.0,0.0,FIFA World Cup qualification,Warsaw,Poland,1,2025,0,1,1023,2025-09-18,28.0,26.0,-2.0,1543.06,1557.0,2025-09-18,74.0,74.0,0.0,1343.09,1338.0,46.0,199.97000000000003,1773.0,1562.0,211.0,1,2.0,1.4,1.1428571428571428,1.2265625,1.429355281207133,1.54962158203125,1.3333333333333333,1.4,1.4,1.9375,1.8148148148148149,1.88671875,0.6666666666666667,0.0,-0.2571428571428571,-0.7109375,-0.3854595336076818,-0.33709716796875
1013,2025-11-16,Nigeria,DR Congo,1.0,1.0,FIFA World Cup qualification,Rabat,Morocco,1,2025,0,1,1024,2025-09-18,45.0,44.0,-1.0,1483.85,1484.0,2025-09-18,60.0,61.0,1.0,1407.6,1412.0,15.0,76.25,1584.0,1540.0,44.0,0,3.0,2.6,2.4285714285714284,2.82373046875,2.577149674187727,2.3724178075790405,3.0,2.4,2.5714285714285716,2.804685592651367,2.627537269116055,2.4902505062018463,0.0,0.20000000000000018,-0.14285714285714324,0.019044876098632812,-0.05038759492832812,-0.11783269862280576
1014,2025-11-16,Hungary,Republic of Ireland,2.0,3.0,FIFA World Cup qualification,Budapest,Hungary,0,2025,0,1,1025,2025-09-18,41.0,38.0,-3.0,1492.18,1501.0,2025-09-18,61.0,60.0,-1.0,1397.52,1413.0,20.0,94.66000000000008,1695.0,1603.0,92.0,-1,2.3333333333333335,1.6,1.5714285714285714,2.203125,1.8641975308641974,1.616455078125,2.0,1.4,1.4,2.3125,1.8641975308641974,1.62890625,0.3333333333333335,0.20000000000000018,0.17142857142857149,-0.109375,0.0,-0.012451171875
1015,2025-11-17,Montenegro,Croatia,2.0,3.0,FIFA World Cup qualification,Podgorica,Montenegro,0,2025,0,1,1026,2025-09-18,80.0,77.0,-3.0,1314.05,1327.0,2025-09-18,9.0,10.0,1.0,1714.21,1708.0,-71.0,-400.1600000000001,1516.0,1886.0,-370.0,-1,1.0,0.6,1.2857142857142858,1.59375,1.3950617283950617,1.4619140625,2.3333333333333335,2.6,2.7142857142857144,2.734161376953125,2.5872073972835237,2.457290758844465,-1.3333333333333335,-2.0,-1.4285714285714286,-1.140411376953125,-1.192145668888462,-0.995376696344465
1016,2025-11-17,Czech Republic,Gibraltar,6.0,0.0,FIFA World Cup qualification,Olomouc,Czech Republic,0,2025,0,1,1027,2022-03-31,33.0,31.0,-2.0,1500.62,1510.42,2025-09-18,200.0,199.0,-1.0,827.19,835.0,167.0,673.4299999999998,1753.0,1051.0,702.0,1,1.3333333333333333,1.4,1.8571428571428572,0.791015625,1.0966824162983286,1.1831703186035156,0.0,0.0,0.0,0.0,0.0,0.0,1.3333333333333333,1.4,1.8571428571428572,0.791015625,1.0966824162983286,1.1831703186035156
1017,2025-11-17,Netherlands,Lithuania,4.0,0.0,FIFA World Cup qualification,Amsterdam,Netherlands,0,2025,0,1,1028,2025-09-18,7.0,7.0,0.0,1754.17,1758.0,2025-09-18,145.0,143.0,-2.0,1065.34,1069.0,138.0,688.8300000000002,1938.0,1293.0,645.0,1,2.3333333333333335,2.2,2.4285714285714284,1.9236907958984375,2.113629103906273,2.161441326024942,0.0,0.4,0.42857142857142855,0.109375,0.20850480109739372,0.243896484375,2.3333333333333335,1.8000000000000003,1.9999999999999998,1.8143157958984375,1.9051243028088791,1.917544841649942
1018,2025-11-17,Malta,Poland,2.0,3.0,FIFA World Cup qualification,Ta' Qali,Malta,0,2025,0,1,1029,2025-09-18,166.0,168.0,2.0,982.43,977.0,2025-09-18,36.0,37.0,1.0,1517.31,1502.0,-130.0,-534.88,1260.0,1682.0,-422.0,-1,1.3333333333333333,1.0,0.7142857142857143,1.65625,1.213991769547325,0.9697265625,2.3333333333333335,1.6,2.0,1.7623291015625,1.801894388192773,1.7678275480866432,-1.0000000000000002,-0.6000000000000001,-1.2857142857142856,-0.1060791015625,-0.5879026186454479,-0.7981009855866432
1019,2025-11-17,Northern Ireland,Luxembourg,1.0,0.0,FIFA World Cup qualification,Belfast,Northern Ireland,0,2025,0,1,1030,2025-09-18,72.0,71.0,-1.0,1355.98,1351.0,2025-09-18,96.0,92.0,-4.0,1242.61,1260.0,24.0,113.37000000000012,1561.0,1455.0,106.0,1,1.0,1.2,1.2,0.5625,1.0370370370370372,1.37109375,0.0,0.0,0.0,0.0,0.0,0.0,1.0,1.2,1.2,0.5625,1.0370370370370372,1.37109375
1020,2025-11-17,Germany,Slovakia,6.0,0.0,FIFA World Cup qualification,Leipzig,Germany,0,2025,0,1,1031,2025-09-18,12.0,9.0,-3.0,1704.27,1717.0,2025-09-18,42.0,52.0,10.0,1491.86,1467.0,30.0,212.41000000000008,1971.0,1665.0,306.0,1,3.0,2.4,2.142857142857143,2.850341796875,2.600934064176456,2.4018282294273376,2.0,2.4,2.142857142857143,2.578125,2.423868312757201,2.400146484375,1.0,0.0,0.0,0.272216796875,0.17706575141925462,0.0016817450523376465
1021,2025-11-18,Haiti,Nicaragua,2.0,0.0,FIFA World Cup qualification,Willemstad,Curaçao,1,2025,0,1,1032,2025-09-18,87.0,90.0,3.0,1269.23,1261.0,2025-09-18,132.0,130.0,-2.0,1120.77,1120.0,45.0,148.46000000000004,1538.0,1331.0,207.0,1,2.0,1.6,1.5714285714285714,2.015625,1.8724279835390947,1.890380859375,1.0,0.8,1.0,1.578125,1.3292181069958848,1.363037109375,1.0,0.8,0.5714285714285714,0.4375,0.5432098765432098,0.52734375
1022,2025-11-18,Trinidad and Tobago,Bermuda,2.0,2.0,FIFA World Cup qualification,Port of Spain,Trinidad and Tobago,0,2025,0,1,1033,2025-09-18,102.0,101.0,-1.0,1220.99,1229.0,2025-09-18,165.0,162.0,-3.0,988.72,1000.0,63.0,232.27,1389.0,1151.0,238.0,0,1.6666666666666667,1.2,1.2857142857142858,1.1953125,1.2511812223746381,1.272186279296875,0.0,0.0,0.8571428571428571,0.07421875,0.25849718030788005,0.4115753173828125,1.6666666666666667,1.2,0.4285714285714287,1.12109375,0.9926840420667581,0.8606109619140625
1023,2025-11-18,Jamaica,Curaçao,0.0,0.0,FIFA World Cup qualification,Kingston,Jamaica,0,2025,0,1,1034,2025-09-18,69.0,70.0,1.0,1377.21,1363.0,2025-09-18,84.0,86.0,2.0,1282.42,1277.0,15.0,94.78999999999996,1569.0,1335.0,234.0,0,1.3333333333333333,2.0,2.2857142857142856,1.60675048828125,1.7699334869199443,1.8138376586139202,2.3333333333333335,2.2,2.4285714285714284,2.4375,2.423868312757201,2.466796875,-1.0000000000000002,-0.20000000000000018,-0.1428571428571428,-0.83074951171875,-0.6539348258372568,-0.6529592163860798
1024,2025-11-18,Panama,El Salvador,3.0,0.0,FIFA World Cup qualification,Panama City,Panama,0,2025,0,1,1035,2025-09-18,29.0,30.0,1.0,1529.71,1545.0,2025-09-18,90.0,87.0,-3.0,1267.75,1273.0,61.0,261.96000000000004,1726.0,1389.0,337.0,1,2.3333333333333335,1.8,2.142857142857143,2.2991600036621094,2.1419679716526296,2.0690360552544007,0.0,0.6,1.0,0.14691162109375,0.40974382229949663,0.5836326219141483,2.3333333333333335,1.2000000000000002,1.1428571428571428,2.1522483825683594,1.732224149353133,1.4854034333402524
1025,2025-11-18,Guatemala,Suriname,3.0,1.0,FIFA World Cup qualification,Guatemala City,Guatemala,0,2025,0,1,1036,2025-09-18,98.0,100.0,2.0,1230.73,1236.0,2025-09-18,131.0,136.0,5.0,1125.2,1100.0,33.0,105.52999999999996,1481.0,1411.0,70.0,1,1.3333333333333333,1.0,1.1428571428571428,0.984375,1.176954732510288,1.342529296875,1.6666666666666667,1.8,1.8571428571428572,2.15625,2.039780521262003,2.06689453125,-0.3333333333333335,-0.8,-0.7142857142857144,-1.171875,-0.8628257887517148,-0.724365234375
1026,2025-11-18,Belgium,Liechtenstein,7.0,0.0,FIFA World Cup qualification,Liège,Belgium,0,2025,0,1,1037,2025-09-18,8.0,8.0,0.0,1739.55,1736.0,2025-09-18,204.0,204.0,0.0,808.48,812.0,196.0,931.07,1851.0,977.0,874.0,1,1.6666666666666667,2.2,2.142857142857143,1.7164306640625,1.8612131920570674,1.8924814015626907,0.0,0.0,0.0,0.0,0.0,0.0,1.6666666666666667,2.2,2.142857142857143,1.7164306640625,1.8612131920570674,1.8924814015626907
1027,2025-11-18,Wales,North Macedonia,7.0,1.0,FIFA World Cup qualification,Cardiff,Wales,0,2025,0,1,1038,2025-09-18,30.0,31.0,1.0,1529.09,1529.0,2025-09-18,63.0,62.0,-1.0,1388.5,1391.0,33.0,140.58999999999992,1724.0,1551.0,173.0,1,2.0,1.8,1.8571428571428572,2.01171875,1.8343579061457436,1.7897014617919922,1.6666666666666667,1.8,1.8571428571428572,1.39453125,1.6108824874256973,1.7480316162109375,0.33333333333333326,0.0,0.0,0.6171875,0.22347541872004628,0.04166984558105469
1028,2025-11-18,Romania,San Marino,7.0,1.0,FIFA World Cup qualification,Ploiești,Romania,0,2025,0,1,1039,2025-09-18,51.0,48.0,-3.0,1462.85,1474.0,2025-09-18,210.0,210.0,0.0,733.23,738.0,159.0,729.6199999999999,1650.0,841.0,809.0,1,1.3333333333333333,1.4,1.4285714285714286,1.109375,1.2427983539094651,1.197509765625,0.0,0.0,0.0,0.0,0.0,0.0,1.3333333333333333,1.4,1.4285714285714286,1.109375,1.2427983539094651,1.197509765625
1029,2025-11-18,Costa Rica,Honduras,0.0,0.0,FIFA World Cup qualification,San José,Costa Rica,0,2025,0,1,1040,2025-09-18,47.0,40.0,-7.0,1481.14,1494.0,2025-09-18,65.0,66.0,1.0,1383.99,1380.0,18.0,97.15000000000008,1666.0,1585.0,81.0,0,1.3333333333333333,1.2,1.7142857142857142,1.0542287826538086,1.3067923046881078,1.4482760145833709,1.3333333333333333,1.6,2.0,1.181884765625,1.4978332495987325,1.5958516001701355,0.0,-0.40000000000000013,-0.2857142857142858,-0.1276559829711914,-0.19104094491062473,-0.14757558558676465
1030,2025-11-18,Bulgaria,Georgia,2.0,1.0,FIFA World Cup qualification,Sofia,Bulgaria,0,2025,0,1,1041,2025-09-18,86.0,84.0,-2.0,1271.53,1284.0,2025-09-18,68.0,67.0,-1.0,1377.32,1375.0,-18.0,-105.78999999999996,1451.0,1650.0,-199.0,1,0.0,0.0,0.0,0.0,0.0,0.0,0.0,0.6,0.8571428571428571,0.21484375,0.4035970126505107,0.4832611083984375,0.0,-0.6,-0.8571428571428571,-0.21484375,-0.4035970126505107,-0.4832611083984375
1031,2025-11-18,Spain,Turkey,2.0,2.0,FIFA World Cup qualification,Seville,Spain,0,2025,0,1,1042,2025-09-18,1.0,2.0,1.0,1875.37,1867.0,2022-03-31,43.0,39.0,-4.0,1461.81,1472.72,42.0,413.56,2178.0,1774.0,404.0,0,3.0,3.0,3.0,2.99951171875,2.987439879567133,2.9574349019676447,3.0,2.4,2.142857142857143,2.7568359375,2.4809734288472285,2.261590003967285,0.0,0.6000000000000001,0.8571428571428572,0.24267578125,0.5064664507199046,0.6958448980003595
1032,2025-11-18,Belarus,Greece,0.0,0.0,FIFA World Cup qualification,Zalaegerszeg,Hungary,1,2025,0,1,1043,2025-09-18,100.0,97.0,-3.0,1223.55,1237.0,2025-09-18,40.0,39.0,-1.0,1494.71,1498.0,-60.0,-271.1600000000001,1492.0,1838.0,-346.0,0,0.3333333333333333,0.2,0.2,0.5,0.33333333333333326,0.25,1.0,1.2,1.2,1.6875,1.5925925925925926,1.69921875,-0.6666666666666667,-1.0,-1.0,-1.1875,-1.2592592592592593,-1.44921875
1033,2025-11-18,Scotland,Denmark,4.0,2.0,FIFA World Cup qualification,Glasgow,Scotland,0,2025,0,1,1044,2025-09-18,43.0,47.0,4.0,1485.08,1475.0,2025-09-18,20.0,21.0,1.0,1627.64,1621.0,-23.0,-142.56000000000017,1759.0,1864.0,-105.0,1,2.0,2.0,1.5714285714285714,1.3515625,1.5025148605395517,1.42437744140625,2.3333333333333335,2.2,1.7142857142857142,1.853515625,1.8618604887466341,1.7494621276855469,-0.3333333333333335,-0.20000000000000018,-0.1428571428571428,-0.501953125,-0.3593456282070824,-0.3250846862792969
1034,2025-11-18,Sweden,Slovenia,1.0,1.0,FIFA World Cup qualification,Solna,Sweden,0,2025,0,1,1045,2025-09-18,32.0,29.0,-3.0,1524.63,1545.0,2025-09-18,50.0,50.0,0.0,1462.96,1470.0,18.0,61.67000000000007,1744.0,1752.0,-8.0,0,0.0,0.2,0.5714285714285714,0.078125,0.329218106995885,0.613037109375,0.6666666666666666,0.6,0.7142857142857143,0.4375,0.5679012345679013,0.64453125,-0.6666666666666666,-0.39999999999999997,-0.1428571428571429,-0.359375,-0.23868312757201632,-0.031494140625
1035,2025-11-18,Kosovo,Switzerland,1.0,1.0,FIFA World Cup qualification,Pristina,Kosovo,0,2025,0,1,1046,2025-09-18,91.0,95.0,4.0,1262.1,1248.0,2025-09-18,17.0,19.0,2.0,1648.29,1635.0,-74.0,-386.19000000000005,1527.0,1814.0,-287.0,0,2.3333333333333335,2.0,2.0,2.5625,2.1111111111111107,1.76953125,2.3333333333333335,2.6,2.4285714285714284,2.4552001953125,2.377684446627189,2.3235568553209305,0.0,-0.6000000000000001,-0.4285714285714284,0.1072998046875,-0.2665733355160782,-0.5540256053209305
1036,2025-11-18,Iraq,United Arab Emirates,2.0,1.0,FIFA World Cup qualification,Basra,Iraq,0,2025,0,1,1047,2025-09-18,58.0,58.0,0.0,1422.19,1417.0,2025-09-18,67.0,65.0,-2.0,1379.86,1380.0,9.0,42.33000000000016,1584.0,1538.0,46.0,1,1.6666666666666667,1.6,1.2857142857142858,1.3364141434431076,1.440231213956571,1.4848638666754608,1.3333333333333333,1.2,1.2857142857142858,1.0342883467674255,1.1955587924626137,1.2964928668017812,0.3333333333333335,0.40000000000000013,0.0,0.30212579667568207,0.2446724214939573,0.18837099987367956
1037,2025-11-18,Austria,Bosnia and Herzegovina,1.0,1.0,FIFA World Cup qualification,Vienna,Austria,0,2025,0,1,1048,2025-09-18,22.0,22.0,0.0,1601.86,1591.0,2025-09-18,73.0,72.0,-1.0,1344.25,1349.0,51.0,257.6099999999999,1871.0,1485.0,386.0,0,2.0,2.4,2.5714285714285716,2.2353515625,2.2227810801199004,2.1684465408325195,1.3333333333333333,2.0,2.2857142857142856,2.125,2.111111111111111,2.203125,0.6666666666666667,0.3999999999999999,0.28571428571428603,0.1103515625,0.11166996900878923,-0.03467845916748047
1038,2026-03-26,Denmark,North Macedonia,4.0,0.0,FIFA World Cup qualification,Copenhagen,Denmark,0,2026,0,1,1049,2026-01-19,21.0,21.0,0.0,1616.75,1617.0,2026-01-19,66.0,66.0,0.0,1378.57,1379.0,45.0,238.1800000000001,1864.0,1592.0,272.0,1,1.3333333333333333,2.0,1.5714285714285714,0.9267578125,1.2412403258310896,1.3120965957641602,0.6666666666666666,1.6,1.4285714285714286,0.697265625,1.0739216582837983,1.3110237121582031,0.6666666666666666,0.3999999999999999,0.1428571428571428,0.2294921875,0.1673186675472913,0.0010728836059570312
1039,2026-03-26,Czech Republic,Republic of Ireland,2.0,2.0,FIFA World Cup qualification,Prague,Czech Republic,0,2026,0,1,1050,2022-03-31,33.0,31.0,-2.0,1500.62,1510.42,2026-01-19,59.0,59.0,0.0,1436.04,1436.0,26.0,64.57999999999993,1731.0,1688.0,43.0,0,1.3333333333333333,1.4,1.8571428571428572,1.8955078125,1.7311216108655523,1.6373777389526367,3.0,1.8,1.6666666666666667,2.65625,2.242798353909465,1.9716796875,-1.6666666666666667,-0.40000000000000013,0.19047619047619047,-0.7607421875,-0.5116767430439126,-0.3343019485473633
1040,2026-03-26,Turkey,Romania,1.0,0.0,FIFA World Cup qualification,Istanbul,Turkey,0,2026,0,1,1051,2022-03-31,43.0,39.0,-4.0,1461.81,1472.72,2026-01-19,49.0,47.0,-2.0,1465.78,1466.0,6.0,-3.9700000000000273,1880.0,1642.0,238.0,1,2.3333333333333335,2.0,1.8571428571428572,1.87841796875,1.9873156192314858,1.9461925029754639,2.0,2.0,1.8571428571428572,2.0546875,1.8285322359396434,1.64813232421875,0.3333333333333335,0.0,0.0,-0.17626953125,0.15878338329184238,0.29806017875671387
1041,2026-03-26,Slovakia,Kosovo,3.0,4.0,FIFA World Cup qualification,Bratislava,Slovakia,0,2026,0,1,1052,2026-01-19,44.0,45.0,1.0,1485.65,1486.0,2026-01-19,79.0,80.0,1.0,1308.84,1309.0,35.0,176.81000000000017,1687.0,1714.0,-27.0,-1,2.0,1.8,1.7142857142857142,1.2890625,1.615912208504801,1.80010986328125,2.3333333333333335,2.2,1.8333333333333333,1.78125,1.7407407407407405,1.5771484375,-0.3333333333333335,-0.40000000000000013,-0.11904761904761907,-0.4921875,-0.12482853223593948,0.22296142578125
1042,2026-03-26,Ukraine,Sweden,1.0,3.0,FIFA World Cup qualification,Valencia,Spain,1,2026,0,1,1053,2026-01-19,30.0,28.0,-2.0,1557.47,1557.0,2026-01-19,42.0,43.0,1.0,1487.13,1487.0,12.0,70.33999999999992,1802.0,1660.0,142.0,-1,2.0,2.0,1.5714285714285714,2.11328125,1.9529035208047554,1.9122161865234375,0.3333333333333333,0.2,0.2857142857142857,0.5390625,0.55281207133059,0.70977783203125,1.6666666666666667,1.8,1.2857142857142856,1.57421875,1.4000914494741654,1.2024383544921875
1043,2026-03-26,Wales,Bosnia and Herzegovina,1.0,1.0,FIFA World Cup qualification,Cardiff,Wales,0,2026,0,1,1054,2026-01-19,35.0,32.0,-3.0,1529.71,1530.0,2026-01-19,71.0,71.0,0.0,1362.37,1362.0,36.0,167.34000000000017,1715.0,1572.0,143.0,0,2.0,1.8,1.8571428571428572,2.505859375,2.222905270763829,2.092276096343994,1.6666666666666667,1.6,2.0,1.5625,1.740740740740741,1.90234375,0.33333333333333326,0.19999999999999996,-0.1428571428571428,0.943359375,0.4821645300230881,0.18993234634399414
1044,2026-03-26,Italy,Northern Ireland,2.0,0.0,FIFA World Cup qualification,Bergamo,Italy,0,2026,0,1,1055,2026-01-19,13.0,12.0,-1.0,1702.06,1702.0,2026-01-19,69.0,69.0,0.0,1366.02,1366.0,56.0,336.04,1859.0,1602.0,257.0,1,2.0,2.4,1.7142857142857142,1.41015625,1.62444749276025,1.5714569091796875,1.0,1.2,1.5,1.78125,1.691358024691358,1.7783203125,1.0,1.2,0.2142857142857142,-0.37109375,-0.06691053193110807,-0.2068634033203125
1045,2026-03-26,Bolivia,Suriname,2.0,1.0,FIFA World Cup qualification,Guadalupe,Mexico,1,2026,0,1,1056,2026-01-19,76.0,76.0,0.0,1330.52,1330.0,2026-01-19,123.0,123.0,0.0,1140.54,1141.0,47.0,189.98,1675.0,1441.0,234.0,1,2.0,1.4,1.1428571428571428,1.9192123413085938,1.595989181150406,1.4332131409901194,1.3333333333333333,1.6,1.4285714285714286,1.078125,1.3598536808413353,1.5501708984375,0.6666666666666667,-0.20000000000000018,-0.2857142857142858,0.8410873413085938,0.23613550030907082,-0.11695775744738057
1046,2026-03-26,New Caledonia,Jamaica,0.0,1.0,FIFA World Cup qualification,Zapopan,Mexico,1,2026,0,1,1057,2026-01-19,150.0,150.0,0.0,1042.62,1043.0,2025-09-18,69.0,70.0,1.0,1377.21,1363.0,-81.0,-334.59000000000015,1295.0,1527.0,-232.0,-1,1.3333333333333333,2.0,1.4285714285714286,1.15625,1.308641975308642,1.2568359375,1.6666666666666667,1.6,2.0,1.303375244140625,1.513288991279963,1.6103782439604402,-0.3333333333333335,0.3999999999999999,-0.5714285714285714,-0.147125244140625,-0.20464701597132096,-0.35354230646044016
1047,2026-03-26,Poland,Albania,2.0,1.0,FIFA World Cup qualification,Warsaw,Poland,0,2026,0,1,1058,2026-01-19,34.0,31.0,-3.0,1532.04,1532.0,2026-01-19,63.0,63.0,0.0,1401.07,1401.0,29.0,130.97000000000003,1735.0,1664.0,71.0,1,2.3333333333333335,2.2,2.0,2.38116455078125,2.2012629254618483,2.0758706610649824,2.0,2.0,2.0,1.384765625,1.6309505664786872,1.6477775573730469,0.3333333333333335,0.20000000000000018,0.0,0.99639892578125,0.5703123589831611,0.42809310369193554
1048,2026-03-31,Kosovo,Turkey,0.0,1.0,FIFA World Cup qualification,Pristina,Kosovo,0,2026,0,1,1059,2026-01-19,79.0,80.0,1.0,1308.84,1309.0,2022-03-31,43.0,39.0,-4.0,1461.81,1472.72,-36.0,-152.97000000000003,1714.0,1880.0,-166.0,-1,2.3333333333333335,2.2,2.0,2.390625,2.1604938271604937,1.932861328125,2.3333333333333335,2.6,2.2857142857142856,2.439208984375,2.324877079487657,2.209644377231598,0.0,-0.3999999999999999,-0.2857142857142856,-0.048583984375,-0.16438325232716355,-0.2767830491065979
1049,2026-03-31,DR Congo,Jamaica,1.0,0.0,FIFA World Cup qualification,Zapopan,Mexico,1,2026,0,1,1060,2026-01-19,48.0,56.0,8.0,1468.22,1444.0,2025-09-18,69.0,70.0,1.0,1377.21,1363.0,21.0,91.01,1657.0,1527.0,130.0,1,1.3333333333333333,1.6,2.0,1.1813964247703552,1.5229678708300978,1.689580930670946,1.6666666666666667,1.6,2.0,2.1516876220703125,2.0088593275199753,1.9577836829703301,-0.3333333333333335,0.0,0.0,-0.9702911972999573,-0.48589145668987754,-0.2682027522993842
1050,2026-03-31,Iraq,Bolivia,2.0,1.0,FIFA World Cup qualification,Guadalupe,Mexico,1,2026,0,1,1061,2026-01-19,58.0,58.0,0.0,1436.94,1437.0,2026-01-19,76.0,76.0,0.0,1330.52,1330.0,18.0,106.42000000000009,1582.0,1675.0,-93.0,1,1.6666666666666667,2.2,1.5714285714285714,2.168207071721554,1.9601541426377138,1.8636479000065955,2.0,1.8,1.4285714285714286,2.459606170654297,2.063992787433604,1.8249098557425896,-0.33333333333333326,0.40000000000000013,0.1428571428571428,-0.2913990989327431,-0.10383864479589011,0.038738044264005955
1051,2026-03-31,Bosnia and Herzegovina,Italy,1.0,1.0,FIFA World Cup qualification,Zenica,Bosnia and Herzegovina,0,2026,0,1,1062,2026-01-19,71.0,71.0,0.0,1362.37,1362.0,2026-01-19,13.0,12.0,-1.0,1702.06,1702.0,-58.0,-339.69000000000005,1572.0,1859.0,-287.0,0,1.6666666666666667,1.2,1.7142857142857142,1.28125,1.4938271604938274,1.6767578125,2.0,2.4,2.142857142857143,2.205078125,2.0829649951734996,1.9285926818847656,-0.33333333333333326,-1.2,-0.4285714285714286,-0.923828125,-0.5891378346796723,-0.2518348693847656
1052,2026-03-31,Sweden,Poland,3.0,2.0,FIFA World Cup qualification,Solna,Sweden,0,2026,0,1,1063,2026-01-19,42.0,43.0,1.0,1487.13,1487.0,2026-01-19,34.0,31.0,-3.0,1532.04,1532.0,-8.0,-44.909999999999854,1660.0,1735.0,-75.0,1,1.3333333333333333,0.8,0.7142857142857143,1.76953125,1.3685413808870597,1.2823333740234375,2.3333333333333335,2.6,2.0,2.690582275390625,2.4675086169745652,2.306902995798737,-1.0000000000000002,-1.8,-1.2857142857142856,-0.921051025390625,-1.0989672360875056,-1.0245696217752993
1053,2026-03-31,Czech Republic,Denmark,2.0,2.0,FIFA World Cup qualification,Prague,Czech Republic,0,2026,0,1,1064,2022-03-31,33.0,31.0,-2.0,1500.62,1510.42,2026-01-19,21.0,21.0,0.0,1616.75,1617.0,-12.0,-116.13000000000012,1731.0,1864.0,-133.0,0,1.3333333333333333,1.6,1.5714285714285714,1.44775390625,1.4874144072437017,1.4780333042144775,1.3333333333333333,2.0,2.0,1.96337890625,1.8274935505540597,1.7340724468231201,0.0,-0.3999999999999999,-0.4285714285714286,-0.515625,-0.34007914331035805,-0.2560391426086426
1054,2024-01-12,Qatar,Lebanon,3.0,0.0,AFC Asian Cup,Lusail,Qatar,0,2024,0,0,1065,2023-10-26 00:00:00,61.0,61.0,0.0,1394.16,1395.57,2023-10-26 00:00:00,104.0,101.0,-3.0,1198.25,1205.56,43.0,195.91000000000008,1534.0,1311.0,223.0,1,2.0,1.2,1.2,2.25,1.6666666666666665,1.3125,0.6666666666666666,0.6,0.5,0.78125,0.6213991769547325,0.5166015625,1.3333333333333335,0.6,0.7,1.46875,1.045267489711934,0.7958984375
1055,2024-01-13,Australia,India,2.0,0.0,AFC Asian Cup,Al Rayyan,Qatar,1,2024,0,0,1066,2023-10-26 00:00:00,27.0,27.0,0.0,1531.25,1531.72,2023-10-26 00:00:00,102.0,102.0,0.0,1198.84,1204.88,75.0,332.4100000000001,1784.0,1240.0,544.0,1,2.0,2.4,1.8571428571428572,2.552734375,2.2887488921630057,2.151602268218994,1.5,1.5,1.5,1.5,2.0,2.25,0.5,0.8999999999999999,0.3571428571428572,1.052734375,0.2887488921630057,-0.09839773178100586
1056,2024-01-13,Ivory Coast,Guinea-Bissau,2.0,0.0,African Cup of Nations,Ebimpé,Ivory Coast,0,2024,0,0,1067,2023-10-26 00:00:00,52.0,50.0,-2.0,1439.17,1437.89,2023-10-26 00:00:00,110.0,106.0,-4.0,1186.85,1190.88,58.0,252.32000000000016,1642.0,1411.0,231.0,1,3.0,3.0,3.0,3.0,3.0,3.0,2.0,2.0,2.0,2.0,1.6666666666666665,1.5,1.0,1.0,1.0,1.0,1.3333333333333335,1.5
1057,2024-01-13,Uzbekistan,Syria,0.0,0.0,AFC Asian Cup,Doha,Qatar,1,2024,0,0,1068,2023-10-26 00:00:00,73.0,75.0,2.0,1333.09,1328.35,2023-10-26 00:00:00,92.0,93.0,1.0,1239.37,1245.81,19.0,93.72000000000004,1643.0,1423.0,220.0,0,2.0,2.0,2.0,2.0,2.333333333333333,2.5,1.3333333333333333,1.4,1.1666666666666667,1.0625,1.1111111111111112,1.01953125,0.6666666666666667,0.6000000000000001,0.8333333333333333,0.9375,1.2222222222222219,1.48046875
1058,2024-01-14,Egypt,Mozambique,2.0,2.0,African Cup of Nations,Abidjan,Ivory Coast,1,2024,0,0,1069,2023-10-26 00:00:00,35.0,35.0,0.0,1511.95,1508.93,2023-10-26 00:00:00,113.0,113.0,0.0,1176.58,1179.03,78.0,335.3700000000001,1684.0,1311.0,373.0,0,2.0,2.25,2.25,2.625,2.5555555555555554,2.578125,1.5,1.5,1.5,1.5,2.0,2.25,0.5,0.75,0.75,1.125,0.5555555555555554,0.328125
1059,2024-01-14,Ghana,Cape Verde,1.0,2.0,African Cup of Nations,Abidjan,Ivory Coast,1,2024,0,0,1070,2023-10-26 00:00:00,60.0,60.0,0.0,1394.74,1400.0,2023-10-26 00:00:00,74.0,71.0,-3.0,1326.93,1337.29,14.0,67.80999999999995,1548.0,1479.0,69.0,-1,1.0,1.2,1.1428571428571428,0.96875,1.0946502057613168,1.1162109375,2.0,2.0,2.0,2.0,1.6666666666666665,1.5,-1.0,-0.8,-0.8571428571428572,-1.03125,-0.5720164609053497,-0.3837890625
1060,2024-01-14,Iran,Palestine,4.0,1.0,AFC Asian Cup,Al Rayyan,Qatar,1,2024,0,0,1071,2023-10-26 00:00:00,21.0,21.0,0.0,1567.3,1561.26,2023-10-26 00:00:00,96.0,97.0,1.0,1224.05,1224.05,75.0,343.25,1827.0,1432.0,395.0,1,1.3333333333333333,1.4,1.4285714285714286,1.5078125,1.6035665294924555,1.70733642578125,0.5,0.5,0.5,0.5,0.6666666666666667,0.75,0.8333333333333333,0.8999999999999999,0.9285714285714286,1.0078125,0.9368998628257887,0.95733642578125
1061,2024-01-14,Japan,Vietnam,4.0,2.0,AFC Asian Cup,Doha,Qatar,1,2024,0,0,1072,2023-10-26 00:00:00,18.0,19.0,1.0,1612.99,1605.2,2023-10-26 00:00:00,94.0,95.0,1.0,1236.25,1243.14,76.0,376.74,1905.0,1425.0,480.0,1,2.3333333333333335,2.0,2.0,2.640625,2.4476451760402376,2.3924560546875,1.3333333333333333,1.4,1.1666666666666667,0.96875,1.0123456790123455,0.9404296875,1.0000000000000002,0.6000000000000001,0.8333333333333333,1.671875,1.435299497027892,1.4520263671875
1062,2024-01-15,Algeria,Angola,1.0,1.0,African Cup of Nations,Bouaké,Ivory Coast,1,2024,0,0,1073,2023-10-26 00:00:00,33.0,34.0,1.0,1512.9,1509.5,2023-10-26 00:00:00,116.0,117.0,1.0,1169.64,1167.7,83.0,343.26,1723.0,1398.0,325.0,0,2.0,2.25,2.25,2.625,2.5555555555555554,2.578125,1.0,1.0,1.0,1.0,1.0,1.0,1.0,1.25,1.25,1.625,1.5555555555555554,1.578125
1063,2024-01-15,Indonesia,Iraq,1.0,3.0,AFC Asian Cup,Doha,Qatar,1,2024,0,0,1074,2023-10-26 00:00:00,145.0,147.0,2.0,1069.82,1052.87,2023-10-26 00:00:00,68.0,69.0,1.0,1349.73,1347.38,-77.0,-279.9100000000001,1297.0,1621.0,-324.0,-1,1.3333333333333333,1.75,1.75,1.25,1.6666666666666667,1.9375,2.3333333333333335,2.2,1.8333333333333333,2.59375,2.176954732510288,1.8486328125,-1.0000000000000002,-0.4500000000000002,-0.08333333333333326,-1.34375,-0.5102880658436211,0.0888671875
1064,2024-01-15,Malaysia,Jordan,0.0,4.0,AFC Asian Cup,Al Wakrah,Qatar,1,2024,0,0,1075,2023-10-26 00:00:00,137.0,134.0,-3.0,1096.72,1094.9,2023-10-26 00:00:00,82.0,84.0,2.0,1284.39,1286.36,-55.0,-187.67000000000007,1256.0,1503.0,-247.0,-1,3.0,3.0,3.0,3.0,3.0,3.0,0.5,0.5,0.5,0.5,0.6666666666666667,0.75,2.5,2.5,2.5,2.5,2.333333333333333,2.25
1065,2024-01-15,Senegal,Gambia,3.0,0.0,African Cup of Nations,Yamoussoukro,Ivory Coast,1,2024,0,0,1076,2023-10-26 00:00:00,20.0,20.0,0.0,1600.82,1597.01,2022-03-31 00:00:00,123.0,125.0,2.0,1138.19,1135.18,103.0,462.6299999999999,1731.0,1443.0,288.0,1,1.3333333333333333,2.0,1.8571428571428572,1.5546875,1.5816186556927299,1.49969482421875,0.0,0.0,0.0,0.0,0.0,0.0,1.3333333333333333,2.0,1.8571428571428572,1.5546875,1.5816186556927299,1.49969482421875
1066,2024-01-15,South Korea,Bahrain,3.0,1.0,AFC Asian Cup,Doha,Qatar,1,2024,0,0,1077,2023-10-26 00:00:00,24.0,26.0,2.0,1540.35,1533.01,2023-10-26 00:00:00,83.0,86.0,3.0,1281.46,1273.54,59.0,258.8899999999999,1799.0,1480.0,319.0,1,2.0,1.8,1.4285714285714286,2.4765625,2.1824417009602195,2.08868408203125,1.5,1.5,1.5,1.5,2.0,2.25,0.5,0.30000000000000004,-0.0714285714285714,0.9765625,0.1824417009602195,-0.16131591796875
1067,2024-01-16,Mali,South Africa,2.0,0.0,African Cup of Nations,Korhogo,Ivory Coast,1,2024,0,0,1078,2023-10-26 00:00:00,47.0,49.0,2.0,1449.75,1441.72,2023-10-26 00:00:00,64.0,65.0,1.0,1366.35,1368.25,17.0,83.40000000000009,1631.0,1486.0,145.0,1,1.6666666666666667,1.25,1.25,1.375,1.148148148148148,0.953125,1.5,1.5,1.5,1.5,2.0,2.25,0.16666666666666674,-0.25,-0.25,-0.125,-0.8518518518518521,-1.296875
1068,2024-01-16,Saudi Arabia,Oman,2.0,1.0,AFC Asian Cup,Al Rayyan,Qatar,1,2024,0,0,1079,2023-10-26 00:00:00,57.0,57.0,0.0,1408.85,1412.82,2023-10-26 00:00:00,72.0,73.0,1.0,1334.37,1334.37,15.0,74.48000000000002,1586.0,1575.0,11.0,1,2.0,1.8,1.8571428571428572,2.41015625,2.142203932327389,2.0726165771484375,2.0,2.0,1.6666666666666667,1.34375,1.4732510288065843,1.3798828125,0.0,-0.19999999999999996,0.19047619047619047,1.06640625,0.6689529035208046,0.6927337646484375
1069,2024-01-16,Tunisia,Namibia,0.0,1.0,African Cup of Nations,Korhogo,Ivory Coast,1,2024,0,0,1080,2023-10-26 00:00:00,32.0,29.0,-3.0,1516.14,1525.23,2023-10-26 00:00:00,114.0,114.0,0.0,1172.41,1172.41,82.0,343.73,1738.0,1414.0,324.0,-1,3.0,2.0,2.0,2.71875,2.484224965706447,2.40673828125,3.0,3.0,3.0,3.0,3.0,3.0,0.0,-1.0,-1.0,-0.28125,-0.515775034293553,-0.59326171875
1070,2024-01-17,DR Congo,Zambia,1.0,1.0,African Cup of Nations,San-Pédro,Ivory Coast,1,2024,0,0,1081,2023-10-26 00:00:00,65.0,64.0,-1.0,1366.18,1369.59,2023-10-26 00:00:00,81.0,82.0,1.0,1291.34,1289.63,16.0,74.84000000000015,1497.0,1523.0,-26.0,0,1.0,1.0,1.0,0.875,0.9629629629629629,0.984375,1.5,1.5,1.5,1.5,2.0,2.25,-0.5,-0.5,-0.5,-0.625,-1.0370370370370372,-1.265625
1071,2024-01-17,Morocco,Tanzania,3.0,0.0,African Cup of Nations,San-Pédro,Ivory Coast,1,2024,0,0,1082,2023-10-26 00:00:00,13.0,13.0,0.0,1658.49,1658.32,2023-10-26 00:00:00,121.0,122.0,1.0,1146.46,1146.46,108.0,512.03,1846.0,1313.0,533.0,1,1.0,1.4,1.8571428571428572,1.80078125,1.6661586140324136,1.6405105590820312,1.5,1.5,1.5,1.5,2.0,2.25,-0.5,-0.10000000000000009,0.3571428571428572,0.30078125,-0.3338413859675864,-0.6094894409179688
1072,2024-01-17,Qatar,Tajikistan,1.0,0.0,AFC Asian Cup,Al Khor,Qatar,0,2024,0,0,1083,2023-10-26 00:00:00,61.0,61.0,0.0,1394.16,1395.57,2023-10-26 00:00:00,109.0,110.0,1.0,1187.23,1183.01,48.0,206.9300000000001,1534.0,1321.0,213.0,1,3.0,1.8,1.5,2.625,2.1111111111111107,1.734375,2.0,2.0,2.0,2.0,1.6666666666666665,1.5,1.0,-0.19999999999999996,-0.5,0.625,0.4444444444444442,0.234375
1073,2024-01-18,Egypt,Ghana,2.0,2.0,African Cup of Nations,Abidjan,Ivory Coast,1,2024,0,0,1084,2023-10-26 00:00:00,35.0,35.0,0.0,1511.95,1508.93,2023-10-26 00:00:00,60.0,60.0,0.0,1394.74,1400.0,25.0,117.21000000000004,1684.0,1548.0,136.0,0,2.3333333333333335,2.0,2.0,1.8125,2.037037037037037,2.18359375,1.0,1.2,1.0,0.484375,0.7297668038408779,0.837158203125,1.3333333333333335,0.8,1.0,1.328125,1.3072702331961592,1.346435546875
1074,2024-01-18,India,Uzbekistan,0.0,3.0,AFC Asian Cup,Al Rayyan,Qatar,1,2024,0,0,1085,2023-10-26 00:00:00,102.0,102.0,0.0,1198.84,1204.88,2023-10-26 00:00:00,73.0,75.0,2.0,1333.09,1328.35,-29.0,-134.25,1240.0,1643.0,-403.0,-1,1.0,1.0,1.0,0.75,1.3333333333333335,1.6875,1.6666666666666667,1.6666666666666667,1.6666666666666667,1.5,1.8888888888888888,2.125,-0.6666666666666667,-0.6666666666666667,-0.6666666666666667,-0.75,-0.5555555555555554,-0.4375
1075,2024-01-18,Ivory Coast,Nigeria,0.0,1.0,African Cup of Nations,Ebimpé,Ivory Coast,0,2024,0,0,1086,2023-10-26 00:00:00,52.0,50.0,-2.0,1439.17,1437.89,2023-10-26 00:00:00,40.0,40.0,0.0,1490.48,1488.86,-12.0,-51.309999999999945,1642.0,1657.0,-15.0,-1,3.0,3.0,3.0,3.0,3.0,3.0,1.0,1.0,1.0,1.0,1.0,1.0,2.0,2.0,2.0,2.0,2.0,2.0
1076,2024-01-18,Syria,Australia,0.0,1.0,AFC Asian Cup,Doha,Qatar,1,2024,0,0,1087,2023-10-26 00:00:00,92.0,93.0,1.0,1239.37,1245.81,2023-10-26 00:00:00,27.0,27.0,0.0,1531.25,1531.72,-65.0,-291.8800000000001,1423.0,1784.0,-361.0,-1,1.3333333333333333,1.6,1.1428571428571428,1.03125,1.074074074074074,1.0146484375,3.0,2.4,2.142857142857143,2.7763671875,2.525832594775337,2.3637017011642456,-1.6666666666666667,-0.7999999999999998,-1.0,-1.7451171875,-1.4517585207012629,-1.3490532636642456
1077,2024-01-19,Cape Verde,Mozambique,3.0,0.0,African Cup of Nations,Abidjan,Ivory Coast,1,2024,0,0,1088,2023-10-26 00:00:00,74.0,71.0,-3.0,1326.93,1337.29,2023-10-26 00:00:00,113.0,113.0,0.0,1176.58,1179.03,39.0,150.35000000000014,1479.0,1311.0,168.0,1,2.3333333333333335,2.3333333333333335,2.3333333333333335,2.5,2.1111111111111107,1.875,1.3333333333333333,1.3333333333333333,1.3333333333333333,1.25,1.6666666666666667,1.9375,1.0000000000000002,1.0000000000000002,1.0000000000000002,1.25,0.444444444444444,-0.0625
1078,2024-01-19,Hong Kong,Iran,0.0,1.0,AFC Asian Cup,Al Rayyan,Qatar,1,2024,0,0,1089,2022-03-31 00:00:00,147.0,148.0,1.0,1053.39,1053.39,2023-10-26 00:00:00,21.0,21.0,0.0,1567.3,1561.26,-126.0,-513.9099999999999,1122.0,1827.0,-705.0,-1,0.3333333333333333,1.0,1.0,0.875,1.2222222222222223,1.515625,2.3333333333333335,2.0,1.8571428571428572,2.25390625,2.06904435299497,2.0305023193359375,-2.0,-1.0,-0.8571428571428572,-1.37890625,-0.8468221307727477,-0.5148773193359375
1079,2024-01-19,Iraq,Japan,2.0,1.0,AFC Asian Cup,Al Rayyan,Qatar,1,2024,0,0,1090,2023-10-26 00:00:00,68.0,69.0,1.0,1349.73,1347.38,2023-10-26 00:00:00,18.0,19.0,1.0,1612.99,1605.2,-50.0,-263.26,1621.0,1905.0,-284.0,1,3.0,2.6,2.0,2.796875,2.4513031550068582,2.136474609375,3.0,2.6,2.2857142857142856,2.8203125,2.6317634506934917,2.544342041015625,0.0,0.0,-0.2857142857142856,-0.0234375,-0.18046029568663347,-0.407867431640625
1080,2024-01-19,Senegal,Cameroon,3.0,1.0,African Cup of Nations,Yamoussoukro,Ivory Coast,1,2024,0,0,1091,2023-10-26 00:00:00,20.0,20.0,0.0,1600.82,1597.01,2023-10-26 00:00:00,43.0,41.0,-2.0,1466.98,1475.6,23.0,133.83999999999992,1731.0,1625.0,106.0,1,2.3333333333333335,2.0,1.8571428571428572,2.27734375,2.0544124371284864,1.8747711181640625,2.3333333333333335,1.6,1.5714285714285714,1.734375,1.6748971193415636,1.517822265625,0.0,0.3999999999999999,0.2857142857142858,0.54296875,0.3795153177869228,0.3569488525390625
1081,2024-01-20,Algeria,Burkina Faso,2.0,2.0,African Cup of Nations,Bouaké,Ivory Coast,1,2024,0,0,1092,2023-10-26 00:00:00,33.0,34.0,1.0,1512.9,1509.5,2023-10-26 00:00:00,56.0,58.0,2.0,1410.59,1408.87,23.0,102.31000000000016,1723.0,1549.0,174.0,0,2.3333333333333335,2.0,2.0,1.8125,2.037037037037037,2.18359375,2.0,2.0,2.0,2.0,1.6666666666666665,1.5,0.3333333333333335,0.0,0.0,-0.1875,0.3703703703703707,0.68359375
1082,2024-01-20,Jordan,South Korea,2.0,2.0,AFC Asian Cup,Doha,Qatar,1,2024,0,0,1093,2023-10-26 00:00:00,82.0,84.0,2.0,1284.39,1286.36,2023-10-26 00:00:00,24.0,26.0,2.0,1540.35,1533.01,-58.0,-255.9599999999998,1503.0,1799.0,-296.0,0,1.3333333333333333,1.3333333333333333,1.3333333333333333,1.75,1.4444444444444442,1.3125,3.0,2.4,1.8571428571428572,2.73828125,2.4549611339734794,2.3165130615234375,-1.6666666666666667,-1.0666666666666667,-0.523809523809524,-0.98828125,-1.0105166895290352,-1.0040130615234375
1083,2024-01-20,Tunisia,Mali,1.0,1.0,African Cup of Nations,Korhogo,Ivory Coast,1,2024,0,0,1094,2023-10-26 00:00:00,32.0,29.0,-3.0,1516.14,1525.23,2023-10-26 00:00:00,47.0,49.0,2.0,1449.75,1441.72,15.0,66.3900000000001,1738.0,1631.0,107.0,0,2.0,1.8,1.5714285714285714,1.359375,1.6561499771376316,1.8050537109375,2.3333333333333335,1.6,1.6,2.1875,1.765432098765432,1.46484375,-0.3333333333333335,0.19999999999999996,-0.028571428571428692,-0.828125,-0.10928212162780038,0.3402099609375
1084,2024-01-21,Kyrgyzstan,Saudi Arabia,0.0,2.0,AFC Asian Cup,Al Rayyan,Qatar,1,2024,0,0,1095,2023-10-26 00:00:00,97.0,96.0,-1.0,1224.03,1228.6,2023-10-26 00:00:00,57.0,57.0,0.0,1408.85,1412.82,-40.0,-184.81999999999996,1251.0,1586.0,-335.0,-1,1.5,1.5,1.5,1.5,0.9999999999999998,0.75,3.0,1.8,2.142857142857143,2.705078125,2.428135954884926,2.304462432861328,-1.5,-0.30000000000000004,-0.6428571428571428,-1.205078125,-1.4281359548849262,-1.5544624328613281
1085,2024-01-21,Morocco,DR Congo,1.0,1.0,African Cup of Nations,San-Pédro,Ivory Coast,1,2024,0,0,1096,2023-10-26 00:00:00,13.0,13.0,0.0,1658.49,1658.32,2023-10-26 00:00:00,65.0,64.0,-1.0,1366.18,1369.59,52.0,292.30999999999995,1846.0,1497.0,349.0,0,2.0,1.8,1.8571428571428572,2.400390625,2.1107724093549423,1.9803829193115234,1.3333333333333333,1.0,1.0,0.9375,0.9753086419753086,0.98828125,0.6666666666666667,0.8,0.8571428571428572,1.462890625,1.1354637673796337,0.9921016693115234
1086,2024-01-21,South Africa,Namibia,4.0,0.0,African Cup of Nations,Korhogo,Ivory Coast,1,2024,0,0,1097,2023-10-26 00:00:00,64.0,65.0,1.0,1366.35,1368.25,2023-10-26 00:00:00,114.0,114.0,0.0,1172.41,1172.41,50.0,193.93999999999983,1486.0,1414.0,72.0,1,1.0,1.0,1.0,0.75,1.3333333333333335,1.6875,3.0,3.0,3.0,3.0,3.0,3.0,-2.0,-2.0,-2.0,-2.25,-1.6666666666666665,-1.3125
1087,2024-01-22,Cape Verde,Egypt,2.0,2.0,African Cup of Nations,Abidjan,Ivory Coast,1,2024,0,0,1098,2023-10-26 00:00:00,74.0,71.0,-3.0,1326.93,1337.29,2023-10-26 00:00:00,35.0,35.0,0.0,1511.95,1508.93,-39.0,-185.02,1479.0,1684.0,-205.0,0,3.0,2.5,2.5,2.75,2.407407407407407,2.15625,1.6666666666666667,1.6,1.8333333333333333,1.40625,1.6913580246913582,1.8876953125,1.3333333333333333,0.8999999999999999,0.6666666666666667,1.34375,0.7160493827160488,0.2685546875
1088,2024-01-22,Ivory Coast,Equatorial Guinea,0.0,4.0,African Cup of Nations,Ebimpé,Ivory Coast,0,2024,0,0,1099,2023-10-26 00:00:00,52.0,50.0,-2.0,1439.17,1437.89,2023-10-26 00:00:00,91.0,92.0,1.0,1250.46,1248.98,39.0,188.71000000000004,1642.0,1467.0,175.0,-1,2.0,2.25,2.25,1.5,2.0,2.25,0.0,0.0,0.0,0.0,0.0,0.0,2.0,2.25,2.25,1.5,2.0,2.25
1089,2024-01-22,Mozambique,Ghana,2.0,2.0,African Cup of Nations,Ebimpé,Ivory Coast,1,2024,0,0,1100,2023-10-26 00:00:00,113.0,113.0,0.0,1176.58,1179.03,2023-10-26 00:00:00,60.0,60.0,0.0,1394.74,1400.0,-53.0,-218.16000000000008,1311.0,1548.0,-237.0,0,0.3333333333333333,1.0,1.0,0.625,1.1111111111111114,1.453125,0.3333333333333333,0.8,1.0,0.7421875,0.8198445358939186,0.87786865234375,0.0,0.19999999999999996,0.0,-0.1171875,0.2912665752171928,0.57525634765625
1090,2024-01-22,Qatar,China PR,1.0,0.0,AFC Asian Cup,Al Rayyan,Qatar,0,2024,0,0,1101,2023-10-26 00:00:00,61.0,61.0,0.0,1394.16,1395.57,2023-10-26 00:00:00,79.0,80.0,1.0,1296.99,1297.25,18.0,97.17000000000009,1534.0,1475.0,59.0,1,3.0,2.4,1.7142857142857142,2.8125,2.407407407407407,2.05078125,1.0,0.8,0.6666666666666666,0.8125,0.7654320987654321,0.66796875,2.0,1.5999999999999999,1.0476190476190474,2.0,1.641975308641975,1.3828125
1091,2024-01-23,Australia,Uzbekistan,1.0,1.0,AFC Asian Cup,Al Wakrah,Qatar,1,2024,0,0,1102,2023-10-26 00:00:00,27.0,27.0,0.0,1531.25,1531.72,2023-10-26 00:00:00,73.0,75.0,2.0,1333.09,1328.35,46.0,198.16000000000008,1784.0,1643.0,141.0,0,3.0,2.4,2.5714285714285716,2.88818359375,2.683888396516891,2.522776275873184,1.6666666666666667,2.0,2.0,2.25,2.259259259259259,2.34375,1.3333333333333333,0.3999999999999999,0.5714285714285716,0.63818359375,0.42462913725763185,0.1790262758731842
1092,2024-01-23,Guinea,Senegal,0.0,2.0,African Cup of Nations,Yamoussoukro,Ivory Coast,1,2024,0,0,1103,2023-10-26 00:00:00,80.0,81.0,1.0,1296.89,1293.11,2023-10-26 00:00:00,20.0,20.0,0.0,1600.82,1597.01,-60.0,-303.92999999999984,1444.0,1731.0,-287.0,-1,1.5,1.5,1.5,1.5,2.0,2.25,2.3333333333333335,2.0,2.2857142857142856,2.638671875,2.3696082914189907,2.156078338623047,-0.8333333333333335,-0.5,-0.7857142857142856,-1.138671875,-0.36960829141899065,0.09392166137695312
1093,2024-01-23,Iran,United Arab Emirates,2.0,1.0,AFC Asian Cup,Al Rayyan,Qatar,1,2024,0,0,1104,2023-10-26 00:00:00,21.0,21.0,0.0,1567.3,1561.26,2023-10-26 00:00:00,69.0,70.0,1.0,1348.87,1342.43,48.0,218.4300000000001,1827.0,1531.0,296.0,1,2.3333333333333335,2.0,1.8571428571428572,2.626953125,2.3793629019966467,2.272876739501953,2.0,1.8,1.7142857142857142,2.484375,2.2263374485596708,2.162841796875,0.3333333333333335,0.19999999999999996,0.14285714285714302,0.142578125,0.15302545343697593,0.11003494262695312
1094,2024-01-23,Mauritania,Algeria,1.0,0.0,African Cup of Nations,Bouaké,Ivory Coast,1,2024,0,0,1105,2023-10-26 00:00:00,101.0,99.0,-2.0,1208.99,1207.39,2023-10-26 00:00:00,33.0,34.0,1.0,1512.9,1509.5,-68.0,-303.9100000000001,1372.0,1723.0,-351.0,1,0.5,0.5,0.5,0.5,0.33333333333333326,0.25,1.6666666666666667,1.6,1.8333333333333333,1.40625,1.6913580246913582,1.8876953125,-1.1666666666666667,-1.1,-1.3333333333333333,-0.90625,-1.358024691358025,-1.6376953125
1095,2024-01-24,Iraq,Vietnam,3.0,2.0,AFC Asian Cup,Doha,Qatar,1,2024,0,0,1106,2023-10-26 00:00:00,68.0,69.0,1.0,1349.73,1347.38,2023-10-26 00:00:00,94.0,95.0,1.0,1236.25,1243.14,26.0,113.48000000000002,1621.0,1425.0,196.0,1,3.0,2.6,2.4285714285714284,2.8984375,2.6342021033379055,2.35235595703125,1.0,0.8,1.0,0.484375,0.6748971193415637,0.705322265625,2.0,1.8,1.4285714285714284,2.4140625,1.9593049839963417,1.64703369140625
1096,2024-01-24,Japan,Indonesia,3.0,1.0,AFC Asian Cup,Doha,Qatar,1,2024,0,0,1107,2023-10-26 00:00:00,18.0,19.0,1.0,1612.99,1605.2,2023-10-26 00:00:00,145.0,147.0,2.0,1069.82,1052.87,127.0,543.1700000000001,1905.0,1297.0,608.0,1,2.0,2.0,1.8571428571428572,1.41015625,1.7545089671289946,1.9082565307617188,0.3333333333333333,1.4,1.4,0.625,1.1111111111111114,1.453125,1.6666666666666667,0.6000000000000001,0.4571428571428573,0.78515625,0.6433978560178832,0.45513153076171875
1097,2024-01-24,South Africa,Tunisia,0.0,0.0,African Cup of Nations,Korhogo,Ivory Coast,1,2024,0,0,1108,2023-10-26 00:00:00,64.0,65.0,1.0,1366.35,1368.25,2023-10-26 00:00:00,32.0,29.0,-3.0,1516.14,1525.23,-32.0,-149.7900000000002,1486.0,1738.0,-252.0,0,1.0,1.5,1.5,1.875,1.8888888888888888,2.015625,1.3333333333333333,2.0,1.5714285714285714,1.1796875,1.4374333180917545,1.603790283203125,-0.33333333333333326,-0.5,-0.0714285714285714,0.6953125,0.4514555707971344,0.411834716796875
1098,2024-01-24,Tanzania,DR Congo,0.0,0.0,African Cup of Nations,Korhogo,Ivory Coast,1,2024,0,0,1109,2023-10-26 00:00:00,121.0,122.0,1.0,1146.46,1146.46,2023-10-26 00:00:00,65.0,64.0,-1.0,1366.18,1369.59,-56.0,-219.72000000000003,1313.0,1497.0,-184.0,0,1.0,1.0,1.0,0.75,1.3333333333333335,1.6875,0.6666666666666666,1.0,1.0,0.96875,0.9835390946502057,0.9912109375,0.33333333333333337,0.0,0.0,-0.21875,0.34979423868312776,0.6962890625
1099,2024-01-24,Zambia,Morocco,0.0,1.0,African Cup of Nations,San-Pédro,Ivory Coast,1,2024,0,0,1110,2023-10-26 00:00:00,81.0,82.0,1.0,1291.34,1289.63,2023-10-26 00:00:00,13.0,13.0,0.0,1658.49,1658.32,-68.0,-367.1500000000001,1523.0,1846.0,-323.0,-1,1.3333333333333333,1.3333333333333333,1.3333333333333333,1.25,1.6666666666666667,1.9375,2.3333333333333335,1.4,1.5714285714285714,1.7001953125,1.7405149395699615,1.7352871894836426,-1.0000000000000002,-0.06666666666666665,-0.23809523809523814,-0.4501953125,-0.07384827290329476,0.20221281051635742
1100,2024-01-25,Jordan,Bahrain,0.0,1.0,AFC Asian Cup,Al Rayyan,Qatar,1,2024,0,0,1111,2023-10-26 00:00:00,82.0,84.0,2.0,1284.39,1286.36,2023-10-26 00:00:00,83.0,86.0,3.0,1281.46,1273.54,1.0,2.930000000000064,1503.0,1480.0,23.0,-1,1.3333333333333333,1.25,1.25,1.375,1.2962962962962963,1.234375,1.0,1.0,1.0,0.75,1.3333333333333335,1.6875,0.33333333333333326,0.25,0.25,0.625,-0.0370370370370372,-0.453125
1101,2024-01-25,Saudi Arabia,Thailand,0.0,0.0,AFC Asian Cup,Al Rayyan,Qatar,1,2024,0,0,1112,2023-10-26 00:00:00,57.0,57.0,0.0,1408.85,1412.82,2023-10-26 00:00:00,112.0,112.0,0.0,1177.15,1181.21,55.0,231.69999999999985,1586.0,1384.0,202.0,0,3.0,2.4,2.142857142857143,2.8525390625,2.618757303256617,2.478346824645996,1.5,1.5,1.5,1.5,0.9999999999999998,0.75,1.5,0.8999999999999999,0.6428571428571428,1.3525390625,1.6187573032566174,1.728346824645996
1102,2024-01-25,South Korea,Malaysia,3.0,3.0,AFC Asian Cup,Al Wakrah,Qatar,1,2024,0,0,1113,2023-10-26 00:00:00,24.0,26.0,2.0,1540.35,1533.01,2023-10-26 00:00:00,137.0,134.0,-3.0,1096.72,1094.9,113.0,443.6299999999999,1799.0,1256.0,543.0,0,2.3333333333333335,2.0,1.8571428571428572,1.869140625,1.969974089315653,1.9873847961425781,2.0,2.0,2.0,1.5,2.0,2.25,0.3333333333333335,0.0,-0.1428571428571428,0.369140625,-0.030025910684347012,-0.2626152038574219
1103,2024-01-28,Australia,Indonesia,4.0,0.0,AFC Asian Cup,Doha,Qatar,1,2024,0,0,1114,2023-10-26 00:00:00,27.0,27.0,0.0,1531.25,1531.72,2023-10-26 00:00:00,145.0,147.0,2.0,1069.82,1052.87,118.0,461.43000000000006,1784.0,1297.0,487.0,1,2.3333333333333335,2.6,2.2857142857142856,1.944091796875,2.1225922643445942,2.142082206904888,0.3333333333333333,0.8,1.1666666666666667,0.3125,0.740740740740741,1.08984375,2.0,1.8,1.1190476190476188,1.631591796875,1.3818515236038533,1.0522384569048882
1104,2024-01-28,Egypt,DR Congo,1.0,1.0,African Cup of Nations,San-Pédro,Ivory Coast,1,2024,0,0,1115,2023-10-26 00:00:00,35.0,35.0,0.0,1511.95,1508.93,2023-10-26 00:00:00,65.0,64.0,-1.0,1366.18,1369.59,30.0,145.76999999999998,1684.0,1497.0,187.0,0,1.0,1.8,1.7142857142857142,1.203125,1.4609053497942388,1.665771484375,1.0,1.2,1.0,0.984375,0.9890260631001372,0.993408203125,0.0,0.6000000000000001,0.7142857142857142,0.21875,0.4718792866941016,0.67236328125
1105,2024-01-29,Cape Verde,Mauritania,1.0,0.0,African Cup of Nations,Abidjan,Ivory Coast,1,2024,0,0,1116,2023-10-26 00:00:00,74.0,71.0,-3.0,1326.93,1337.29,2023-10-26 00:00:00,101.0,99.0,-2.0,1208.99,1207.39,27.0,117.94000000000004,1479.0,1372.0,107.0,1,2.3333333333333335,2.2,2.2,1.875,1.9382716049382713,1.8671875,1.3333333333333333,1.3333333333333333,1.3333333333333333,1.75,1.2222222222222219,0.9375,1.0000000000000002,0.8666666666666669,0.8666666666666669,0.125,0.7160493827160495,0.9296875
1106,2024-01-29,Iraq,Jordan,2.0,3.0,AFC Asian Cup,Al Rayyan,Qatar,1,2024,0,0,1117,2023-10-26 00:00:00,68.0,69.0,1.0,1349.73,1347.38,2023-10-26 00:00:00,82.0,84.0,2.0,1284.39,1286.36,14.0,65.33999999999992,1621.0,1503.0,118.0,-1,3.0,3.0,2.7142857142857144,2.94921875,2.7561347355586037,2.5142669677734375,1.3333333333333333,1.0,1.0,0.6875,0.8641975308641976,0.92578125,1.6666666666666667,2.0,1.7142857142857144,2.26171875,1.891937204694406,1.5884857177734375
1107,2024-01-29,Ivory Coast,Senegal,1.0,1.0,African Cup of Nations,Yamoussoukro,Ivory Coast,0,2024,0,0,1118,2023-10-26 00:00:00,52.0,50.0,-2.0,1439.17,1437.89,2023-10-26 00:00:00,20.0,20.0,0.0,1600.82,1597.01,-32.0,-161.64999999999986,1642.0,1731.0,-89.0,0,1.0,1.8,1.8,0.75,1.3333333333333335,1.6875,3.0,2.6,2.2857142857142856,2.8193359375,2.5797388609459935,2.367058753967285,-2.0,-0.8,-0.48571428571428554,-2.0693359375,-1.24640552761266,-0.6795587539672852
1108,2024-01-29,Qatar,Palestine,2.0,1.0,AFC Asian Cup,Al Khor,Qatar,0,2024,0,0,1119,2023-10-26 00:00:00,61.0,61.0,0.0,1394.16,1395.57,2023-10-26 00:00:00,96.0,97.0,1.0,1224.05,1224.05,35.0,170.11000000000013,1534.0,1432.0,102.0,1,3.0,3.0,2.142857142857143,2.90625,2.604938271604938,2.2880859375,0.3333333333333333,0.3333333333333333,0.3333333333333333,0.25,0.44444444444444453,0.5625,2.6666666666666665,2.6666666666666665,1.8095238095238095,2.65625,2.160493827160493,1.7255859375
1109,2024-01-30,Morocco,South Africa,0.0,2.0,African Cup of Nations,San-Pédro,Ivory Coast,1,2024,0,0,1120,2023-10-26 00:00:00,13.0,13.0,0.0,1658.49,1658.32,2023-10-26 00:00:00,64.0,65.0,1.0,1366.35,1368.25,51.0,292.1400000000001,1846.0,1486.0,360.0,-1,2.3333333333333335,2.0,1.8571428571428572,2.35009765625,2.160343293046641,2.051465392112732,1.3333333333333333,1.4,1.4,1.4375,1.5925925925925926,1.76171875,1.0000000000000002,0.6000000000000001,0.4571428571428573,0.91259765625,0.5677507004540483,0.28974664211273193
1110,2024-01-30,Saudi Arabia,South Korea,1.0,1.0,AFC Asian Cup,Al Rayyan,Qatar,1,2024,0,0,1121,2023-10-26 00:00:00,57.0,57.0,0.0,1408.85,1412.82,2023-10-26 00:00:00,24.0,26.0,2.0,1540.35,1533.01,-33.0,-131.5,1586.0,1799.0,-213.0,0,2.3333333333333335,2.6,1.8571428571428572,1.92626953125,2.0791715355044116,2.108760118484497,1.6666666666666667,2.2,2.0,1.4345703125,1.646649392877102,1.7405385971069336,0.6666666666666667,0.3999999999999999,-0.1428571428571428,0.49169921875,0.4325221426273096,0.3682215213775635
1111,2024-01-30,Uzbekistan,Thailand,2.0,1.0,AFC Asian Cup,Al Wakrah,Qatar,1,2024,0,0,1122,2023-10-26 00:00:00,73.0,75.0,2.0,1333.09,1328.35,2023-10-26 00:00:00,112.0,112.0,0.0,1177.15,1181.21,39.0,155.93999999999983,1643.0,1431.0,212.0,1,1.6666666666666667,1.8,1.8,1.625,1.8395061728395061,2.0078125,1.3333333333333333,1.3333333333333333,1.3333333333333333,1.25,0.9999999999999999,0.8125,0.3333333333333335,0.4666666666666668,0.4666666666666668,0.375,0.8395061728395062,1.1953125
1112,2024-01-31,Bahrain,Japan,1.0,3.0,AFC Asian Cup,Doha,Qatar,1,2024,0,0,1123,2023-10-26 00:00:00,83.0,86.0,3.0,1281.46,1273.54,2023-10-26 00:00:00,18.0,19.0,1.0,1612.99,1605.2,-65.0,-331.53,1466.0,1905.0,-439.0,-1,1.0,1.5,1.5,1.875,1.8888888888888888,2.015625,2.0,2.4,2.2857142857142856,2.205078125,2.169672644752663,2.181192398071289,-1.0,-0.8999999999999999,-0.7857142857142856,-0.330078125,-0.28078375586377424,-0.16556739807128906
1113,2024-01-31,Iran,Syria,1.0,1.0,AFC Asian Cup,Doha,Qatar,1,2024,0,0,1124,2023-10-26 00:00:00,21.0,21.0,0.0,1567.3,1561.26,2023-10-26 00:00:00,92.0,93.0,1.0,1239.37,1245.81,71.0,327.93000000000006,1827.0,1423.0,404.0,0,3.0,2.6,2.2857142857142856,2.8134765625,2.586241934664431,2.454657554626465,0.3333333333333333,1.0,1.1428571428571428,0.515625,0.7160493827160493,0.760986328125,2.6666666666666665,1.6,1.1428571428571428,2.2978515625,1.8701925519483815,1.6936712265014648
1114,2024-02-02,Australia,South Korea,1.0,2.0,AFC Asian Cup,Al Wakrah,Qatar,1,2024,0,0,1125,2023-10-26 00:00:00,27.0,27.0,0.0,1531.25,1531.72,2023-10-26 00:00:00,24.0,26.0,2.0,1540.35,1533.01,-3.0,-9.099999999999907,1784.0,1799.0,-15.0,-1,2.3333333333333335,2.6,2.2857142857142856,2.4720458984375,2.4150615095630625,2.356561655178666,1.0,1.8,1.7142857142857142,1.21728515625,1.4310995952514014,1.5554039478302002,1.3333333333333335,0.8,0.5714285714285714,1.2547607421875,0.9839619143116611,0.8011577073484659
1115,2024-02-02,DR Congo,Guinea,3.0,1.0,African Cup of Nations,Ebimpé,Ivory Coast,1,2024,0,0,1126,2023-10-26 00:00:00,65.0,64.0,-1.0,1366.18,1369.59,2023-10-26 00:00:00,80.0,81.0,1.0,1296.89,1293.11,15.0,69.28999999999996,1497.0,1444.0,53.0,1,1.0,0.8,1.0,0.9921875,0.9926840420667581,0.99505615234375,1.0,1.0,1.0,0.75,1.3333333333333335,1.6875,0.0,-0.19999999999999996,0.0,0.2421875,-0.3406492912665754,-0.69244384765625
1116,2024-02-02,Tajikistan,Jordan,0.0,1.0,AFC Asian Cup,Al Rayyan,Qatar,1,2024,0,0,1127,2023-10-26 00:00:00,109.0,110.0,1.0,1187.23,1183.01,2023-10-26 00:00:00,82.0,84.0,2.0,1284.39,1286.36,-27.0,-97.16000000000008,1321.0,1503.0,-182.0,-1,1.3333333333333333,1.3333333333333333,1.3333333333333333,1.0,1.1111111111111112,1.125,1.3333333333333333,1.4,1.3333333333333333,1.84375,1.5761316872427984,1.4443359375,0.0,-0.06666666666666665,0.0,-0.84375,-0.46502057613168724,-0.3193359375
1117,2024-02-03,Cape Verde,South Africa,0.0,0.0,African Cup of Nations,Yamoussoukro,Ivory Coast,1,2024,0,0,1128,2023-10-26 00:00:00,74.0,71.0,-3.0,1326.93,1337.29,2023-10-26 00:00:00,64.0,65.0,1.0,1366.35,1368.25,-10.0,-39.419999999999845,1479.0,1486.0,-7.0,0,2.3333333333333335,2.6,2.3333333333333335,2.4375,2.2921810699588474,2.150390625,2.3333333333333335,1.4,1.6666666666666667,2.21875,2.0617283950617282,2.0712890625,0.0,1.2000000000000002,0.6666666666666667,0.21875,0.23045267489711918,0.0791015625
1118,2024-02-03,Iran,Japan,2.0,1.0,AFC Asian Cup,Al Rayyan,Qatar,1,2024,0,0,1129,2023-10-26 00:00:00,21.0,21.0,0.0,1567.3,1561.26,2023-10-26 00:00:00,18.0,19.0,1.0,1612.99,1605.2,-3.0,-45.690000000000055,1827.0,1905.0,-78.0,1,2.3333333333333335,2.2,2.0,1.90673828125,2.057494623109621,2.0909931659698486,2.0,2.4,2.2857142857142856,2.6025390625,2.4464484298351086,2.385894298553467,0.3333333333333335,-0.19999999999999973,-0.2857142857142856,-0.69580078125,-0.3889538067254876,-0.29490113258361816
1119,2024-02-03,Ivory Coast,Mali,2.0,1.0,African Cup of Nations,Bouaké,Ivory Coast,0,2024,0,0,1130,2023-10-26 00:00:00,52.0,50.0,-2.0,1439.17,1437.89,2023-10-26 00:00:00,47.0,49.0,2.0,1449.75,1441.72,-5.0,-10.579999999999927,1642.0,1631.0,11.0,1,0.3333333333333333,1.4,1.6666666666666667,0.875,1.2222222222222223,1.515625,1.6666666666666667,1.8,1.5,1.59375,1.5102880658436213,1.3486328125,-1.3333333333333335,-0.40000000000000013,0.16666666666666674,-0.71875,-0.288065843621399,0.1669921875
1120,2024-02-03,Qatar,Uzbekistan,1.0,1.0,AFC Asian Cup,Al Khor,Qatar,0,2024,0,0,1131,2023-10-26 00:00:00,61.0,61.0,0.0,1394.16,1395.57,2023-10-26 00:00:00,73.0,75.0,2.0,1333.09,1328.35,12.0,61.07000000000016,1534.0,1643.0,-109.0,0,3.0,3.0,2.5714285714285716,2.953125,2.7366255144032916,2.466064453125,2.3333333333333335,1.8,2.0,2.3125,2.2263374485596708,2.255859375,0.6666666666666665,1.2,0.5714285714285716,0.640625,0.5102880658436209,0.210205078125
1121,2024-02-06,Jordan,South Korea,2.0,0.0,AFC Asian Cup,Al Rayyan,Qatar,1,2024,0,0,1132,2023-10-26 00:00:00,82.0,84.0,2.0,1284.39,1286.36,2023-10-26 00:00:00,24.0,26.0,2.0,1540.35,1533.01,-58.0,-255.9599999999998,1503.0,1799.0,-296.0,1,2.0,2.0,1.5714285714285714,2.421875,2.0507544581618653,1.833251953125,1.6666666666666667,1.8,2.142857142857143,2.108642578125,1.9540663968342675,1.9165529608726501,0.33333333333333326,0.19999999999999996,-0.5714285714285714,0.313232421875,0.09668806132759777,-0.08330100774765015
1122,2024-02-07,Ivory Coast,DR Congo,1.0,0.0,African Cup of Nations,Ebimpé,Ivory Coast,0,2024,0,0,1133,2023-10-26 00:00:00,52.0,50.0,-2.0,1439.17,1437.89,2023-10-26 00:00:00,65.0,64.0,-1.0,1366.18,1369.59,13.0,72.99000000000001,1642.0,1497.0,145.0,1,1.3333333333333333,1.4,1.8571428571428572,1.9375,1.8148148148148149,1.88671875,1.6666666666666667,1.4,1.4285714285714286,1.99609375,1.6617893613778385,1.4962921142578125,-0.3333333333333335,0.0,0.4285714285714286,-0.05859375,0.15302545343697638,0.3904266357421875
1123,2024-02-07,Nigeria,South Africa,1.0,1.0,African Cup of Nations,Bouaké,Ivory Coast,1,2024,0,0,1134,2023-10-26 00:00:00,40.0,40.0,0.0,1490.48,1488.86,2023-10-26 00:00:00,64.0,65.0,1.0,1366.35,1368.25,24.0,124.13000000000012,1657.0,1486.0,171.0,0,1.6666666666666667,1.4,1.4,2.0,1.6666666666666665,1.5,1.6666666666666667,1.6,1.5714285714285714,1.609375,1.7078189300411522,1.803466796875,0.0,-0.20000000000000018,-0.17142857142857149,0.390625,-0.04115226337448563,-0.303466796875
1124,2024-02-07,Qatar,Iran,3.0,2.0,AFC Asian Cup,Doha,Qatar,0,2024,0,0,1135,2023-10-26 00:00:00,61.0,61.0,0.0,1394.16,1395.57,2023-10-26 00:00:00,21.0,21.0,0.0,1567.3,1561.26,-40.0,-173.13999999999987,1534.0,1827.0,-293.0,1,2.3333333333333335,2.6,2.7142857142857144,1.9765625,2.157750342935528,2.09954833984375,2.3333333333333335,2.6,2.4285714285714284,2.453369140625,2.3716630820730806,2.3182448744773865,0.0,0.0,0.28571428571428603,-0.476806640625,-0.2139127391375526,-0.21869653463363647
1125,2024-02-10,Qatar,Jordan,3.0,1.0,AFC Asian Cup,Lusail,Qatar,0,2024,0,0,1136,2023-10-26 00:00:00,61.0,61.0,0.0,1394.16,1395.57,2023-10-26 00:00:00,82.0,84.0,2.0,1284.39,1286.36,21.0,109.76999999999998,1534.0,1503.0,31.0,1,2.3333333333333335,2.6,2.7142857142857144,2.48828125,2.438500228623685,2.3246612548828125,3.0,2.0,1.8571428571428572,2.7109375,2.367169638774577,2.12493896484375,-0.6666666666666665,0.6000000000000001,0.8571428571428572,-0.22265625,0.07133058984910834,0.1997222900390625
1126,2024-02-10,South Africa,DR Congo,0.0,0.0,African Cup of Nations,Abidjan,Ivory Coast,1,2024,0,0,1137,2023-10-26 00:00:00,64.0,65.0,1.0,1366.35,1368.25,2023-10-26 00:00:00,65.0,64.0,-1.0,1366.18,1369.59,1.0,0.1699999999998453,1486.0,1497.0,-11.0,0,1.6666666666666667,1.8,1.2857142857142858,1.3046875,1.4718792866941015,1.60260009765625,1.3333333333333333,1.2,1.0,0.998046875,1.1078595742518924,1.1222190856933594,0.3333333333333335,0.6000000000000001,0.2857142857142858,0.306640625,0.3640197124422091,0.4803810119628906
1127,2024-02-11,Ivory Coast,Nigeria,2.0,1.0,African Cup of Nations,Ebimpé,Ivory Coast,0,2024,0,0,1138,2023-10-26 00:00:00,52.0,50.0,-2.0,1439.17,1437.89,2023-10-26 00:00:00,40.0,40.0,0.0,1490.48,1488.86,-12.0,-51.309999999999945,1642.0,1657.0,-15.0,1,2.3333333333333335,1.4,1.8571428571428572,2.46875,2.2098765432098766,2.1650390625,1.6666666666666667,1.4,1.3333333333333333,1.5,1.4444444444444444,1.375,0.6666666666666667,0.0,0.523809523809524,0.96875,0.7654320987654322,0.7900390625
1128,2024-06-14,Germany,Scotland,5.0,1.0,UEFA Euro,Munich,Germany,0,2024,0,0,1139,2024-04-04 00:00:00,16.0,16.0,0.0,1644.21,1631.22,2024-04-04 00:00:00,39.0,34.0,-5.0,1497.46,1506.89,23.0,146.75,1885.0,1800.0,85.0,1,1.3333333333333333,1.3333333333333333,1.3333333333333333,1.75,1.2222222222222219,0.9375,0.0,0.0,0.0,0.0,0.0,0.0,1.3333333333333333,1.3333333333333333,1.3333333333333333,1.75,1.2222222222222219,0.9375
1129,2024-06-15,Hungary,Switzerland,1.0,3.0,UEFA Euro,Cologne,Germany,1,2024,0,0,1140,2024-04-04 00:00:00,26.0,27.0,1.0,1532.2,1525.13,2024-04-04 00:00:00,19.0,19.0,0.0,1616.41,1613.44,-7.0,-84.21000000000004,1825.0,1791.0,34.0,-1,,,,,,,1.0,1.5,1.5,1.125,1.5555555555555556,1.828125,,,,,,
1130,2024-06-15,Spain,Croatia,3.0,0.0,UEFA Euro,Berlin,Germany,1,2024,0,0,1141,2024-04-04 00:00:00,8.0,8.0,0.0,1727.5,1732.64,2024-04-04 00:00:00,10.0,10.0,0.0,1721.07,1717.57,2.0,6.430000000000064,2033.0,1951.0,82.0,1,0.6666666666666666,1.25,1.25,1.0,1.3703703703703705,1.65625,1.3333333333333333,1.2,1.4285714285714286,1.78125,1.532235939643347,1.43115234375,-0.6666666666666666,0.050000000000000044,-0.1785714285714286,-0.78125,-0.16186556927297646,0.22509765625
1131,2024-06-16,Poland,Netherlands,1.0,2.0,UEFA Euro,Hamburg,Germany,1,2024,0,0,1142,2024-04-04 00:00:00,28.0,30.0,2.0,1531.49,1520.24,2024-04-04 00:00:00,7.0,6.0,-1.0,1742.29,1745.48,-21.0,-210.79999999999995,1714.0,1970.0,-256.0,-1,1.0,1.4,1.4,0.625,1.1358024691358026,1.4765625,2.3333333333333335,2.2,2.2,1.875,2.135802469135802,2.2890625,-1.3333333333333335,-0.8000000000000003,-0.8000000000000003,-1.25,-0.9999999999999996,-0.8125
1132,2024-06-16,Serbia,England,0.0,1.0,UEFA Euro,Gelsenkirchen,Germany,1,2024,0,0,1143,2024-04-04 00:00:00,33.0,32.0,-1.0,1514.2,1517.43,2024-04-04 00:00:00,4.0,3.0,-1.0,1794.9,1800.05,-29.0,-280.70000000000005,1786.0,2014.0,-228.0,-1,0.3333333333333333,0.3333333333333333,0.3333333333333333,0.25,0.2222222222222222,0.1875,2.0,2.0,2.0,1.375,1.8024691358024691,2.0390625,-1.6666666666666667,-1.6666666666666667,-1.6666666666666667,-1.125,-1.5802469135802468,-1.8515625
1133,2024-06-17,Austria,France,0.0,1.0,UEFA Euro,Düsseldorf,Germany,1,2024,0,0,1144,2024-04-04 00:00:00,25.0,25.0,0.0,1554.86,1546.1,2024-04-04 00:00:00,2.0,2.0,0.0,1840.59,1845.44,-23.0,-285.73,1835.0,2109.0,-274.0,-1,0.0,0.0,0.0,0.0,0.0,0.0,2.3333333333333335,2.0,2.2857142857142856,1.90625,2.135802469135802,2.2626953125,-2.3333333333333335,-2.0,-2.2857142857142856,-1.90625,-2.135802469135802,-2.2626953125
1134,2024-06-17,Belgium,Slovakia,0.0,1.0,UEFA Euro,Frankfurt,Germany,1,2024,0,0,1145,2024-04-04 00:00:00,3.0,4.0,1.0,1795.23,1798.46,2024-04-04 00:00:00,48.0,48.0,0.0,1461.55,1465.73,45.0,333.68000000000006,1990.0,1567.0,423.0,-1,1.3333333333333333,1.3333333333333333,1.3333333333333333,1.25,1.6666666666666667,1.9375,,,,,,,,,,,,
1135,2024-06-18,Portugal,Czech Republic,2.0,1.0,UEFA Euro,Leipzig,Germany,1,2024,0,0,1146,2024-04-04 00:00:00,6.0,7.0,1.0,1748.11,1745.06,2022-03-31 00:00:00,33.0,31.0,-2.0,1500.62,1510.42,27.0,247.49,2032.0,1753.0,279.0,1,1.0,1.8,2.142857142857143,1.125,1.5555555555555556,1.828125,0.0,0.0,0.0,0.0,0.0,0.0,1.0,1.8,2.142857142857143,1.125,1.5555555555555556,1.828125
1136,2024-06-18,Turkey,Georgia,3.0,1.0,UEFA Euro,Dortmund,Germany,1,2024,0,0,1147,2022-03-31 00:00:00,43.0,39.0,-4.0,1461.81,1472.72,2024-04-04 00:00:00,75.0,77.0,2.0,1333.76,1312.45,32.0,128.04999999999995,1765.0,1650.0,115.0,1,0.0,0.0,0.0,0.0,0.0,0.0,,,,,,,,,,,,
1137,2024-06-19,Croatia,Albania,2.0,2.0,UEFA Euro,Hamburg,Germany,1,2024,0,0,1148,2024-04-04 00:00:00,10.0,10.0,0.0,1721.07,1717.57,2024-04-04 00:00:00,66.0,64.0,-2.0,1375.1,1382.69,56.0,345.97,1951.0,1616.0,335.0,0,1.0,1.0,1.2857142857142858,0.890625,1.021490626428898,1.0733642578125,,,,,,,,,,,,
1138,2024-06-19,Germany,Hungary,2.0,0.0,UEFA Euro,Stuttgart,Germany,0,2024,0,0,1149,2024-04-04 00:00:00,16.0,16.0,0.0,1644.21,1631.22,2024-04-04 00:00:00,26.0,27.0,1.0,1532.2,1525.13,10.0,112.01,1885.0,1791.0,94.0,1,2.3333333333333335,1.75,1.75,2.375,1.8148148148148144,1.453125,0.0,0.0,0.0,0.0,0.0,0.0,2.3333333333333335,1.75,1.75,2.375,1.8148148148148144,1.453125
1139,2024-06-19,Scotland,Switzerland,1.0,1.0,UEFA Euro,Cologne,Germany,1,2024,0,0,1150,2024-04-04 00:00:00,39.0,34.0,-5.0,1497.46,1506.89,2024-04-04 00:00:00,19.0,19.0,0.0,1616.41,1613.44,-20.0,-118.95000000000005,1800.0,1791.0,9.0,0,0.0,0.0,0.0,0.0,0.0,0.0,2.0,1.8,1.8,2.0625,2.037037037037037,2.12109375,-2.0,-1.8,-1.8,-2.0625,-2.037037037037037,-2.12109375
1140,2024-06-20,Argentina,Canada,2.0,0.0,Copa América,Atlanta,United States,1,2024,0,0,1151,2024-04-04 00:00:00,1.0,1.0,0.0,1858.0,1855.2,2024-04-04 00:00:00,49.0,50.0,1.0,1461.16,1453.76,48.0,396.8399999999999,2139.0,1705.0,434.0,1,2.0,2.4,2.2857142857142856,2.22998046875,2.2376605409736086,2.2628183886408806,0.0,0.6,0.8571428571428571,0.140625,0.46090534979423886,0.771240234375,2.0,1.7999999999999998,1.4285714285714284,2.08935546875,1.7767551911793698,1.4915781542658806
1141,2024-06-20,Denmark,England,1.0,1.0,UEFA Euro,Frankfurt,Germany,1,2024,0,0,1152,2024-04-04 00:00:00,21.0,21.0,0.0,1602.72,1601.31,2024-04-04 00:00:00,4.0,3.0,-1.0,1794.9,1800.05,-17.0,-192.1800000000001,1877.0,2014.0,-137.0,0,0.3333333333333333,0.3333333333333333,0.3333333333333333,0.25,0.44444444444444453,0.5625,2.0,2.0,2.1666666666666665,2.1875,2.2016460905349793,2.279296875,-1.6666666666666667,-1.6666666666666667,-1.8333333333333333,-1.9375,-1.7572016460905346,-1.716796875
1142,2024-06-20,Spain,Italy,1.0,0.0,UEFA Euro,Gelsenkirchen,Germany,1,2024,0,0,1153,2024-04-04 00:00:00,8.0,8.0,0.0,1727.5,1732.64,2024-04-04 00:00:00,9.0,9.0,0.0,1724.6,1718.82,1.0,2.900000000000091,2033.0,1956.0,77.0,1,1.3333333333333333,1.6,1.6,2.0,1.9135802469135803,1.9921875,0.0,0.0,0.0,0.0,0.0,0.0,1.3333333333333333,1.6,1.6,2.0,1.9135802469135803,1.9921875
1143,2024-06-21,Netherlands,France,0.0,0.0,UEFA Euro,Leipzig,Germany,1,2024,0,0,1154,2024-04-04 00:00:00,7.0,6.0,-1.0,1742.29,1745.48,2024-04-04 00:00:00,2.0,2.0,0.0,1840.59,1845.44,-5.0,-98.29999999999995,1970.0,2109.0,-139.0,0,2.3333333333333335,2.2,2.3333333333333335,2.4375,2.423868312757201,2.466796875,2.3333333333333335,2.6,2.2857142857142856,2.453125,2.423868312757201,2.447021484375,0.0,-0.3999999999999999,0.047619047619047894,-0.015625,0.0,0.019775390625
1144,2024-06-21,Poland,Austria,1.0,3.0,UEFA Euro,Berlin,Germany,1,2024,0,0,1155,2024-04-04 00:00:00,28.0,30.0,2.0,1531.49,1520.24,2024-04-04 00:00:00,25.0,25.0,0.0,1554.86,1546.1,-3.0,-23.36999999999989,1714.0,1835.0,-121.0,-1,0.0,0.8,1.1666666666666667,0.3125,0.7572016460905352,1.107421875,0.0,0.0,0.0,0.0,0.0,0.0,0.0,0.8,1.1666666666666667,0.3125,0.7572016460905352,1.107421875
1145,2024-06-22,Belgium,Romania,2.0,0.0,UEFA Euro,Cologne,Germany,1,2024,0,0,1156,2024-04-04 00:00:00,3.0,4.0,1.0,1795.23,1798.46,2024-04-04 00:00:00,46.0,45.0,-1.0,1468.17,1472.73,43.0,327.05999999999995,1990.0,1629.0,361.0,1,0.3333333333333333,1.0,1.0,0.625,1.1111111111111114,1.453125,,,,,,,,,,,,
1146,2024-06-22,Ecuador,Venezuela,1.0,2.0,Copa América,Santa Clara,United States,1,2024,0,0,1157,2024-04-04 00:00:00,31.0,31.0,0.0,1518.22,1519.2,2024-04-04 00:00:00,54.0,52.0,-2.0,1442.29,1447.2,23.0,75.93000000000006,1883.0,1750.0,133.0,-1,1.6666666666666667,2.2,1.5714285714285714,2.16748046875,1.9429569792319372,1.801297903060913,1.6666666666666667,1.8,1.2857142857142858,1.287109375,1.3743331809175432,1.4274024963378906,0.0,0.40000000000000013,0.2857142857142856,0.88037109375,0.568623798314394,0.37389540672302246
1147,2024-06-22,Georgia,Czech Republic,1.0,1.0,UEFA Euro,Hamburg,Germany,1,2024,0,0,1158,2024-04-04 00:00:00,75.0,77.0,2.0,1333.76,1312.45,2022-03-31 00:00:00,33.0,31.0,-2.0,1500.62,1510.42,-42.0,-166.8599999999999,1650.0,1753.0,-103.0,0,0.0,0.0,0.0,0.0,0.0,0.0,0.0,0.0,0.0,0.0,0.0,0.0,0.0,0.0,0.0,0.0,0.0,0.0
1148,2024-06-22,Mexico,Jamaica,1.0,0.0,Copa América,Houston,United States,1,2024,0,0,1159,2024-04-04 00:00:00,14.0,15.0,1.0,1661.11,1652.7,2024-04-04 00:00:00,55.0,57.0,2.0,1435.33,1421.54,41.0,225.78,1794.0,1610.0,184.0,1,1.3333333333333333,2.0,2.0,1.9609375,1.910227099527511,1.970855712890625,3.0,2.0,1.4285714285714286,2.65625,2.176954732510288,1.8134765625,-1.6666666666666667,0.0,0.5714285714285714,-0.6953125,-0.2667276329827768,0.157379150390625
1149,2024-06-22,Turkey,Portugal,0.0,3.0,UEFA Euro,Dortmund,Germany,1,2024,0,0,1160,2022-03-31 00:00:00,43.0,39.0,-4.0,1461.81,1472.72,2024-04-04 00:00:00,6.0,7.0,1.0,1748.11,1745.06,-37.0,-286.29999999999995,1765.0,2032.0,-267.0,-1,1.5,1.5,1.5,1.5,0.9999999999999998,0.75,2.0,1.8,2.142857142857143,2.0625,2.037037037037037,2.12109375,-0.5,-0.30000000000000004,-0.6428571428571428,-0.5625,-1.0370370370370374,-1.37109375
1150,2024-06-23,Germany,Switzerland,1.0,1.0,UEFA Euro,Frankfurt,Germany,0,2024,0,0,1161,2024-04-04 00:00:00,16.0,16.0,0.0,1644.21,1631.22,2024-04-04 00:00:00,19.0,19.0,0.0,1616.41,1613.44,3.0,27.799999999999955,1885.0,1791.0,94.0,0,3.0,2.0,2.0,2.6875,2.209876543209876,1.83984375,1.3333333333333333,1.4,1.6666666666666667,1.53125,1.6913580246913582,1.8408203125,1.6666666666666667,0.6000000000000001,0.33333333333333326,1.15625,0.5185185185185179,-0.0009765625
1151,2024-06-23,Scotland,Hungary,0.0,1.0,UEFA Euro,Stuttgart,Germany,1,2024,0,0,1162,2024-04-04 00:00:00,39.0,34.0,-5.0,1497.46,1506.89,2024-04-04 00:00:00,26.0,27.0,1.0,1532.2,1525.13,-13.0,-34.74000000000001,1800.0,1791.0,9.0,-1,0.3333333333333333,0.3333333333333333,0.3333333333333333,0.5,0.33333333333333326,0.25,0.0,0.0,0.0,0.0,0.0,0.0,0.3333333333333333,0.3333333333333333,0.3333333333333333,0.5,0.33333333333333326,0.25
1152,2024-06-23,United States,Bolivia,2.0,0.0,Copa América,Arlington,United States,0,2024,0,0,1163,2024-04-04 00:00:00,11.0,13.0,2.0,1681.13,1661.7,2024-04-04 00:00:00,85.0,86.0,1.0,1283.88,1284.55,74.0,397.25,1774.0,1590.0,184.0,1,1.3333333333333333,1.0,1.2857142857142858,1.009765625,1.2110958695320835,1.3564338684082031,1.0,0.6,0.42857142857142855,0.75,0.6666666666666666,0.5625,0.33333333333333326,0.4,0.8571428571428572,0.259765625,0.5444292028654169,0.7939338684082031
1153,2024-06-23,Uruguay,Panama,3.0,1.0,Copa América,Miami Gardens,United States,1,2024,0,0,1164,2024-04-04 00:00:00,15.0,11.0,-4.0,1659.39,1665.99,2024-04-04 00:00:00,45.0,44.0,-1.0,1475.62,1475.62,30.0,183.7700000000002,2006.0,1765.0,241.0,1,3.0,2.0,2.2857142857142856,2.765625,2.520398313265254,2.4015884399414062,3.0,2.0,1.8571428571428572,2.6796875,2.2647462277091903,1.94696044921875,0.0,0.0,0.4285714285714284,0.0859375,0.25565208555606356,0.45462799072265625
1154,2024-06-24,Albania,Spain,0.0,1.0,UEFA Euro,Düsseldorf,Germany,1,2024,0,0,1165,2024-04-04 00:00:00,66.0,64.0,-2.0,1375.1,1382.69,2024-04-04 00:00:00,8.0,8.0,0.0,1727.5,1732.64,-58.0,-352.4000000000001,1616.0,2033.0,-417.0,-1,1.0,1.0,1.0,1.0,1.0,1.0,2.3333333333333335,1.6,1.8333333333333333,2.5,2.2757201646090532,2.244140625,-1.3333333333333335,-0.6000000000000001,-0.8333333333333333,-1.5,-1.2757201646090532,-1.244140625
1155,2024-06-24,Brazil,Costa Rica,0.0,0.0,Copa América,Inglewood,United States,1,2024,0,0,1166,2024-04-04 00:00:00,5.0,5.0,0.0,1788.65,1784.09,2024-04-04 00:00:00,52.0,54.0,2.0,1445.38,1437.57,47.0,343.27,2011.0,1714.0,297.0,0,0.0,0.8,1.1428571428571428,0.2283935546875,0.5869609441332362,0.854977659881115,2.0,1.8,2.142857142857143,2.5302734375,2.346463671414136,2.3126635551452637,-2.0,-1.0,-1.0,-2.3018798828125,-1.7595027272808996,-1.4576858952641487
1156,2024-06-24,Colombia,Paraguay,2.0,1.0,Copa América,Houston,United States,1,2024,0,0,1167,2024-04-04 00:00:00,12.0,14.0,2.0,1664.28,1655.29,2024-04-04 00:00:00,56.0,56.0,0.0,1430.73,1430.73,44.0,233.54999999999995,1984.0,1706.0,278.0,1,2.3333333333333335,1.8,2.142857142857143,2.55078125,2.2574302697759485,2.0492706298828125,1.3333333333333333,0.8,0.7142857142857143,0.65234375,0.7690900777320532,0.7688140869140625,1.0000000000000002,1.0,1.4285714285714284,1.8984375,1.4883401920438954,1.28045654296875
1157,2024-06-24,Croatia,Italy,1.0,1.0,UEFA Euro,Leipzig,Germany,1,2024,0,0,1168,2024-04-04 00:00:00,10.0,10.0,0.0,1721.07,1717.57,2024-04-04 00:00:00,9.0,9.0,0.0,1724.6,1718.82,-1.0,-3.5299999999999727,1951.0,1956.0,-5.0,0,1.3333333333333333,1.0,1.0,0.9453125,1.0143270842859322,1.055023193359375,0.0,0.0,0.0,0.0,0.0,0.0,1.3333333333333333,1.0,1.0,0.9453125,1.0143270842859322,1.055023193359375
1158,2024-06-25,Chile,Argentina,0.0,1.0,Copa América,East Rutherford,United States,1,2024,0,0,1169,2024-04-04 00:00:00,42.0,42.0,0.0,1491.71,1489.82,2024-04-04 00:00:00,1.0,1.0,0.0,1858.0,1855.2,-41.0,-366.29,1739.0,2139.0,-400.0,-1,0.3333333333333333,1.0,0.7142857142857143,0.474609375,0.6233805822283189,0.6580924987792969,2.0,2.4,2.5714285714285716,2.614990234375,2.4917736939824056,2.4471137914806604,-1.6666666666666667,-1.4,-1.8571428571428572,-2.140380859375,-1.8683931117540866,-1.7890212927013636
1159,2024-06-25,England,Slovenia,0.0,0.0,UEFA Euro,Cologne,Germany,1,2024,0,0,1170,2024-04-04 00:00:00,4.0,3.0,-1.0,1794.9,1800.05,2024-04-04 00:00:00,57.0,55.0,-2.0,1427.84,1431.4,53.0,367.0600000000002,2014.0,1716.0,298.0,0,1.3333333333333333,2.0,2.0,1.59375,1.8010973936899863,1.95947265625,,,,,,,,,,,,
1160,2024-06-25,France,Poland,1.0,1.0,UEFA Euro,Dortmund,Germany,1,2024,0,0,1171,2024-04-04 00:00:00,2.0,2.0,0.0,1840.59,1845.44,2024-04-04 00:00:00,28.0,30.0,2.0,1531.49,1520.24,26.0,309.0999999999999,2109.0,1714.0,395.0,0,1.6666666666666667,2.2,2.0,1.7265625,1.9492455418381343,2.08526611328125,0.0,0.6,1.0,0.15625,0.5048010973936902,0.83056640625,1.6666666666666667,1.6,1.0,1.5703125,1.4444444444444442,1.25469970703125
1161,2024-06-25,Netherlands,Austria,2.0,3.0,UEFA Euro,Berlin,Germany,1,2024,0,0,1172,2024-04-04 00:00:00,7.0,6.0,-1.0,1742.29,1745.48,2024-04-04 00:00:00,25.0,25.0,0.0,1554.86,1546.1,18.0,187.4300000000001,1970.0,1835.0,135.0,-1,1.6666666666666667,2.2,2.142857142857143,1.71875,1.9492455418381343,2.10009765625,1.0,1.0,1.0,1.5,0.9999999999999998,0.75,0.6666666666666667,1.2000000000000002,1.1428571428571428,0.21875,0.9492455418381345,1.35009765625
1162,2024-06-25,Peru,Canada,0.0,1.0,Copa América,Kansas City,United States,1,2024,0,0,1173,2024-04-04 00:00:00,32.0,33.0,1.0,1515.82,1512.68,2024-04-04 00:00:00,49.0,50.0,1.0,1461.16,1453.76,17.0,54.659999999999854,1798.0,1705.0,93.0,-1,0.3333333333333333,0.2,0.42857142857142855,0.5390625,0.5257159308371014,0.6416454315185547,0.0,0.0,0.42857142857142855,0.0703125,0.30727023319615926,0.57843017578125,0.3333333333333333,0.2,0.0,0.46875,0.21844569764094218,0.06321525573730469
1163,2024-06-26,Czech Republic,Turkey,1.0,2.0,UEFA Euro,Hamburg,Germany,1,2024,0,0,1174,2022-03-31 00:00:00,33.0,31.0,-2.0,1500.62,1510.42,2022-03-31 00:00:00,43.0,39.0,-4.0,1461.81,1472.72,10.0,38.809999999999945,1753.0,1765.0,-12.0,-1,0.3333333333333333,0.3333333333333333,0.3333333333333333,0.5,0.33333333333333326,0.25,1.0,1.0,1.0,0.75,0.6666666666666666,0.5625,-0.6666666666666667,-0.6666666666666667,-0.6666666666666667,-0.25,-0.33333333333333337,-0.3125
1164,2024-06-26,Ecuador,Jamaica,3.0,1.0,Copa América,Las Vegas,United States,1,2024,0,0,1175,2024-04-04 00:00:00,31.0,31.0,0.0,1518.22,1519.2,2024-04-04 00:00:00,55.0,57.0,2.0,1435.33,1421.54,24.0,82.8900000000001,1883.0,1610.0,273.0,1,1.3333333333333333,1.6,1.5714285714285714,1.083740234375,1.2953046528212917,1.3509734272956848,2.0,1.8,1.4285714285714286,1.328125,1.4513031550068587,1.360107421875,-0.6666666666666667,-0.19999999999999996,0.1428571428571428,-0.244384765625,-0.155998502185567,-0.009133994579315186
1165,2024-06-26,Georgia,Portugal,2.0,0.0,UEFA Euro,Gelsenkirchen,Germany,1,2024,0,0,1176,2024-04-04 00:00:00,75.0,77.0,2.0,1333.76,1312.45,2024-04-04 00:00:00,6.0,7.0,1.0,1748.11,1745.06,-69.0,-414.3499999999999,1650.0,2032.0,-382.0,1,0.5,0.5,0.5,0.5,0.33333333333333326,0.25,2.0,1.8,2.142857142857143,2.53125,2.3580246913580245,2.3408203125,-1.5,-1.3,-1.6428571428571428,-2.03125,-2.0246913580246915,-2.0908203125
1166,2024-06-26,Ukraine,Belgium,0.0,0.0,UEFA Euro,Stuttgart,Germany,1,2024,0,0,1177,2024-04-04 00:00:00,22.0,24.0,2.0,1568.86,1553.35,2024-04-04 00:00:00,3.0,4.0,1.0,1795.23,1798.46,-19.0,-226.3700000000001,1857.0,1990.0,-133.0,0,1.5,1.5,1.5,1.5,2.0,2.25,1.3333333333333333,1.4,1.4,1.8125,1.740740740740741,1.83984375,0.16666666666666674,0.10000000000000009,0.10000000000000009,-0.3125,0.2592592592592591,0.41015625
1167,2024-06-26,Venezuela,Mexico,1.0,0.0,Copa América,Inglewood,United States,1,2024,0,0,1178,2024-04-04 00:00:00,54.0,52.0,-2.0,1442.29,1447.2,2024-04-04 00:00:00,14.0,15.0,1.0,1661.11,1652.7,-40.0,-218.81999999999996,1750.0,1794.0,-44.0,1,1.6666666666666667,1.8,1.7142857142857142,2.1435546875,1.9162221206116954,1.820551872253418,2.0,2.0,2.0,2.48046875,2.2734847330183405,2.2281417846679688,-0.33333333333333326,-0.19999999999999996,-0.2857142857142858,-0.3369140625,-0.35726261240664514,-0.4075899124145508
1168,2024-06-27,United States,Panama,1.0,2.0,Copa América,Atlanta,United States,0,2024,0,0,1179,2024-04-04 00:00:00,11.0,13.0,2.0,1681.13,1661.7,2024-04-04 00:00:00,45.0,44.0,-1.0,1475.62,1475.62,34.0,205.51000000000025,1774.0,1765.0,9.0,-1,2.0,1.6,1.5714285714285714,2.0048828125,1.8073972463547223,1.7673254013061523,2.0,1.8,1.4285714285714286,1.33984375,1.5098308184727938,1.4602203369140625,0.0,-0.19999999999999996,0.1428571428571428,0.6650390625,0.29756642788192855,0.30710506439208984
1169,2024-06-27,Uruguay,Bolivia,5.0,0.0,Copa América,East Rutherford,United States,1,2024,0,0,1180,2024-04-04 00:00:00,15.0,11.0,-4.0,1659.39,1665.99,2024-04-04 00:00:00,85.0,86.0,1.0,1283.88,1284.55,70.0,375.51,2006.0,1590.0,416.0,1,3.0,2.6,2.2857142857142856,2.8828125,2.680265542176836,2.5511913299560547,1.0,0.6,0.42857142857142855,0.375,0.4444444444444445,0.421875,2.0,2.0,1.857142857142857,2.5078125,2.2358210977323916,2.1293163299560547
1170,2024-06-28,Colombia,Costa Rica,3.0,0.0,Copa América,Glendale,United States,1,2024,0,0,1181,2024-04-04 00:00:00,12.0,14.0,2.0,1664.28,1655.29,2024-04-04 00:00:00,52.0,54.0,2.0,1445.38,1437.57,40.0,218.89999999999984,1984.0,1714.0,270.0,1,3.0,2.2,2.142857142857143,2.775390625,2.5049535131839655,2.2869529724121094,2.3333333333333335,2.0,1.8571428571428572,1.76513671875,1.897642447609424,1.9844976663589478,0.6666666666666665,0.20000000000000018,0.2857142857142856,1.01025390625,0.6073110655745415,0.3024553060531616
1171,2024-06-28,Paraguay,Brazil,1.0,4.0,Copa América,Las Vegas,United States,1,2024,0,0,1182,2024-04-04 00:00:00,56.0,56.0,0.0,1430.73,1430.73,2024-04-04 00:00:00,5.0,5.0,0.0,1788.65,1784.09,-51.0,-357.9200000000001,1706.0,2011.0,-305.0,-1,0.3333333333333333,0.8,0.7142857142857143,0.326171875,0.5127267184880355,0.5766105651855469,0.3333333333333333,0.4,1.1428571428571428,0.61419677734375,0.7246406294221575,0.8912332449108362,0.0,0.4,-0.4285714285714285,-0.28802490234375,-0.21191391093412193,-0.31462267972528934
1172,2024-06-29,Argentina,Peru,2.0,0.0,Copa América,Miami Gardens,United States,1,2024,0,0,1183,2024-04-04 00:00:00,1.0,1.0,0.0,1858.0,1855.2,2024-04-04 00:00:00,32.0,33.0,1.0,1515.82,1512.68,31.0,342.18000000000006,2139.0,1798.0,341.0,1,3.0,2.4,2.5714285714285716,2.8074951171875,2.6611824626549367,2.5853353436104953,0.3333333333333333,0.2,0.2857142857142857,0.26953125,0.3504772872247343,0.481234073638916,2.6666666666666665,2.1999999999999997,2.285714285714286,2.5379638671875,2.3107051754302024,2.1041012699715793
1173,2024-06-29,Canada,Chile,0.0,0.0,Copa América,Orlando,United States,1,2024,0,0,1184,2024-04-04 00:00:00,49.0,50.0,1.0,1461.16,1453.76,2024-04-04 00:00:00,42.0,42.0,0.0,1491.71,1489.82,-7.0,-30.549999999999955,1705.0,1739.0,-34.0,0,1.0,0.6,0.8571428571428571,1.53515625,1.2048468221307727,1.1838226318359375,0.3333333333333333,0.8,0.7142857142857143,0.2373046875,0.4155870548188793,0.49356937408447266,0.6666666666666667,-0.20000000000000007,0.1428571428571428,1.2978515625,0.7892597673118933,0.6902532577514648
1174,2024-06-29,Germany,Denmark,2.0,0.0,UEFA Euro,Dortmund,Germany,0,2024,0,0,1185,2024-04-04 00:00:00,16.0,16.0,0.0,1644.21,1631.22,2024-04-04 00:00:00,21.0,21.0,0.0,1602.72,1601.31,5.0,41.49000000000001,1885.0,1877.0,8.0,1,2.3333333333333335,2.2,1.8333333333333333,1.84375,1.8065843621399176,1.6298828125,0.3333333333333333,0.5,0.5,0.625,0.6296296296296297,0.671875,2.0,1.7000000000000002,1.3333333333333333,1.21875,1.1769547325102878,0.9580078125
1175,2024-06-29,Switzerland,Italy,2.0,0.0,UEFA Euro,Berlin,Germany,1,2024,0,0,1186,2024-04-04 00:00:00,19.0,19.0,0.0,1616.41,1613.44,2024-04-04 00:00:00,9.0,9.0,0.0,1724.6,1718.82,-10.0,-108.18999999999984,1791.0,1956.0,-165.0,1,1.6666666666666667,1.6,1.5714285714285714,1.265625,1.4609053497942388,1.630615234375,0.3333333333333333,0.3333333333333333,0.3333333333333333,0.5,0.33333333333333326,0.25,1.3333333333333335,1.2666666666666668,1.2380952380952381,0.765625,1.1275720164609055,1.380615234375
1176,2024-06-30,England,Slovakia,2.0,1.0,UEFA Euro,Gelsenkirchen,Germany,1,2024,0,0,1187,2024-04-04 00:00:00,4.0,3.0,-1.0,1794.9,1800.05,2024-04-04 00:00:00,48.0,48.0,0.0,1461.55,1465.73,44.0,333.35000000000014,2014.0,1567.0,447.0,1,1.6666666666666667,1.6,1.7142857142857142,1.296875,1.5340649291266577,1.7196044921875,3.0,3.0,3.0,3.0,3.0,3.0,-1.3333333333333333,-1.4,-1.2857142857142858,-1.703125,-1.4659350708733423,-1.2803955078125
1177,2024-06-30,Mexico,Ecuador,0.0,0.0,Copa América,Glendale,United States,1,2024,0,0,1188,2024-04-04 00:00:00,14.0,15.0,1.0,1661.11,1652.7,2024-04-04 00:00:00,31.0,31.0,0.0,1518.22,1519.2,17.0,142.88999999999987,1794.0,1883.0,-89.0,0,2.0,1.4,1.8571428571428572,1.240234375,1.515656488678894,1.6711063385009766,2.0,1.6,2.0,2.0418701171875,1.8635364352141943,1.7632300704717636,0.0,-0.20000000000000018,-0.1428571428571428,-0.8016357421875,-0.3478799465353004,-0.09212373197078705
1178,2024-06-30,Spain,Georgia,4.0,1.0,UEFA Euro,Cologne,Germany,1,2024,0,0,1189,2024-04-04 00:00:00,8.0,8.0,0.0,1727.5,1732.64,2024-04-04 00:00:00,75.0,77.0,2.0,1333.76,1312.45,67.0,393.74,2033.0,1650.0,383.0,1,3.0,2.0,2.0,2.75,2.5171467764060353,2.43310546875,1.3333333333333333,1.3333333333333333,1.3333333333333333,1.75,1.2222222222222219,0.9375,1.6666666666666667,0.6666666666666667,0.6666666666666667,1.0,1.2949245541838135,1.49560546875
1179,2024-07-01,Bolivia,Panama,1.0,3.0,Copa América,Orlando,United States,1,2024,0,0,1190,2024-04-04 00:00:00,85.0,86.0,1.0,1283.88,1284.55,2024-04-04 00:00:00,45.0,44.0,-1.0,1475.62,1475.62,-40.0,-191.73999999999975,1590.0,1765.0,-175.0,-1,0.0,0.6,0.42857142857142855,0.1875,0.29629629629629634,0.31640625,2.0,2.4,1.8571428571428572,2.169921875,2.0065538789818627,1.8451652526855469,-2.0,-1.7999999999999998,-1.4285714285714286,-1.982421875,-1.7102575826855664,-1.5287590026855469
1180,2024-07-01,France,Belgium,1.0,0.0,UEFA Euro,Düsseldorf,Germany,1,2024,0,0,1191,2024-04-04 00:00:00,2.0,2.0,0.0,1840.59,1845.44,2024-04-04 00:00:00,3.0,4.0,1.0,1795.23,1798.46,1.0,45.3599999999999,2109.0,1990.0,119.0,1,1.6666666666666667,1.8,2.142857142857143,1.36328125,1.632830361225423,1.8139495849609375,1.3333333333333333,1.0,1.3333333333333333,1.40625,1.4938271604938274,1.6298828125,0.3333333333333335,0.8,0.8095238095238095,-0.04296875,0.13900320073159556,0.1840667724609375
1181,2024-07-01,Portugal,Slovenia,0.0,0.0,UEFA Euro,Frankfurt,Germany,1,2024,0,0,1192,2024-04-04 00:00:00,6.0,7.0,1.0,1748.11,1745.06,2024-04-04 00:00:00,57.0,55.0,-2.0,1427.84,1431.4,51.0,320.27,2032.0,1716.0,316.0,0,2.0,1.8,1.7142857142857142,1.265625,1.5720164609053497,1.755615234375,1.0,1.0,1.0,1.0,1.0,1.0,1.0,0.8,0.7142857142857142,0.265625,0.5720164609053497,0.755615234375
1182,2024-07-01,United States,Uruguay,0.0,1.0,Copa América,Kansas City,United States,0,2024,0,0,1193,2024-04-04 00:00:00,11.0,13.0,2.0,1681.13,1661.7,2024-04-04 00:00:00,15.0,11.0,-4.0,1659.39,1665.99,4.0,21.74000000000001,1774.0,2006.0,-232.0,-1,1.0,1.4,1.1428571428571428,1.00244140625,1.204931497569815,1.3254940509796143,3.0,3.0,2.2857142857142856,2.94140625,2.786843694784557,2.663393497467041,-2.0,-1.6,-1.1428571428571428,-1.93896484375,-1.581912197214742,-1.3378994464874268
1183,2024-07-02,Austria,Turkey,1.0,2.0,UEFA Euro,Leipzig,Germany,1,2024,0,0,1194,2024-04-04 00:00:00,25.0,25.0,0.0,1554.86,1546.1,2022-03-31 00:00:00,43.0,39.0,-4.0,1461.81,1472.72,18.0,93.04999999999995,1835.0,1765.0,70.0,-1,2.0,1.5,1.5,2.25,1.6666666666666665,1.3125,2.0,1.5,1.5,1.875,1.4444444444444442,1.171875,0.0,0.0,0.0,0.375,0.22222222222222232,0.140625
1184,2024-07-02,Brazil,Colombia,1.0,1.0,Copa América,Santa Clara,United States,1,2024,0,0,1195,2024-04-04 00:00:00,5.0,5.0,0.0,1788.65,1784.09,2024-04-04 00:00:00,12.0,14.0,2.0,1664.28,1655.29,7.0,124.37000000000012,2011.0,1984.0,27.0,0,1.3333333333333333,0.8,1.1428571428571428,1.807098388671875,1.4830937529481047,1.4184249336831272,3.0,2.6,2.142857142857143,2.8876953125,2.6699690087893106,2.465214729309082,-1.6666666666666667,-1.8,-1.0,-1.080596923828125,-1.186875255841206,-1.0467897956259549
1185,2024-07-02,Costa Rica,Paraguay,2.0,1.0,Copa América,Austin,United States,1,2024,0,0,1196,2024-04-04 00:00:00,52.0,54.0,2.0,1445.38,1437.57,2024-04-04 00:00:00,56.0,56.0,0.0,1430.73,1430.73,4.0,14.650000000000093,1714.0,1706.0,8.0,1,1.3333333333333333,1.4,1.4285714285714286,0.882568359375,1.2650949650729495,1.4883732497692108,0.0,0.8,0.5714285714285714,0.1630859375,0.3418178123253571,0.43245792388916016,1.3333333333333333,0.5999999999999999,0.8571428571428572,0.719482421875,0.9232771527475925,1.0559153258800507
1186,2024-07-02,Romania,Netherlands,0.0,3.0,UEFA Euro,Munich,Germany,1,2024,0,0,1197,2024-04-04 00:00:00,46.0,45.0,-1.0,1468.17,1472.73,2024-04-04 00:00:00,7.0,6.0,-1.0,1742.29,1745.48,-39.0,-274.1199999999999,1629.0,1970.0,-341.0,-1,0.0,0.0,0.0,0.0,0.0,0.0,1.3333333333333333,1.6,1.7142857142857142,0.859375,1.2994970278920897,1.5750732421875,-1.3333333333333333,-1.6,-1.7142857142857142,-0.859375,-1.2994970278920897,-1.5750732421875
1187,2024-07-04,Argentina,Ecuador,1.0,1.0,Copa América,Houston,United States,1,2024,0,0,1198,2024-04-04 00:00:00,1.0,1.0,0.0,1858.0,1855.2,2024-04-04 00:00:00,31.0,31.0,0.0,1518.22,1519.2,30.0,339.78,2139.0,1883.0,256.0,0,3.0,2.4,2.5714285714285716,2.90374755859375,2.774121641769958,2.6890015077078715,1.3333333333333333,1.6,1.7142857142857142,1.52093505859375,1.575690956809463,1.5724225528538227,1.6666666666666667,0.7999999999999998,0.8571428571428574,1.3828125,1.198430684960495,1.1165789548540488
1188,2024-07-05,Germany,Spain,1.0,2.0,UEFA Euro,Stuttgart,Germany,0,2024,0,0,1199,2024-04-04 00:00:00,16.0,16.0,0.0,1644.21,1631.22,2024-04-04 00:00:00,8.0,8.0,0.0,1727.5,1732.64,-8.0,-83.28999999999996,1885.0,2033.0,-148.0,-1,2.3333333333333335,2.6,2.0,2.421875,2.204389574759945,1.972412109375,3.0,2.6,2.0,2.875,2.678097850937357,2.5748291015625,-0.6666666666666665,0.0,0.0,-0.453125,-0.4737082761774123,-0.6024169921875
1189,2024-07-05,Portugal,France,0.0,0.0,UEFA Euro,Hamburg,Germany,1,2024,0,0,1200,2024-04-04 00:00:00,6.0,7.0,1.0,1748.11,1745.06,2024-04-04 00:00:00,2.0,2.0,0.0,1840.59,1845.44,-4.0,-92.48000000000002,2032.0,2109.0,-77.0,0,1.3333333333333333,1.4,1.4285714285714286,1.1328125,1.3813443072702332,1.56671142578125,1.6666666666666667,1.8,2.142857142857143,2.181640625,2.088553574150282,2.110462188720703,-0.3333333333333335,-0.40000000000000013,-0.7142857142857142,-1.048828125,-0.7072092668800489,-0.5437507629394531
1190,2024-07-05,Venezuela,Canada,1.0,1.0,Copa América,Arlington,United States,1,2024,0,0,1201,2024-04-04 00:00:00,54.0,52.0,-2.0,1442.29,1447.2,2024-04-04 00:00:00,49.0,50.0,1.0,1461.16,1453.76,-5.0,-18.87000000000012,1750.0,1705.0,45.0,0,2.3333333333333335,2.2,2.142857142857143,2.57177734375,2.27748141374113,2.1154139041900635,1.3333333333333333,0.8,0.5714285714285714,1.267578125,1.1365645480871818,1.1378669738769531,1.0000000000000002,1.4000000000000001,1.5714285714285714,1.30419921875,1.1409168656539483,0.9775469303131104
1191,2024-07-06,Colombia,Panama,5.0,0.0,Copa América,Glendale,United States,1,2024,0,0,1202,2024-04-04 00:00:00,12.0,14.0,2.0,1664.28,1655.29,2024-04-04 00:00:00,45.0,44.0,-1.0,1475.62,1475.62,33.0,188.66000000000008,1984.0,1765.0,219.0,1,2.3333333333333335,2.6,2.142857142857143,1.94384765625,2.1133126725262072,2.0989110469818115,2.0,2.4,2.142857142857143,2.5849609375,2.337702585987908,2.13387393951416,0.3333333333333335,0.20000000000000018,0.0,-0.64111328125,-0.2243899134617009,-0.03496289253234863
1192,2024-07-06,England,Switzerland,1.0,1.0,UEFA Euro,Düsseldorf,Germany,1,2024,0,0,1203,2024-04-04 00:00:00,4.0,3.0,-1.0,1794.9,1800.05,2024-04-04 00:00:00,19.0,19.0,0.0,1616.41,1613.44,15.0,178.49,2014.0,1791.0,223.0,0,1.6666666666666667,1.6,2.0,2.1484375,2.022709952751105,2.039703369140625,1.6666666666666667,1.6,1.5714285714285714,2.1328125,1.9739368998628257,1.97296142578125,0.0,0.0,0.4285714285714286,0.015625,0.04877305288827927,0.066741943359375
1193,2024-07-06,Netherlands,Turkey,2.0,1.0,UEFA Euro,Berlin,Germany,1,2024,0,0,1204,2024-04-04 00:00:00,7.0,6.0,-1.0,1742.29,1745.48,2022-03-31 00:00:00,43.0,39.0,-4.0,1461.81,1472.72,36.0,280.48,1970.0,1765.0,205.0,1,1.3333333333333333,1.6,2.0,1.9296875,1.8663313519280598,1.931304931640625,2.0,1.8,1.8,2.4375,1.9629629629629628,1.62890625,-0.6666666666666667,-0.19999999999999996,0.19999999999999996,-0.5078125,-0.09663161103490303,0.302398681640625
1194,2024-07-06,Uruguay,Brazil,0.0,0.0,Copa América,Las Vegas,United States,1,2024,0,0,1205,2024-04-04 00:00:00,15.0,11.0,-4.0,1659.39,1665.99,2024-04-04 00:00:00,5.0,5.0,0.0,1788.65,1784.09,-10.0,-129.26,2006.0,2011.0,-5.0,0,3.0,3.0,2.7142857142857144,2.970703125,2.857895796523038,2.7475451231002808,1.6666666666666667,1.0,0.8571428571428571,1.4035491943359375,1.3220625019654033,1.3138187002623454,1.3333333333333333,2.0,1.8571428571428572,1.5671539306640625,1.5358332945576345,1.4337264228379354
1195,2024-07-09,Argentina,Canada,2.0,0.0,Copa América,East Rutherford,United States,1,2024,0,0,1206,2024-04-04 00:00:00,1.0,1.0,0.0,1858.0,1855.2,2024-04-04 00:00:00,49.0,50.0,1.0,1461.16,1453.76,48.0,396.8399999999999,2139.0,1705.0,434.0,1,2.3333333333333335,2.6,2.2857142857142856,1.951873779296875,2.1827477611799724,2.2667511307809036,1.6666666666666667,1.0,0.7142857142857143,1.1337890625,1.091043032058121,1.1034002304077148,0.6666666666666667,1.6,1.5714285714285712,0.818084716796875,1.0917047291218513,1.1633509003731888
1196,2024-07-09,Spain,France,2.0,1.0,UEFA Euro,Munich,Germany,1,2024,0,0,1207,2024-04-04 00:00:00,8.0,8.0,0.0,1727.5,1732.64,2024-04-04 00:00:00,2.0,2.0,0.0,1840.59,1845.44,-6.0,-113.08999999999992,2033.0,2109.0,-76.0,1,3.0,3.0,2.2857142857142856,2.9375,2.7853985672915718,2.681121826171875,1.6666666666666667,1.8,1.8571428571428572,1.5908203125,1.7257023827668547,1.8328466415405273,1.3333333333333333,1.2,0.4285714285714284,1.3466796875,1.059696184524717,0.8482751846313477
1197,2024-07-10,Netherlands,England,1.0,2.0,UEFA Euro,Dortmund,Germany,1,2024,0,0,1208,2024-04-04 00:00:00,7.0,6.0,-1.0,1742.29,1745.48,2024-04-04 00:00:00,4.0,3.0,-1.0,1794.9,1800.05,-3.0,-52.61000000000013,1970.0,2014.0,-44.0,-1,2.0,2.0,2.0,2.46484375,2.244220901285373,2.1984786987304688,1.6666666666666667,1.8,1.7142857142857142,1.57421875,1.6818066351674035,1.7797775268554688,0.33333333333333326,0.19999999999999996,0.2857142857142858,0.890625,0.5624142661179694,0.418701171875
1198,2024-07-10,Uruguay,Colombia,0.0,1.0,Copa América,Charlotte,United States,1,2024,0,0,1209,2024-04-04 00:00:00,15.0,11.0,-4.0,1659.39,1665.99,2024-04-04 00:00:00,12.0,14.0,2.0,1664.28,1655.29,-3.0,-4.889999999999873,2006.0,1984.0,22.0,-1,2.3333333333333335,2.6,2.7142857142857144,1.9853515625,2.2385971976820254,2.3106588423252106,2.3333333333333335,2.6,2.4285714285714284,2.471923828125,2.408875115017471,2.3241832852363586,0.0,0.0,0.28571428571428603,-0.486572265625,-0.17027791733544584,-0.013524442911148071
1199,2024-07-13,Canada,Uruguay,2.0,2.0,Copa América,Charlotte,United States,1,2024,0,0,1210,2024-04-04 00:00:00,49.0,50.0,1.0,1461.16,1453.76,2024-04-04 00:00:00,15.0,11.0,-4.0,1659.39,1665.99,-34.0,-198.23,1705.0,2006.0,-301.0,0,0.6666666666666666,1.0,0.7142857142857143,0.56689453125,0.7273620213720807,0.8275501728057861,1.3333333333333333,2.0,2.2857142857142856,0.99267578125,1.492398131788017,1.732994131743908,-0.6666666666666666,-1.0,-1.5714285714285712,-0.42578125,-0.7650361104159363,-0.9054439589381218
1200,2024-07-14,Argentina,Colombia,1.0,0.0,Copa América,Miami Gardens,United States,1,2024,0,0,1211,2024-04-04 00:00:00,1.0,1.0,0.0,1858.0,1855.2,2024-04-04 00:00:00,12.0,14.0,2.0,1664.28,1655.29,11.0,193.72000000000003,2139.0,1984.0,155.0,1,2.3333333333333335,2.6,2.2857142857142856,2.4759368896484375,2.4551651741199816,2.4500633480856777,2.3333333333333335,2.6,2.7142857142857144,2.7359619140625,2.605916743344981,2.493137463927269,0.0,0.0,-0.4285714285714288,-0.2600250244140625,-0.15075156922499922,-0.043074115841591265
1201,2024-07-14,Spain,England,2.0,1.0,UEFA Euro,Berlin,Germany,1,2024,0,0,1212,2024-04-04 00:00:00,8.0,8.0,0.0,1727.5,1732.64,2024-04-04 00:00:00,4.0,3.0,-1.0,1794.9,1800.05,-4.0,-67.40000000000009,2033.0,2014.0,19.0,1,3.0,3.0,2.7142857142857144,2.96875,2.856932378194381,2.7608413696289062,2.3333333333333335,1.8,1.7142857142857142,2.287109375,2.1212044234449356,2.0848331451416016,0.6666666666666665,1.2,1.0000000000000002,0.681640625,0.7357279547494455,0.6760082244873047
1202,2025-12-21,Morocco,Comoros,2.0,0.0,African Cup of Nations,Rabat,Morocco,0,2025,0,0,1213,2025-09-18 00:00:00,11.0,12.0,1.0,1706.25,1699.0,2025-09-18 00:00:00,105.0,107.0,2.0,1201.83,1199.0,94.0,504.4200000000001,1802.0,1359.0,443.0,1,3.0,3.0,3.0,2.9857425689697266,2.908710239753078,2.804926520349909,1.0,1.2,1.2857142857142858,0.50390625,0.8468221307727483,1.0930023193359375,2.0,1.8,1.7142857142857142,2.4818363189697266,2.06188810898033,1.7119242010139715
1203,2025-12-22,Egypt,Zimbabwe,2.0,1.0,African Cup of Nations,Agadir,Morocco,1,2025,0,0,1214,2025-09-18 00:00:00,35.0,34.0,-1.0,1519.18,1519.0,2025-09-18 00:00:00,125.0,116.0,-9.0,1133.75,1157.0,90.0,385.43000000000006,1657.0,1352.0,305.0,1,2.3333333333333335,2.6,2.4285714285714284,2.726959228515625,2.5791283614842575,2.4795241551473737,0.3333333333333333,0.4,0.42857142857142855,0.30078125,0.37098003353147385,0.4260406494140625,2.0,2.2,1.9999999999999998,2.426177978515625,2.2081483279527836,2.053483505733311
1204,2025-12-22,South Africa,Angola,2.0,1.0,African Cup of Nations,Marrakesh,Morocco,1,2025,0,0,1215,2025-09-18 00:00:00,55.0,56.0,1.0,1448.67,1443.0,2025-09-18 00:00:00,89.0,85.0,-4.0,1268.72,1280.0,34.0,179.95000000000005,1576.0,1566.0,10.0,1,1.6666666666666667,2.2,2.0,2.1880950927734375,2.022791352679336,1.9440497502218932,1.6666666666666667,1.0,1.0,1.1640625,1.1707056851089774,1.163421630859375,0.0,1.2000000000000002,1.0,1.0240325927734375,0.8520856675703588,0.7806281193625182
1205,2025-12-23,DR Congo,Benin,1.0,0.0,African Cup of Nations,Rabat,Morocco,1,2025,0,0,1216,2025-09-18 00:00:00,60.0,61.0,1.0,1407.6,1412.0,2025-09-18 00:00:00,93.0,96.0,3.0,1257.3,1239.0,33.0,150.29999999999995,1540.0,1436.0,104.0,1,2.3333333333333335,2.0,2.2857142857142856,1.9023427963256836,2.08502484607737,2.1176878796513847,2.0,1.8,1.8571428571428572,1.365234375,1.6106284611085708,1.6187324523925781,0.3333333333333335,0.19999999999999996,0.4285714285714284,0.5371084213256836,0.4743963849687993,0.4989554272588066
1206,2025-12-23,Senegal,Botswana,3.0,0.0,African Cup of Nations,Tangier,Morocco,1,2025,0,0,1217,2025-09-18 00:00:00,18.0,18.0,0.0,1645.22,1635.0,2025-09-18 00:00:00,139.0,135.0,-4.0,1087.27,1101.0,121.0,557.95,1771.0,1319.0,452.0,1,3.0,3.0,2.7142857142857144,2.9566783905029297,2.836245810943675,2.7170250604795,0.3333333333333333,0.8,1.0,0.623046875,0.6576741350403902,0.6958732604980469,2.6666666666666665,2.2,1.7142857142857144,2.3336315155029297,2.1785716759032847,2.0211517999814532
1207,2025-12-23,Tunisia,Uganda,3.0,1.0,African Cup of Nations,Rabat,Morocco,1,2025,0,0,1218,2025-09-18 00:00:00,46.0,49.0,3.0,1483.02,1471.0,2025-09-18 00:00:00,82.0,88.0,6.0,1287.61,1269.0,36.0,195.41000000000008,1598.0,1433.0,165.0,1,3.0,3.0,2.7142857142857144,2.9769134521484375,2.8748140963706232,2.7561203161021695,2.0,2.4,1.7142857142857142,1.423828125,1.7024843773814968,1.7132835388183594,1.0,0.6000000000000001,1.0000000000000002,1.5530853271484375,1.1723297189891264,1.04283677728381
1208,2025-12-24,Algeria,Sudan,3.0,0.0,African Cup of Nations,Rabat,Morocco,1,2025,0,0,1219,2025-09-18 00:00:00,38.0,36.0,-2.0,1500.73,1504.0,2025-09-18 00:00:00,116.0,110.0,-6.0,1163.56,1174.0,78.0,337.1700000000001,1685.0,1352.0,333.0,1,2.3333333333333335,2.6,2.7142857142857144,2.72930908203125,2.5721168169812514,2.4600353501737118,0.3333333333333333,0.4,0.8571428571428571,0.33984375,0.5433114870700605,0.7096939086914062,2.0,2.2,1.8571428571428572,2.38946533203125,2.028805329911191,1.7503414414823055
1209,2025-12-24,Ivory Coast,Mozambique,1.0,0.0,African Cup of Nations,Marrakesh,Morocco,1,2025,0,0,1220,2025-09-18 00:00:00,44.0,45.0,1.0,1483.9,1483.0,2025-09-18 00:00:00,97.0,99.0,2.0,1234.04,1236.0,53.0,249.86000000000013,1579.0,1389.0,190.0,1,2.3333333333333335,2.6,2.4285714285714284,2.73333740234375,2.624623115893078,2.567067962139845,2.0,1.2,1.7142857142857142,1.960205078125,1.7643595432042316,1.7175859808921814,0.3333333333333335,1.4000000000000001,0.7142857142857142,0.77313232421875,0.8602635726888463,0.8494819812476635
1210,2025-12-26,Egypt,South Africa,1.0,0.0,African Cup of Nations,Agadir,Morocco,1,2025,0,0,1221,2025-09-18 00:00:00,35.0,34.0,-1.0,1519.18,1519.0,2025-09-18 00:00:00,55.0,56.0,1.0,1448.67,1443.0,20.0,70.50999999999999,1657.0,1576.0,81.0,1,3.0,2.6,2.7142857142857144,2.8634796142578125,2.7194189076561717,2.6096431163605303,2.3333333333333335,2.2,2.0,2.5940475463867188,2.348527568452891,2.20803731266642,0.6666666666666665,0.3999999999999999,0.7142857142857144,0.26943206787109375,0.3708913392032809,0.40160580369411036
1211,2025-12-26,Morocco,Mali,1.0,1.0,African Cup of Nations,Rabat,Morocco,0,2025,0,0,1222,2025-09-18 00:00:00,11.0,12.0,1.0,1706.25,1699.0,2025-09-18 00:00:00,56.0,54.0,-2.0,1445.83,1455.0,45.0,260.4200000000001,1802.0,1612.0,190.0,0,3.0,3.0,3.0,2.9928712844848633,2.939140159835385,2.8536948902624317,2.0,2.0,2.0,2.52655029296875,2.2290437174064897,2.0317426286637783,1.0,1.0,1.0,0.4663209915161133,0.7100964424288954,0.8219522615986534
1212,2025-12-27,Nigeria,Tunisia,3.0,2.0,African Cup of Nations,Fez,Morocco,1,2025,0,0,1223,2025-09-18 00:00:00,45.0,44.0,-1.0,1483.85,1484.0,2025-09-18 00:00:00,46.0,49.0,3.0,1483.02,1471.0,1.0,0.8299999999999272,1627.0,1598.0,29.0,1,2.3333333333333335,2.2,2.142857142857143,1.911865234375,2.0514331161251516,2.0293133556842804,3.0,3.0,3.0,2.9884567260742188,2.916542730913749,2.817090237076627,-0.6666666666666665,-0.7999999999999998,-0.8571428571428572,-1.0765914916992188,-0.8651096147885973,-0.7877768813923467
1213,2025-12-27,Senegal,DR Congo,1.0,1.0,African Cup of Nations,Tangier,Morocco,1,2025,0,0,1224,2025-09-18 00:00:00,18.0,18.0,0.0,1645.22,1635.0,2025-09-18 00:00:00,60.0,61.0,1.0,1407.6,1412.0,42.0,237.6200000000001,1771.0,1540.0,231.0,0,3.0,3.0,2.7142857142857144,2.978339195251465,2.890830540629117,2.787768795359625,2.3333333333333335,2.6,2.2857142857142856,2.451171398162842,2.39001656405158,2.3382659097385385,0.6666666666666665,0.3999999999999999,0.4285714285714288,0.527167797088623,0.500813976577537,0.44950288562108653
1214,2025-12-28,Algeria,Burkina Faso,1.0,0.0,African Cup of Nations,Rabat,Morocco,1,2025,0,0,1225,2025-09-18 00:00:00,38.0,36.0,-2.0,1500.73,1504.0,2025-09-18 00:00:00,64.0,63.0,-1.0,1385.36,1388.0,26.0,115.37000000000012,1685.0,1547.0,138.0,1,3.0,2.6,2.7142857142857144,2.864654541015625,2.7147445446541676,2.595026512630284,2.3333333333333335,2.6,2.4285714285714284,2.716796875,2.5259530220664193,2.366964340209961,0.6666666666666665,0.0,0.28571428571428603,0.147857666015625,0.18879152258774834,0.2280621724203229
1215,2025-12-28,Ivory Coast,Cameroon,1.0,1.0,African Cup of Nations,Marrakesh,Morocco,1,2025,0,0,1226,2025-09-18 00:00:00,44.0,45.0,1.0,1483.9,1483.0,2025-09-18 00:00:00,52.0,51.0,-1.0,1455.42,1467.0,8.0,28.480000000000015,1579.0,1559.0,20.0,0,3.0,2.6,2.7142857142857144,2.866668701171875,2.749748743928719,2.6753009716048837,1.3333333333333333,1.4,1.5714285714285714,0.7848968505859375,1.1127215473624579,1.263082396471873,1.6666666666666667,1.2000000000000002,1.142857142857143,2.0817718505859375,1.637027196566261,1.4122185751330107
1216,2025-12-29,Angola,Egypt,0.0,0.0,African Cup of Nations,Agadir,Morocco,1,2025,0,0,1227,2025-09-18 00:00:00,89.0,85.0,-4.0,1268.72,1280.0,2025-09-18 00:00:00,35.0,34.0,-1.0,1519.18,1519.0,-54.0,-250.46000000000004,1566.0,1657.0,-91.0,0,0.6666666666666666,1.0,0.8571428571428571,0.58203125,0.7804704567393184,0.8725662231445312,3.0,2.6,2.7142857142857144,2.9317398071289062,2.812945938437448,2.7072323372703977,-2.3333333333333335,-1.6,-1.8571428571428572,-2.3497085571289062,-2.032475481698129,-1.8346661141258664
1217,2025-12-29,Morocco,Zambia,3.0,0.0,African Cup of Nations,Rabat,Morocco,0,2025,0,0,1228,2025-09-18 00:00:00,11.0,12.0,1.0,1706.25,1699.0,2025-09-18 00:00:00,85.0,83.0,-2.0,1273.0,1285.0,74.0,433.25,1802.0,1364.0,438.0,1,2.3333333333333335,2.6,2.7142857142857144,1.9964356422424316,2.2927601065569236,2.390271167696824,1.0,0.6,0.5714285714285714,0.76953125,0.8129858253315044,0.9073333740234375,1.3333333333333335,2.0,2.1428571428571432,1.2269043922424316,1.4797742812254193,1.4829377936733863
1218,2025-12-29,Zimbabwe,South Africa,2.0,3.0,African Cup of Nations,Marrakesh,Morocco,1,2025,0,0,1229,2025-09-18 00:00:00,125.0,116.0,-9.0,1133.75,1157.0,2025-09-18 00:00:00,55.0,56.0,1.0,1448.67,1443.0,-70.0,-314.9200000000001,1352.0,1576.0,-224.0,-1,0.3333333333333333,0.2,0.42857142857142855,0.150390625,0.24732002235431594,0.3195304870605469,2.0,1.6,2.0,1.2970237731933594,1.5656850456352607,1.656027984499815,-1.6666666666666667,-1.4000000000000001,-1.5714285714285714,-1.1466331481933594,-1.3183650232809447,-1.336497497439268
1219,2025-12-30,Benin,Senegal,0.0,3.0,African Cup of Nations,Tangier,Morocco,1,2025,0,0,1230,2025-09-18 00:00:00,93.0,96.0,3.0,1257.3,1239.0,2025-09-18 00:00:00,18.0,18.0,0.0,1645.22,1635.0,-75.0,-387.9200000000001,1436.0,1771.0,-335.0,-1,1.0,1.8,1.4285714285714286,0.6826171875,1.073752307405714,1.2140493392944336,2.3333333333333335,2.6,2.7142857142857144,1.9891695976257324,2.260553693752745,2.340826596519719,-1.3333333333333335,-0.8,-1.2857142857142858,-1.3065524101257324,-1.1868013863470308,-1.1267772572252852
1220,2025-12-30,Botswana,DR Congo,0.0,3.0,African Cup of Nations,Rabat,Morocco,1,2025,0,0,1231,2025-09-18 00:00:00,139.0,135.0,-4.0,1087.27,1101.0,2025-09-18 00:00:00,60.0,61.0,1.0,1407.6,1412.0,-79.0,-320.3299999999999,1319.0,1540.0,-221.0,-1,0.3333333333333333,0.2,0.5714285714285714,0.3115234375,0.43844942336026016,0.5219049453735352,1.6666666666666667,2.2,2.0,1.725585699081421,1.9266777093677199,2.003699432303904,-1.3333333333333335,-2.0,-1.4285714285714286,-1.414062261581421,-1.4882282860074598,-1.4817944869303687
1221,2025-12-30,Tanzania,Tunisia,1.0,1.0,African Cup of Nations,Rabat,Morocco,1,2025,0,0,1232,2025-09-18 00:00:00,107.0,103.0,-4.0,1199.43,1209.0,2025-09-18 00:00:00,46.0,49.0,3.0,1483.02,1471.0,-61.0,-283.5899999999999,1325.0,1598.0,-273.0,0,0.3333333333333333,0.8,0.7142857142857143,0.24609375,0.5066300868770006,0.7375946044921875,2.0,2.4,2.5714285714285716,1.4942283630371094,1.9443618206091662,2.1128176778074703,-1.6666666666666667,-1.5999999999999999,-1.8571428571428572,-1.2481346130371094,-1.4377317337321656,-1.3752230733152828
1222,2025-12-31,Equatorial Guinea,Algeria,1.0,3.0,African Cup of Nations,Rabat,Morocco,1,2025,0,0,1233,2025-09-18 00:00:00,95.0,93.0,-2.0,1248.68,1252.0,2025-09-18 00:00:00,38.0,36.0,-2.0,1500.73,1504.0,-57.0,-252.04999999999995,1437.0,1757.0,-320.0,-1,0.3333333333333333,1.0,1.5714285714285714,0.794921875,0.9539704313366867,1.0320549011230469,3.0,2.6,2.7142857142857144,2.9323272705078125,2.809829696436112,2.696269884472713,-2.6666666666666665,-1.6,-1.142857142857143,-2.1374053955078125,-1.8558592650994252,-1.664214983349666
1223,2025-12-31,Gabon,Ivory Coast,2.0,3.0,African Cup of Nations,Marrakesh,Morocco,1,2025,0,0,1234,2025-09-18 00:00:00,79.0,80.0,1.0,1314.06,1307.0,2025-09-18 00:00:00,44.0,45.0,1.0,1483.9,1483.0,-35.0,-169.84000000000017,1467.0,1627.0,-160.0,-1,2.0,2.0,2.2857142857142856,1.369140625,1.763450693491846,1.9639778137207031,2.3333333333333335,2.2,2.4285714285714284,1.9333343505859375,2.166499162619146,2.2564757287036628,-0.3333333333333335,-0.20000000000000018,-0.1428571428571428,-0.5641937255859375,-0.4030484691273002,-0.29249791498295963
1224,2026-01-03,Mali,Tunisia,1.0,1.0,African Cup of Nations,Casablanca,Morocco,1,2026,0,0,1235,2025-09-18 00:00:00,56.0,54.0,-2.0,1445.83,1455.0,2025-09-18 00:00:00,46.0,49.0,3.0,1483.02,1471.0,-10.0,-37.190000000000055,1612.0,1615.0,-3.0,0,2.3333333333333335,2.0,2.0,1.763275146484375,1.8193624782709932,1.7738069714978337,1.3333333333333333,2.0,2.2857142857142856,1.2471141815185547,1.6295745470727776,1.8346132583556027,1.0000000000000002,0.0,-0.2857142857142856,0.5161609649658203,0.18978793119821558,-0.06080628685776901
1225,2026-01-03,Senegal,Sudan,3.0,1.0,African Cup of Nations,Tangier,Morocco,1,2026,0,0,1236,2025-09-18 00:00:00,18.0,18.0,0.0,1645.22,1635.0,2025-09-18 00:00:00,116.0,110.0,-6.0,1163.56,1174.0,98.0,481.6600000000001,1807.0,1352.0,455.0,1,2.3333333333333335,2.6,2.7142857142857144,2.494584798812866,2.5070357958351632,2.505619947389789,0.3333333333333333,0.2,0.42857142857142855,0.169921875,0.362207658046707,0.5322704315185547,2.0,2.4,2.285714285714286,2.324662923812866,2.144828137788456,1.9733495158712344
1226,2026-01-04,Morocco,Tanzania,1.0,0.0,African Cup of Nations,Rabat,Morocco,0,2026,0,0,1237,2025-09-18 00:00:00,11.0,12.0,1.0,1706.25,1699.0,2025-09-18 00:00:00,107.0,103.0,-4.0,1199.43,1209.0,96.0,506.82,1840.0,1325.0,515.0,1,2.3333333333333335,2.6,2.7142857142857144,2.498217821121216,2.5285067377046158,2.542703375772618,0.3333333333333333,0.4,0.8571428571428571,0.623046875,0.671086724584667,0.8031959533691406,2.0,2.2,1.8571428571428572,1.8751709461212158,1.8574200131199488,1.7395074224034772
1227,2026-01-04,South Africa,Cameroon,1.0,2.0,African Cup of Nations,Rabat,Morocco,1,2026,0,0,1238,2025-09-18 00:00:00,55.0,56.0,1.0,1448.67,1443.0,2025-09-18 00:00:00,52.0,51.0,-1.0,1455.42,1467.0,-3.0,-6.75,1550.0,1559.0,-9.0,-1,2.0,2.0,2.0,2.1485118865966797,2.043790030423507,1.9920209883748612,0.6666666666666666,1.0,1.5714285714285714,0.8924484252929688,1.0751476982416386,1.1973117973539047,1.3333333333333335,1.0,0.4285714285714286,1.256063461303711,0.9686423321818682,0.7947091910209565
1228,2026-01-05,Egypt,Benin,3.0,1.0,African Cup of Nations,Agadir,Morocco,1,2026,0,0,1239,2025-09-18 00:00:00,35.0,34.0,-1.0,1519.18,1519.0,2025-09-18 00:00:00,93.0,96.0,3.0,1257.3,1239.0,58.0,261.8800000000001,1622.0,1436.0,186.0,1,2.3333333333333335,2.6,2.4285714285714284,1.9658699035644531,2.2086306256249655,2.2804242529527983,0.0,1.2,1.2857142857142858,0.34130859375,0.7158348716038094,0.9105370044708252,2.3333333333333335,1.4000000000000001,1.1428571428571426,1.6245613098144531,1.492795754021156,1.369887248481973
1229,2026-01-06,Algeria,DR Congo,1.0,0.0,African Cup of Nations,Rabat,Morocco,1,2026,0,0,1240,2025-09-18 00:00:00,38.0,36.0,-2.0,1500.73,1504.0,2025-09-18 00:00:00,60.0,61.0,1.0,1407.6,1412.0,22.0,93.13000000000012,1757.0,1657.0,100.0,1,3.0,3.0,2.7142857142857144,2.9661636352539062,2.873219797624075,2.7722024133545347,2.3333333333333335,2.2,2.4285714285714284,2.3627928495407104,2.2844518062451464,2.252774574227928,0.6666666666666665,0.7999999999999998,0.28571428571428603,0.6033707857131958,0.5887679913789285,0.5194278391266067
1230,2026-01-06,Ivory Coast,Burkina Faso,3.0,0.0,African Cup of Nations,Marrakesh,Morocco,1,2026,0,0,1241,2025-09-18 00:00:00,44.0,45.0,1.0,1483.9,1483.0,2025-09-18 00:00:00,64.0,63.0,-1.0,1385.36,1388.0,20.0,98.5400000000002,1627.0,1547.0,80.0,1,2.3333333333333335,2.6,2.4285714285714284,2.4666671752929688,2.4443327750794306,2.442356796527747,2.0,2.0,2.2857142857142856,1.3583984375,1.6839686813776131,1.7752232551574707,0.3333333333333335,0.6000000000000001,0.1428571428571428,1.1082687377929688,0.7603640937018175,0.6671335413702764
1231,2026-01-09,Mali,Senegal,0.0,1.0,African Cup of Nations,Tangier,Morocco,1,2026,0,0,1242,2025-09-18 00:00:00,56.0,54.0,-2.0,1445.83,1455.0,2025-09-18 00:00:00,18.0,18.0,0.0,1645.22,1635.0,-38.0,-199.3900000000001,1612.0,1807.0,-195.0,-1,1.6666666666666667,1.6,1.7142857142857142,1.3816375732421875,1.5462416521806621,1.5803552286233753,2.3333333333333335,2.6,2.7142857142857144,2.747292399406433,2.6713571972234424,2.629214960542342,-0.6666666666666667,-1.0,-1.0000000000000002,-1.3656548261642456,-1.1251155450427803,-1.0488597319189665
1232,2026-01-09,Morocco,Cameroon,2.0,0.0,African Cup of Nations,Rabat,Morocco,0,2026,0,0,1243,2025-09-18 00:00:00,11.0,12.0,1.0,1706.25,1699.0,2025-09-18 00:00:00,52.0,51.0,-1.0,1455.42,1467.0,41.0,250.82999999999996,1840.0,1559.0,281.0,1,2.3333333333333335,2.6,2.7142857142857144,2.749108910560608,2.685671158469744,2.6570275318294634,1.3333333333333333,1.6,1.5714285714285714,1.9462242126464844,1.7167651321610924,1.6479838480154285,1.0000000000000002,1.0,1.142857142857143,0.8028846979141235,0.9689060263086517,1.0090436838140349
1233,2026-01-10,Algeria,Nigeria,0.0,2.0,African Cup of Nations,Marrakesh,Morocco,1,2026,0,0,1244,2025-09-18 00:00:00,38.0,36.0,-2.0,1500.73,1504.0,2025-09-18 00:00:00,45.0,44.0,-1.0,1483.85,1484.0,7.0,16.88000000000011,1757.0,1627.0,130.0,-1,3.0,3.0,2.7142857142857144,2.983081817626953,2.915479865082717,2.829151810015901,2.3333333333333335,2.6,2.4285714285714284,2.4559326171875,2.3676220774167676,2.2719850167632103,0.6666666666666665,0.3999999999999999,0.28571428571428603,0.5271492004394531,0.5478577876659494,0.5571667932526907
1234,2026-01-10,Egypt,Ivory Coast,3.0,2.0,African Cup of Nations,Agadir,Morocco,1,2026,0,0,1245,2025-09-18 00:00:00,35.0,34.0,-1.0,1519.18,1519.0,2025-09-18 00:00:00,44.0,45.0,1.0,1483.9,1483.0,9.0,35.27999999999997,1622.0,1627.0,-5.0,1,2.3333333333333335,2.6,2.4285714285714284,2.4829349517822266,2.47242041708331,2.4603181897145987,2.3333333333333335,2.6,2.4285714285714284,2.7333335876464844,2.629555183386287,2.5817675973958103,0.0,0.0,0.0,-0.2503986358642578,-0.15713476630297674,-0.1214494076812116
1235,2026-01-14,Morocco,Nigeria,0.0,0.0,African Cup of Nations,Rabat,Morocco,0,2026,0,0,1246,2025-09-18 00:00:00,11.0,12.0,1.0,1706.25,1699.0,2025-09-18 00:00:00,45.0,44.0,-1.0,1483.85,1484.0,34.0,222.4000000000001,1840.0,1627.0,213.0,0,3.0,2.6,2.7142857142857144,2.874554455280304,2.7904474389798297,2.7427706488720975,2.3333333333333335,2.6,2.4285714285714284,2.72796630859375,2.5784147182778447,2.4539887625724077,0.6666666666666665,0.0,0.28571428571428603,0.14658814668655396,0.21203272070198498,0.2887818862996898
1236,2026-01-14,Senegal,Egypt,1.0,0.0,African Cup of Nations,Tangier,Morocco,1,2026,0,0,1247,2025-09-18 00:00:00,18.0,18.0,0.0,1645.22,1635.0,2025-09-18 00:00:00,35.0,34.0,-1.0,1519.18,1519.0,17.0,126.03999999999996,1807.0,1622.0,185.0,1,3.0,2.6,2.7142857142857144,2.8736461997032166,2.7809047981489616,2.7219112204067564,2.3333333333333335,2.6,2.7142857142857144,2.7414674758911133,2.64828027805554,2.595238642285949,0.6666666666666665,0.0,0.0,0.13217872381210327,0.13262452009342152,0.12667257812080734
1237,2026-01-17,Egypt,Nigeria,0.0,0.0,African Cup of Nations,Casablanca,Morocco,1,2026,0,0,1248,2025-09-18 00:00:00,35.0,34.0,-1.0,1519.18,1519.0,2025-09-18 00:00:00,45.0,44.0,-1.0,1483.85,1484.0,10.0,35.330000000000155,1622.0,1627.0,-5.0,0,2.0,2.0,2.2857142857142856,1.3707337379455566,1.7655201853703604,1.9464289817144618,2.3333333333333335,2.2,2.4285714285714284,1.863983154296875,2.052276478851897,2.090491571929306,-0.3333333333333335,-0.20000000000000018,-0.1428571428571428,-0.49324941635131836,-0.2867562934815364,-0.14406259021484402
1238,2026-01-18,Morocco,Senegal,3.0,0.0,African Cup of Nations,Rabat,Morocco,0,2026,0,0,1249,2025-09-18 00:00:00,11.0,12.0,1.0,1706.25,1699.0,2025-09-18 00:00:00,18.0,18.0,0.0,1645.22,1635.0,7.0,61.02999999999997,1840.0,1807.0,33.0,1,2.3333333333333335,2.2,2.4285714285714284,1.937277227640152,2.193631625986553,2.307077986654073,3.0,2.6,2.7142857142857144,2.9368230998516083,2.8539365320993078,2.7914334153050673,-0.6666666666666665,-0.3999999999999999,-0.28571428571428603,-0.9995458722114563,-0.6603049061127546,-0.4843554286509941
