Unnamed: 0,date,home_team,away_team,home_score,away_score,tournament,city,country,neutral,year,is_world_cup,is_qualifier,match_id,home_rank_date_used,home_rank,home_previous_rank,home_rank_change,home_total_points,home_previous_points,away_rank_date_used,away_rank,away_previous_rank,away_rank_change,away_total_points,away_previous_points,rank_advantage,points_diff,home_elo,away_elo,elo_advantage,result,home_form_sma3,home_form_sma5,home_form_sma7,home_form_ema50,home_form_ema33,home_form_ema25,away_form_sma3,away_form_sma5,away_form_sma7,away_form_ema50,away_form_ema33,away_form_ema25,form_diff_sma3,form_diff_sma5,form_diff_sma7,form_diff_ema50,form_diff_ema33,form_diff_ema25,home_strength_adjusted_margin_ema33,away_strength_adjusted_margin_ema33,strength_adjusted_margin_diff_ema33
0,2022-01-27,Jamaica,Mexico,1.0,2.0,FIFA World Cup qualification,Kingston,Jamaica,0,2022,0,1,0,2021-12-23,57.0,57.0,0.0,1412.13,1412.13,2021-12-23,14.0,14.0,0.0,1638.3,1638.76,-43.0,-226.16999999999985,1578.0,1839.0,-261.0,-1,,,,,,,,,,,,,,,,,,,0.0,0.0,0.0
12,2022-01-27,United Arab Emirates,Syria,2.0,0.0,FIFA World Cup qualification,Dubai,United Arab Emirates,0,2022,0,1,12,2021-12-23,69.0,70.0,1.0,1350.39,1350.41,2021-12-23,86.0,85.0,-1.0,1268.54,1269.96,17.0,81.85000000000014,1474.0,1481.0,-7.0,1,,,,,,,,,,,,,,,,,,,0.0,0.0,0.0
10,2022-01-27,Honduras,Canada,0.0,2.0,FIFA World Cup qualification,San Pedro Sula,Honduras,0,2022,0,1,10,2021-12-23,76.0,76.0,0.0,1332.16,1332.16,2021-12-23,40.0,40.0,0.0,1462.32,1462.32,-36.0,-130.15999999999983,1604.0,1784.0,-180.0,-1,,,,,,,,,,,,,,,,,,,0.0,0.0,0.0
9,2022-01-27,Costa Rica,Panama,1.0,0.0,FIFA World Cup qualification,San José,Costa Rica,0,2022,0,1,9,2021-12-23,49.0,49.0,0.0,1437.43,1437.43,2021-12-23,63.0,63.0,0.0,1379.34,1379.34,14.0,58.09000000000015,1743.0,1627.0,116.0,1,,,,,,,,,,,,,,,,,,,0.0,0.0,0.0
8,2022-01-27,Lebanon,South Korea,0.0,1.0,FIFA World Cup qualification,Sidon,Lebanon,0,2022,0,1,8,2021-12-23,95.0,94.0,-1.0,1233.0,1233.76,2021-12-23,33.0,33.0,0.0,1507.24,1507.24,-62.0,-274.24,1407.0,1788.0,-381.0,-1,,,,,,,,,,,,,,,,,,,0.0,0.0,0.0
7,2022-01-27,Iran,Iraq,1.0,0.0,FIFA World Cup qualification,Tehran,Iran,0,2022,0,1,7,2021-12-23,21.0,21.0,0.0,1557.58,1557.58,2021-12-23,75.0,75.0,0.0,1333.03,1335.58,54.0,224.54999999999995,1837.0,1551.0,286.0,1,,,,,,,,,,,,,,,,,,,0.0,0.0,0.0
11,2022-01-27,United States,El Salvador,1.0,0.0,FIFA World Cup qualification,Columbus,United States,0,2022,0,1,11,2021-12-23,11.0,12.0,1.0,1648.51,1647.14,2021-12-23,70.0,69.0,-1.0,1349.47,1350.63,59.0,299.04,1858.0,1466.0,392.0,1,,,,,,,,,,,,,,,,,,,0.0,0.0,0.0
5,2022-01-27,Japan,China PR,2.0,0.0,FIFA World Cup qualification,Saitama,Japan,0,2022,0,1,5,2021-12-23,26.0,26.0,0.0,1531.53,1531.53,2021-12-23,74.0,74.0,0.0,1337.33,1337.33,48.0,194.20000000000005,1760.0,1473.0,287.0,1,,,,,,,,,,,,,,,,,,,0.0,0.0,0.0
4,2022-01-27,Saudi Arabia,Oman,1.0,0.0,FIFA World Cup qualification,Jeddah,Saudi Arabia,0,2022,0,1,4,2021-12-23,51.0,48.0,-3.0,1434.71,1441.17,2021-12-23,79.0,78.0,-1.0,1306.01,1307.09,28.0,128.70000000000005,1629.0,1496.0,133.0,1,,,,,,,,,,,,,,,,,,,0.0,0.0,0.0
3,2022-01-27,Ecuador,Brazil,1.0,1.0,FIFA World Cup qualification,Quito,Ecuador,0,2022,0,1,3,2021-12-23,46.0,46.0,0.0,1448.27,1448.74,2021-12-23,2.0,2.0,0.0,1826.35,1826.35,-44.0,-378.0799999999999,1849.0,2149.0,-300.0,0,,,,,,,,,,,,,,,,,,,0.0,0.0,0.0
2,2022-01-27,Paraguay,Uruguay,0.0,1.0,FIFA World Cup qualification,Asunción,Paraguay,0,2022,0,1,2,2021-12-23,43.0,43.0,0.0,1454.52,1454.52,2021-12-23,17.0,17.0,0.0,1596.66,1596.66,-26.0,-142.1400000000001,1729.0,1847.0,-118.0,-1,,,,,,,,,,,,,,,,,,,0.0,0.0,0.0
1,2022-01-27,Chile,Argentina,1.0,2.0,FIFA World Cup qualification,Calama,Chile,0,2022,0,1,1,2021-12-23,24.0,24.0,0.0,1543.42,1541.33,2021-12-23,5.0,5.0,0.0,1750.51,1750.51,-19.0,-207.08999999999992,1813.0,2101.0,-288.0,-1,,,,,,,,,,,,,,,,,,,0.0,0.0,0.0
6,2022-01-27,Australia,Vietnam,4.0,0.0,FIFA World Cup qualification,Melbourne,Australia,0,2022,0,1,6,2021-12-23,35.0,35.0,0.0,1484.88,1484.88,2021-12-23,98.0,99.0,1.0,1212.54,1209.22,63.0,272.34000000000015,1735.0,1425.0,310.0,1,,,,,,,,,,,,,,,,,,,0.0,0.0,0.0
13,2022-01-28,Colombia,Peru,0.0,1.0,FIFA World Cup qualification,Barranquilla,Colombia,0,2022,0,1,13,2021-12-23,16.0,16.0,0.0,1607.15,1607.15,2021-12-23,22.0,22.0,0.0,1551.15,1551.15,6.0,56.0,1904.0,1792.0,112.0,-1,,,,,,,,,,,,,,,,,,,0.0,0.0,0.0
14,2022-01-28,Venezuela,Bolivia,4.0,1.0,FIFA World Cup qualification,Barinas,Venezuela,0,2022,0,1,14,2021-12-23,59.0,59.0,0.0,1409.14,1409.14,2021-12-23,77.0,77.0,0.0,1324.21,1324.21,18.0,84.93000000000006,1801.0,1582.0,219.0,1,,,,,,,,,,,,,,,,,,,0.0,0.0,0.0
18,2022-01-30,Mexico,Costa Rica,0.0,0.0,FIFA World Cup qualification,Mexico City,Mexico,0,2022,0,1,18,2021-12-23,14.0,14.0,0.0,1638.3,1638.76,2021-12-23,49.0,49.0,0.0,1437.43,1437.43,35.0,200.8699999999999,1839.0,1743.0,96.0,0,1.0,1.0,1.0,1.0,1.0,1.0,1.0,1.0,1.0,1.0,1.0,1.0,0.0,0.0,0.0,0.0,0.0,0.0,0.14,0.72,-0.58
17,2022-01-30,Canada,United States,2.0,0.0,FIFA World Cup qualification,Hamilton,Canada,0,2022,0,1,17,2021-12-23,40.0,40.0,0.0,1462.32,1462.32,2021-12-23,11.0,12.0,1.0,1648.51,1647.14,-29.0,-186.19000000000003,1784.0,1858.0,-74.0,1,1.0,1.0,1.0,1.0,1.0,1.0,1.0,1.0,1.0,1.0,1.0,1.0,0.0,0.0,0.0,0.0,0.0,0.0,1.28,-0.17999999999999994,1.46
15,2022-01-30,Honduras,El Salvador,0.0,2.0,FIFA World Cup qualification,San Pedro Sula,Honduras,0,2022,0,1,15,2021-12-23,76.0,76.0,0.0,1332.16,1332.16,2021-12-23,70.0,69.0,-1.0,1349.47,1350.63,-6.0,-17.309999999999945,1604.0,1466.0,138.0,-1,-1.0,-1.0,-1.0,-1.0,-1.0,-1.0,-1.0,-1.0,-1.0,-1.0,-1.0,-1.0,0.0,0.0,0.0,0.0,0.0,0.0,-1.28,0.17999999999999994,-1.46
16,2022-01-30,Panama,Jamaica,3.0,2.0,FIFA World Cup qualification,Panama City,Panama,0,2022,0,1,16,2021-12-23,63.0,63.0,0.0,1379.34,1379.34,2021-12-23,57.0,57.0,0.0,1412.13,1412.13,-6.0,-32.79000000000019,1627.0,1578.0,49.0,1,-1.0,-1.0,-1.0,-1.0,-1.0,-1.0,-1.0,-1.0,-1.0,-1.0,-1.0,-1.0,0.0,0.0,0.0,0.0,0.0,0.0,-0.72,-0.14,-0.58
26,2022-02-01,Uruguay,Venezuela,4.0,1.0,FIFA World Cup qualification,Montevideo,Uruguay,0,2022,0,1,26,2021-12-23,17.0,17.0,0.0,1596.66,1596.66,2021-12-23,59.0,59.0,0.0,1409.14,1409.14,42.0,187.52,1847.0,1801.0,46.0,1,1.0,1.0,1.0,1.0,1.0,1.0,1.0,1.0,1.0,1.0,1.0,1.0,0.0,0.0,0.0,0.0,0.0,0.0,0.48,2.64,-2.16
29,2022-02-01,Brazil,Paraguay,4.0,0.0,FIFA World Cup qualification,Belo Horizonte,Brazil,0,2022,0,1,29,2021-12-23,2.0,2.0,0.0,1826.35,1826.35,2021-12-23,43.0,43.0,0.0,1454.52,1454.52,41.0,371.8299999999999,2149.0,1729.0,420.0,1,0.0,0.0,0.0,0.0,0.0,0.0,-1.0,-1.0,-1.0,-1.0,-1.0,-1.0,1.0,1.0,1.0,1.0,1.0,1.0,-0.88,-0.48,-0.4
28,2022-02-01,Peru,Ecuador,1.0,1.0,FIFA World Cup qualification,Lima,Peru,0,2022,0,1,28,2021-12-23,22.0,22.0,0.0,1551.15,1551.15,2021-12-23,46.0,46.0,0.0,1448.27,1448.74,24.0,102.88000000000012,1792.0,1849.0,-57.0,0,1.0,1.0,1.0,1.0,1.0,1.0,0.0,0.0,0.0,0.0,0.0,0.0,1.0,1.0,1.0,1.0,1.0,1.0,1.12,0.88,0.2400000000000001
27,2022-02-01,Argentina,Colombia,1.0,0.0,FIFA World Cup qualification,Córdoba,Argentina,0,2022,0,1,27,2021-12-23,5.0,5.0,0.0,1750.51,1750.51,2021-12-23,16.0,16.0,0.0,1607.15,1607.15,11.0,143.3599999999999,2101.0,1904.0,197.0,1,1.0,1.0,1.0,1.0,1.0,1.0,-1.0,-1.0,-1.0,-1.0,-1.0,-1.0,2.0,2.0,2.0,2.0,2.0,2.0,0.62,-1.12,1.7400000000000002
25,2022-02-01,Bolivia,Chile,2.0,3.0,FIFA World Cup qualification,La Paz,Bolivia,0,2022,0,1,25,2021-12-23,77.0,77.0,0.0,1324.21,1324.21,2021-12-23,24.0,24.0,0.0,1543.42,1541.33,-53.0,-219.21000000000004,1582.0,1813.0,-231.0,-1,-1.0,-1.0,-1.0,-1.0,-1.0,-1.0,-1.0,-1.0,-1.0,-1.0,-1.0,-1.0,0.0,0.0,0.0,0.0,0.0,0.0,-2.64,-0.62,-2.02
23,2022-02-01,Japan,Saudi Arabia,2.0,0.0,FIFA World Cup qualification,Saitama,Japan,0,2022,0,1,23,2021-12-23,26.0,26.0,0.0,1531.53,1531.53,2021-12-23,51.0,48.0,-3.0,1434.71,1441.17,25.0,96.81999999999994,1760.0,1629.0,131.0,1,1.0,1.0,1.0,1.0,1.0,1.0,1.0,1.0,1.0,1.0,1.0,1.0,0.0,0.0,0.0,0.0,0.0,0.0,1.04,0.43999999999999995,0.6000000000000001
22,2022-02-01,Vietnam,China PR,3.0,1.0,FIFA World Cup qualification,Hanoi,Vietnam,0,2022,0,1,22,2021-12-23,98.0,99.0,1.0,1212.54,1209.22,2021-12-23,74.0,74.0,0.0,1337.33,1337.33,-24.0,-124.78999999999996,1425.0,1473.0,-48.0,1,-1.0,-1.0,-1.0,-1.0,-1.0,-1.0,-1.0,-1.0,-1.0,-1.0,-1.0,-1.0,0.0,0.0,0.0,0.0,0.0,0.0,-2.74,-1.04,-1.7000000000000002
21,2022-02-01,Syria,South Korea,0.0,2.0,FIFA World Cup qualification,Dubai,United Arab Emirates,1,2022,0,1,21,2021-12-23,86.0,85.0,-1.0,1268.54,1269.96,2021-12-23,33.0,33.0,0.0,1507.24,1507.24,-53.0,-238.70000000000005,1481.0,1788.0,-307.0,-1,-1.0,-1.0,-1.0,-1.0,-1.0,-1.0,1.0,1.0,1.0,1.0,1.0,1.0,-2.0,-2.0,-2.0,-2.0,-2.0,-2.0,-1.66,-0.24,-1.42
20,2022-02-01,Iran,United Arab Emirates,1.0,0.0,FIFA World Cup qualification,Tehran,Iran,0,2022,0,1,20,2021-12-23,21.0,21.0,0.0,1557.58,1557.58,2021-12-23,69.0,70.0,1.0,1350.39,1350.41,48.0,207.18999999999983,1837.0,1474.0,363.0,1,1.0,1.0,1.0,1.0,1.0,1.0,1.0,1.0,1.0,1.0,1.0,1.0,0.0,0.0,0.0,0.0,0.0,0.0,-0.08000000000000007,1.66,-1.74
19,2022-02-01,Lebanon,Iraq,1.0,1.0,FIFA World Cup qualification,Sidon,Lebanon,0,2022,0,1,19,2021-12-23,95.0,94.0,-1.0,1233.0,1233.76,2021-12-23,75.0,75.0,0.0,1333.03,1335.58,-20.0,-100.02999999999996,1407.0,1551.0,-144.0,0,-1.0,-1.0,-1.0,-1.0,-1.0,-1.0,-1.0,-1.0,-1.0,-1.0,-1.0,-1.0,0.0,0.0,0.0,0.0,0.0,0.0,0.24,0.08000000000000007,0.15999999999999992
24,2022-02-01,Oman,Australia,2.0,2.0,FIFA World Cup qualification,Muscat,Oman,0,2022,0,1,24,2021-12-23,79.0,78.0,-1.0,1306.01,1307.09,2021-12-23,35.0,35.0,0.0,1484.88,1484.88,-44.0,-178.87000000000012,1496.0,1735.0,-239.0,0,-1.0,-1.0,-1.0,-1.0,-1.0,-1.0,1.0,1.0,1.0,1.0,1.0,1.0,-2.0,-2.0,-2.0,-2.0,-2.0,-2.0,-0.43999999999999995,2.74,-3.18
33,2022-02-02,Jamaica,Costa Rica,0.0,1.0,FIFA World Cup qualification,Kingston,Jamaica,0,2022,0,1,33,2021-12-23,57.0,57.0,0.0,1412.13,1412.13,2021-12-23,49.0,49.0,0.0,1437.43,1437.43,-8.0,-25.299999999999955,1578.0,1743.0,-165.0,-1,-1.0,-1.0,-1.0,-1.0,-1.0,-1.0,0.5,0.5,0.5,0.5,0.6666666666666667,0.75,-1.5,-1.5,-1.5,-1.5,-1.6666666666666667,-1.75,-0.19764705882352943,0.7188235294117646,-0.916470588235294
30,2022-02-02,Mexico,Panama,1.0,0.0,FIFA World Cup qualification,Mexico City,Mexico,0,2022,0,1,30,2021-12-23,14.0,14.0,0.0,1638.3,1638.76,2021-12-23,63.0,63.0,0.0,1379.34,1379.34,49.0,258.96000000000004,1839.0,1627.0,212.0,1,0.5,0.5,0.5,0.5,0.6666666666666667,0.75,0.0,0.0,0.0,0.0,-0.3333333333333335,-0.5,0.5,0.5,0.5,0.5,1.0000000000000002,1.25,0.09058823529411766,-0.6117647058823529,0.7023529411764705
31,2022-02-02,El Salvador,Canada,0.0,2.0,FIFA World Cup qualification,San Salvador,El Salvador,0,2022,0,1,31,2021-12-23,70.0,69.0,-1.0,1349.47,1350.63,2021-12-23,40.0,40.0,0.0,1462.32,1462.32,-30.0,-112.84999999999992,1466.0,1784.0,-318.0,-1,0.0,0.0,0.0,0.0,-0.3333333333333335,-0.5,1.0,1.0,1.0,1.0,1.0,1.0,-1.0,-1.0,-1.0,-1.0,-1.3333333333333337,-1.5,0.2799999999999999,1.3564705882352943,-1.0764705882352943
32,2022-02-02,United States,Honduras,3.0,0.0,FIFA World Cup qualification,Saint Paul,United States,0,2022,0,1,32,2021-12-23,11.0,12.0,1.0,1648.51,1647.14,2021-12-23,76.0,76.0,0.0,1332.16,1332.16,65.0,316.3499999999999,1858.0,1604.0,254.0,1,0.0,0.0,0.0,0.0,0.3333333333333335,0.5,-1.0,-1.0,-1.0,-1.0,-1.0,-1.0,1.0,1.0,1.0,1.0,1.3333333333333337,1.5,-0.32117647058823523,-1.315294117647059,0.9941176470588238
34,2022-03-18,Papua New Guinea,New Zealand,0.0,1.0,FIFA World Cup qualification,Doha,Qatar,1,2022,0,1,35,2022-02-10,165.0,165.0,0.0,990.55,990.55,2022-02-10,111.0,110.0,-1.0,1161.66,1165.81,-54.0,-171.11000000000013,1098.0,1528.0,-430.0,-1,,,,,,,,,,,,,,,,,,,0.0,0.0,0.0
35,2022-03-18,New Caledonia,Fiji,1.0,2.0,FIFA World Cup qualification,Doha,Qatar,1,2022,0,1,36,2022-02-10,153.0,153.0,0.0,1035.12,1035.12,2022-02-10,162.0,161.0,-1.0,996.27,996.27,9.0,38.84999999999991,1219.0,1236.0,-17.0,-1,,,,,,,,,,,,,,,,,,,0.0,0.0,0.0
37,2022-03-21,New Zealand,Fiji,4.0,0.0,FIFA World Cup qualification,Doha,Qatar,1,2022,0,1,38,2022-02-10,111.0,110.0,-1.0,1161.66,1165.81,2022-02-10,162.0,161.0,-1.0,996.27,996.27,51.0,165.3900000000001,1528.0,1236.0,292.0,1,1.0,1.0,1.0,1.0,1.0,1.0,1.0,1.0,1.0,1.0,1.0,1.0,0.0,0.0,0.0,0.0,0.0,0.0,-0.08000000000000007,1.18,-1.26
36,2022-03-21,Papua New Guinea,New Caledonia,1.0,0.0,FIFA World Cup qualification,Doha,Qatar,1,2022,0,1,37,2022-02-10,165.0,165.0,0.0,990.55,990.55,2022-02-10,153.0,153.0,0.0,1035.12,1035.12,-12.0,-44.569999999999936,1098.0,1219.0,-121.0,1,-1.0,-1.0,-1.0,-1.0,-1.0,-1.0,-1.0,-1.0,-1.0,-1.0,-1.0,-1.0,0.0,0.0,0.0,0.0,0.0,0.0,0.08000000000000007,-1.18,1.26
51,2022-03-24,Iraq,United Arab Emirates,1.0,0.0,FIFA World Cup qualification,Riyadh,Saudi Arabia,1,2022,0,1,52,2022-02-10,74.0,75.0,1.0,1325.44,1333.03,2022-02-10,69.0,69.0,0.0,1353.1,1350.39,-5.0,-27.65999999999985,1551.0,1474.0,77.0,1,-0.5,-0.5,-0.5,-0.5,-0.6666666666666667,-0.75,0.0,0.0,0.0,0.0,0.3333333333333335,0.5,-0.5,-0.5,-0.5,-0.5,-1.0000000000000002,-1.25,0.051764705882353004,1.5599999999999998,-1.508235294117647
52,2022-03-24,Lebanon,Syria,0.0,3.0,FIFA World Cup qualification,Sidon,Lebanon,0,2022,0,1,53,2022-02-10,95.0,95.0,0.0,1228.97,1233.0,2022-02-10,91.0,86.0,-5.0,1251.22,1268.54,-4.0,-22.25,1407.0,1481.0,-74.0,-1,-0.5,-0.5,-0.5,-0.5,-0.6666666666666667,-0.75,-1.0,-1.0,-1.0,-1.0,-1.0,-1.0,0.5,0.5,0.5,0.5,0.3333333333333332,0.25,0.24941176470588233,-1.6176470588235292,1.8670588235294114
53,2022-03-24,Costa Rica,Canada,1.0,0.0,FIFA World Cup qualification,San José,Costa Rica,0,2022,0,1,54,2022-02-10,42.0,49.0,7.0,1464.06,1437.43,2022-02-10,33.0,40.0,7.0,1497.82,1462.32,-9.0,-33.75999999999999,1743.0,1784.0,-41.0,1,0.6666666666666666,0.6666666666666666,0.6666666666666666,0.75,0.7777777777777778,0.8125,1.0,1.0,1.0,1.0,1.0,1.0,-0.3333333333333333,-0.3333333333333333,-0.3333333333333333,-0.25,-0.2222222222222222,-0.1875,0.7259515570934255,1.3590311418685121,-0.6330795847750866
54,2022-03-24,Panama,Honduras,1.0,1.0,FIFA World Cup qualification,Panama City,Panama,0,2022,0,1,55,2022-02-10,63.0,63.0,0.0,1375.56,1379.34,2022-02-10,78.0,76.0,-2.0,1303.96,1332.16,15.0,71.59999999999991,1627.0,1604.0,23.0,0,-0.3333333333333333,-0.3333333333333333,-0.3333333333333333,-0.5,-0.5555555555555556,-0.625,-1.0,-1.0,-1.0,-1.0,-1.0,-1.0,0.6666666666666667,0.6666666666666667,0.6666666666666667,0.5,0.4444444444444444,0.375,-0.576955017301038,-1.3379238754325262,0.7609688581314882
50,2022-03-24,South Korea,Iran,2.0,0.0,FIFA World Cup qualification,Seoul,South Korea,0,2022,0,1,51,2022-02-10,29.0,33.0,4.0,1522.85,1507.24,2022-02-10,21.0,21.0,0.0,1572.89,1557.58,-8.0,-50.04000000000019,1788.0,1837.0,-49.0,1,1.0,1.0,1.0,1.0,1.0,1.0,1.0,1.0,1.0,1.0,1.0,1.0,0.0,0.0,0.0,0.0,0.0,0.0,-0.17058823529411762,-0.0729411764705883,-0.09764705882352932
56,2022-03-24,Jamaica,El Salvador,1.0,1.0,FIFA World Cup qualification,Kingston,Jamaica,0,2022,0,1,57,2022-02-10,62.0,57.0,-5.0,1378.62,1412.13,2022-02-10,70.0,70.0,0.0,1346.04,1349.47,8.0,32.57999999999993,1578.0,1466.0,112.0,0,-1.0,-1.0,-1.0,-1.0,-1.0,-1.0,-0.3333333333333333,-0.3333333333333333,-0.3333333333333333,-0.5,-0.5555555555555556,-0.625,-0.6666666666666667,-0.6666666666666667,-0.6666666666666667,-0.5,-0.4444444444444444,-0.375,-0.2354325259515571,0.18117647058823522,-0.41660899653979233
57,2022-03-24,Australia,Japan,0.0,2.0,FIFA World Cup qualification,Sydney,Australia,0,2022,0,1,58,2022-02-10,37.0,35.0,-2.0,1486.86,1484.88,2022-02-10,23.0,26.0,3.0,1549.82,1531.53,-14.0,-62.96000000000004,1735.0,1760.0,-25.0,-1,0.5,0.5,0.5,0.5,0.6666666666666667,0.75,1.0,1.0,1.0,1.0,1.0,1.0,-0.5,-0.5,-0.5,-0.5,-0.3333333333333332,-0.25,2.527058823529412,1.0670588235294118,1.4600000000000002
58,2022-03-24,Wales,Austria,2.0,1.0,FIFA World Cup qualification,Cardiff,Wales,0,2022,0,1,59,2022-02-10,20.0,19.0,-1.0,1578.01,1578.01,2022-02-10,30.0,31.0,1.0,1511.56,1511.56,10.0,66.45000000000005,1827.0,1730.0,97.0,1,,,,,,,,,,,,,,,,,,,0.0,0.0,0.0
55,2022-03-24,Mexico,United States,0.0,0.0,FIFA World Cup qualification,Mexico City,Mexico,0,2022,0,1,56,2022-02-10,12.0,14.0,2.0,1647.9,1638.3,2022-02-10,13.0,11.0,-2.0,1643.34,1648.51,1.0,4.560000000000173,1839.0,1858.0,-19.0,0,0.6666666666666666,0.6666666666666666,0.6666666666666666,0.75,0.7777777777777778,0.8125,0.3333333333333333,0.3333333333333333,0.3333333333333333,0.5,0.5555555555555556,0.625,0.3333333333333333,0.3333333333333333,0.3333333333333333,0.25,0.2222222222222222,0.1875,0.08643598615916956,-0.20228373702422142,0.288719723183391
49,2022-03-24,Sweden,Czech Republic,1.0,0.0,FIFA World Cup qualification,Stockholm,Sweden,0,2022,0,1,50,2022-02-10,17.0,18.0,1.0,1588.26,1588.26,2022-02-10,31.0,32.0,1.0,1510.42,1510.42,14.0,77.83999999999992,1820.0,1744.0,76.0,1,,,,,,,,,,,,,,,,,,,0.0,0.0,0.0
39,2022-03-24,Portugal,Turkey,3.0,1.0,FIFA World Cup qualification,Porto,Portugal,0,2022,0,1,40,2022-02-10,8.0,8.0,0.0,1660.25,1660.25,2022-02-10,39.0,37.0,-2.0,1472.72,1472.72,31.0,187.53,1972.0,1726.0,246.0,1,,,,,,,,,,,,,,,,,,,0.0,0.0,0.0
47,2022-03-24,Solomon Islands,Tahiti,3.0,1.0,FIFA World Cup qualification,Doha,Qatar,1,2022,0,1,48,2022-02-10,142.0,141.0,-1.0,1072.78,1072.78,2022-02-10,159.0,159.0,0.0,1014.27,1014.27,17.0,58.50999999999999,1196.0,1250.0,-54.0,1,,,,,,,,,,,,,,,,,,,0.0,0.0,0.0
46,2022-03-24,Fiji,Papua New Guinea,1.0,2.0,FIFA World Cup qualification,Doha,Qatar,1,2022,0,1,47,2022-02-10,162.0,161.0,-1.0,996.27,996.27,2022-02-10,165.0,165.0,0.0,990.55,990.55,3.0,5.720000000000027,1250.0,1173.0,77.0,-1,0.0,0.0,0.0,0.0,0.3333333333333335,0.5,0.0,0.0,0.0,0.0,-0.3333333333333335,-0.5,0.0,0.0,0.0,0.0,0.666666666666667,1.0,0.9352941176470588,0.14823529411764713,0.7870588235294117
45,2022-03-24,New Zealand,New Caledonia,7.0,1.0,FIFA World Cup qualification,Doha,Qatar,1,2022,0,1,46,2022-02-10,111.0,110.0,-1.0,1161.66,1165.81,2022-02-10,153.0,153.0,0.0,1035.12,1035.12,42.0,126.5400000000002,1528.0,1220.0,308.0,1,1.0,1.0,1.0,1.0,1.0,1.0,-1.0,-1.0,-1.0,-1.0,-1.0,-1.0,2.0,2.0,2.0,2.0,2.0,2.0,0.09999999999999994,-1.183529411764706,1.2835294117647058
44,2022-03-24,Colombia,Bolivia,3.0,0.0,FIFA World Cup qualification,Barranquilla,Colombia,0,2022,0,1,45,2022-02-10,19.0,16.0,-3.0,1585.89,1607.15,2022-02-10,76.0,77.0,1.0,1308.12,1324.21,57.0,277.7700000000002,1904.0,1582.0,322.0,1,-1.0,-1.0,-1.0,-1.0,-1.0,-1.0,-1.0,-1.0,-1.0,-1.0,-1.0,-1.0,0.0,0.0,0.0,0.0,0.0,0.0,-1.1,-2.4811764705882355,1.3811764705882354
43,2022-03-24,Brazil,Chile,4.0,0.0,FIFA World Cup qualification,Rio de Janeiro,Brazil,0,2022,0,1,44,2022-02-10,2.0,2.0,0.0,1823.42,1826.35,2022-02-10,26.0,24.0,-2.0,1543.16,1543.42,24.0,280.26,2149.0,1813.0,336.0,1,0.5,0.5,0.5,0.5,0.3333333333333332,0.25,0.0,0.0,0.0,0.0,-0.3333333333333335,-0.5,0.5,0.5,0.5,0.5,0.6666666666666667,0.75,-0.6411764705882352,-0.5870588235294117,-0.05411764705882349
42,2022-03-24,Paraguay,Ecuador,3.0,1.0,FIFA World Cup qualification,Ciudad del Este,Paraguay,0,2022,0,1,43,2022-02-10,50.0,43.0,-7.0,1440.53,1454.52,2022-02-10,44.0,46.0,2.0,1458.63,1448.27,-6.0,-18.100000000000136,1729.0,1849.0,-120.0,1,-1.0,-1.0,-1.0,-1.0,-1.0,-1.0,0.0,0.0,0.0,0.0,0.0,0.0,-1.0,-1.0,-1.0,-1.0,-1.0,-1.0,-0.6388235294117647,0.8564705882352941,-1.4952941176470587
41,2022-03-24,Uruguay,Peru,1.0,0.0,FIFA World Cup qualification,Montevideo,Uruguay,0,2022,0,1,42,2022-02-10,16.0,17.0,1.0,1614.05,1596.66,2022-02-10,22.0,22.0,0.0,1563.45,1551.15,6.0,50.59999999999991,1847.0,1792.0,55.0,1,1.0,1.0,1.0,1.0,1.0,1.0,0.5,0.5,0.5,0.5,0.6666666666666667,0.75,0.5,0.5,0.5,0.5,0.3333333333333332,0.25,0.5788235294117647,1.0258823529411765,-0.44705882352941173
40,2022-03-24,Italy,North Macedonia,0.0,1.0,FIFA World Cup qualification,Palermo,Italy,0,2022,0,1,41,2022-02-10,6.0,6.0,0.0,1740.77,1740.77,2022-02-10,67.0,67.0,0.0,1367.23,1367.23,61.0,373.54,2006.0,1562.0,444.0,-1,,,,,,,,,,,,,,,,,,,0.0,0.0,0.0
48,2022-03-24,China PR,Saudi Arabia,1.0,1.0,FIFA World Cup qualification,Sharjah,United Arab Emirates,1,2022,0,1,49,2022-02-10,75.0,74.0,-1.0,1313.81,1337.33,2022-02-10,53.0,51.0,-2.0,1433.95,1434.71,-22.0,-120.1400000000001,1473.0,1629.0,-156.0,0,-1.0,-1.0,-1.0,-1.0,-1.0,-1.0,0.0,0.0,0.0,0.0,0.3333333333333335,0.5,-1.0,-1.0,-1.0,-1.0,-1.3333333333333337,-1.5,-1.1247058823529412,0.3258823529411764,-1.4505882352941177
38,2022-03-24,Vietnam,Oman,0.0,1.0,FIFA World Cup qualification,Hanoi,Vietnam,0,2022,0,1,39,2022-02-10,98.0,98.0,0.0,1218.55,1212.54,2022-02-10,79.0,79.0,0.0,1301.0,1306.01,-19.0,-82.45000000000005,1425.0,1496.0,-71.0,-1,0.0,0.0,0.0,0.0,-0.3333333333333335,-0.5,-0.5,-0.5,-0.5,-0.5,-0.6666666666666667,-0.75,0.5,0.5,0.5,0.5,0.3333333333333332,0.25,-2.4329411764705884,-0.36235294117647054,-2.070588235294118
63,2022-03-25,Egypt,Senegal,1.0,0.0,FIFA World Cup qualification,Cairo,Egypt,0,2022,0,1,64,2022-02-10,34.0,45.0,11.0,1497.05,1451.77,2022-02-10,18.0,20.0,2.0,1587.78,1561.68,-16.0,-90.73000000000002,1658.0,1702.0,-44.0,1,,,,,,,,,,,,,,,,,,,0.0,0.0,0.0
62,2022-03-25,DR Congo,Morocco,1.0,1.0,FIFA World Cup qualification,Kinshasa,DR Congo,0,2022,0,1,63,2022-02-10,66.0,64.0,-2.0,1369.53,1375.64,2022-02-10,24.0,28.0,4.0,1547.42,1529.93,-42.0,-177.8900000000001,1509.0,1764.0,-255.0,0,,,,,,,,,,,,,,,,,,,0.0,0.0,0.0
64,2022-03-25,Cameroon,Algeria,0.0,1.0,FIFA World Cup qualification,Douala,Cameroon,0,2022,0,1,65,2022-02-10,38.0,50.0,12.0,1480.82,1437.35,2022-02-10,43.0,29.0,-14.0,1460.93,1516.51,5.0,19.88999999999988,1588.0,1799.0,-211.0,-1,,,,,,,,,,,,,,,,,,,0.0,0.0,0.0
60,2022-03-25,Ghana,Nigeria,0.0,0.0,FIFA World Cup qualification,Kumasi,Ghana,0,2022,0,1,61,2022-02-10,61.0,52.0,-9.0,1381.45,1428.97,2022-02-10,32.0,36.0,4.0,1509.91,1478.78,-29.0,-128.46000000000004,1600.0,1657.0,-57.0,0,,,,,,,,,,,,,,,,,,,0.0,0.0,0.0
59,2022-03-25,Argentina,Venezuela,3.0,0.0,FIFA World Cup qualification,Buenos Aires,Argentina,0,2022,0,1,60,2022-02-10,4.0,5.0,1.0,1766.99,1750.51,2022-02-10,58.0,59.0,1.0,1411.45,1409.14,54.0,355.54,2101.0,1801.0,300.0,1,1.0,1.0,1.0,1.0,1.0,1.0,0.0,0.0,0.0,0.0,0.3333333333333335,0.5,1.0,1.0,1.0,1.0,0.6666666666666665,0.5,0.6294117647058823,2.3576470588235297,-1.7282352941176473
61,2022-03-25,Mali,Tunisia,0.0,1.0,FIFA World Cup qualification,Bamako,Mali,0,2022,0,1,62,2022-02-10,48.0,53.0,5.0,1446.49,1427.98,2022-02-10,36.0,30.0,-6.0,1489.92,1512.72,-12.0,-43.430000000000064,1574.0,1638.0,-64.0,-1,,,,,,,,,,,,,,,,,,,0.0,0.0,0.0
69,2022-03-27,El Salvador,Costa Rica,1.0,2.0,FIFA World Cup qualification,San Salvador,El Salvador,0,2022,0,1,70,2022-02-10,70.0,70.0,0.0,1346.04,1349.47,2022-02-10,42.0,49.0,7.0,1464.06,1437.43,-28.0,-118.01999999999998,1466.0,1743.0,-277.0,-1,0.0,-0.25,-0.25,-0.25,-0.3703703703703704,-0.46875,0.6666666666666666,0.75,0.75,0.875,0.8518518518518519,0.859375,-0.6666666666666666,-1.0,-1.0,-1.125,-1.2222222222222223,-1.328125,0.1799307958477508,0.7526602890291064,-0.5727294931813556
68,2022-03-27,Canada,Jamaica,4.0,0.0,FIFA World Cup qualification,Toronto,Canada,0,2022,0,1,69,2022-02-10,33.0,40.0,7.0,1497.82,1462.32,2022-02-10,62.0,57.0,-5.0,1378.62,1412.13,29.0,119.20000000000005,1784.0,1578.0,206.0,1,0.3333333333333333,0.5,0.5,0.0,0.3333333333333335,0.5,-0.6666666666666666,-0.75,-0.75,-0.5,-0.6666666666666667,-0.75,1.0,1.25,1.25,0.5,1.0000000000000002,1.25,1.2096763688174232,-0.23099531854264194,1.4406716873600651
70,2022-03-27,Honduras,Mexico,0.0,1.0,FIFA World Cup qualification,San Pedro Sula,Honduras,0,2022,0,1,71,2022-02-10,78.0,76.0,-2.0,1303.96,1332.16,2022-02-10,12.0,14.0,2.0,1647.9,1638.3,-66.0,-343.94000000000005,1604.0,1839.0,-235.0,-1,-0.6666666666666666,-0.75,-0.75,-0.5,-0.6666666666666667,-0.75,0.3333333333333333,0.5,0.5,0.375,0.5185185185185186,0.609375,-1.0,-1.25,-1.25,-0.875,-1.1851851851851851,-1.359375,-1.2415754121717895,0.08017504579686546,-1.321750457968655
66,2022-03-27,United States,Panama,5.0,1.0,FIFA World Cup qualification,Orlando,United States,0,2022,0,1,67,2022-02-10,13.0,11.0,-2.0,1643.34,1648.51,2022-02-10,63.0,63.0,0.0,1375.56,1379.34,50.0,267.78,1858.0,1627.0,231.0,1,0.0,0.25,0.25,0.25,0.3703703703703704,0.46875,0.0,-0.25,-0.25,-0.25,-0.3703703703703704,-0.46875,0.0,0.5,0.5,0.5,0.7407407407407408,0.9375,-0.18920822308162014,-0.5606635456950947,0.3714553226134746
65,2022-03-27,New Zealand,Tahiti,1.0,0.0,FIFA World Cup qualification,Doha,Qatar,1,2022,0,1,66,2022-02-10,111.0,110.0,-1.0,1161.66,1165.81,2022-02-10,159.0,159.0,0.0,1014.27,1014.27,48.0,147.3900000000001,1528.0,1250.0,278.0,1,1.0,1.0,1.0,1.0,1.0,1.0,-1.0,-1.0,-1.0,-1.0,-1.0,-1.0,2.0,2.0,2.0,2.0,2.0,2.0,0.39764705882352935,-1.66,2.0576470588235294
67,2022-03-27,Solomon Islands,Papua New Guinea,3.0,2.0,FIFA World Cup qualification,Doha,Qatar,1,2022,0,1,68,2022-02-10,142.0,141.0,-1.0,1072.78,1072.78,2022-02-10,165.0,165.0,0.0,990.55,990.55,23.0,82.23000000000002,1196.0,1173.0,23.0,1,1.0,1.0,1.0,1.0,1.0,1.0,0.3333333333333333,0.3333333333333333,0.3333333333333333,0.5,0.1111111111111109,-0.125,0.6666666666666667,0.6666666666666667,0.6666666666666667,0.5,0.8888888888888891,1.125,1.66,0.2018685121107267,1.4581314878892733
81,2022-03-29,Syria,Iraq,1.0,1.0,FIFA World Cup qualification,Dubai,United Arab Emirates,1,2022,0,1,82,2022-02-10,91.0,86.0,-5.0,1251.22,1268.54,2022-02-10,74.0,75.0,1.0,1325.44,1333.03,-17.0,-74.22000000000003,1481.0,1551.0,-70.0,0,-0.3333333333333333,-0.3333333333333333,-0.3333333333333333,0.0,-0.3333333333333335,-0.5,0.0,0.0,0.0,0.25,-0.1111111111111112,-0.3125,-0.3333333333333333,-0.3333333333333333,-0.3333333333333333,-0.25,-0.2222222222222222,-0.1875,-1.3507266435986156,0.11342560553633224,-1.464152249134948
88,2022-03-29,Japan,Vietnam,1.0,1.0,FIFA World Cup qualification,Saitama,Japan,0,2022,0,1,89,2022-02-10,23.0,26.0,3.0,1549.82,1531.53,2022-02-10,98.0,98.0,0.0,1218.55,1212.54,75.0,331.27,1760.0,1425.0,335.0,0,1.0,1.0,1.0,1.0,1.0,1.0,-0.3333333333333333,-0.3333333333333333,-0.3333333333333333,-0.5,-0.5555555555555556,-0.625,1.3333333333333333,1.3333333333333333,1.3333333333333333,1.5,1.5555555555555556,1.625,1.1054671280276815,-2.3262975778546715,3.431764705882353
87,2022-03-29,Algeria,Cameroon,1.0,2.0,FIFA World Cup qualification,Blida,Algeria,0,2022,0,1,88,2022-02-10,43.0,29.0,-14.0,1460.93,1516.51,2022-02-10,38.0,50.0,12.0,1480.82,1437.35,-5.0,-19.88999999999988,1799.0,1588.0,211.0,-1,1.0,1.0,1.0,1.0,1.0,1.0,-1.0,-1.0,-1.0,-1.0,-1.0,-1.0,2.0,2.0,2.0,2.0,2.0,2.0,1.1,-1.1,2.2
86,2022-03-29,Morocco,DR Congo,4.0,1.0,FIFA World Cup qualification,Casablanca,Morocco,0,2022,0,1,87,2022-02-10,24.0,28.0,4.0,1547.42,1529.93,2022-02-10,66.0,64.0,-2.0,1369.53,1375.64,42.0,177.8900000000001,1764.0,1509.0,255.0,1,0.0,0.0,0.0,0.0,0.0,0.0,0.0,0.0,0.0,0.0,0.0,0.0,0.0,0.0,0.0,0.0,0.0,0.0,-0.84,0.84,-1.68
85,2022-03-29,Nigeria,Ghana,1.0,1.0,FIFA World Cup qualification,Abuja,Nigeria,0,2022,0,1,86,2022-02-10,32.0,36.0,4.0,1509.91,1478.78,2022-02-10,61.0,52.0,-9.0,1381.45,1428.97,29.0,128.46000000000004,1657.0,1600.0,57.0,0,0.0,0.0,0.0,0.0,0.0,0.0,0.0,0.0,0.0,0.0,0.0,0.0,0.0,0.0,0.0,0.0,0.0,0.0,-0.58,0.58,-1.16
84,2022-03-29,Senegal,Egypt,1.0,0.0,FIFA World Cup qualification,Diamniadio,Senegal,0,2022,0,1,85,2022-02-10,18.0,20.0,2.0,1587.78,1561.68,2022-02-10,34.0,45.0,11.0,1497.05,1451.77,16.0,90.73000000000002,1702.0,1658.0,44.0,1,-1.0,-1.0,-1.0,-1.0,-1.0,-1.0,1.0,1.0,1.0,1.0,1.0,1.0,-2.0,-2.0,-2.0,-2.0,-2.0,-2.0,-1.32,1.32,-2.64
83,2022-03-29,Tunisia,Mali,0.0,0.0,FIFA World Cup qualification,Tunis,Tunisia,0,2022,0,1,84,2022-02-10,36.0,30.0,-6.0,1489.92,1512.72,2022-02-10,48.0,53.0,5.0,1446.49,1427.98,12.0,43.430000000000064,1638.0,1574.0,64.0,0,1.0,1.0,1.0,1.0,1.0,1.0,-1.0,-1.0,-1.0,-1.0,-1.0,-1.0,2.0,2.0,2.0,2.0,2.0,2.0,0.76,-0.76,1.52
82,2022-03-29,Iran,Lebanon,2.0,0.0,FIFA World Cup qualification,Mashhad,Iran,0,2022,0,1,83,2022-02-10,21.0,21.0,0.0,1572.89,1557.58,2022-02-10,95.0,95.0,0.0,1228.97,1233.0,74.0,343.9200000000001,1837.0,1407.0,430.0,1,0.3333333333333333,0.3333333333333333,0.3333333333333333,0.0,0.3333333333333335,0.5,-0.6666666666666666,-0.6666666666666666,-0.6666666666666666,-0.75,-0.7777777777777778,-0.8125,1.0,1.0,1.0,0.75,1.1111111111111112,1.3125,-0.19570934256055372,0.0629757785467128,-0.2586851211072665
80,2022-03-29,United Arab Emirates,South Korea,1.0,0.0,FIFA World Cup qualification,Dubai,United Arab Emirates,0,2022,0,1,81,2022-02-10,69.0,69.0,0.0,1353.1,1350.39,2022-02-10,29.0,33.0,4.0,1522.85,1507.24,-40.0,-169.75,1474.0,1788.0,-314.0,1,-0.3333333333333333,-0.3333333333333333,-0.3333333333333333,-0.5,-0.1111111111111109,0.125,1.0,1.0,1.0,1.0,1.0,1.0,-1.3333333333333333,-1.3333333333333333,-1.3333333333333333,-1.5,-1.111111111111111,-0.875,1.4035294117647057,-0.03349480968858129,1.437024221453287
74,2022-03-29,Chile,Uruguay,0.0,2.0,FIFA World Cup qualification,Santiago,Chile,0,2022,0,1,75,2022-02-10,26.0,24.0,-2.0,1543.16,1543.42,2022-02-10,16.0,17.0,1.0,1614.05,1596.66,-10.0,-70.88999999999987,1813.0,1847.0,-34.0,-1,-0.3333333333333333,-0.3333333333333333,-0.3333333333333333,-0.5,-0.5555555555555556,-0.625,1.0,1.0,1.0,1.0,1.0,1.0,-1.3333333333333333,-1.3333333333333333,-1.3333333333333333,-1.5,-1.5555555555555556,-1.625,-0.7595847750865051,0.5965397923875433,-1.3561245674740485
78,2022-03-29,Ecuador,Argentina,1.0,1.0,FIFA World Cup qualification,Guayaquil,Ecuador,0,2022,0,1,79,2022-02-10,44.0,46.0,2.0,1458.63,1448.27,2022-02-10,4.0,5.0,1.0,1766.99,1750.51,-40.0,-308.3599999999999,1849.0,2101.0,-252.0,0,-0.3333333333333333,-0.3333333333333333,-0.3333333333333333,-0.5,-0.3333333333333332,-0.25,1.0,1.0,1.0,1.0,1.0,1.0,-1.3333333333333333,-1.3333333333333333,-1.3333333333333333,-1.5,-1.3333333333333333,-1.25,0.6813840830449827,0.7053287197231833,-0.02394463667820068
77,2022-03-29,Peru,Paraguay,2.0,0.0,FIFA World Cup qualification,Lima,Peru,0,2022,0,1,78,2022-02-10,22.0,22.0,0.0,1563.45,1551.15,2022-02-10,50.0,43.0,-7.0,1440.53,1454.52,28.0,122.92000000000009,1792.0,1729.0,63.0,1,0.0,0.0,0.0,-0.25,0.1111111111111112,0.3125,-0.3333333333333333,-0.3333333333333333,-0.3333333333333333,0.0,-0.3333333333333335,-0.5,0.3333333333333333,0.3333333333333333,0.3333333333333333,-0.25,0.4444444444444447,0.8125,0.9137716262975778,-0.47653979238754324,1.390311418685121
76,2022-03-29,Bolivia,Brazil,0.0,4.0,FIFA World Cup qualification,La Paz,Bolivia,0,2022,0,1,77,2022-02-10,76.0,77.0,1.0,1308.12,1324.21,2022-02-10,2.0,2.0,0.0,1823.42,1826.35,-74.0,-515.3000000000002,1582.0,2149.0,-567.0,-1,-1.0,-1.0,-1.0,-1.0,-1.0,-1.0,0.6666666666666666,0.6666666666666666,0.6666666666666666,0.75,0.5555555555555555,0.4375,-1.6666666666666663,-1.6666666666666663,-1.6666666666666663,-1.75,-1.5555555555555554,-1.4375,-2.444636678200692,-0.3964013840830449,-2.048235294117647
75,2022-03-29,Venezuela,Colombia,0.0,1.0,FIFA World Cup qualification,Guayana,Venezuela,0,2022,0,1,76,2022-02-10,58.0,59.0,1.0,1411.45,1409.14,2022-02-10,19.0,16.0,-3.0,1585.89,1607.15,-39.0,-174.44000000000003,1801.0,1904.0,-103.0,-1,-0.3333333333333333,-0.3333333333333333,-0.3333333333333333,-0.5,-0.1111111111111109,0.125,-0.3333333333333333,-0.3333333333333333,-0.3333333333333333,0.0,-0.3333333333333335,-0.5,0.0,0.0,0.0,-0.5,0.2222222222222225,0.625,2.106020761245675,-0.9258823529411766,3.0319031141868518
79,2022-03-29,Oman,China PR,2.0,0.0,FIFA World Cup qualification,Muscat,Oman,0,2022,0,1,80,2022-02-10,79.0,79.0,0.0,1301.0,1306.01,2022-02-10,75.0,74.0,-1.0,1313.81,1337.33,-4.0,-12.809999999999944,1496.0,1473.0,23.0,1,0.0,0.0,0.0,0.25,-0.1111111111111112,-0.3125,-0.6666666666666666,-0.6666666666666666,-0.6666666666666666,-0.5,-0.6666666666666667,-0.75,0.6666666666666666,0.6666666666666666,0.6666666666666666,0.75,0.5555555555555555,0.4375,-0.30456747404844287,-1.0326643598615917,0.7280968858131488
73,2022-03-29,Poland,Sweden,2.0,0.0,FIFA World Cup qualification,Chorzów,Poland,0,2022,0,1,74,2022-02-10,28.0,27.0,-1.0,1530.62,1530.62,2022-02-10,17.0,18.0,1.0,1588.26,1588.26,-11.0,-57.6400000000001,1782.0,1820.0,-38.0,1,,,,,,,1.0,1.0,1.0,1.0,1.0,1.0,,,,,,,0.0,0.72,0.0
72,2022-03-29,Portugal,North Macedonia,2.0,0.0,FIFA World Cup qualification,Porto,Portugal,0,2022,0,1,73,2022-02-10,8.0,8.0,0.0,1660.25,1660.25,2022-02-10,67.0,67.0,0.0,1367.23,1367.23,59.0,293.02,1972.0,1562.0,410.0,1,1.0,1.0,1.0,1.0,1.0,1.0,1.0,1.0,1.0,1.0,1.0,1.0,0.0,0.0,0.0,0.0,0.0,0.0,1.38,2.2199999999999998,-0.8399999999999999
71,2022-03-29,Saudi Arabia,Australia,1.0,0.0,FIFA World Cup qualification,Jeddah,Saudi Arabia,0,2022,0,1,72,2022-02-10,53.0,51.0,-2.0,1433.95,1434.71,2022-02-10,37.0,35.0,-2.0,1486.86,1484.88,-16.0,-52.909999999999854,1629.0,1735.0,-106.0,1,0.0,0.0,0.0,0.0,0.2222222222222223,0.375,0.0,0.0,0.0,-0.25,0.1111111111111112,0.3125,0.0,0.0,0.0,0.25,0.111111111111111,0.0625,0.28083044982698957,2.277231833910035,-1.9964013840830452
89,2022-03-30,Solomon Islands,New Zealand,0.0,5.0,FIFA World Cup qualification,Doha,Qatar,1,2022,0,1,90,2022-02-10,142.0,141.0,-1.0,1072.78,1072.78,2022-02-10,111.0,110.0,-1.0,1161.66,1165.81,-31.0,-88.88000000000011,1196.0,1528.0,-332.0,-1,1.0,1.0,1.0,1.0,1.0,1.0,1.0,1.0,1.0,1.0,1.0,1.0,0.0,0.0,0.0,0.0,0.0,0.0,1.5941176470588234,0.37660899653979235,1.2175086505190311
90,2022-03-30,Mexico,El Salvador,2.0,0.0,FIFA World Cup qualification,Mexico City,Mexico,0,2022,0,1,91,2022-02-10,12.0,14.0,2.0,1647.9,1638.3,2022-02-10,70.0,70.0,0.0,1346.04,1349.47,58.0,301.8600000000001,1839.0,1466.0,373.0,1,0.6666666666666666,0.6,0.6,0.6875,0.6790123456790124,0.70703125,-0.6666666666666666,-0.4,-0.4,-0.625,-0.5802469135802469,-0.6015625,1.3333333333333333,1.0,1.0,1.3125,1.2592592592592593,1.30859375,0.05663533722057926,0.14346427844494192,-0.08682894122436266
91,2022-03-30,Costa Rica,United States,2.0,0.0,FIFA World Cup qualification,San José,Costa Rica,0,2022,0,1,92,2022-02-10,42.0,49.0,7.0,1464.06,1437.43,2022-02-10,13.0,11.0,-2.0,1643.34,1648.51,-29.0,-179.27999999999997,1743.0,1858.0,-115.0,1,1.0,0.8,0.8,0.9375,0.9012345679012346,0.89453125,0.6666666666666666,0.4,0.4,0.625,0.5802469135802469,0.6015625,0.3333333333333333,0.4,0.4,0.3125,0.3209876543209876,0.29296875,0.7342685073215119,-0.0016077393709366117,0.7358762466924486
92,2022-03-30,Panama,Canada,1.0,0.0,FIFA World Cup qualification,Panama City,Panama,0,2022,0,1,93,2022-02-10,63.0,63.0,0.0,1375.56,1379.34,2022-02-10,33.0,40.0,7.0,1497.82,1462.32,-30.0,-122.26,1627.0,1784.0,-157.0,1,-0.6666666666666666,-0.4,-0.4,-0.625,-0.5802469135802469,-0.6015625,0.3333333333333333,0.6,0.6,0.5,0.5555555555555556,0.625,-1.0,-1.0,-1.0,-1.125,-1.1358024691358026,-1.2265625,-0.704153925360089,1.3396954059458102,-2.043849331305899
93,2022-03-30,Jamaica,Honduras,2.0,1.0,FIFA World Cup qualification,Kingston,Jamaica,0,2022,0,1,94,2022-02-10,62.0,57.0,-5.0,1378.62,1412.13,2022-02-10,78.0,76.0,-2.0,1303.96,1332.16,16.0,74.65999999999985,1578.0,1604.0,-26.0,1,-0.6666666666666666,-0.8,-0.8,-0.75,-0.7777777777777778,-0.8125,-0.6666666666666666,-0.8,-0.8,-0.75,-0.7777777777777778,-0.8125,0.0,0.0,0.0,0.0,0.0,0.0,-0.4185838292166042,-1.1497180349852136,0.7311342057686094
94,2022-06-01,Scotland,Ukraine,1.0,3.0,FIFA World Cup qualification,Glasgow,Scotland,0,2022,0,1,95,2022-03-31,39.0,40.0,1.0,1472.66,1471.82,2022-03-31,27.0,27.0,0.0,1535.08,1535.08,-12.0,-62.419999999999845,1728.0,1814.0,-86.0,-1,,,,,,,,,,,,,,,,,,,0.0,0.0,0.0
95,2022-06-05,Wales,Ukraine,1.0,0.0,FIFA World Cup qualification,Cardiff,Wales,0,2022,0,1,96,2022-03-31,18.0,20.0,2.0,1588.08,1578.01,2022-03-31,27.0,27.0,0.0,1535.08,1535.08,9.0,53.0,1827.0,1814.0,13.0,1,1.0,1.0,1.0,1.0,1.0,1.0,1.0,1.0,1.0,1.0,1.0,1.0,0.0,0.0,0.0,0.0,0.0,0.0,0.8,1.76,-0.96
96,2022-06-07,United Arab Emirates,Australia,1.0,2.0,FIFA World Cup qualification,Al Rayyan,Qatar,1,2022,0,1,97,2022-03-31,68.0,69.0,1.0,1356.99,1353.1,2022-03-31,42.0,37.0,-5.0,1462.29,1486.86,-26.0,-105.29999999999995,1474.0,1735.0,-261.0,-1,-0.3333333333333333,0.0,0.0,0.25,0.2592592592592593,0.34375,-0.6666666666666666,-0.25,-0.25,-0.625,-0.2592592592592591,-0.015625,0.3333333333333333,0.25,0.25,0.875,0.5185185185185184,0.359375,1.4268512110726643,2.0656299613270916,-0.6387787502544273
97,2022-06-13,Australia,Peru,0.0,0.0,FIFA World Cup qualification,Al Rayyan,Qatar,1,2022,0,1,98,2022-03-31,42.0,37.0,-5.0,1462.29,1486.86,2022-03-31,22.0,22.0,0.0,1562.32,1563.45,-20.0,-100.02999999999996,1735.0,1792.0,-57.0,0,-0.3333333333333333,0.0,0.0,0.1875,0.1604938271604938,0.23828125,0.0,0.25,0.25,0.375,0.4074074074074074,0.484375,-0.3333333333333333,-0.25,-0.25,-0.1875,-0.2469135802469136,-0.24609375,1.9723576106607923,0.9447262365153674,1.0276313741454248
98,2022-06-14,Costa Rica,New Zealand,1.0,0.0,FIFA World Cup qualification,Al Rayyan,Qatar,1,2022,0,1,99,2022-03-31,31.0,42.0,11.0,1503.09,1464.06,2022-03-31,101.0,111.0,10.0,1206.07,1161.66,70.0,297.02,1743.0,1528.0,215.0,1,1.0,0.8,0.8333333333333334,0.96875,0.934156378600823,0.9208984375,1.0,1.0,1.0,1.0,1.0,1.0,0.0,-0.1999999999999999,-0.1666666666666666,-0.03125,-0.0658436213991769,-0.0791015625,0.8428409480673054,0.6121025849786281,0.23073836308867723
99,2022-11-20,Qatar,Ecuador,0.0,2.0,FIFA World Cup,Al Khor,Qatar,0,2022,1,0,100,2022-03-31,51.0,52.0,1.0,1441.41,1437.91,2022-03-31,46.0,44.0,-2.0,1452.63,1458.63,-5.0,-11.220000000000027,1663.0,1849.0,-186.0,-1,,,,,,,-0.3333333333333333,-0.25,-0.25,-0.25,-0.2222222222222222,-0.1875,,,,,,,0.0,0.6883614899246895,0.0
100,2022-11-21,Senegal,Netherlands,0.0,2.0,FIFA World Cup,Doha,Qatar,1,2022,1,0,101,2022-03-31,20.0,18.0,-2.0,1584.16,1587.78,2022-03-31,10.0,10.0,0.0,1658.66,1653.73,-10.0,-74.5,1702.0,1929.0,-227.0,-1,0.0,0.0,0.0,0.0,-0.3333333333333335,-0.5,,,,,,,,,,,,,-1.2023529411764706,0.0,0.0
101,2022-11-21,England,Iran,6.0,2.0,FIFA World Cup,Al Rayyan,Qatar,1,2022,1,0,102,2022-03-31,5.0,5.0,0.0,1761.71,1755.52,2022-03-31,21.0,21.0,0.0,1564.49,1572.89,16.0,197.22000000000003,2031.0,1837.0,194.0,1,,,,,,,0.3333333333333333,0.5,0.5,0.5,0.5555555555555556,0.625,,,,,,,0.0,-0.1536087929981682,0.0
102,2022-11-21,United States,Wales,1.0,1.0,FIFA World Cup,Al Rayyan,Qatar,1,2022,1,0,103,2022-03-31,15.0,13.0,-2.0,1633.72,1643.34,2022-03-31,18.0,20.0,2.0,1588.08,1578.01,3.0,45.6400000000001,1858.0,1822.0,36.0,0,0.0,0.0,0.1666666666666666,-0.1875,0.0534979423868314,0.201171875,1.0,1.0,1.0,1.0,1.0,1.0,-1.0,-1.0,-0.8333333333333334,-1.1875,-0.9465020576131686,-0.798828125,-0.1532778723491168,0.8011764705882353,-0.9544543429373521
103,2022-11-22,France,Australia,4.0,1.0,FIFA World Cup,Al Wakrah,Qatar,1,2022,1,0,104,2022-03-31,3.0,3.0,0.0,1789.85,1786.15,2022-03-31,42.0,37.0,-5.0,1462.29,1486.86,39.0,327.55999999999995,2114.0,1735.0,379.0,1,,,,,,,0.0,-0.2,0.0,0.09375,0.1069958847736625,0.1787109375,,,,,,,0.0,1.879865986504275,0.0
104,2022-11-22,Denmark,Tunisia,0.0,0.0,FIFA World Cup,Al Rayyan,Qatar,1,2022,1,0,105,2022-03-31,11.0,9.0,-2.0,1653.6,1654.54,2022-03-31,35.0,36.0,1.0,1499.8,1489.92,24.0,153.79999999999995,1983.0,1638.0,345.0,0,,,,,,,0.5,0.5,0.5,0.5,0.6666666666666667,0.75,,,,,,,0.0,0.7011764705882353,0.0
105,2022-11-22,Mexico,Poland,0.0,0.0,FIFA World Cup,Doha,Qatar,1,2022,1,0,106,2022-03-31,9.0,12.0,3.0,1658.82,1647.9,2022-03-31,26.0,28.0,2.0,1544.2,1530.62,17.0,114.61999999999988,1839.0,1813.0,26.0,0,0.6666666666666666,0.6,0.6666666666666666,0.84375,0.7860082304526749,0.7802734375,1.0,1.0,1.0,1.0,1.0,1.0,-0.3333333333333333,-0.4,-0.3333333333333333,-0.15625,-0.2139917695473251,-0.2197265625,0.10271561150172165,2.22,-2.1172843884982786
106,2022-11-22,Argentina,Saudi Arabia,1.0,2.0,FIFA World Cup,Lusail,Qatar,1,2022,1,0,107,2022-03-31,4.0,4.0,0.0,1765.13,1766.99,2022-03-31,49.0,53.0,4.0,1444.69,1433.95,45.0,320.44000000000005,2101.0,1629.0,472.0,-1,0.6666666666666666,0.75,0.75,0.5,0.6666666666666667,0.75,0.0,0.25,0.25,0.5,0.4814814814814815,0.53125,0.6666666666666666,0.5,0.5,0.0,0.1851851851851852,0.21875,0.6167799715041726,0.34195807042540194,0.2748219010787707
107,2022-11-23,Germany,Japan,1.0,2.0,FIFA World Cup,Al Rayyan,Qatar,1,2022,1,0,108,2022-03-31,12.0,11.0,-1.0,1650.53,1648.33,2022-03-31,23.0,23.0,0.0,1553.44,1549.82,11.0,97.08999999999992,1962.0,1760.0,202.0,-1,,,,,,,0.6666666666666666,0.75,0.75,0.5,0.6666666666666667,0.75,,,,,,,0.0,0.952204355790759,0.0
108,2022-11-23,Spain,Costa Rica,7.0,0.0,FIFA World Cup,Doha,Qatar,1,2022,1,0,109,2022-03-31,7.0,7.0,0.0,1709.19,1704.75,2022-03-31,31.0,42.0,11.0,1503.09,1464.06,24.0,206.1000000000001,2036.0,1730.0,306.0,1,,,,,,,1.0,1.0,0.8571428571428571,0.984375,0.9561042524005486,0.940673828125,,,,,,,0.0,0.7697326570045226,0.0
109,2022-11-23,Morocco,Croatia,0.0,0.0,FIFA World Cup,Al Khor,Qatar,1,2022,1,0,110,2022-03-31,24.0,24.0,0.0,1551.88,1547.42,2022-03-31,16.0,15.0,-1.0,1621.11,1620.74,-8.0,-69.22999999999979,1764.0,1858.0,-94.0,0,0.5,0.5,0.5,0.5,0.3333333333333332,0.25,,,,,,,,,,,,,-0.6635294117647058,0.0,0.0
110,2022-11-23,Belgium,Canada,1.0,0.0,FIFA World Cup,Al Rayyan,Qatar,1,2022,1,0,111,2022-03-31,2.0,1.0,-1.0,1827.0,1828.45,2022-03-31,38.0,33.0,-5.0,1479.0,1497.82,36.0,348.0,2074.0,1784.0,290.0,1,,,,,,,-0.3333333333333333,0.2,0.3333333333333333,-0.25,0.0370370370370371,0.21875,,,,,,,0.0,1.1667721467725274,0.0
113,2022-11-24,Brazil,Serbia,2.0,0.0,FIFA World Cup,Lusail,Qatar,1,2022,1,0,114,2022-03-31,1.0,2.0,1.0,1832.69,1823.42,2022-03-31,25.0,25.0,0.0,1547.53,1547.38,24.0,285.1600000000001,2149.0,1803.0,346.0,1,1.0,0.75,0.75,0.875,0.7037037037037036,0.578125,,,,,,,,,,,,,-0.22484836148992463,0.0,0.0
114,2022-11-24,Switzerland,Cameroon,1.0,0.0,FIFA World Cup,Al Wakrah,Qatar,1,2022,1,0,115,2022-03-31,14.0,14.0,0.0,1635.32,1642.83,2022-03-31,37.0,38.0,1.0,1480.48,1480.82,23.0,154.83999999999992,1933.0,1613.0,320.0,1,,,,,,,0.0,0.0,0.0,0.0,-0.3333333333333335,-0.5,,,,,,,0.0,-0.9823529411764707,0.0
111,2022-11-24,Portugal,Ghana,3.0,2.0,FIFA World Cup,Doha,Qatar,1,2022,1,0,112,2022-03-31,8.0,8.0,0.0,1674.78,1660.25,2022-03-31,60.0,61.0,1.0,1387.36,1381.45,52.0,287.4200000000001,1972.0,1600.0,372.0,1,1.0,1.0,1.0,1.0,1.0,1.0,0.0,0.0,0.0,0.0,0.0,0.0,1.0,1.0,1.0,1.0,1.0,1.0,1.3470588235294116,0.5799999999999998,0.7670588235294118
112,2022-11-24,Uruguay,South Korea,0.0,0.0,FIFA World Cup,Al Rayyan,Qatar,1,2022,1,0,113,2022-03-31,13.0,16.0,3.0,1635.73,1614.05,2022-03-31,29.0,29.0,0.0,1519.54,1522.85,16.0,116.19000000000004,1847.0,1788.0,59.0,0,1.0,1.0,1.0,1.0,1.0,1.0,0.3333333333333333,0.5,0.5,0.0,0.3333333333333335,0.5,0.6666666666666667,0.5,0.5,1.0,0.6666666666666665,0.5,0.6673315693059231,-0.13740687970690002,0.8047384490128231
115,2022-11-25,Qatar,Senegal,1.0,3.0,FIFA World Cup,Doha,Qatar,0,2022,1,0,116,2022-03-31,51.0,52.0,1.0,1441.41,1437.91,2022-03-31,20.0,18.0,-2.0,1584.16,1587.78,-31.0,-142.75,1663.0,1702.0,-39.0,-1,-1.0,-1.0,-1.0,-1.0,-1.0,-1.0,-0.3333333333333333,-0.3333333333333333,-0.3333333333333333,-0.5,-0.5555555555555556,-0.625,-0.6666666666666667,-0.6666666666666667,-0.6666666666666667,-0.5,-0.4444444444444444,-0.375,-1.9,-1.2375086505190311,-0.6624913494809688
116,2022-11-25,Netherlands,Ecuador,1.0,1.0,FIFA World Cup,Al Rayyan,Qatar,1,2022,1,0,117,2022-03-31,10.0,10.0,0.0,1658.66,1653.73,2022-03-31,46.0,44.0,-2.0,1452.63,1458.63,36.0,206.03,1929.0,1849.0,80.0,0,1.0,1.0,1.0,1.0,1.0,1.0,0.0,0.0,0.0,0.375,0.1851851851851851,0.109375,1.0,1.0,1.0,0.625,0.8148148148148149,0.890625,1.8,0.7596343434585313,1.0403656565414687
117,2022-11-25,Wales,Iran,0.0,2.0,FIFA World Cup,Al Rayyan,Qatar,1,2022,1,0,118,2022-03-31,18.0,20.0,2.0,1588.08,1578.01,2022-03-31,21.0,21.0,0.0,1564.49,1572.89,3.0,23.58999999999992,1822.0,1837.0,-15.0,-1,0.6666666666666666,0.6666666666666666,0.6666666666666666,0.5,0.6666666666666667,0.75,-0.3333333333333333,0.2,0.2,-0.25,0.0370370370370371,0.21875,1.0,0.4666666666666666,0.4666666666666666,0.75,0.6296296296296295,0.53125,0.7575778546712802,-0.3610435698806289,1.1186214245519093
118,2022-11-25,England,United States,0.0,0.0,FIFA World Cup,Al Khor,Qatar,1,2022,1,0,119,2022-03-31,5.0,5.0,0.0,1761.71,1755.52,2022-03-31,15.0,13.0,-2.0,1633.72,1643.34,10.0,127.99,2031.0,1858.0,173.0,0,1.0,1.0,1.0,1.0,1.0,1.0,0.0,0.2,0.1428571428571428,-0.09375,0.0356652949245542,0.15087890625,1.0,0.8,0.8571428571428572,1.09375,0.9643347050754456,0.84912109375,3.68,-0.1477909386815217,3.827790938681522
119,2022-11-26,Poland,Saudi Arabia,2.0,0.0,FIFA World Cup,Al Rayyan,Qatar,1,2022,1,0,120,2022-03-31,26.0,28.0,2.0,1544.2,1530.62,2022-03-31,49.0,53.0,4.0,1444.69,1433.95,23.0,99.51,1813.0,1629.0,184.0,1,0.5,0.5,0.5,0.5,0.6666666666666667,0.75,0.6666666666666666,0.4,0.4,0.75,0.654320987654321,0.6484375,-0.1666666666666666,0.0999999999999999,0.0999999999999999,-0.25,0.0123456790123457,0.1015625,2.1094117647058823,0.4336075956944959,1.6758041690113865
120,2022-11-26,Argentina,Mexico,2.0,0.0,FIFA World Cup,Lusail,Qatar,1,2022,1,0,121,2022-03-31,4.0,4.0,0.0,1765.13,1766.99,2022-03-31,9.0,12.0,3.0,1658.82,1647.9,5.0,106.31000000000016,2101.0,1839.0,262.0,1,0.0,0.4,0.4,-0.25,0.1111111111111112,0.3125,0.6666666666666666,0.6,0.5714285714285714,0.421875,0.52400548696845,0.585205078125,-0.6666666666666666,-0.1999999999999999,-0.1714285714285713,-0.671875,-0.4128943758573387,-0.272705078125,0.4687340908274566,0.07667351670750272,0.3920605741199539
121,2022-11-26,Tunisia,Australia,0.0,1.0,FIFA World Cup,Al Wakrah,Qatar,1,2022,1,0,122,2022-03-31,35.0,36.0,1.0,1499.8,1489.92,2022-03-31,42.0,37.0,-5.0,1462.29,1486.86,7.0,37.50999999999999,1638.0,1735.0,-97.0,-1,0.3333333333333333,0.3333333333333333,0.3333333333333333,0.25,0.4444444444444445,0.5625,0.0,-0.4,-0.1428571428571428,-0.453125,-0.2620027434842248,-0.115966796875,0.3333333333333333,0.7333333333333334,0.4761904761904761,0.703125,0.7064471879286693,0.678466796875,0.6881660899653979,1.638697399062847,-0.9505313090974492
122,2022-11-26,France,Denmark,2.0,1.0,FIFA World Cup,Doha,Qatar,1,2022,1,0,123,2022-03-31,3.0,3.0,0.0,1789.85,1786.15,2022-03-31,11.0,9.0,-2.0,1653.6,1654.54,8.0,136.25,2114.0,1983.0,131.0,1,1.0,1.0,1.0,1.0,1.0,1.0,0.0,0.0,0.0,0.0,0.0,0.0,1.0,1.0,1.0,1.0,1.0,1.0,2.2199999999999998,-0.48,2.6999999999999997
123,2022-11-27,Japan,Costa Rica,0.0,1.0,FIFA World Cup,Al Rayyan,Qatar,1,2022,1,0,124,2022-03-31,23.0,23.0,0.0,1553.44,1549.82,2022-03-31,31.0,42.0,11.0,1503.09,1464.06,8.0,50.350000000000136,1760.0,1730.0,30.0,-1,0.6666666666666666,0.8,0.8,0.75,0.7777777777777778,0.8125,0.3333333333333333,0.6,0.5714285714285714,-0.0078125,0.3040695016003659,0.45550537109375,0.3333333333333333,0.2,0.2285714285714286,0.7578125,0.4737082761774119,0.35699462890625,0.9679570407442438,0.3409248536513155,0.6270321870929283
124,2022-11-27,Spain,Germany,1.0,1.0,FIFA World Cup,Al Khor,Qatar,1,2022,1,0,125,2022-03-31,7.0,7.0,0.0,1709.19,1704.75,2022-03-31,12.0,11.0,-1.0,1650.53,1648.33,5.0,58.66000000000008,2036.0,1962.0,74.0,0,1.0,1.0,1.0,1.0,1.0,1.0,-1.0,-1.0,-1.0,-1.0,-1.0,-1.0,2.0,2.0,2.0,2.0,2.0,2.0,6.52,-1.22,7.739999999999999
125,2022-11-27,Belgium,Morocco,0.0,2.0,FIFA World Cup,Doha,Qatar,1,2022,1,0,126,2022-03-31,2.0,1.0,-1.0,1827.0,1828.45,2022-03-31,24.0,24.0,0.0,1551.88,1547.42,22.0,275.1199999999999,2074.0,1764.0,310.0,-1,1.0,1.0,1.0,1.0,1.0,1.0,0.3333333333333333,0.3333333333333333,0.3333333333333333,0.25,0.2222222222222222,0.1875,0.6666666666666667,0.6666666666666667,0.6666666666666667,0.75,0.7777777777777778,0.8125,0.28,-0.6150865051903114,0.8950865051903114
126,2022-11-27,Croatia,Canada,4.0,1.0,FIFA World Cup,Al Rayyan,Qatar,1,2022,1,0,127,2022-03-31,16.0,15.0,-1.0,1621.11,1620.74,2022-03-31,38.0,33.0,-5.0,1479.0,1497.82,22.0,142.1099999999999,1858.0,1784.0,74.0,1,0.0,0.0,0.0,0.0,0.0,0.0,-0.3333333333333333,-0.2,0.1428571428571428,-0.625,-0.3086419753086418,-0.0859375,0.3333333333333333,0.2,-0.1428571428571428,0.625,0.3086419753086418,0.0859375,-0.16,1.0816679028447318,-1.2416679028447317
129,2022-11-28,Brazil,Switzerland,1.0,0.0,FIFA World Cup,Doha,Qatar,1,2022,1,0,130,2022-03-31,1.0,2.0,1.0,1832.69,1823.42,2022-03-31,14.0,14.0,0.0,1635.32,1642.83,13.0,197.3700000000001,2149.0,1933.0,216.0,1,1.0,0.8,0.8,0.9375,0.802469135802469,0.68359375,1.0,1.0,1.0,1.0,1.0,1.0,0.0,-0.1999999999999999,-0.1999999999999999,-0.0625,-0.1975308641975309,-0.31640625,-0.12221022257875258,0.54,-0.6622102225787526
130,2022-11-28,Cameroon,Serbia,3.0,3.0,FIFA World Cup,Al Wakrah,Qatar,1,2022,1,0,131,2022-03-31,37.0,38.0,1.0,1480.48,1480.82,2022-03-31,25.0,25.0,0.0,1547.53,1547.38,-12.0,-67.04999999999995,1613.0,1803.0,-190.0,0,-0.3333333333333333,-0.3333333333333333,-0.3333333333333333,-0.5,-0.5555555555555556,-0.625,-1.0,-1.0,-1.0,-1.0,-1.0,-1.0,0.6666666666666667,0.6666666666666667,0.6666666666666667,0.5,0.4444444444444444,0.375,-0.9563321799307959,-1.52,0.5636678200692041
127,2022-11-28,Portugal,Uruguay,2.0,0.0,FIFA World Cup,Lusail,Qatar,1,2022,1,0,128,2022-03-31,8.0,8.0,0.0,1674.78,1660.25,2022-03-31,13.0,16.0,3.0,1635.73,1614.05,5.0,39.04999999999996,1972.0,1847.0,125.0,1,1.0,1.0,1.0,1.0,1.0,1.0,0.6666666666666666,0.8,0.8,0.5,0.6666666666666667,0.75,0.3333333333333333,0.1999999999999999,0.1999999999999999,0.5,0.3333333333333332,0.25,1.2654671280276815,0.6092532416996923,0.6562138863279892
128,2022-11-28,South Korea,Ghana,2.0,3.0,FIFA World Cup,Al Rayyan,Qatar,1,2022,1,0,129,2022-03-31,29.0,29.0,0.0,1519.54,1522.85,2022-03-31,60.0,61.0,1.0,1387.36,1381.45,31.0,132.18000000000006,1788.0,1600.0,188.0,-1,0.0,0.4,0.4,0.0,0.2222222222222223,0.375,-0.3333333333333333,-0.3333333333333333,-0.3333333333333333,-0.5,-0.3333333333333332,-0.25,0.3333333333333333,0.7333333333333334,0.7333333333333334,0.5,0.5555555555555556,0.625,-0.11050059266531767,0.5482352941176469,-0.6587358867829646
131,2022-11-29,Ecuador,Senegal,1.0,2.0,FIFA World Cup,Al Rayyan,Qatar,1,2022,1,0,132,2022-03-31,46.0,44.0,-2.0,1452.63,1458.63,2022-03-31,20.0,18.0,-2.0,1584.16,1587.78,-26.0,-131.52999999999997,1849.0,1702.0,147.0,-1,0.3333333333333333,0.0,0.0,0.1875,0.1234567901234567,0.08203125,0.3333333333333333,0.0,0.0,0.25,-0.0370370370370371,-0.21875,0.0,0.0,0.0,-0.0625,0.1604938271604939,0.30078125,0.7573029114903824,-1.0835375534296765,1.840840464920059
132,2022-11-29,Qatar,Netherlands,0.0,2.0,FIFA World Cup,Al Khor,Qatar,0,2022,1,0,133,2022-03-31,51.0,52.0,1.0,1441.41,1437.91,2022-03-31,10.0,10.0,0.0,1658.66,1653.73,-41.0,-217.25,1663.0,1929.0,-266.0,-1,-1.0,-1.0,-1.0,-1.0,-1.0,-1.0,0.5,0.5,0.5,0.5,0.6666666666666667,0.75,-1.5,-1.5,-1.5,-1.5,-1.6666666666666667,-1.75,-1.869411764705882,1.651764705882353,-3.521176470588235
133,2022-11-29,Wales,England,0.0,3.0,FIFA World Cup,Al Rayyan,Qatar,1,2022,1,0,134,2022-03-31,18.0,20.0,2.0,1588.08,1578.01,2022-03-31,5.0,5.0,0.0,1761.71,1755.52,-13.0,-173.6300000000001,1822.0,2031.0,-209.0,-1,0.0,0.25,0.25,-0.25,0.1111111111111112,0.3125,0.5,0.5,0.5,0.5,0.6666666666666667,0.75,-0.5,-0.25,-0.25,-0.75,-0.5555555555555555,-0.4375,0.5918379808670873,3.4517647058823533,-2.8599267250152662
134,2022-11-29,Iran,United States,0.0,1.0,FIFA World Cup,Doha,Qatar,1,2022,1,0,135,2022-03-31,21.0,21.0,0.0,1564.49,1572.89,2022-03-31,15.0,13.0,-2.0,1633.72,1643.34,-6.0,-69.23000000000002,1837.0,1858.0,-21.0,-1,0.3333333333333333,0.2,0.3333333333333333,0.375,0.3580246913580247,0.4140625,-0.3333333333333333,0.0,0.0,-0.046875,0.0237768632830361,0.1131591796875,0.6666666666666666,0.2,0.3333333333333333,0.421875,0.3342478280749885,0.3009033203125,-0.2186292422405919,-0.12733264817084394,-0.09129659406974797
137,2022-11-30,Australia,Denmark,1.0,0.0,FIFA World Cup,Al Wakrah,Qatar,1,2022,1,0,138,2022-03-31,42.0,37.0,-5.0,1462.29,1486.86,2022-03-31,11.0,9.0,-2.0,1653.6,1654.54,-31.0,-191.31,1735.0,1983.0,-248.0,1,0.0,0.0,-0.1428571428571428,0.2734375,0.1586648376771833,0.16302490234375,-0.5,-0.5,-0.5,-0.5,-0.3333333333333332,-0.25,0.5,0.5,0.3571428571428571,0.7734375,0.4919981710105165,0.41302490234375,1.6093622579415032,-0.5011764705882352,2.1105387285297383
138,2022-11-30,Tunisia,France,1.0,0.0,FIFA World Cup,Al Rayyan,Qatar,1,2022,1,0,139,2022-03-31,35.0,36.0,1.0,1499.8,1489.92,2022-03-31,3.0,3.0,0.0,1789.85,1786.15,-32.0,-290.04999999999995,1638.0,2114.0,-476.0,1,-0.3333333333333333,0.0,0.0,-0.375,-0.0370370370370368,0.171875,1.0,1.0,1.0,1.0,1.0,1.0,-1.3333333333333333,-1.0,-1.0,-1.375,-1.037037037037037,-0.828125,0.5806269082027274,2.1388235294117646,-1.5581966212090372
135,2022-11-30,Poland,Argentina,0.0,2.0,FIFA World Cup,Doha,Qatar,1,2022,1,0,136,2022-03-31,26.0,28.0,2.0,1544.2,1530.62,2022-03-31,4.0,4.0,0.0,1765.13,1766.99,-22.0,-220.9300000000001,1813.0,2101.0,-288.0,-1,0.6666666666666666,0.6666666666666666,0.6666666666666666,0.75,0.7777777777777778,0.8125,0.0,0.4,0.5,0.375,0.4074074074074074,0.484375,0.6666666666666666,0.2666666666666666,0.1666666666666666,0.375,0.3703703703703703,0.328125,2.075916955017301,0.5529262031317239,1.5229907518855772
136,2022-11-30,Saudi Arabia,Mexico,1.0,2.0,FIFA World Cup,Lusail,Qatar,1,2022,1,0,137,2022-03-31,49.0,53.0,4.0,1444.69,1433.95,2022-03-31,9.0,12.0,3.0,1658.82,1647.9,-40.0,-214.12999999999988,1629.0,1839.0,-210.0,-1,0.3333333333333333,0.0,0.1666666666666666,-0.125,0.1028806584362141,0.236328125,0.0,0.2,0.2857142857142857,-0.2890625,0.0160036579789667,0.18890380859375,0.3333333333333333,-0.2,-0.119047619047619,0.1640625,0.0868770004572473,0.04742431640625,0.3175130312418785,-0.03960139603999743,0.3571144272818759
139,2022-12-01,Japan,Spain,2.0,1.0,FIFA World Cup,Al Rayyan,Qatar,1,2022,1,0,140,2022-03-31,23.0,23.0,0.0,1553.44,1549.82,2022-03-31,7.0,7.0,0.0,1709.19,1704.75,-16.0,-155.75,1760.0,2036.0,-276.0,1,0.0,0.4,0.5,-0.125,0.1851851851851853,0.359375,0.5,0.5,0.5,0.5,0.6666666666666667,0.75,-0.5,-0.0999999999999999,0.0,-0.625,-0.4814814814814814,-0.390625,0.842783097171053,6.130588235294117,-5.287805138123064
140,2022-12-01,Costa Rica,Germany,2.0,4.0,FIFA World Cup,Al Khor,Qatar,1,2022,1,0,141,2022-03-31,31.0,42.0,11.0,1503.09,1464.06,2022-03-31,12.0,11.0,-1.0,1650.53,1648.33,-19.0,-147.44000000000003,1730.0,1962.0,-232.0,-1,0.3333333333333333,0.6,0.7142857142857143,0.49609375,0.5360463344002439,0.5916290283203125,-0.5,-0.5,-0.5,-0.5,-0.6666666666666667,-0.75,0.8333333333333333,1.1,1.2142857142857144,0.99609375,1.2027130010669107,1.3416290283203125,0.3891057446130028,-1.1423529411764706,1.5314586857894734
141,2022-12-01,Croatia,Belgium,0.0,0.0,FIFA World Cup,Al Rayyan,Qatar,1,2022,1,0,142,2022-03-31,16.0,15.0,-1.0,1621.11,1620.74,2022-03-31,2.0,1.0,-1.0,1827.0,1828.45,-14.0,-205.8900000000001,1858.0,2074.0,-216.0,0,0.5,0.5,0.5,0.5,0.3333333333333332,0.25,0.0,0.0,0.0,0.0,0.3333333333333335,0.5,0.5,0.5,0.5,0.5,-2.220446049250313e-16,-0.25,0.0,0.12000000000000002,-0.12000000000000002
142,2022-12-01,Canada,Morocco,1.0,2.0,FIFA World Cup,Doha,Qatar,1,2022,1,0,143,2022-03-31,38.0,33.0,-5.0,1479.0,1497.82,2022-03-31,24.0,24.0,0.0,1551.88,1547.42,-14.0,-72.88000000000011,1784.0,1764.0,20.0,-1,-1.0,-0.6,-0.1428571428571428,-0.8125,-0.5390946502057612,-0.314453125,0.6666666666666666,0.5,0.5,0.625,0.4814814814814814,0.390625,-1.6666666666666663,-1.1,-0.6428571428571428,-1.4375,-1.0205761316872426,-0.705078125,0.8674521438538652,-0.4353755342967637,1.3028276781506287
143,2022-12-02,South Korea,Portugal,2.0,1.0,FIFA World Cup,Al Rayyan,Qatar,1,2022,1,0,144,2022-03-31,29.0,29.0,0.0,1519.54,1522.85,2022-03-31,8.0,8.0,0.0,1674.78,1660.25,-21.0,-155.24,1788.0,1972.0,-184.0,1,-0.6666666666666666,0.0,0.1666666666666666,-0.5,-0.185185185185185,0.03125,1.0,1.0,1.0,1.0,1.0,1.0,-1.6666666666666663,-1.0,-0.8333333333333334,-1.5,-1.1851851851851851,-0.96875,-0.19929467544971075,1.3027925910848768,-1.5020872665345875
144,2022-12-02,Ghana,Uruguay,0.0,2.0,FIFA World Cup,Al Wakrah,Qatar,1,2022,1,0,145,2022-03-31,60.0,61.0,1.0,1387.36,1381.45,2022-03-31,13.0,16.0,3.0,1635.73,1614.05,-47.0,-248.3700000000001,1600.0,1847.0,-247.0,-1,0.0,0.0,0.0,0.25,0.111111111111111,0.0625,0.0,0.4,0.5,-0.25,0.1111111111111112,0.3125,0.0,-0.4,-0.5,0.5,-2.220446049250313e-16,-0.25,0.6112802768166089,0.4616501098350045,0.14963016698160442
145,2022-12-02,Serbia,Switzerland,2.0,3.0,FIFA World Cup,Doha,Qatar,1,2022,1,0,146,2022-03-31,25.0,25.0,0.0,1547.53,1547.38,2022-03-31,14.0,14.0,0.0,1635.32,1642.83,-11.0,-87.78999999999996,1803.0,1933.0,-130.0,-1,-0.5,-0.5,-0.5,-0.5,-0.6666666666666667,-0.75,0.0,0.0,0.0,0.0,0.3333333333333335,0.5,-0.5,-0.5,-0.5,-0.5,-1.0000000000000002,-1.25,-1.4447058823529413,0.46470588235294125,-1.9094117647058826
146,2022-12-02,Cameroon,Brazil,1.0,0.0,FIFA World Cup,Lusail,Qatar,1,2022,1,0,147,2022-03-31,37.0,38.0,1.0,1480.48,1480.82,2022-03-31,1.0,2.0,1.0,1832.69,1823.42,-36.0,-352.21000000000004,1613.0,2149.0,-536.0,1,0.0,-0.25,-0.25,-0.25,-0.3703703703703704,-0.46875,1.0,1.0,0.8333333333333334,0.96875,0.868312757201646,0.7626953125,-1.0,-1.25,-1.0833333333333337,-1.21875,-1.2386831275720165,-1.2314453125,-0.8859596987583961,-0.07149197419176714,-0.814467724566629
147,2022-12-03,Netherlands,United States,3.0,1.0,FIFA World Cup,Al Rayyan,Qatar,1,2022,1,0,148,2022-03-31,10.0,10.0,0.0,1658.66,1653.73,2022-03-31,15.0,13.0,-2.0,1633.72,1643.34,5.0,24.94000000000005,1929.0,1858.0,71.0,1,0.6666666666666666,0.6666666666666666,0.6666666666666666,0.75,0.7777777777777778,0.8125,0.3333333333333333,0.2,0.2857142857142857,0.4765625,0.349184575522024,0.334869384765625,0.3333333333333333,0.4666666666666666,0.3809523809523809,0.2734375,0.4285932022557537,0.477630615234375,1.6240138408304499,-0.06807778651373547,1.6920916273441853
148,2022-12-03,Argentina,Australia,2.0,1.0,FIFA World Cup,Al Rayyan,Qatar,1,2022,1,0,149,2022-03-31,4.0,4.0,0.0,1765.13,1766.99,2022-03-31,42.0,37.0,-5.0,1462.29,1486.86,38.0,302.84000000000015,2101.0,1735.0,366.0,1,0.3333333333333333,0.4,0.5714285714285714,0.6875,0.6049382716049383,0.61328125,0.3333333333333333,0.4,0.0,0.63671875,0.4391098917847888,0.3722686767578125,0.0,0.0,0.5714285714285714,0.05078125,0.1658283798201494,0.2410125732421875,0.6121658382416225,1.6099880074743558,-0.9978221692327333
150,2022-12-04,England,Senegal,3.0,0.0,FIFA World Cup,Al Khor,Qatar,1,2022,1,0,151,2022-03-31,5.0,5.0,0.0,1761.71,1755.52,2022-03-31,20.0,18.0,-2.0,1584.16,1587.78,15.0,177.54999999999995,2031.0,1702.0,329.0,1,0.6666666666666666,0.6666666666666666,0.6666666666666666,0.75,0.7777777777777778,0.8125,0.3333333333333333,0.2,0.2,0.625,0.3086419753086418,0.0859375,0.3333333333333333,0.4666666666666666,0.4666666666666666,0.125,0.469135802469136,0.7265625,3.4098961937716266,-0.9915647561691073,4.401460949940734
149,2022-12-04,France,Poland,3.0,1.0,FIFA World Cup,Doha,Qatar,1,2022,1,0,150,2022-03-31,3.0,3.0,0.0,1789.85,1786.15,2022-03-31,26.0,28.0,2.0,1544.2,1530.62,23.0,245.64999999999984,2114.0,1813.0,301.0,1,0.3333333333333333,0.3333333333333333,0.3333333333333333,0.0,0.3333333333333335,0.5,0.0,0.25,0.25,-0.125,0.1851851851851853,0.359375,0.3333333333333333,0.0833333333333333,0.0833333333333333,0.125,0.1481481481481481,0.140625,1.9165397923875431,1.862039487075107,0.054500305312436215
151,2022-12-05,Japan,Croatia,1.0,1.0,FIFA World Cup,Al Wakrah,Qatar,1,2022,1,0,152,2022-03-31,23.0,23.0,0.0,1553.44,1549.82,2022-03-31,16.0,15.0,-1.0,1621.11,1620.74,-7.0,-67.66999999999985,1760.0,1858.0,-98.0,0,0.3333333333333333,0.4,0.5714285714285714,0.4375,0.4567901234567901,0.51953125,0.3333333333333333,0.3333333333333333,0.3333333333333333,0.25,0.2222222222222222,0.1875,0.0,0.0666666666666667,0.238095238095238,0.1875,0.2345679012345679,0.33203125,0.8708546796904029,0.01647058823529412,0.8543840914551087
152,2022-12-05,Brazil,South Korea,4.0,1.0,FIFA World Cup,Doha,Qatar,1,2022,1,0,153,2022-03-31,1.0,2.0,1.0,1832.69,1823.42,2022-03-31,29.0,29.0,0.0,1519.54,1522.85,28.0,313.1500000000001,2149.0,1788.0,361.0,1,0.3333333333333333,0.6,0.5714285714285714,-0.015625,0.2455418381344308,0.322021484375,0.0,0.0,0.2857142857142857,0.25,0.2098765432098766,0.2734375,0.3333333333333333,0.6,0.2857142857142857,-0.265625,0.0356652949245542,0.048583984375,-0.16846303453342787,-0.10404204748208071,-0.06442098705134716
153,2022-12-06,Morocco,Spain,0.0,0.0,FIFA World Cup,Al Rayyan,Qatar,1,2022,1,0,154,2022-03-31,24.0,24.0,0.0,1551.88,1547.42,2022-03-31,7.0,7.0,0.0,1709.19,1704.75,-17.0,-157.30999999999997,1764.0,2036.0,-272.0,0,0.6666666666666666,0.6,0.6,0.8125,0.6543209876543209,0.54296875,0.0,0.0,0.0,-0.25,0.1111111111111112,0.3125,0.6666666666666666,0.6,0.6,1.0625,0.5432098765432096,0.23046875,-0.3674122675734246,5.6923183391003445,-6.059730606673769
154,2022-12-06,Portugal,Switzerland,6.0,1.0,FIFA World Cup,Lusail,Qatar,1,2022,1,0,155,2022-03-31,8.0,8.0,0.0,1674.78,1660.25,2022-03-31,14.0,14.0,0.0,1635.32,1642.83,6.0,39.46000000000004,1972.0,1933.0,39.0,1,0.3333333333333333,0.6,0.6,0.0,0.3333333333333335,0.5,0.3333333333333333,0.3333333333333333,0.3333333333333333,0.5,0.5555555555555556,0.625,0.0,0.2666666666666666,0.2666666666666666,-0.5,-0.2222222222222221,-0.125,1.1426283210210606,0.4832525951557094,0.6593757258653512
155,2022-12-09,Croatia,Brazil,1.0,1.0,FIFA World Cup,Al Rayyan,Qatar,1,2022,1,0,156,2022-03-31,16.0,15.0,-1.0,1621.11,1620.74,2022-03-31,1.0,2.0,1.0,1832.69,1823.42,-15.0,-211.58000000000013,1858.0,2149.0,-291.0,0,0.3333333333333333,0.25,0.25,0.125,0.1481481481481481,0.140625,0.3333333333333333,0.6,0.7142857142857143,0.4921875,0.4970278920896205,0.49151611328125,0.0,-0.35,-0.4642857142857143,-0.3671875,-0.3488797439414723,-0.35089111328125,0.00726643598615917,-0.015024032502049756,0.022290468488208925
156,2022-12-09,Netherlands,Argentina,2.0,2.0,FIFA World Cup,Lusail,Qatar,1,2022,1,0,157,2022-03-31,10.0,10.0,0.0,1658.66,1653.73,2022-03-31,4.0,4.0,0.0,1765.13,1766.99,-6.0,-106.47000000000004,1929.0,2101.0,-172.0,0,0.6666666666666666,0.75,0.75,0.875,0.8518518518518519,0.859375,1.0,0.4,0.5714285714285714,0.84375,0.7366255144032922,0.7099609375,-0.3333333333333333,0.35,0.1785714285714286,0.03125,0.1152263374485597,0.1494140625,1.6402483207815999,0.5902737301097624,1.0499745906718374
157,2022-12-10,Morocco,Portugal,1.0,0.0,FIFA World Cup,Doha,Qatar,1,2022,1,0,158,2022-03-31,24.0,24.0,0.0,1551.88,1547.42,2022-03-31,8.0,8.0,0.0,1674.78,1660.25,-16.0,-122.89999999999986,1764.0,1972.0,-208.0,1,0.6666666666666666,0.6,0.5,0.40625,0.4362139917695473,0.4072265625,0.3333333333333333,0.6,0.6666666666666666,0.5,0.5555555555555556,0.625,0.3333333333333333,0.0,-0.1666666666666666,-0.09375,-0.1193415637860082,-0.2177734375,-0.32579978124557607,1.3624737139021748,-1.688273495147751
158,2022-12-10,England,France,1.0,2.0,FIFA World Cup,Al Khor,Qatar,1,2022,1,0,159,2022-03-31,5.0,5.0,0.0,1761.71,1755.52,2022-03-31,3.0,3.0,0.0,1789.85,1786.15,-2.0,-28.13999999999988,2031.0,2114.0,-83.0,-1,0.6666666666666666,0.75,0.75,0.875,0.8518518518518519,0.859375,0.3333333333333333,0.5,0.5,0.5,0.5555555555555556,0.625,0.3333333333333333,0.25,0.25,0.375,0.2962962962962963,0.234375,3.3681375941380014,1.8943903928353347,1.4737472013026667
159,2022-12-13,Argentina,Croatia,3.0,0.0,FIFA World Cup,Lusail,Qatar,1,2022,1,0,160,2022-03-31,4.0,4.0,0.0,1765.13,1766.99,2022-03-31,16.0,15.0,-1.0,1621.11,1620.74,12.0,144.0200000000002,2101.0,1858.0,243.0,1,0.6666666666666666,0.4,0.4285714285714285,0.421875,0.4910836762688615,0.532470703125,0.0,0.2,0.2,0.0625,0.0987654320987654,0.10546875,0.6666666666666666,0.2,0.2285714285714285,0.359375,0.3923182441700961,0.427001953125,0.5484929224562469,0.02448605739873804,0.5240068650575089
160,2022-12-14,France,Morocco,2.0,0.0,FIFA World Cup,Al Khor,Qatar,1,2022,1,0,161,2022-03-31,3.0,3.0,0.0,1789.85,1786.15,2022-03-31,24.0,24.0,0.0,1551.88,1547.42,21.0,237.9699999999998,2114.0,1764.0,350.0,1,0.3333333333333333,0.6,0.6,0.75,0.7037037037037037,0.71875,0.6666666666666666,0.6,0.5714285714285714,0.703125,0.6241426611796982,0.555419921875,-0.3333333333333333,0.0,0.0285714285714285,0.046875,0.0795610425240055,0.163330078125,1.8394262520803148,-0.228988029407601,2.068414281487916
161,2022-12-17,Croatia,Morocco,2.0,1.0,FIFA World Cup,Al Rayyan,Qatar,1,2022,1,0,162,2022-03-31,16.0,15.0,-1.0,1621.11,1620.74,2022-03-31,24.0,24.0,0.0,1551.88,1547.42,8.0,69.22999999999979,1858.0,1764.0,94.0,1,-0.3333333333333333,0.0,0.0,-0.46875,-0.2674897119341562,-0.1708984375,0.0,0.4,0.4285714285714285,-0.1484375,0.0827617741197989,0.16656494140625,-0.3333333333333333,-0.4,-0.4285714285714285,-0.3203125,-0.3502514860539552,-0.33746337890625,-0.13930724009530535,-0.30845932179538915,0.1691520817000838
162,2022-12-18,Argentina,France,3.0,3.0,FIFA World Cup,Lusail,Qatar,1,2022,1,0,163,2022-03-31,4.0,4.0,0.0,1765.13,1766.99,2022-03-31,3.0,3.0,0.0,1789.85,1786.15,-1.0,-24.7199999999998,2101.0,2114.0,-13.0,0,0.6666666666666666,0.8,0.4285714285714285,0.7109375,0.6607224508459076,0.64935302734375,1.0,0.6,0.6666666666666666,0.875,0.8024691358024691,0.7890625,-0.3333333333333333,0.2,-0.238095238095238,-0.1640625,-0.1417466849565615,-0.13970947265625,0.6785815740764677,1.8241658843108846,-1.1455843102344168
163,2023-09-07,Colombia,Venezuela,1.0,0.0,FIFA World Cup qualification,Barranquilla,Colombia,0,2023,0,1,164,2023-07-20,17.0,17.0,0.0,1624.91,1624.91,2023-07-20,57.0,56.0,-1.0,1417.23,1417.23,40.0,207.6800000000001,1919.0,1691.0,228.0,1,0.3333333333333333,0.0,0.0,0.5,0.1111111111111109,-0.125,-1.0,-0.5,-0.5,-0.75,-0.4074074074074072,-0.15625,1.3333333333333333,0.5,0.5,1.25,0.5185185185185182,0.03125,-0.8584775086505192,1.9691960105841646,-2.8276735192346836
165,2023-09-07,Argentina,Ecuador,1.0,0.0,FIFA World Cup qualification,Buenos Aires,Argentina,0,2023,0,1,166,2023-07-20,1.0,1.0,0.0,1843.73,1843.73,2023-07-20,40.0,40.0,0.0,1486.47,1486.47,39.0,357.26,2144.0,1842.0,302.0,1,0.3333333333333333,0.6,0.4285714285714285,0.35546875,0.4404816338972718,0.4870147705078125,0.0,-0.2,-0.1428571428571428,-0.40625,-0.2510288065843621,-0.1884765625,0.3333333333333333,0.8,0.5714285714285714,0.76171875,0.6915104404816339,0.6754913330078125,0.6398414814837343,0.6845203872850658,-0.04467890580133149
164,2023-09-07,Paraguay,Peru,0.0,0.0,FIFA World Cup qualification,Ciudad del Este,Paraguay,0,2023,0,1,165,2023-07-20,49.0,48.0,-1.0,1442.64,1442.64,2023-07-20,21.0,21.0,0.0,1561.2,1561.2,-28.0,-118.55999999999996,1727.0,1845.0,-118.0,0,-0.3333333333333333,-0.5,-0.5,-0.5,-0.5555555555555556,-0.625,0.0,0.2,0.2,0.1875,0.271604938271605,0.36328125,-0.3333333333333333,-0.7,-0.7,-0.6875,-0.8271604938271606,-0.98828125,-0.5332139222470995,0.8656246931909339,-1.3988386154380335
166,2023-09-08,Uruguay,Chile,3.0,1.0,FIFA World Cup qualification,Montevideo,Uruguay,0,2023,0,1,167,2023-07-20,16.0,16.0,0.0,1633.13,1633.13,2023-07-20,32.0,32.0,0.0,1511.31,1511.31,16.0,121.82000000000016,1904.0,1706.0,198.0,1,0.0,0.4,0.5714285714285714,0.375,0.4074074074074074,0.484375,-0.3333333333333333,-0.5,-0.5,-0.75,-0.7037037037037037,-0.71875,0.3333333333333333,0.9,1.0714285714285714,1.125,1.1111111111111112,1.203125,0.4968471621976513,-0.8207856706696518,1.317632832867303
167,2023-09-08,Brazil,Bolivia,5.0,1.0,FIFA World Cup qualification,Belém,Brazil,0,2023,0,1,168,2023-07-20,3.0,3.0,0.0,1828.27,1828.27,2023-07-20,83.0,83.0,0.0,1295.09,1295.09,80.0,533.1800000000001,2133.0,1617.0,516.0,1,0.0,0.4,0.5714285714285714,0.24609375,0.331351928059747,0.3686370849609375,-1.0,-1.0,-1.0,-1.0,-1.0,-1.0,1.0,1.4,1.5714285714285714,1.24609375,1.331351928059747,1.3686370849609375,-0.03178732470781154,-2.449069814777122,2.4172824900693106
168,2023-09-12,Chile,Colombia,0.0,0.0,FIFA World Cup qualification,Santiago,Chile,0,2023,0,1,169,2023-07-20,32.0,32.0,0.0,1511.31,1511.31,2023-07-20,17.0,17.0,0.0,1624.91,1624.91,-15.0,-113.60000000000014,1706.0,1919.0,-213.0,0,-1.0,-0.6,-0.6,-0.875,-0.8024691358024691,-0.7890625,1.0,0.2,0.2,0.75,0.4074074074074072,0.15625,-2.0,-0.8,-0.8,-1.625,-1.2098765432098764,-0.9453125,-0.8713276900420253,-0.796214125788724,-0.07511356425330129
169,2023-09-12,Venezuela,Paraguay,1.0,0.0,FIFA World Cup qualification,Maturín,Venezuela,0,2023,0,1,170,2023-07-20,57.0,56.0,-1.0,1417.23,1417.23,2023-07-20,49.0,48.0,-1.0,1442.64,1442.64,-8.0,-25.41000000000008,1691.0,1727.0,-36.0,1,-1.0,-0.6,-0.6,-0.875,-0.6049382716049381,-0.3671875,0.0,-0.4,-0.4,-0.25,-0.3703703703703704,-0.46875,-1.0,-0.1999999999999999,-0.1999999999999999,-0.625,-0.2345679012345676,0.1015625,1.8415962452556844,-0.4689072209384466,2.310503466194131
170,2023-09-12,Peru,Brazil,0.0,1.0,FIFA World Cup qualification,Lima,Peru,0,2023,0,1,171,2023-07-20,21.0,21.0,0.0,1561.2,1561.2,2023-07-20,3.0,3.0,0.0,1828.27,1828.27,-18.0,-267.06999999999994,1845.0,2133.0,-288.0,-1,0.3333333333333333,0.0,0.1666666666666666,0.09375,0.1810699588477366,0.2724609375,0.6666666666666666,0.4,0.5714285714285714,0.623046875,0.554234618706498,0.5264778137207031,-0.3333333333333333,-0.4,-0.4047619047619047,-0.529296875,-0.3731646598587613,-0.2540168762207031,0.781764417120879,0.11125898851029502,0.6705054286105839
171,2023-09-12,Bolivia,Argentina,0.0,3.0,FIFA World Cup qualification,La Paz,Bolivia,0,2023,0,1,172,2023-07-20,83.0,83.0,0.0,1295.09,1295.09,2023-07-20,1.0,1.0,0.0,1843.73,1843.73,-82.0,-548.6400000000001,1617.0,2144.0,-527.0,-1,-1.0,-1.0,-1.0,-1.0,-1.0,-1.0,0.6666666666666666,0.6,0.7142857142857143,0.677734375,0.6269877559315145,0.6152610778808594,-1.6666666666666663,-1.6,-1.7142857142857144,-1.677734375,-1.6269877559315145,-1.6152610778808594,-2.44618335508435,0.615144923749397,-3.061328278833747
172,2023-09-12,Ecuador,Uruguay,2.0,1.0,FIFA World Cup qualification,Quito,Ecuador,0,2023,0,1,173,2023-07-20,40.0,40.0,0.0,1486.47,1486.47,2023-07-20,16.0,16.0,0.0,1633.13,1633.13,-24.0,-146.66000000000008,1842.0,1904.0,-62.0,1,-0.6666666666666666,-0.2,-0.2857142857142857,-0.703125,-0.5006858710562414,-0.391357421875,0.3333333333333333,0.4,0.5714285714285714,0.6875,0.6049382716049383,0.61328125,-1.0,-0.6000000000000001,-0.8571428571428571,-1.390625,-1.1056241426611797,-1.004638671875,0.6313133056800619,0.5664443879507306,0.06486891772933134
183,2023-10-12,Brazil,Venezuela,1.0,1.0,FIFA World Cup qualification,Cuiabá,Brazil,0,2023,0,1,184,2023-09-21,3.0,3.0,0.0,1837.61,1828.27,2023-09-21,53.0,57.0,4.0,1422.83,1417.23,50.0,414.78,2133.0,1691.0,442.0,0,0.6666666666666666,0.4,0.5714285714285714,0.8115234375,0.7028230791376653,0.6448583602905273,-0.3333333333333333,-0.6,-0.3333333333333333,0.0625,-0.0699588477366255,-0.025390625,1.0,1.0,0.9047619047619048,0.7490234375,0.7727819268742908,0.6702489852905273,0.1423614009508659,1.8015023484759383,-1.6591409475250725
184,2023-10-12,Argentina,Paraguay,1.0,0.0,FIFA World Cup qualification,Buenos Aires,Argentina,0,2023,0,1,185,2023-09-21,1.0,1.0,0.0,1851.41,1843.73,2023-09-21,52.0,49.0,-3.0,1432.08,1442.64,51.0,419.33000000000015,2144.0,1727.0,417.0,1,0.6666666666666666,0.6,0.7142857142857143,0.8388671875,0.7513251706210096,0.7114458084106445,-0.6666666666666666,-0.4,-0.5,-0.625,-0.5802469135802469,-0.6015625,1.3333333333333333,1.0,1.2142857142857144,1.4638671875,1.3315720842012566,1.3130083084106443,0.6589599282347265,-0.5095597373538321,1.1685196655885586
185,2023-10-12,Bolivia,Ecuador,1.0,2.0,FIFA World Cup qualification,La Paz,Bolivia,0,2023,0,1,186,2023-09-21,83.0,83.0,0.0,1287.86,1295.09,2023-09-21,38.0,40.0,2.0,1497.66,1486.47,-45.0,-209.80000000000013,1617.0,1842.0,-225.0,-1,-1.0,-1.0,-1.0,-1.0,-1.0,-1.0,-0.3333333333333333,0.0,-0.1428571428571428,0.1484375,-0.0004572473708277,-0.04351806640625,-0.6666666666666667,-1.0,-0.8571428571428572,-1.1484375,-0.9995427526291722,-0.95648193359375,-2.3822902165499764,0.6812360524047641,-3.0635262689547407
187,2023-10-12,Taiwan,Timor-Leste,4.0,0.0,FIFA World Cup qualification,Kaohsiung,Taiwan,0,2023,0,1,188,2023-09-21,154.0,153.0,-1.0,1023.66,1028.18,2023-09-21,192.0,192.0,0.0,860.45,860.45,38.0,163.20999999999992,909.0,650.0,259.0,1,,,,,,,,,,,,,,,,,,,0.0,0.0,0.0
182,2023-10-12,Chile,Peru,2.0,0.0,FIFA World Cup qualification,Santiago,Chile,0,2023,0,1,183,2023-09-21,36.0,32.0,-4.0,1504.75,1511.31,2023-09-21,22.0,21.0,-1.0,1551.91,1561.2,-14.0,-47.16000000000008,1706.0,1845.0,-139.0,1,-0.6666666666666666,-0.4,-0.5,-0.4375,-0.5349794238683129,-0.591796875,-0.3333333333333333,-0.2,0.0,-0.453125,-0.2126200274348421,-0.045654296875,-0.3333333333333333,-0.2,-0.5,0.015625,-0.3223593964334707,-0.546142578125,-0.8024260612160237,0.6981312161137685,-1.5005572773297922
186,2023-10-12,Colombia,Uruguay,2.0,2.0,FIFA World Cup qualification,Barranquilla,Colombia,0,2023,0,1,187,2023-09-21,16.0,17.0,1.0,1629.6,1624.91,2023-09-21,17.0,16.0,-1.0,1626.51,1633.13,1.0,3.089999999999918,1919.0,1904.0,15.0,0,0.6666666666666666,0.4,0.1666666666666666,0.375,0.2716049382716048,0.1171875,0.3333333333333333,0.0,0.2857142857142857,-0.15625,0.0699588477366256,0.2099609375,0.3333333333333333,0.4,-0.119047619047619,0.53125,0.2016460905349792,-0.0927734375,-0.7670250595658579,0.44606530630657004,-1.213090365872428
180,2023-10-12,Afghanistan,Mongolia,1.0,0.0,FIFA World Cup qualification,Dushanbe,Tajikistan,1,2023,0,1,181,2023-09-21,158.0,157.0,-1.0,1014.25,1020.32,2023-09-21,183.0,183.0,0.0,908.71,908.71,25.0,105.53999999999996,1097.0,805.0,292.0,1,,,,,,,,,,,,,,,,,,,0.0,0.0,0.0
181,2023-10-12,Cambodia,Pakistan,0.0,0.0,FIFA World Cup qualification,Phnom Penh,Cambodia,0,2023,0,1,182,2023-09-21,177.0,176.0,-1.0,948.64,942.97,2023-09-21,197.0,201.0,4.0,847.67,847.67,20.0,100.97000000000004,863.0,852.0,11.0,0,,,,,,,,,,,,,,,,,,,0.0,0.0,0.0
178,2023-10-12,Maldives,Bangladesh,1.0,1.0,FIFA World Cup qualification,Malé,Maldives,0,2023,0,1,179,2023-09-21,155.0,155.0,0.0,1021.85,1021.85,2023-09-21,189.0,189.0,0.0,894.23,892.44,34.0,127.62,917.0,851.0,66.0,0,,,,,,,,,,,,,,,,,,,0.0,0.0,0.0
177,2023-10-12,Myanmar,Macau,5.0,1.0,FIFA World Cup qualification,Yangon,Myanmar,0,2023,0,1,178,2023-09-21,161.0,160.0,-1.0,1004.46,1000.26,2023-09-21,185.0,182.0,-3.0,903.89,913.68,24.0,100.57000000000004,930.0,674.0,256.0,1,,,,,,,,,,,,,,,,,,,0.0,0.0,0.0
176,2023-10-12,Nepal,Laos,1.0,1.0,FIFA World Cup qualification,Kathmandu,Nepal,0,2023,0,1,177,2023-09-21,175.0,175.0,0.0,953.85,958.05,2023-09-21,186.0,187.0,1.0,899.58,899.58,11.0,54.26999999999998,928.0,770.0,158.0,0,,,,,,,,,,,,,,,,,,,0.0,0.0,0.0
175,2023-10-12,Singapore,Guam,2.0,1.0,FIFA World Cup qualification,Kallang,Singapore,0,2023,0,1,176,2023-09-21,157.0,158.0,1.0,1016.47,1014.78,2023-09-21,201.0,203.0,2.0,838.33,838.33,44.0,178.14,1133.0,714.0,419.0,1,,,,,,,,,,,,,,,,,,,0.0,0.0,0.0
174,2023-10-12,Yemen,Sri Lanka,3.0,0.0,FIFA World Cup qualification,Abha,Saudi Arabia,1,2023,0,1,175,2023-09-21,156.0,156.0,0.0,1020.37,1020.37,2023-09-21,202.0,204.0,2.0,825.25,825.25,46.0,195.12,1100.0,677.0,423.0,1,,,,,,,,,,,,,,,,,,,0.0,0.0,0.0
173,2023-10-12,Indonesia,Brunei,6.0,0.0,FIFA World Cup qualification,Jakarta,Indonesia,0,2023,0,1,174,2023-09-21,147.0,150.0,3.0,1052.87,1047.46,2023-09-21,191.0,190.0,-1.0,887.58,891.12,44.0,165.28999999999985,1285.0,801.0,484.0,1,,,,,,,,,,,,,,,,,,,0.0,0.0,0.0
179,2023-10-12,Hong Kong,Bhutan,4.0,0.0,FIFA World Cup qualification,Hong Kong,Hong Kong,0,2023,0,1,180,2022-03-31,147.0,148.0,1.0,1053.39,1053.39,2023-09-21,184.0,185.0,1.0,905.78,900.65,37.0,147.61000000000013,1131.0,567.0,564.0,1,,,,,,,,,,,,,,,,,,,0.0,0.0,0.0
196,2023-10-17,Bangladesh,Maldives,2.0,1.0,FIFA World Cup qualification,Dhaka,Bangladesh,0,2023,0,1,197,2023-09-21,189.0,189.0,0.0,894.23,892.44,2023-09-21,155.0,155.0,0.0,1021.85,1021.85,-34.0,-127.62,912.0,896.0,16.0,1,0.0,0.0,0.0,0.0,0.0,0.0,0.0,0.0,0.0,0.0,0.0,0.0,0.0,0.0,0.0,0.0,0.0,0.0,0.68,-0.68,1.36
202,2023-10-17,Brunei,Indonesia,0.0,6.0,FIFA World Cup qualification,Bandar Seri Begawan,Brunei,0,2023,0,1,203,2023-09-21,191.0,190.0,-1.0,887.58,891.12,2023-09-21,147.0,150.0,3.0,1052.87,1047.46,-44.0,-165.28999999999985,601.0,1297.0,-696.0,-1,-1.0,-1.0,-1.0,-1.0,-1.0,-1.0,1.0,1.0,1.0,1.0,1.0,1.0,-2.0,-2.0,-2.0,-2.0,-2.0,-2.0,-5.12,5.12,-10.24
201,2023-10-17,Venezuela,Chile,3.0,0.0,FIFA World Cup qualification,Maturín,Venezuela,0,2023,0,1,202,2023-09-21,53.0,57.0,4.0,1422.83,1417.23,2023-09-21,36.0,32.0,-4.0,1504.75,1511.31,-17.0,-81.92000000000007,1728.0,1739.0,-11.0,1,0.0,-0.4,-0.2857142857142857,0.03125,-0.046639231824417,-0.01904296875,0.0,-0.4,-0.2857142857142857,0.28125,-0.0233196159122086,-0.19384765625,0.0,0.0,0.0,-0.25,-0.0233196159122083,0.1748046875,1.7543551515067655,-0.6211068811444929,2.3754620326512583
200,2023-10-17,Ecuador,Colombia,0.0,0.0,FIFA World Cup qualification,Quito,Ecuador,0,2023,0,1,201,2023-09-21,38.0,40.0,2.0,1497.66,1486.47,2023-09-21,16.0,17.0,1.0,1629.6,1624.91,-22.0,-131.93999999999983,1842.0,1919.0,-77.0,0,0.3333333333333333,0.0,0.1428571428571428,0.57421875,0.3330285017527814,0.2173614501953125,0.3333333333333333,0.6,0.1428571428571428,0.1875,0.1810699588477366,0.087890625,0.0,-0.6,0.0,0.38671875,0.1519585429050448,0.1294708251953125,0.6470456963809544,-0.7230824090031603,1.3701281053841148
199,2023-10-17,Paraguay,Bolivia,1.0,0.0,FIFA World Cup qualification,Asunción,Paraguay,0,2023,0,1,200,2023-09-21,52.0,49.0,-3.0,1432.08,1442.64,2023-09-21,83.0,83.0,0.0,1287.86,1295.09,31.0,144.22000000000003,1727.0,1584.0,143.0,1,-0.6666666666666666,-0.4,-0.5714285714285714,-0.8125,-0.7201646090534979,-0.701171875,-1.0,-1.0,-1.0,-1.0,-1.0,-1.0,0.3333333333333333,0.6,0.4285714285714286,0.1875,0.2798353909465021,0.298828125,-0.47840916456831256,-2.248037850870566,1.7696286863022535
198,2023-10-17,Peru,Argentina,0.0,2.0,FIFA World Cup qualification,Lima,Peru,0,2023,0,1,199,2023-09-21,22.0,21.0,-1.0,1551.91,1561.2,2023-09-21,1.0,1.0,0.0,1851.41,1843.73,-21.0,-299.5,1798.0,2144.0,-346.0,-1,-0.6666666666666666,-0.2,-0.2857142857142857,-0.7265625,-0.4750800182898947,-0.28424072265625,1.0,0.8,0.7142857142857143,0.91943359375,0.8342167804140064,0.7835843563079834,-1.6666666666666663,-1.0,-1.0,-1.64599609375,-1.309296798703901,-1.0678250789642334,0.5229470269306056,0.6190211089268014,-0.09607408199619583
197,2023-10-17,Uruguay,Brazil,2.0,0.0,FIFA World Cup qualification,Montevideo,Uruguay,0,2023,0,1,198,2023-09-21,17.0,16.0,-1.0,1626.51,1633.13,2023-09-21,3.0,3.0,0.0,1837.61,1828.27,-14.0,-211.0999999999999,1904.0,2133.0,-229.0,1,0.0,0.0,0.1428571428571428,-0.078125,0.0466392318244171,0.157470703125,0.6666666666666666,0.6,0.4285714285714285,0.40576171875,0.4685487194251102,0.4836437702178955,-0.6666666666666666,-0.6,-0.2857142857142857,-0.48388671875,-0.4219094876006931,-0.3261730670928955,0.421002641229713,0.07516367148316792,0.34583896974654504
194,2023-10-17,Guam,Singapore,0.0,1.0,FIFA World Cup qualification,Dededo,Guam,0,2023,0,1,195,2023-09-21,201.0,203.0,2.0,838.33,838.33,2023-09-21,157.0,158.0,1.0,1016.47,1014.78,-44.0,-178.14,705.0,1132.0,-427.0,-1,-1.0,-1.0,-1.0,-1.0,-1.0,-1.0,1.0,1.0,1.0,1.0,1.0,1.0,-2.0,-2.0,-2.0,-2.0,-2.0,-2.0,-0.12,0.12,-0.24
193,2023-10-17,Macau,Myanmar,0.0,0.0,FIFA World Cup qualification,Taipa,Macau,0,2023,0,1,194,2023-09-21,185.0,182.0,-3.0,903.89,913.68,2023-09-21,161.0,160.0,-1.0,1004.46,1000.26,-24.0,-100.57000000000004,657.0,928.0,-271.0,0,-1.0,-1.0,-1.0,-1.0,-1.0,-1.0,1.0,1.0,1.0,1.0,1.0,1.0,-2.0,-2.0,-2.0,-2.0,-2.0,-2.0,-3.52,3.52,-7.04
192,2023-10-17,Mongolia,Afghanistan,0.0,1.0,FIFA World Cup qualification,Ulaanbaatar,Mongolia,0,2023,0,1,193,2023-09-21,183.0,183.0,0.0,908.71,908.71,2023-09-21,158.0,157.0,-1.0,1014.25,1020.32,-25.0,-105.53999999999996,805.0,1082.0,-277.0,-1,-1.0,-1.0,-1.0,-1.0,-1.0,-1.0,1.0,1.0,1.0,1.0,1.0,1.0,-2.0,-2.0,-2.0,-2.0,-2.0,-2.0,-0.5,0.5,-1.0
191,2023-10-17,Pakistan,Cambodia,1.0,0.0,FIFA World Cup qualification,Islamabad,Pakistan,0,2023,0,1,192,2023-09-21,197.0,201.0,4.0,847.67,847.67,2023-09-21,177.0,176.0,-1.0,948.64,942.97,-20.0,-100.97000000000004,819.0,867.0,-48.0,1,0.0,0.0,0.0,0.0,0.0,0.0,0.0,0.0,0.0,0.0,0.0,0.0,0.0,0.0,0.0,0.0,0.0,0.0,0.4,-0.4,0.8
190,2023-10-17,Sri Lanka,Yemen,1.0,1.0,FIFA World Cup qualification,Colombo,Sri Lanka,0,2023,0,1,191,2023-09-21,202.0,204.0,2.0,825.25,825.25,2023-09-21,156.0,156.0,0.0,1020.37,1020.37,-46.0,-195.12,671.0,1099.0,-428.0,0,-1.0,-1.0,-1.0,-1.0,-1.0,-1.0,1.0,1.0,1.0,1.0,1.0,1.0,-2.0,-2.0,-2.0,-2.0,-2.0,-2.0,-2.08,2.08,-4.16
189,2023-10-17,Taiwan,Timor-Leste,3.0,0.0,FIFA World Cup qualification,Kaohsiung,Taiwan,0,2023,0,1,190,2023-09-21,154.0,153.0,-1.0,1023.66,1028.18,2023-09-21,192.0,192.0,0.0,860.45,860.45,38.0,163.20999999999992,927.0,619.0,308.0,1,1.0,1.0,1.0,1.0,1.0,1.0,-1.0,-1.0,-1.0,-1.0,-1.0,-1.0,2.0,2.0,2.0,2.0,2.0,2.0,3.24,-3.24,6.48
188,2023-10-17,Laos,Nepal,0.0,1.0,FIFA World Cup qualification,Vientiane,Laos,0,2023,0,1,189,2023-09-21,186.0,187.0,1.0,899.58,899.58,2023-09-21,175.0,175.0,0.0,953.85,958.05,-11.0,-54.26999999999998,680.0,912.0,-232.0,-1,0.0,0.0,0.0,0.0,0.0,0.0,0.0,0.0,0.0,0.0,0.0,0.0,0.0,0.0,0.0,0.0,0.0,0.0,0.22,-0.22,0.44
195,2023-10-17,Bhutan,Hong Kong,2.0,0.0,FIFA World Cup qualification,Thimphu,Bhutan,0,2023,0,1,196,2023-09-21,184.0,185.0,1.0,905.78,900.65,2022-03-31,147.0,148.0,1.0,1053.39,1053.39,-37.0,-147.61000000000013,566.0,1122.0,-556.0,1,-1.0,-1.0,-1.0,-1.0,-1.0,-1.0,1.0,1.0,1.0,1.0,1.0,1.0,-2.0,-2.0,-2.0,-2.0,-2.0,-2.0,-3.26,3.26,-6.52
203,2023-11-15,DR Congo,Mauritania,2.0,0.0,FIFA World Cup qualification,Kinshasa,DR Congo,0,2023,0,1,204,2023-10-26,65.0,64.0,-1.0,1366.18,1369.59,2023-10-26,101.0,99.0,-2.0,1208.99,1207.39,36.0,157.19000000000003,1453.0,1372.0,81.0,1,-0.5,-0.5,-0.5,-0.5,-0.3333333333333332,-0.25,,,,,,,,,,,,,0.6635294117647058,0.0,0.0
204,2023-11-15,Ethiopia,Sierra Leone,0.0,0.0,FIFA World Cup qualification,El Jadida,Morocco,1,2023,0,1,205,2023-10-26,143.0,142.0,-1.0,1072.54,1072.54,2023-10-26,122.0,124.0,2.0,1145.12,1144.16,-21.0,-72.57999999999993,1352.0,1333.0,19.0,0,,,,,,,,,,,,,,,,,,,0.0,0.0,0.0
205,2023-11-15,Rwanda,Zimbabwe,0.0,0.0,FIFA World Cup qualification,Butare,Rwanda,0,2023,0,1,206,2023-10-26,140.0,139.0,-1.0,1087.03,1087.03,2023-10-26,125.0,125.0,0.0,1138.56,1138.56,-15.0,-51.52999999999997,1271.0,1333.0,-62.0,0,,,,,,,,,,,,,,,,,,,0.0,0.0,0.0
206,2023-11-15,Equatorial Guinea,Namibia,0.0,3.0,FIFA World Cup qualification,Malabo,Equatorial Guinea,0,2023,0,1,207,2023-10-26,91.0,92.0,1.0,1250.46,1248.98,2023-10-26,114.0,114.0,0.0,1172.41,1172.41,23.0,78.04999999999995,1467.0,1414.0,53.0,-1,,,,,,,,,,,,,,,,,,,0.0,0.0,0.0
229,2023-11-16,Chile,Paraguay,0.0,0.0,FIFA World Cup qualification,Santiago,Chile,0,2023,0,1,230,2023-10-26,37.0,36.0,-1.0,1503.81,1504.75,2023-10-26,53.0,52.0,-1.0,1436.96,1432.08,16.0,66.84999999999991,1739.0,1727.0,12.0,0,0.0,-0.4,-0.2857142857142857,-0.359375,-0.3488797439414723,-0.3953857421875,-0.3333333333333333,-0.4,-0.2857142857142857,0.09375,-0.1467764060356653,-0.27587890625,0.3333333333333333,0.0,0.0,-0.453125,-0.2021033379058069,-0.1195068359375,-0.7810417704889345,-0.4279145078290001,-0.35312726265993444
228,2023-11-16,Argentina,Uruguay,0.0,2.0,FIFA World Cup qualification,Buenos Aires,Argentina,0,2023,0,1,229,2023-10-26,1.0,1.0,0.0,1861.29,1851.41,2023-10-26,15.0,17.0,2.0,1643.72,1626.51,14.0,217.57,2144.0,1904.0,240.0,-1,1.0,0.8,0.7142857142857143,0.959716796875,0.8894778536093376,0.8376882672309875,0.0,0.4,0.1428571428571428,0.4609375,0.3644261545496113,0.36810302734375,1.0,0.4,0.5714285714285714,0.498779296875,0.5250516990597263,0.4695852398872375,0.6755492789899307,0.5303554270397298,0.14519385195020085
230,2023-11-16,Kuwait,India,0.0,1.0,FIFA World Cup qualification,Kuwait City,Kuwait,0,2023,0,1,231,2023-10-26,136.0,135.0,-1.0,1097.05,1093.38,2023-10-26,102.0,102.0,0.0,1198.84,1204.88,-34.0,-101.78999999999996,1385.0,1240.0,145.0,-1,,,,,,,,,,,,,,,,,,,0.0,0.0,0.0
226,2023-11-16,Venezuela,Ecuador,0.0,0.0,FIFA World Cup qualification,Maturín,Venezuela,0,2023,0,1,227,2023-10-26,49.0,53.0,4.0,1445.67,1422.83,2023-10-26,36.0,38.0,2.0,1508.31,1497.66,-13.0,-62.63999999999987,1728.0,1842.0,-114.0,0,0.6666666666666666,0.0,-0.2857142857142857,0.515625,0.3022405121170552,0.2357177734375,0.6666666666666666,0.0,0.1428571428571428,0.287109375,0.2220190011685209,0.1630210876464843,0.0,0.0,-0.4285714285714285,0.228515625,0.0802215109485343,0.0726966857910156,1.8476283778887204,0.6348665377703101,1.2127618401184104
227,2023-11-16,Colombia,Brazil,2.0,1.0,FIFA World Cup qualification,Barranquilla,Colombia,0,2023,0,1,228,2023-10-26,17.0,16.0,-1.0,1626.6,1629.6,2023-10-26,3.0,3.0,0.0,1812.2,1837.61,-14.0,-185.6000000000001,1919.0,2133.0,-214.0,1,0.0,0.4,0.2857142857142857,0.09375,0.120713305898491,0.06591796875,0.0,0.2,0.1428571428571428,-0.297119140625,-0.0209675203832597,0.1127328276634216,0.0,0.2,0.1428571428571428,0.390869140625,0.1416808262817508,-0.0468148589134216,-0.7064305025912098,-0.06337536801584197,-0.6430551345753678
231,2023-11-16,Qatar,Afghanistan,8.0,1.0,FIFA World Cup qualification,Al Rayyan,Qatar,0,2023,0,1,232,2023-10-26,61.0,61.0,0.0,1394.16,1395.57,2023-10-26,154.0,158.0,4.0,1033.8,1014.25,93.0,360.3600000000001,1577.0,1082.0,495.0,1,-1.0,-1.0,-1.0,-1.0,-1.0,-1.0,1.0,1.0,1.0,1.0,1.0,1.0,-2.0,-2.0,-2.0,-2.0,-2.0,-2.0,-1.828858131487889,0.5,-2.328858131487889
225,2023-11-16,Bolivia,Peru,2.0,0.0,FIFA World Cup qualification,La Paz,Bolivia,0,2023,0,1,226,2023-10-26,85.0,83.0,-2.0,1271.09,1287.86,2023-10-26,26.0,22.0,-4.0,1532.57,1551.91,-59.0,-261.48,1584.0,1798.0,-214.0,1,-1.0,-1.0,-1.0,-1.0,-1.0,-1.0,-1.0,-0.6,-0.4285714285714285,-0.86328125,-0.6500533455265964,-0.4631805419921875,0.0,-0.4,-0.5714285714285714,-0.13671875,-0.3499466544734035,-0.5368194580078125,-2.1381532714075915,0.39924426064056995,-2.5373975320481614
233,2023-11-16,Thailand,China PR,1.0,2.0,FIFA World Cup qualification,Bangkok,Thailand,0,2023,0,1,234,2023-10-26,112.0,112.0,0.0,1177.15,1181.21,2023-10-26,79.0,80.0,1.0,1296.99,1297.25,-33.0,-119.83999999999992,1384.0,1475.0,-91.0,-1,,,,,,,-0.6666666666666666,-0.75,-0.75,-0.75,-0.7777777777777778,-0.8125,,,,,,,0.0,-1.0942723386932627,0.0
234,2023-11-16,South Korea,Singapore,5.0,0.0,FIFA World Cup qualification,Seoul,South Korea,0,2023,0,1,235,2023-10-26,24.0,26.0,2.0,1540.35,1533.01,2023-10-26,155.0,157.0,2.0,1032.89,1016.47,131.0,507.4599999999998,1788.0,1132.0,656.0,1,-0.3333333333333333,-0.4,0.0,-0.375,-0.1934156378600821,-0.044921875,1.0,1.0,1.0,1.0,1.0,1.0,-1.3333333333333333,-1.4,-1.0,-1.375,-1.1934156378600822,-1.044921875,-0.2414513388066642,0.12,-0.3614513388066642
235,2023-11-16,Oman,Taiwan,3.0,0.0,FIFA World Cup qualification,Muscat,Oman,0,2023,0,1,236,2023-10-26,72.0,73.0,1.0,1334.37,1334.37,2023-10-26,152.0,154.0,2.0,1040.7,1023.66,80.0,293.66999999999985,1575.0,927.0,648.0,1,0.6666666666666666,0.25,0.25,0.625,0.2592592592592591,0.015625,1.0,1.0,1.0,1.0,1.0,1.0,-0.3333333333333333,-0.75,-0.75,-0.375,-0.7407407407407409,-0.984375,-0.1642987991044168,3.1811764705882357,-3.3454752696926526
236,2023-11-16,Malaysia,Kyrgyzstan,4.0,3.0,FIFA World Cup qualification,Kuala Lumpur,Malaysia,0,2023,0,1,237,2023-10-26,137.0,134.0,-3.0,1096.72,1094.9,2023-10-26,97.0,96.0,-1.0,1224.03,1228.6,-40.0,-127.30999999999996,1256.0,1251.0,5.0,1,,,,,,,,,,,,,,,,,,,0.0,0.0,0.0
237,2023-11-16,Japan,Myanmar,5.0,0.0,FIFA World Cup qualification,Suita,Japan,0,2023,0,1,238,2023-10-26,18.0,19.0,1.0,1612.99,1605.2,2023-10-26,158.0,161.0,3.0,1011.73,1004.46,140.0,601.26,1851.0,928.0,923.0,1,0.0,0.2,0.4285714285714285,0.21875,0.3045267489711935,0.3896484375,0.5,0.5,0.5,0.5,0.6666666666666667,0.75,-0.5,-0.3,-0.0714285714285714,-0.28125,-0.3621399176954732,-0.3603515625,0.8278632279439085,3.284705882352941,-2.4568426544090327
224,2023-11-16,Turkmenistan,Uzbekistan,1.0,3.0,FIFA World Cup qualification,Ashgabat,Turkmenistan,0,2023,0,1,225,2023-10-26,141.0,140.0,-1.0,1086.12,1086.12,2023-10-26,73.0,75.0,2.0,1333.09,1328.35,-68.0,-246.97000000000003,1250.0,1575.0,-325.0,-1,,,,,,,,,,,,,,,,,,,0.0,0.0,0.0
232,2023-11-16,Syria,North Korea,1.0,0.0,FIFA World Cup qualification,Jeddah,Saudi Arabia,1,2023,0,1,233,2023-10-26,92.0,93.0,1.0,1239.37,1245.81,2023-10-26,115.0,116.0,1.0,1169.96,1169.96,23.0,69.40999999999985,1423.0,1379.0,44.0,1,0.0,-0.25,-0.25,0.0,-0.2222222222222223,-0.375,,,,,,,,,,,,,-1.2512721351516383,0.0,0.0
223,2023-11-16,Iran,Hong Kong,4.0,0.0,FIFA World Cup qualification,Tehran,Iran,0,2023,0,1,224,2023-10-26,21.0,21.0,0.0,1567.3,1561.26,2022-03-31,147.0,148.0,1.0,1053.39,1053.39,126.0,513.9099999999999,1780.0,1122.0,658.0,1,-0.3333333333333333,-0.2,0.1428571428571428,-0.3125,-0.0946502057613167,0.060546875,0.0,0.0,0.0,0.0,0.3333333333333335,0.5,-0.3333333333333333,-0.2,0.1428571428571428,-0.3125,-0.4279835390946502,-0.439453125,-0.25753340446173356,2.9070588235294115,-3.164592227991145
215,2023-11-16,Cape Verde,Angola,0.0,0.0,FIFA World Cup qualification,Praia,Cape Verde,0,2023,0,1,216,2023-10-26,74.0,71.0,-3.0,1326.93,1337.29,2023-10-26,116.0,117.0,1.0,1169.64,1167.7,42.0,157.28999999999996,1481.0,1398.0,83.0,0,,,,,,,,,,,,,,,,,,,0.0,0.0,0.0
221,2023-11-16,Iraq,Indonesia,5.0,1.0,FIFA World Cup qualification,Basra,Iraq,0,2023,0,1,222,2023-10-26,68.0,69.0,1.0,1349.73,1347.38,2023-10-26,145.0,147.0,2.0,1069.82,1052.87,77.0,279.9100000000001,1575.0,1297.0,278.0,1,0.3333333333333333,0.0,0.0,0.125,-0.0740740740740742,-0.234375,1.0,1.0,1.0,1.0,1.0,1.0,-0.6666666666666667,-1.0,-1.0,-0.875,-1.0740740740740742,-1.234375,0.08675351109301857,5.12,-5.033246488906982
207,2023-11-16,Lebanon,Palestine,0.0,0.0,FIFA World Cup qualification,Sharjah,United Arab Emirates,1,2023,0,1,208,2023-10-26,104.0,101.0,-3.0,1198.25,1205.56,2023-10-26,96.0,97.0,1.0,1224.05,1224.05,-8.0,-25.799999999999955,1311.0,1432.0,-121.0,0,-0.6666666666666666,-0.75,-0.75,-0.875,-0.8518518518518519,-0.859375,,,,,,,,,,,,,0.028683085691023808,0.0,0.0
209,2023-11-16,Tajikistan,Jordan,1.0,1.0,FIFA World Cup qualification,Dushanbe,Tajikistan,0,2023,0,1,210,2023-10-26,109.0,110.0,1.0,1187.23,1183.01,2023-10-26,82.0,84.0,2.0,1284.39,1286.36,-27.0,-97.16000000000008,1321.0,1590.0,-269.0,0,,,,,,,,,,,,,,,,,,,0.0,0.0,0.0
210,2023-11-16,Australia,Bangladesh,7.0,0.0,FIFA World Cup qualification,Melbourne,Australia,0,2023,0,1,211,2023-10-26,27.0,27.0,0.0,1531.25,1531.72,2023-10-26,183.0,189.0,6.0,912.6,894.23,156.0,618.65,1773.0,912.0,861.0,1,0.3333333333333333,0.0,0.0,-0.181640625,-0.0405934054768073,0.0292015075683593,0.5,0.5,0.5,0.5,0.3333333333333332,0.25,-0.1666666666666666,-0.5,-0.5,-0.681640625,-0.3739267388101406,-0.2207984924316406,1.501165183505276,0.7388235294117648,0.7623416540935112
211,2023-11-16,Saudi Arabia,Pakistan,4.0,0.0,FIFA World Cup qualification,Al Hofuf,Saudi Arabia,0,2023,0,1,212,2023-10-26,57.0,57.0,0.0,1408.85,1412.82,2023-10-26,193.0,197.0,4.0,864.84,847.67,136.0,544.0099999999999,1644.0,819.0,825.0,1,-0.3333333333333333,0.0,0.0,-0.5625,-0.2647462277091905,-0.07275390625,0.5,0.5,0.5,0.5,0.3333333333333332,0.25,-0.8333333333333333,-0.5,-0.5,-1.0625,-0.5980795610425238,-0.32275390625,0.2870710882276504,0.4588235294117647,-0.1717524411841143
212,2023-11-16,Egypt,Djibouti,6.0,0.0,FIFA World Cup qualification,Cairo,Egypt,0,2023,0,1,213,2023-10-26,35.0,35.0,0.0,1511.95,1508.93,2023-10-26,189.0,190.0,1.0,889.2,889.2,154.0,622.75,1660.0,752.0,908.0,1,0.0,0.0,0.0,0.0,0.3333333333333335,0.5,,,,,,,,,,,,,1.2023529411764706,0.0,0.0
213,2023-11-16,Botswana,Mozambique,2.0,3.0,FIFA World Cup qualification,Francistown,Botswana,0,2023,0,1,214,2023-10-26,148.0,149.0,1.0,1055.85,1050.69,2023-10-26,113.0,113.0,0.0,1176.58,1179.03,-35.0,-120.73000000000002,1326.0,1311.0,15.0,-1,,,,,,,,,,,,,,,,,,,0.0,0.0,0.0
208,2023-11-16,Yemen,Bahrain,0.0,2.0,FIFA World Cup qualification,Abha,Saudi Arabia,1,2023,0,1,209,2023-10-26,156.0,156.0,0.0,1023.59,1020.37,2023-10-26,83.0,86.0,3.0,1281.46,1273.54,-73.0,-257.87,1099.0,1480.0,-381.0,-1,0.5,0.5,0.5,0.5,0.6666666666666667,0.75,,,,,,,,,,,,,1.903529411764706,0.0,0.0
222,2023-11-16,United Arab Emirates,Nepal,4.0,0.0,FIFA World Cup qualification,Dubai,United Arab Emirates,0,2023,0,1,223,2023-10-26,69.0,70.0,1.0,1348.87,1342.43,2023-10-26,173.0,175.0,2.0,963.82,953.85,104.0,385.04999999999984,1486.0,912.0,574.0,1,-0.3333333333333333,-0.2,-0.2,-0.375,-0.1604938271604937,0.0078125,0.5,0.5,0.5,0.5,0.3333333333333332,0.25,-0.8333333333333333,-0.7,-0.7,-0.875,-0.4938271604938269,-0.2421875,1.3146834927742723,-0.1611764705882353,1.4758599633625076
216,2023-11-16,Burundi,Gambia,3.0,2.0,FIFA World Cup qualification,Dar es Salaam,Tanzania,1,2023,0,1,217,2023-10-26,142.0,141.0,-1.0,1080.43,1080.43,2022-03-31,123.0,125.0,2.0,1138.19,1135.18,-19.0,-57.75999999999999,1246.0,1443.0,-197.0,1,,,,,,,,,,,,,,,,,,,0.0,0.0,0.0
217,2023-11-16,Gabon,Kenya,2.0,1.0,FIFA World Cup qualification,Franceville,Gabon,0,2023,0,1,218,2023-10-26,86.0,88.0,2.0,1270.8,1270.55,2023-10-26,110.0,109.0,-1.0,1186.85,1184.14,24.0,83.95000000000005,1494.0,1371.0,123.0,1,,,,,,,,,,,,,,,,,,,0.0,0.0,0.0
218,2023-11-16,Philippines,Vietnam,0.0,2.0,FIFA World Cup qualification,Manila,Philippines,0,2023,0,1,219,2023-10-26,138.0,132.0,-6.0,1095.94,1099.29,2023-10-26,94.0,95.0,1.0,1236.25,1243.14,-44.0,-140.30999999999997,1046.0,1425.0,-379.0,-1,,,,,,,0.0,-0.25,-0.25,-0.25,-0.3703703703703704,-0.46875,,,,,,,0.0,-2.101221249745573,0.0
219,2023-11-16,Algeria,Somalia,3.0,1.0,FIFA World Cup qualification,Algiers,Algeria,0,2023,0,1,220,2023-10-26,33.0,34.0,1.0,1512.9,1509.5,2023-10-26,196.0,194.0,-2.0,852.06,854.72,163.0,660.8400000000001,1704.0,857.0,847.0,1,0.0,0.0,0.0,0.0,0.3333333333333335,0.5,,,,,,,,,,,,,0.9823529411764707,0.0,0.0
220,2023-11-16,Sudan,Togo,1.0,1.0,FIFA World Cup qualification,Benghazi,Libya,1,2023,0,1,221,2023-10-26,130.0,130.0,0.0,1109.22,1109.22,2023-10-26,119.0,119.0,0.0,1158.24,1158.24,-11.0,-49.01999999999998,1296.0,1319.0,-23.0,0,,,,,,,,,,,,,,,,,,,0.0,0.0,0.0
214,2023-11-16,Nigeria,Lesotho,1.0,1.0,FIFA World Cup qualification,Uyo,Nigeria,0,2023,0,1,215,2023-10-26,40.0,40.0,0.0,1490.48,1488.86,2023-10-26,153.0,152.0,-1.0,1034.18,1034.18,113.0,456.3,1657.0,1229.0,428.0,0,0.0,0.0,0.0,0.0,0.0,0.0,,,,,,,,,,,,,-0.5799999999999998,0.0,0.0
247,2023-11-17,Burkina Faso,Guinea-Bissau,1.0,1.0,FIFA World Cup qualification,Marrakech,Morocco,1,2023,0,1,248,2023-10-26,56.0,58.0,2.0,1410.59,1408.87,2023-10-26,110.0,106.0,-4.0,1186.85,1190.88,54.0,223.74,1598.0,1383.0,215.0,0,,,,,,,,,,,,,,,,,,,0.0,0.0,0.0
246,2023-11-17,Cameroon,Mauritius,3.0,0.0,FIFA World Cup qualification,Douala,Cameroon,0,2023,0,1,247,2023-10-26,43.0,41.0,-2.0,1466.98,1475.6,2023-10-26,177.0,178.0,1.0,942.64,942.64,134.0,524.34,1631.0,963.0,668.0,1,0.0,0.0,0.0,0.375,0.0864197530864196,-0.1015625,,,,,,,,,,,,,-0.732667951772608,0.0,0.0
245,2023-11-17,Zambia,Congo,4.0,2.0,FIFA World Cup qualification,Ndola,Zambia,0,2023,0,1,246,2023-10-26,81.0,82.0,1.0,1291.34,1289.63,2023-10-26,106.0,107.0,1.0,1189.9,1189.9,25.0,101.43999999999984,1504.0,1263.0,241.0,1,,,,,,,,,,,,,,,,,,,0.0,0.0,0.0
244,2023-11-17,Ivory Coast,Seychelles,9.0,0.0,FIFA World Cup qualification,Abidjan,Ivory Coast,0,2023,0,1,245,2023-10-26,52.0,50.0,-2.0,1439.17,1437.89,2023-10-26,195.0,195.0,0.0,853.5,853.5,143.0,585.6700000000001,1667.0,874.0,793.0,1,,,,,,,,,,,,,,,,,,,0.0,0.0,0.0
243,2023-11-17,Eswatini,Libya,0.0,1.0,FIFA World Cup qualification,Mbombela,South Africa,1,2023,0,1,244,2023-10-26,146.0,144.0,-2.0,1063.13,1065.69,2023-10-26,126.0,126.0,0.0,1137.64,1133.6,-20.0,-74.50999999999999,1298.0,1338.0,-40.0,-1,,,,,,,,,,,,,,,,,,,0.0,0.0,0.0
240,2023-11-17,Ghana,Madagascar,1.0,0.0,FIFA World Cup qualification,Kumasi,Ghana,0,2023,0,1,241,2023-10-26,60.0,60.0,0.0,1394.74,1400.0,2023-10-26,108.0,108.0,0.0,1188.57,1187.8,48.0,206.17000000000007,1593.0,1254.0,339.0,1,-0.3333333333333333,-0.2,-0.2,-0.375,-0.2592592592592592,-0.203125,,,,,,,,,,,,,0.5129696722979848,0.0,0.0
241,2023-11-17,Comoros,Central African Republic,4.0,2.0,FIFA World Cup qualification,Moroni,Comoros,0,2023,0,1,242,2023-10-26,128.0,129.0,1.0,1125.57,1118.62,2023-10-26,127.0,127.0,0.0,1126.72,1126.72,-1.0,-1.150000000000091,1253.0,1336.0,-83.0,1,,,,,,,,,,,,,,,,,,,0.0,0.0,0.0
239,2023-11-17,Mali,Chad,3.0,1.0,FIFA World Cup qualification,Bamako,Mali,0,2023,0,1,240,2023-10-26,47.0,49.0,2.0,1449.75,1441.72,2023-10-26,179.0,181.0,2.0,930.22,930.22,132.0,519.53,1595.0,1250.0,345.0,1,-0.5,-0.5,-0.5,-0.5,-0.6666666666666667,-0.75,,,,,,,,,,,,,-0.7011764705882353,0.0,0.0
238,2023-11-17,Tunisia,São Tomé and Príncipe,4.0,0.0,FIFA World Cup qualification,Radès,Tunisia,0,2023,0,1,239,2023-10-26,32.0,29.0,-3.0,1516.14,1525.23,2023-10-26,186.0,188.0,2.0,897.69,897.69,154.0,618.45,1745.0,1063.0,682.0,1,0.0,0.2,0.2,0.3125,0.308641975308642,0.37890625,,,,,,,,,,,,,0.6429429724260963,0.0,0.0
248,2023-11-17,Guinea,Uganda,2.0,1.0,FIFA World Cup qualification,Berkane,Morocco,1,2023,0,1,249,2023-10-26,80.0,81.0,1.0,1296.89,1293.11,2023-10-26,90.0,89.0,-1.0,1251.94,1259.97,10.0,44.950000000000045,1387.0,1389.0,-2.0,1,,,,,,,,,,,,,,,,,,,0.0,0.0,0.0
242,2023-11-17,Liberia,Malawi,0.0,1.0,FIFA World Cup qualification,Monrovia,Liberia,0,2023,0,1,243,2023-10-26,151.0,150.0,-1.0,1041.5,1047.85,2023-10-26,123.0,123.0,0.0,1144.29,1144.29,-28.0,-102.78999999999996,1308.0,1296.0,12.0,-1,,,,,,,,,,,,,,,,,,,0.0,0.0,0.0
250,2023-11-18,South Africa,Benin,2.0,1.0,FIFA World Cup qualification,Durban,South Africa,0,2023,0,1,251,2023-10-26,64.0,65.0,1.0,1366.35,1368.25,2023-10-26,93.0,94.0,1.0,1238.89,1245.44,29.0,127.4599999999998,1540.0,1476.0,64.0,1,,,,,,,,,,,,,,,,,,,0.0,0.0,0.0
251,2023-11-18,Niger,Tanzania,0.0,1.0,FIFA World Cup qualification,Marrakech,Morocco,1,2023,0,1,252,2023-10-26,129.0,128.0,-1.0,1122.81,1120.01,2023-10-26,121.0,122.0,1.0,1146.46,1146.46,-8.0,-23.65000000000009,1239.0,1313.0,-74.0,-1,,,,,,,,,,,,,,,,,,,0.0,0.0,0.0
249,2023-11-18,Senegal,South Sudan,4.0,0.0,FIFA World Cup qualification,Diamniadio,Senegal,0,2023,0,1,250,2023-10-26,20.0,20.0,0.0,1600.82,1597.01,2023-10-26,167.0,167.0,0.0,986.56,986.56,147.0,614.26,1745.0,1136.0,609.0,1,0.3333333333333333,0.2,0.0,-0.1875,-0.1275720164609053,-0.185546875,,,,,,,,,,,,,-1.0920609469826892,0.0,0.0
252,2023-11-19,Burundi,Gabon,1.0,2.0,FIFA World Cup qualification,Dar es Salaam,Tanzania,1,2023,0,1,253,2023-10-26,142.0,141.0,-1.0,1080.43,1080.43,2023-10-26,86.0,88.0,2.0,1270.8,1270.55,-56.0,-190.3699999999999,1246.0,1494.0,-248.0,-1,1.0,1.0,1.0,1.0,1.0,1.0,1.0,1.0,1.0,1.0,1.0,1.0,0.0,0.0,0.0,0.0,0.0,0.0,1.38,0.52,0.8599999999999999
253,2023-11-19,Sierra Leone,Egypt,0.0,2.0,FIFA World Cup qualification,Monrovia,Liberia,1,2023,0,1,254,2023-10-26,122.0,124.0,2.0,1145.12,1144.16,2023-10-26,35.0,35.0,0.0,1511.95,1508.93,-87.0,-366.83000000000015,1333.0,1660.0,-327.0,-1,0.0,0.0,0.0,0.0,0.0,0.0,0.3333333333333333,0.3333333333333333,0.3333333333333333,0.5,0.5555555555555556,0.625,-0.3333333333333333,-0.3333333333333333,-0.3333333333333333,-0.5,-0.5555555555555556,-0.625,-0.42,1.3033910034602076,-1.7233910034602076
254,2023-11-19,Sudan,DR Congo,1.0,0.0,FIFA World Cup qualification,Benghazi,Libya,1,2023,0,1,255,2023-10-26,130.0,130.0,0.0,1109.22,1109.22,2023-10-26,65.0,64.0,-1.0,1366.18,1369.59,-65.0,-256.96000000000004,1296.0,1453.0,-157.0,1,0.0,0.0,0.0,0.0,0.0,0.0,0.0,0.0,0.0,0.25,0.111111111111111,0.0625,0.0,0.0,0.0,-0.25,-0.111111111111111,-0.0625,0.22,0.6997923875432526,-0.4797923875432526
255,2023-11-19,Zimbabwe,Nigeria,1.0,1.0,FIFA World Cup qualification,Butare,Rwanda,1,2023,0,1,256,2023-10-26,125.0,125.0,0.0,1138.56,1138.56,2023-10-26,40.0,40.0,0.0,1490.48,1488.86,-85.0,-351.9200000000001,1333.0,1657.0,-324.0,0,0.0,0.0,0.0,0.0,0.0,0.0,0.0,0.0,0.0,0.0,0.0,0.0,0.0,0.0,0.0,0.0,0.0,0.0,-0.3,-0.6788235294117646,0.3788235294117646
256,2023-11-19,Mozambique,Algeria,0.0,2.0,FIFA World Cup qualification,Maputo,Mozambique,0,2023,0,1,257,2023-10-26,113.0,113.0,0.0,1176.58,1179.03,2023-10-26,33.0,34.0,1.0,1512.9,1509.5,-80.0,-336.32000000000016,1311.0,1704.0,-393.0,-1,1.0,1.0,1.0,1.0,1.0,1.0,0.3333333333333333,0.3333333333333333,0.3333333333333333,0.5,0.5555555555555556,0.625,0.6666666666666667,0.6666666666666667,0.6666666666666667,0.5,0.4444444444444444,0.375,0.30000000000000004,0.8504498269896195,-0.5504498269896194
260,2023-11-20,Gambia,Ivory Coast,0.0,2.0,FIFA World Cup qualification,Dar es Salaam,Tanzania,1,2023,0,1,261,2022-03-31,123.0,125.0,2.0,1138.19,1135.18,2023-10-26,52.0,50.0,-2.0,1439.17,1437.89,-71.0,-300.98,1443.0,1667.0,-224.0,-1,-1.0,-1.0,-1.0,-1.0,-1.0,-1.0,1.0,1.0,1.0,1.0,1.0,1.0,-2.0,-2.0,-2.0,-2.0,-2.0,-2.0,-1.38,6.140000000000001,-7.5200000000000005
257,2023-11-20,Mali,Central African Republic,1.0,1.0,FIFA World Cup qualification,Bamako,Mali,0,2023,0,1,258,2023-10-26,47.0,49.0,2.0,1449.75,1441.72,2023-10-26,127.0,127.0,0.0,1126.72,1126.72,80.0,323.03,1631.0,1286.0,345.0,0,0.0,0.0,0.0,0.25,-0.1111111111111112,-0.3125,-1.0,-1.0,-1.0,-1.0,-1.0,-1.0,1.0,1.0,1.0,1.25,0.8888888888888887,0.6875,-0.6975778546712802,-2.02,1.3224221453287197
258,2023-11-20,Liberia,Equatorial Guinea,3.0,0.0,FIFA World Cup qualification,Monrovia,Liberia,0,2023,0,1,259,2023-10-26,151.0,150.0,-1.0,1041.5,1047.85,2023-10-26,91.0,92.0,1.0,1250.46,1248.98,-60.0,-208.96000000000004,1270.0,1467.0,-197.0,1,-1.0,-1.0,-1.0,-1.0,-1.0,-1.0,-1.0,-1.0,-1.0,-1.0,-1.0,-1.0,0.0,0.0,0.0,0.0,0.0,0.0,-0.43999999999999995,-3.46,3.02
259,2023-11-20,Chad,Madagascar,0.0,3.0,FIFA World Cup qualification,Oujda,Morocco,1,2023,0,1,260,2023-10-26,179.0,181.0,2.0,930.22,930.22,2023-10-26,108.0,108.0,0.0,1188.57,1187.8,-71.0,-258.3499999999999,1178.0,1288.0,-110.0,-1,-1.0,-1.0,-1.0,-1.0,-1.0,-1.0,-1.0,-1.0,-1.0,-1.0,-1.0,-1.0,0.0,0.0,0.0,0.0,0.0,0.0,0.6400000000000001,-0.040000000000000036,0.6800000000000002
261,2023-11-20,Djibouti,Guinea-Bissau,0.0,1.0,FIFA World Cup qualification,Cairo,Egypt,1,2023,0,1,262,2023-10-26,189.0,190.0,1.0,889.2,889.2,2023-10-26,110.0,106.0,-4.0,1186.85,1190.88,-79.0,-297.64999999999986,752.0,1411.0,-659.0,-1,-1.0,-1.0,-1.0,-1.0,-1.0,-1.0,0.0,0.0,0.0,0.0,0.0,0.0,-1.0,-1.0,-1.0,-1.0,-1.0,-1.0,-2.92,1.08,-4.0
262,2023-11-20,Seychelles,Kenya,0.0,5.0,FIFA World Cup qualification,Abidjan,Ivory Coast,1,2023,0,1,263,2023-10-26,195.0,195.0,0.0,853.5,853.5,2023-10-26,110.0,109.0,-1.0,1186.85,1184.14,-85.0,-333.3499999999999,859.0,1371.0,-512.0,-1,-1.0,-1.0,-1.0,-1.0,-1.0,-1.0,-1.0,-1.0,-1.0,-1.0,-1.0,-1.0,0.0,0.0,0.0,0.0,0.0,0.0,-6.140000000000001,-0.52,-5.620000000000001
287,2023-11-21,Peru,Venezuela,1.0,1.0,FIFA World Cup qualification,Lima,Peru,0,2023,0,1,288,2023-10-26,26.0,22.0,-4.0,1532.57,1551.91,2023-10-26,49.0,53.0,4.0,1445.67,1422.83,23.0,86.89999999999986,1798.0,1728.0,70.0,0,-1.0,-0.8,-0.4285714285714285,-0.931640625,-0.7667022303510642,-0.5973854064941406,0.3333333333333333,0.2,-0.1428571428571428,0.2578125,0.2014936747447035,0.176788330078125,-1.3333333333333333,-1.0,-0.2857142857142857,-1.189453125,-0.9681959050957678,-0.7741737365722656,0.18870048060288938,1.754238473307031,-1.5655379927041417
286,2023-11-21,Uruguay,Bolivia,3.0,0.0,FIFA World Cup qualification,Montevideo,Uruguay,0,2023,0,1,287,2023-10-26,15.0,17.0,2.0,1643.72,1626.51,2023-10-26,85.0,83.0,-2.0,1271.09,1287.86,70.0,372.6300000000001,1904.0,1584.0,320.0,1,0.6666666666666666,0.4,0.2857142857142857,0.73046875,0.5762841030330742,0.5260772705078125,-0.3333333333333333,-0.6,-0.7142857142857143,0.0,-0.3333333333333335,-0.5,1.0,1.0,1.0,0.73046875,0.9096174363664076,1.0260772705078125,0.6332756960373928,-1.8253207260306743,2.458596422068067
285,2023-11-21,Paraguay,Colombia,0.0,1.0,FIFA World Cup qualification,Asunción,Paraguay,0,2023,0,1,286,2023-10-26,53.0,52.0,-1.0,1436.96,1432.08,2023-10-26,17.0,16.0,-1.0,1626.6,1629.6,-36.0,-189.63999999999987,1727.0,1919.0,-192.0,-1,0.0,-0.2,-0.1428571428571428,0.046875,-0.0978509373571102,-0.2069091796875,0.3333333333333333,0.4,0.5714285714285714,0.546875,0.4138088705989939,0.2994384765625,-0.3333333333333333,-0.6000000000000001,-0.7142857142857142,-0.5,-0.5116598079561042,-0.50634765625,-0.3839195367802354,-0.5895816494976092,0.20566211271737378
282,2023-11-21,Pakistan,Tajikistan,1.0,6.0,FIFA World Cup qualification,Islamabad,Pakistan,0,2023,0,1,283,2023-10-26,193.0,197.0,4.0,864.84,847.67,2023-10-26,109.0,110.0,1.0,1187.23,1183.01,-84.0,-322.39,819.0,1321.0,-502.0,-1,0.0,0.0,0.0,-0.25,-0.111111111111111,-0.0625,0.0,0.0,0.0,0.0,0.0,0.0,0.0,0.0,0.0,-0.25,-0.111111111111111,-0.0625,0.3565397923875432,0.54,-0.18346020761245685
283,2023-11-21,Jordan,Saudi Arabia,0.0,2.0,FIFA World Cup qualification,Amman,Jordan,0,2023,0,1,284,2023-10-26,82.0,84.0,2.0,1284.39,1286.36,2023-10-26,57.0,57.0,0.0,1408.85,1412.82,-25.0,-124.4599999999998,1590.0,1644.0,-54.0,-1,0.0,0.0,0.0,0.0,0.0,0.0,-0.3333333333333333,0.2,0.0,0.21875,0.1568358481938729,0.1954345703125,0.3333333333333333,-0.2,0.0,-0.21875,-0.1568358481938729,-0.1954345703125,-0.54,0.34547867127308274,-0.8854786712730828
288,2023-11-21,Brazil,Argentina,0.0,1.0,FIFA World Cup qualification,Rio de Janeiro,Brazil,0,2023,0,1,289,2023-10-26,3.0,3.0,0.0,1812.2,1837.61,2023-10-26,1.0,1.0,0.0,1861.29,1851.41,-2.0,-49.08999999999992,2133.0,2144.0,-11.0,-1,-0.6666666666666666,0.0,0.1428571428571428,-0.6485595703125,-0.3473116802555064,-0.1654503792524337,0.3333333333333333,0.6,0.5714285714285714,-0.0201416015625,0.2596519024062252,0.3782662004232406,-1.0,-0.6,-0.4285714285714285,-0.62841796875,-0.6069635826617317,-0.5437165796756744,-0.13494152283843952,0.5016934390493465,-0.636634961887786
284,2023-11-21,Ecuador,Chile,1.0,0.0,FIFA World Cup qualification,Quito,Ecuador,0,2023,0,1,285,2023-10-26,36.0,38.0,2.0,1508.31,1497.66,2023-10-26,37.0,36.0,-1.0,1503.81,1504.75,1.0,4.5,1842.0,1739.0,103.0,1,0.3333333333333333,0.2,0.0,0.1435546875,0.1480126674456806,0.1222658157348632,0.0,-0.2,-0.4285714285714285,-0.1796875,-0.2325864959609816,-0.296539306640625,0.3333333333333333,0.4,0.4285714285714285,0.3232421875,0.3805991634066623,0.4188051223754883,0.5822273296661742,-0.7539216663425266,1.3361489960087007
289,2023-11-21,Afghanistan,Kuwait,0.0,4.0,FIFA World Cup qualification,Dammam,Saudi Arabia,1,2023,0,1,290,2023-10-26,154.0,158.0,4.0,1033.8,1014.25,2023-10-26,136.0,135.0,-1.0,1097.05,1093.38,-18.0,-63.25,1082.0,1385.0,-303.0,-1,0.3333333333333333,0.3333333333333333,0.3333333333333333,0.0,0.3333333333333335,0.5,-1.0,-1.0,-1.0,-1.0,-1.0,-1.0,1.3333333333333333,1.3333333333333333,1.3333333333333333,1.0,1.3333333333333337,1.5,0.1682352941176471,-0.31999999999999995,0.48823529411764705
296,2023-11-21,Uzbekistan,Iran,2.0,2.0,FIFA World Cup qualification,Tashkent,Uzbekistan,0,2023,0,1,297,2023-10-26,73.0,75.0,2.0,1333.09,1328.35,2023-10-26,21.0,21.0,0.0,1567.3,1561.26,-52.0,-234.21000000000004,1575.0,1780.0,-205.0,0,1.0,1.0,1.0,1.0,1.0,1.0,0.3333333333333333,0.2,0.1428571428571428,0.34375,0.2702331961591221,0.29541015625,0.6666666666666667,0.8,0.8571428571428572,0.65625,0.7297668038408779,0.70458984375,0.6399999999999999,-0.1553255571404551,0.7953255571404549
291,2023-11-21,India,Qatar,0.0,3.0,FIFA World Cup qualification,Bhubaneswar,India,0,2023,0,1,292,2023-10-26,102.0,102.0,0.0,1198.84,1204.88,2023-10-26,61.0,61.0,0.0,1394.16,1395.57,-41.0,-195.32000000000016,1240.0,1577.0,-337.0,-1,1.0,1.0,1.0,1.0,1.0,1.0,-0.3333333333333333,-0.5,-0.5,0.0,-0.3333333333333335,-0.5,1.3333333333333333,1.5,1.5,1.0,1.3333333333333337,1.5,0.31999999999999995,-1.4189253002238955,1.7389253002238956
292,2023-11-21,China PR,South Korea,0.0,3.0,FIFA World Cup qualification,Shenzhen,China PR,0,2023,0,1,293,2023-10-26,79.0,80.0,1.0,1296.99,1297.25,2023-10-26,24.0,26.0,2.0,1540.35,1533.01,-55.0,-243.3599999999999,1475.0,1788.0,-313.0,-1,0.0,-0.4,-0.4,0.125,-0.1851851851851853,-0.359375,0.3333333333333333,0.0,0.0,0.3125,0.2043895747599451,0.21630859375,-0.3333333333333333,-0.4,-0.4,-0.1875,-0.3895747599451304,-0.57568359375,-1.009903377593659,-0.08724831887686044,-0.9226550587167985
293,2023-11-21,Vietnam,Iraq,0.0,1.0,FIFA World Cup qualification,Hanoi,Vietnam,0,2023,0,1,294,2023-10-26,94.0,95.0,1.0,1236.25,1243.14,2023-10-26,68.0,69.0,1.0,1349.73,1347.38,-26.0,-113.48000000000002,1425.0,1575.0,-150.0,-1,0.0,0.0,0.0,0.375,0.0864197530864196,-0.1015625,0.6666666666666666,0.2,0.2,0.5625,0.2839506172839504,0.07421875,-0.6666666666666666,-0.2,-0.2,-0.1875,-0.1975308641975308,-0.17578125,-1.9117376468193628,0.22635624573460572,-2.1380938925539685
294,2023-11-21,Syria,Japan,0.0,5.0,FIFA World Cup qualification,Jeddah,Saudi Arabia,1,2023,0,1,295,2023-10-26,92.0,93.0,1.0,1239.37,1245.81,2023-10-26,18.0,19.0,1.0,1612.99,1605.2,-74.0,-373.6200000000001,1423.0,1851.0,-428.0,-1,0.6666666666666666,0.0,0.0,0.5,0.185185185185185,-0.03125,0.6666666666666666,0.4,0.4285714285714285,0.609375,0.5363511659807956,0.542236328125,0.0,-0.4,-0.4285714285714285,-0.109375,-0.3511659807956105,-0.573486328125,-1.1459031860250712,0.9085771557119139,-2.0544803417369852
295,2023-11-21,Hong Kong,Turkmenistan,2.0,2.0,FIFA World Cup qualification,Hong Kong,Hong Kong,0,2023,0,1,296,2022-03-31,147.0,148.0,1.0,1053.39,1053.39,2023-10-26,141.0,140.0,-1.0,1086.12,1086.12,-6.0,-32.72999999999979,1122.0,1250.0,-128.0,0,-0.3333333333333333,-0.3333333333333333,-0.3333333333333333,-0.5,-0.1111111111111109,0.125,-1.0,-1.0,-1.0,-1.0,-1.0,-1.0,0.6666666666666667,0.6666666666666667,0.6666666666666667,0.5,0.8888888888888891,1.125,2.6489965397923876,-0.6399999999999999,3.2889965397923877
297,2023-11-21,Philippines,Indonesia,1.0,1.0,FIFA World Cup qualification,Manila,Philippines,0,2023,0,1,298,2023-10-26,138.0,132.0,-6.0,1095.94,1099.29,2023-10-26,145.0,147.0,2.0,1069.82,1052.87,7.0,26.12000000000012,1046.0,1297.0,-251.0,0,-1.0,-1.0,-1.0,-1.0,-1.0,-1.0,0.3333333333333333,0.3333333333333333,0.3333333333333333,0.0,0.3333333333333335,0.5,-1.3333333333333333,-1.3333333333333333,-1.3333333333333333,-1.0,-1.3333333333333337,-1.5,-1.12,4.674117647058824,-5.794117647058824
298,2023-11-21,Taiwan,Malaysia,0.0,1.0,FIFA World Cup qualification,Taipei,Taiwan,0,2023,0,1,299,2023-10-26,152.0,154.0,2.0,1040.7,1023.66,2023-10-26,137.0,134.0,-3.0,1096.72,1094.9,-15.0,-56.01999999999998,927.0,1256.0,-329.0,-1,0.3333333333333333,0.3333333333333333,0.3333333333333333,0.0,0.3333333333333335,0.5,1.0,1.0,1.0,1.0,1.0,1.0,-0.6666666666666667,-0.6666666666666667,-0.6666666666666667,-1.0,-0.6666666666666665,-0.5,2.911695501730104,1.8,1.111695501730104
290,2023-11-21,Myanmar,North Korea,1.0,6.0,FIFA World Cup qualification,Yangon,Myanmar,0,2023,0,1,291,2023-10-26,158.0,161.0,3.0,1011.73,1004.46,2023-10-26,115.0,116.0,1.0,1169.96,1169.96,-43.0,-158.23000000000002,928.0,1379.0,-451.0,-1,0.0,0.0,0.0,-0.25,0.1111111111111112,0.3125,-1.0,-1.0,-1.0,-1.0,-1.0,-1.0,1.0,1.0,1.0,0.75,1.1111111111111114,1.3125,2.962076124567474,-0.54,3.502076124567474
281,2023-11-21,Niger,Zambia,2.0,1.0,FIFA World Cup qualification,Marrakech,Morocco,1,2023,0,1,282,2023-10-26,129.0,128.0,-1.0,1122.81,1120.01,2023-10-26,81.0,82.0,1.0,1291.34,1289.63,-48.0,-168.52999999999997,1239.0,1523.0,-284.0,1,-1.0,-1.0,-1.0,-1.0,-1.0,-1.0,1.0,1.0,1.0,1.0,1.0,1.0,-2.0,-2.0,-2.0,-2.0,-2.0,-2.0,-0.84,1.5,-2.34
299,2023-11-21,Singapore,Thailand,1.0,3.0,FIFA World Cup qualification,Kallang,Singapore,0,2023,0,1,300,2023-10-26,155.0,157.0,2.0,1032.89,1016.47,2023-10-26,112.0,112.0,0.0,1177.15,1181.21,-43.0,-144.26,1132.0,1384.0,-252.0,-1,0.3333333333333333,0.3333333333333333,0.3333333333333333,0.0,0.3333333333333335,0.5,-1.0,-1.0,-1.0,-1.0,-1.0,-1.0,1.3333333333333333,1.3333333333333333,1.3333333333333333,1.0,1.3333333333333337,1.5,-0.02705882352941176,-0.33999999999999997,0.3129411764705882
279,2023-11-21,Nepal,Yemen,0.0,2.0,FIFA World Cup qualification,Kathmandu,Nepal,0,2023,0,1,280,2023-10-26,173.0,175.0,2.0,963.82,953.85,2023-10-26,156.0,156.0,0.0,1023.59,1020.37,-17.0,-59.76999999999998,912.0,1099.0,-187.0,-1,0.0,0.0,0.0,-0.25,-0.111111111111111,-0.0625,0.0,0.0,0.0,-0.25,0.1111111111111112,0.3125,0.0,0.0,0.0,0.0,-0.2222222222222223,-0.375,-0.26463667820069203,1.7597923875432526,-2.0244290657439445
263,2023-11-21,Palestine,Australia,0.0,1.0,FIFA World Cup qualification,Kuwait City,Kuwait,1,2023,0,1,264,2023-10-26,96.0,97.0,1.0,1224.05,1224.05,2023-10-26,27.0,27.0,0.0,1531.25,1531.72,-69.0,-307.20000000000005,1432.0,1773.0,-341.0,-1,0.0,0.0,0.0,0.0,0.0,0.0,0.3333333333333333,0.2,0.2857142857142857,0.4091796875,0.3062710630154617,0.2719011306762695,-0.3333333333333333,-0.2,-0.2857142857142857,-0.4091796875,-0.3062710630154617,-0.2719011306762695,-0.16,1.6410966432990832,-1.8010966432990831
264,2023-11-21,Bangladesh,Lebanon,1.0,1.0,FIFA World Cup qualification,Dhaka,Bangladesh,0,2023,0,1,265,2023-10-26,183.0,189.0,6.0,912.6,894.23,2023-10-26,104.0,101.0,-3.0,1198.25,1205.56,-79.0,-285.65,912.0,1311.0,-399.0,0,0.0,0.0,0.0,-0.25,-0.111111111111111,-0.0625,-0.6666666666666666,-0.6,-0.6,-0.4375,-0.5679012345679013,-0.64453125,0.6666666666666666,0.6,0.6,0.1875,0.4567901234567902,0.58203125,0.467128027681661,0.03640761006214006,0.43072041761952096
265,2023-11-21,Ethiopia,Burkina Faso,0.0,3.0,FIFA World Cup qualification,El Jadida,Morocco,1,2023,0,1,266,2023-10-26,143.0,142.0,-1.0,1072.54,1072.54,2023-10-26,56.0,58.0,2.0,1410.59,1408.87,-87.0,-338.04999999999995,1352.0,1549.0,-197.0,-1,0.0,0.0,0.0,0.0,0.0,0.0,0.0,0.0,0.0,0.0,0.0,0.0,0.0,0.0,0.0,0.0,0.0,0.0,0.42,-1.08,1.5
266,2023-11-21,South Sudan,Mauritania,0.0,0.0,FIFA World Cup qualification,Diamniadio,Senegal,1,2023,0,1,267,2023-10-26,167.0,167.0,0.0,986.56,986.56,2023-10-26,101.0,99.0,-2.0,1208.99,1207.39,-66.0,-222.4300000000001,1136.0,1372.0,-236.0,0,-1.0,-1.0,-1.0,-1.0,-1.0,-1.0,-1.0,-1.0,-1.0,-1.0,-1.0,-1.0,0.0,0.0,0.0,0.0,0.0,0.0,-1.06,-1.28,0.21999999999999997
267,2023-11-21,Togo,Senegal,0.0,0.0,FIFA World Cup qualification,Lomé,Togo,0,2023,0,1,268,2023-10-26,119.0,119.0,0.0,1158.24,1158.24,2023-10-26,20.0,20.0,0.0,1600.82,1597.01,-99.0,-442.5799999999999,1319.0,1745.0,-426.0,0,0.0,0.0,0.0,0.0,0.0,0.0,0.3333333333333333,0.2,0.1428571428571428,0.40625,0.2482853223593963,0.11083984375,-0.3333333333333333,-0.2,-0.1428571428571428,-0.40625,-0.2482853223593963,-0.11083984375,-0.22,-0.9654691265719427,0.7454691265719428
268,2023-11-21,Lesotho,Benin,0.0,0.0,FIFA World Cup qualification,Durban,South Africa,1,2023,0,1,269,2023-10-26,153.0,152.0,-1.0,1034.18,1034.18,2023-10-26,93.0,94.0,1.0,1238.89,1245.44,-60.0,-204.71000000000004,1229.0,1476.0,-247.0,0,0.0,0.0,0.0,0.0,0.0,0.0,-1.0,-1.0,-1.0,-1.0,-1.0,-1.0,1.0,1.0,1.0,1.0,1.0,1.0,2.26,-0.42000000000000004,2.6799999999999997
269,2023-11-21,Rwanda,South Africa,2.0,0.0,FIFA World Cup qualification,Butare,Rwanda,0,2023,0,1,270,2023-10-26,140.0,139.0,-1.0,1087.03,1087.03,2023-10-26,64.0,65.0,1.0,1366.35,1368.25,-76.0,-279.31999999999994,1271.0,1540.0,-269.0,1,0.0,0.0,0.0,0.0,0.0,0.0,1.0,1.0,1.0,1.0,1.0,1.0,-1.0,-1.0,-1.0,-1.0,-1.0,-1.0,0.3,0.42000000000000004,-0.12000000000000005
280,2023-11-21,Bahrain,United Arab Emirates,0.0,2.0,FIFA World Cup qualification,Riffa,Bahrain,0,2023,0,1,281,2023-10-26,83.0,86.0,3.0,1281.46,1273.54,2023-10-26,69.0,70.0,1.0,1348.87,1342.43,-14.0,-67.40999999999985,1480.0,1486.0,-6.0,-1,1.0,1.0,1.0,1.0,1.0,1.0,0.3333333333333333,-0.2,0.0,0.3125,0.2263374485596707,0.255859375,0.6666666666666667,1.2,1.0,0.6875,0.7736625514403292,0.744140625,0.54,1.3502903461404916,-0.8102903461404916
270,2023-11-21,Eswatini,Cape Verde,0.0,2.0,FIFA World Cup qualification,Mbombela,South Africa,1,2023,0,1,271,2023-10-26,146.0,144.0,-2.0,1063.13,1065.69,2023-10-26,74.0,71.0,-3.0,1326.93,1337.29,-72.0,-263.79999999999995,1269.0,1481.0,-212.0,-1,-1.0,-1.0,-1.0,-1.0,-1.0,-1.0,0.0,0.0,0.0,0.0,0.0,0.0,-1.0,-1.0,-1.0,-1.0,-1.0,-1.0,-0.6,-0.84,0.24
272,2023-11-21,Mauritius,Angola,0.0,0.0,FIFA World Cup qualification,Saint Pierre,Mauritius,0,2023,0,1,273,2023-10-26,177.0,178.0,1.0,942.64,942.64,2023-10-26,116.0,117.0,1.0,1169.64,1167.7,-61.0,-227.0000000000001,1029.0,1398.0,-369.0,0,-1.0,-1.0,-1.0,-1.0,-1.0,-1.0,0.0,0.0,0.0,0.0,0.0,0.0,-1.0,-1.0,-1.0,-1.0,-1.0,-1.0,-0.31999999999999984,0.84,-1.1599999999999997
273,2023-11-21,Tanzania,Morocco,0.0,2.0,FIFA World Cup qualification,Dar es Salaam,Tanzania,0,2023,0,1,274,2023-10-26,121.0,122.0,1.0,1146.46,1146.46,2023-10-26,13.0,13.0,0.0,1658.49,1658.32,-108.0,-512.03,1313.0,1866.0,-553.0,-1,1.0,1.0,1.0,1.0,1.0,1.0,-0.3333333333333333,0.0,0.1428571428571428,-0.57421875,-0.2781588172534673,-0.1250762939453125,1.3333333333333333,1.0,0.8571428571428572,1.57421875,1.2781588172534672,1.1250762939453125,0.84,-0.3397264205133075,1.1797264205133073
274,2023-11-21,Somalia,Uganda,0.0,1.0,FIFA World Cup qualification,Berkane,Morocco,1,2023,0,1,275,2023-10-26,196.0,194.0,-2.0,852.06,854.72,2023-10-26,90.0,89.0,-1.0,1251.94,1259.97,-106.0,-399.8800000000001,857.0,1362.0,-505.0,-1,-1.0,-1.0,-1.0,-1.0,-1.0,-1.0,-1.0,-1.0,-1.0,-1.0,-1.0,-1.0,0.0,0.0,0.0,0.0,0.0,0.0,1.2599999999999998,-0.8,2.0599999999999996
275,2023-11-21,Botswana,Guinea,1.0,0.0,FIFA World Cup qualification,Francistown,Botswana,0,2023,0,1,276,2023-10-26,148.0,149.0,1.0,1055.85,1050.69,2023-10-26,80.0,81.0,1.0,1296.89,1293.11,-68.0,-241.0400000000002,1326.0,1444.0,-118.0,1,-1.0,-1.0,-1.0,-1.0,-1.0,-1.0,1.0,1.0,1.0,1.0,1.0,1.0,-2.0,-2.0,-2.0,-2.0,-2.0,-2.0,-0.30000000000000004,0.8,-1.1
276,2023-11-21,Malawi,Tunisia,0.0,1.0,FIFA World Cup qualification,Lilongwe,Malawi,0,2023,0,1,277,2023-10-26,123.0,123.0,0.0,1144.29,1144.29,2023-10-26,32.0,29.0,-3.0,1516.14,1525.23,-91.0,-371.85000000000014,1354.0,1745.0,-391.0,-1,1.0,1.0,1.0,1.0,1.0,1.0,0.3333333333333333,0.2,0.3333333333333333,0.65625,0.5390946502057613,0.5341796875,0.6666666666666667,0.8,0.6666666666666667,0.34375,0.4609053497942387,0.4658203125,0.43999999999999995,0.6592404446363259,-0.21924044463632597
277,2023-11-21,São Tomé and Príncipe,Namibia,0.0,2.0,FIFA World Cup qualification,Agadir,Morocco,1,2023,0,1,278,2023-10-26,186.0,188.0,2.0,897.69,897.69,2023-10-26,114.0,114.0,0.0,1172.41,1172.41,-72.0,-274.72,1062.0,1414.0,-352.0,-1,-1.0,-1.0,-1.0,-1.0,-1.0,-1.0,1.0,1.0,1.0,1.0,1.0,1.0,-2.0,-2.0,-2.0,-2.0,-2.0,-2.0,-0.9199999999999999,3.46,-4.38
278,2023-11-21,Comoros,Ghana,1.0,0.0,FIFA World Cup qualification,Moroni,Comoros,0,2023,0,1,279,2023-10-26,128.0,129.0,1.0,1125.57,1118.62,2023-10-26,60.0,60.0,0.0,1394.74,1400.0,-68.0,-269.1700000000001,1241.0,1593.0,-352.0,1,1.0,1.0,1.0,1.0,1.0,1.0,0.3333333333333333,0.0,0.0,0.3125,0.1604938271604938,0.09765625,0.6666666666666667,1.0,1.0,0.6875,0.8395061728395062,0.90234375,2.02,0.4851479268686916,1.5348520731313084
271,2023-11-21,Libya,Cameroon,1.0,1.0,FIFA World Cup qualification,Benghazi,Libya,0,2023,0,1,272,2023-10-26,126.0,126.0,0.0,1137.64,1133.6,2023-10-26,43.0,41.0,-2.0,1466.98,1475.6,-83.0,-329.3399999999999,1347.0,1625.0,-278.0,0,1.0,1.0,1.0,1.0,1.0,1.0,0.6666666666666666,0.4,0.1666666666666666,0.6875,0.390946502057613,0.173828125,0.3333333333333333,0.6,0.8333333333333334,0.3125,0.609053497942387,0.826171875,0.6,-0.6707463075506899,1.2707463075506897
300,2023-11-21,Kyrgyzstan,Oman,1.0,0.0,FIFA World Cup qualification,Bishkek,Kyrgyzstan,0,2023,0,1,301,2023-10-26,97.0,96.0,-1.0,1224.03,1228.6,2023-10-26,72.0,73.0,1.0,1334.37,1334.37,-25.0,-110.33999999999992,1251.0,1575.0,-324.0,1,-1.0,-1.0,-1.0,-1.0,-1.0,-1.0,1.0,0.4,0.4,0.8125,0.5061728395061726,0.26171875,-2.0,-1.4,-1.4,-1.8125,-1.5061728395061726,-1.26171875,-1.8,-0.07228122268650992,-1.72771877731349
1054,2024-01-12,Qatar,Lebanon,3.0,0.0,AFC Asian Cup,Lusail,Qatar,0,2024,0,0,1065,2023-10-26 00:00:00,61.0,61.0,0.0,1394.16,1395.57,2023-10-26 00:00:00,104.0,101.0,-3.0,1198.25,1205.56,43.0,195.91000000000008,1534.0,1311.0,223.0,1,0.3333333333333333,-0.2,-0.2,0.5,0.1111111111111109,-0.125,-0.3333333333333333,-0.4,-0.5,-0.21875,-0.3786008230452676,-0.4833984375,0.6666666666666666,0.2,0.3,0.71875,0.4897119341563785,0.3583984375,-1.207223811975431,-0.05867519052975054,-1.1485486214456806
1056,2024-01-13,Ivory Coast,Guinea-Bissau,2.0,0.0,African Cup of Nations,Ebimpé,Ivory Coast,0,2024,0,0,1067,2023-10-26 00:00:00,52.0,50.0,-2.0,1439.17,1437.89,2023-10-26 00:00:00,110.0,106.0,-4.0,1186.85,1190.88,58.0,252.32000000000016,1642.0,1411.0,231.0,1,1.0,1.0,1.0,1.0,1.0,1.0,0.5,0.5,0.5,0.5,0.3333333333333332,0.25,0.5,0.5,0.5,0.5,0.6666666666666667,0.75,5.812941176470589,0.9823529411764707,4.830588235294118
1057,2024-01-13,Uzbekistan,Syria,0.0,0.0,AFC Asian Cup,Doha,Qatar,1,2024,0,0,1068,2023-10-26 00:00:00,73.0,75.0,2.0,1333.09,1328.35,2023-10-26 00:00:00,92.0,93.0,1.0,1239.37,1245.81,19.0,93.72000000000004,1643.0,1423.0,220.0,0,0.5,0.5,0.5,0.5,0.6666666666666667,0.75,0.0,0.0,-0.1666666666666666,-0.25,-0.2098765432098766,-0.2734375,0.5,0.5,0.6666666666666666,0.75,0.8765432098765433,1.0234375,0.6635294117647058,-1.2855559397883023,1.9490853515530082
1055,2024-01-13,Australia,India,2.0,0.0,AFC Asian Cup,Al Rayyan,Qatar,1,2024,0,0,1066,2023-10-26 00:00:00,27.0,27.0,0.0,1531.25,1531.72,2023-10-26 00:00:00,102.0,102.0,0.0,1198.84,1204.88,75.0,332.4100000000001,1784.0,1240.0,544.0,1,0.3333333333333333,0.6,0.2857142857142857,0.70458984375,0.5375140420103077,0.4539258480072021,0.0,0.0,0.0,0.0,0.3333333333333335,0.5,0.3333333333333333,0.6,0.2857142857142857,0.70458984375,0.2041807086769742,-0.0460741519927978,1.5222086054579607,0.1729411764705882,1.3492674289873725
1058,2024-01-14,Egypt,Mozambique,2.0,2.0,African Cup of Nations,Abidjan,Ivory Coast,1,2024,0,0,1069,2023-10-26 00:00:00,35.0,35.0,0.0,1511.95,1508.93,2023-10-26 00:00:00,113.0,113.0,0.0,1176.58,1179.03,78.0,335.3700000000001,1684.0,1311.0,373.0,0,0.3333333333333333,0.5,0.5,0.75,0.7037037037037037,0.71875,0.0,0.0,0.0,0.0,0.3333333333333335,0.5,0.3333333333333333,0.5,0.5,0.75,0.3703703703703702,0.21875,1.2420150620801955,0.2588235294117648,0.9831915326684307
1059,2024-01-14,Ghana,Cape Verde,1.0,2.0,African Cup of Nations,Abidjan,Ivory Coast,1,2024,0,0,1070,2023-10-26 00:00:00,60.0,60.0,0.0,1394.74,1400.0,2023-10-26 00:00:00,74.0,71.0,-3.0,1326.93,1337.29,14.0,67.80999999999995,1548.0,1479.0,69.0,-1,-0.3333333333333333,-0.2,-0.1428571428571428,-0.34375,-0.2263374485596707,-0.1767578125,0.5,0.5,0.5,0.5,0.3333333333333332,0.25,-0.8333333333333333,-0.7,-0.6428571428571428,-0.84375,-0.559670781893004,-0.4267578125,0.3177862841117097,-0.7576470588235293,1.0754333429352392
1060,2024-01-14,Iran,Palestine,4.0,1.0,AFC Asian Cup,Al Rayyan,Qatar,1,2024,0,0,1071,2023-10-26 00:00:00,21.0,21.0,0.0,1567.3,1561.26,2023-10-26 00:00:00,96.0,97.0,1.0,1224.05,1224.05,75.0,343.25,1827.0,1432.0,395.0,1,0.0,0.0,0.0,0.171875,0.1801554641060814,0.2215576171875,-0.5,-0.5,-0.5,-0.5,-0.3333333333333332,-0.25,0.5,0.5,0.5,0.671875,0.5134887974394147,0.4715576171875,-0.2073652302498401,-0.1282352941176471,-0.07912993613219302
1061,2024-01-14,Japan,Vietnam,4.0,2.0,AFC Asian Cup,Doha,Qatar,1,2024,0,0,1072,2023-10-26 00:00:00,18.0,19.0,1.0,1612.99,1605.2,2023-10-26 00:00:00,94.0,95.0,1.0,1236.25,1243.14,76.0,376.74,1905.0,1425.0,480.0,1,0.6666666666666666,0.4,0.4285714285714285,0.8046875,0.6909007773205303,0.65667724609375,0.0,0.0,-0.1666666666666666,-0.3125,-0.2757201646090535,-0.326171875,0.6666666666666666,0.4,0.5952380952380952,1.1171875,0.966620941929584,0.98284912109375,1.0621902641994483,-1.8275177852417532,2.8897080494412015
1065,2024-01-15,Senegal,Gambia,3.0,0.0,African Cup of Nations,Yamoussoukro,Ivory Coast,1,2024,0,0,1076,2023-10-26 00:00:00,20.0,20.0,0.0,1600.82,1597.01,2022-03-31 00:00:00,123.0,125.0,2.0,1138.19,1135.18,103.0,462.6299999999999,1731.0,1443.0,288.0,1,0.0,0.4,0.2857142857142857,0.203125,0.1655235482395975,0.0831298828125,-1.0,-1.0,-1.0,-1.0,-1.0,-1.0,1.0,1.4,1.2857142857142856,1.203125,1.1655235482395976,1.0831298828125,-1.0251474132441813,-1.332941176470588,0.3077937632264067
1062,2024-01-15,Algeria,Angola,1.0,1.0,African Cup of Nations,Bouaké,Ivory Coast,1,2024,0,0,1073,2023-10-26 00:00:00,33.0,34.0,1.0,1512.9,1509.5,2023-10-26 00:00:00,116.0,117.0,1.0,1169.64,1167.7,83.0,343.26,1723.0,1398.0,325.0,0,0.3333333333333333,0.5,0.5,0.75,0.7037037037037037,0.71875,0.0,0.0,0.0,0.0,0.0,0.0,0.3333333333333333,0.5,0.5,0.75,0.7037037037037037,0.71875,0.8239527783431713,0.7188235294117646,0.10512924893140663
1063,2024-01-15,Indonesia,Iraq,1.0,3.0,AFC Asian Cup,Doha,Qatar,1,2024,0,0,1074,2023-10-26 00:00:00,145.0,147.0,2.0,1069.82,1052.87,2023-10-26 00:00:00,68.0,69.0,1.0,1349.73,1347.38,-77.0,-279.9100000000001,1297.0,1621.0,-324.0,-1,0.0,0.25,0.25,0.0,0.2222222222222223,0.375,0.6666666666666666,0.6,0.3333333333333333,0.78125,0.5226337448559669,0.3056640625,-0.6666666666666666,-0.35,-0.0833333333333333,-0.78125,-0.3004115226337446,0.0693359375,4.4074048442906575,0.24127646657374655,4.166128377716911
1064,2024-01-15,Malaysia,Jordan,0.0,4.0,AFC Asian Cup,Al Wakrah,Qatar,1,2024,0,0,1075,2023-10-26 00:00:00,137.0,134.0,-3.0,1096.72,1094.9,2023-10-26 00:00:00,82.0,84.0,2.0,1284.39,1286.36,-55.0,-187.67000000000007,1256.0,1503.0,-247.0,-1,1.0,1.0,1.0,1.0,1.0,1.0,-0.5,-0.5,-0.5,-0.5,-0.3333333333333332,-0.25,1.5,1.5,1.5,1.5,1.3333333333333333,1.25,1.7352941176470589,-0.5964705882352942,2.331764705882353
1066,2024-01-15,South Korea,Bahrain,3.0,1.0,AFC Asian Cup,Doha,Qatar,1,2024,0,0,1077,2023-10-26 00:00:00,24.0,26.0,2.0,1540.35,1533.01,2023-10-26 00:00:00,83.0,86.0,3.0,1281.46,1273.54,59.0,258.8899999999999,1799.0,1480.0,319.0,1,0.3333333333333333,0.2,0.0,0.65625,0.4695930498399633,0.4122314453125,0.0,0.0,0.0,0.0,0.3333333333333335,0.5,0.3333333333333333,0.2,0.0,0.65625,0.1362597165066298,-0.0877685546875,0.029648641057072517,0.4070588235294118,-0.37741018247233926
1068,2024-01-16,Saudi Arabia,Oman,2.0,1.0,AFC Asian Cup,Al Rayyan,Qatar,1,2024,0,0,1079,2023-10-26 00:00:00,57.0,57.0,0.0,1408.85,1412.82,2023-10-26 00:00:00,72.0,73.0,1.0,1334.37,1334.37,15.0,74.48000000000002,1586.0,1575.0,11.0,1,0.3333333333333333,0.2,0.2857142857142857,0.609375,0.4378905654625818,0.396575927734375,0.3333333333333333,0.4,0.1666666666666666,-0.09375,0.0041152263374485,-0.0537109375,0.0,-0.2,0.119047619047619,0.703125,0.4337753391251333,0.450286865234375,0.41339169060996017,-0.15626468017553874,0.5696563707854989
1069,2024-01-16,Tunisia,Namibia,0.0,1.0,African Cup of Nations,Korhogo,Ivory Coast,1,2024,0,0,1080,2023-10-26 00:00:00,32.0,29.0,-3.0,1516.14,1525.23,2023-10-26 00:00:00,114.0,114.0,0.0,1172.41,1172.41,82.0,343.73,1738.0,1414.0,324.0,-1,1.0,0.4,0.4285714285714285,0.828125,0.6927297668038408,0.650634765625,1.0,1.0,1.0,1.0,1.0,1.0,0.0,-0.6,-0.5714285714285714,-0.171875,-0.3072702331961592,-0.349365234375,0.5722263008341891,3.289411764705882,-2.717185463871693
1067,2024-01-16,Mali,South Africa,2.0,0.0,African Cup of Nations,Korhogo,Ivory Coast,1,2024,0,0,1078,2023-10-26 00:00:00,47.0,49.0,2.0,1449.75,1441.72,2023-10-26 00:00:00,64.0,65.0,1.0,1366.35,1368.25,17.0,83.40000000000009,1631.0,1486.0,145.0,1,0.3333333333333333,0.0,0.0,0.125,-0.0740740740740742,-0.234375,0.0,0.0,0.0,0.0,0.3333333333333335,0.5,0.3333333333333333,0.0,0.0,0.125,-0.4074074074074076,-0.734375,-0.750661510278852,0.18823529411764708,-0.938896804396499
1070,2024-01-17,DR Congo,Zambia,1.0,1.0,African Cup of Nations,San-Pédro,Ivory Coast,1,2024,0,0,1081,2023-10-26 00:00:00,65.0,64.0,-1.0,1366.18,1369.59,2023-10-26 00:00:00,81.0,82.0,1.0,1291.34,1289.63,16.0,74.84000000000015,1497.0,1523.0,-26.0,0,-0.3333333333333333,-0.25,-0.25,-0.375,-0.2592592592592592,-0.203125,0.0,0.0,0.0,0.0,0.3333333333333335,0.5,-0.3333333333333333,-0.25,-0.25,-0.375,-0.5925925925925927,-0.703125,0.5233340118054142,1.296470588235294,-0.7731365764298799
1071,2024-01-17,Morocco,Tanzania,3.0,0.0,African Cup of Nations,San-Pédro,Ivory Coast,1,2024,0,0,1082,2023-10-26 00:00:00,13.0,13.0,0.0,1658.49,1658.32,2023-10-26 00:00:00,121.0,122.0,1.0,1146.46,1146.46,108.0,512.03,1846.0,1313.0,533.0,1,-0.3333333333333333,0.0,0.2857142857142857,0.212890625,0.1478941218310217,0.1561927795410156,0.0,0.0,0.0,0.0,0.3333333333333335,0.5,-0.3333333333333333,0.0,0.2857142857142857,0.212890625,-0.1854392115023117,-0.3438072204589844,-0.32915427813017173,0.7999999999999999,-1.1291542781301716
1072,2024-01-17,Qatar,Tajikistan,1.0,0.0,AFC Asian Cup,Al Khor,Qatar,0,2024,0,0,1083,2023-10-26 00:00:00,61.0,61.0,0.0,1394.16,1395.57,2023-10-26 00:00:00,109.0,110.0,1.0,1187.23,1183.01,48.0,206.9300000000001,1534.0,1321.0,213.0,1,1.0,0.2,0.0,0.75,0.4074074074074072,0.15625,0.5,0.5,0.5,0.5,0.3333333333333332,0.25,0.5,-0.3,-0.5,0.25,0.0740740740740739,-0.09375,-1.010328293623935,0.703529411764706,-1.713857705388641
1073,2024-01-18,Egypt,Ghana,2.0,2.0,African Cup of Nations,Abidjan,Ivory Coast,1,2024,0,0,1084,2023-10-26 00:00:00,35.0,35.0,0.0,1511.95,1508.93,2023-10-26 00:00:00,60.0,60.0,0.0,1394.74,1400.0,25.0,117.21000000000004,1684.0,1548.0,136.0,0,0.6666666666666666,0.4,0.4,0.375,0.4691358024691359,0.5390625,-0.3333333333333333,-0.2,-0.2857142857142857,-0.671875,-0.4842249657064471,-0.382568359375,1.0,0.6000000000000001,0.6857142857142857,1.046875,0.9533607681755828,0.921630859375,1.0771906466637133,0.22379885563455032,0.8533917910291631
1074,2024-01-18,India,Uzbekistan,0.0,3.0,AFC Asian Cup,Al Rayyan,Qatar,1,2024,0,0,1085,2023-10-26 00:00:00,102.0,102.0,0.0,1198.84,1204.88,2023-10-26 00:00:00,73.0,75.0,2.0,1333.09,1328.35,-29.0,-134.25,1240.0,1643.0,-403.0,-1,-0.3333333333333333,-0.3333333333333333,-0.3333333333333333,-0.5,-0.1111111111111109,0.125,0.3333333333333333,0.3333333333333333,0.3333333333333333,0.25,0.4444444444444445,0.5625,-0.6666666666666666,-0.6666666666666666,-0.6666666666666666,-0.75,-0.5555555555555555,-0.4375,0.133356401384083,0.6021453287197231,-0.46878892733564015
1075,2024-01-18,Ivory Coast,Nigeria,0.0,1.0,African Cup of Nations,Ebimpé,Ivory Coast,0,2024,0,0,1086,2023-10-26 00:00:00,52.0,50.0,-2.0,1439.17,1437.89,2023-10-26 00:00:00,40.0,40.0,0.0,1490.48,1488.86,-12.0,-51.309999999999945,1642.0,1657.0,-15.0,-1,1.0,1.0,1.0,1.0,1.0,1.0,0.0,0.0,0.0,0.0,0.0,0.0,1.0,1.0,1.0,1.0,1.0,1.0,5.520415224913496,-0.7388927335640137,6.2593079584775095
1076,2024-01-18,Syria,Australia,0.0,1.0,AFC Asian Cup,Doha,Qatar,1,2024,0,0,1087,2023-10-26 00:00:00,92.0,93.0,1.0,1239.37,1245.81,2023-10-26 00:00:00,27.0,27.0,0.0,1531.25,1531.72,-65.0,-291.8800000000001,1423.0,1784.0,-361.0,-1,0.0,0.2,-0.1428571428571428,-0.125,-0.139917695473251,-0.205078125,1.0,0.6,0.4285714285714285,0.852294921875,0.6916760280068718,0.5904443860054016,-1.0,-0.3999999999999999,-0.5714285714285714,-0.977294921875,-0.8315937234801228,-0.7955225110054016,-1.1875820609772256,1.4620786874898453,-2.649660748467071
1077,2024-01-19,Cape Verde,Mozambique,3.0,0.0,African Cup of Nations,Abidjan,Ivory Coast,1,2024,0,0,1088,2023-10-26 00:00:00,74.0,71.0,-3.0,1326.93,1337.29,2023-10-26 00:00:00,113.0,113.0,0.0,1176.58,1179.03,39.0,150.35000000000014,1479.0,1311.0,168.0,1,0.6666666666666666,0.6666666666666666,0.6666666666666666,0.75,0.5555555555555555,0.4375,0.0,0.0,0.0,0.0,0.2222222222222223,0.375,0.6666666666666666,0.6666666666666666,0.6666666666666666,0.75,0.3333333333333331,0.0625,-0.6377854671280275,0.33536332179930806,-0.9731487889273356
1080,2024-01-19,Senegal,Cameroon,3.0,1.0,African Cup of Nations,Yamoussoukro,Ivory Coast,1,2024,0,0,1091,2023-10-26 00:00:00,20.0,20.0,0.0,1600.82,1597.01,2023-10-26 00:00:00,43.0,41.0,-2.0,1466.98,1475.6,23.0,133.83999999999992,1731.0,1625.0,106.0,1,0.6666666666666666,0.4,0.2857142857142857,0.6015625,0.443682365493065,0.312347412109375,0.6666666666666666,0.2,0.1428571428571428,0.34375,0.260631001371742,0.13037109375,0.0,0.2,0.1428571428571428,0.2578125,0.1830513641213229,0.181976318359375,-0.9095505065827589,-0.7289377012241787,-0.18061280535858026
1078,2024-01-19,Hong Kong,Iran,0.0,1.0,AFC Asian Cup,Al Rayyan,Qatar,1,2024,0,0,1089,2022-03-31 00:00:00,147.0,148.0,1.0,1053.39,1053.39,2023-10-26 00:00:00,21.0,21.0,0.0,1567.3,1561.26,-126.0,-513.9099999999999,1122.0,1827.0,-705.0,-1,-0.6666666666666666,-0.25,-0.25,-0.25,-0.0740740740740739,0.09375,0.6666666666666666,0.4,0.2857142857142857,0.5859375,0.4534369760707209,0.416168212890625,-1.3333333333333333,-0.65,-0.5357142857142857,-0.8359375,-0.5275110501447948,-0.322418212890625,2.5002320374516587,-0.10693198141161422,2.6071640188632728
1079,2024-01-19,Iraq,Japan,2.0,1.0,AFC Asian Cup,Al Rayyan,Qatar,1,2024,0,0,1090,2023-10-26 00:00:00,68.0,69.0,1.0,1349.73,1347.38,2023-10-26 00:00:00,18.0,19.0,1.0,1612.99,1605.2,-50.0,-263.26,1621.0,1905.0,-284.0,1,1.0,0.8,0.4285714285714285,0.890625,0.6817558299039779,0.479248046875,1.0,0.8,0.5714285714285714,0.90234375,0.7939338515470202,0.7425079345703125,0.0,0.0,-0.1428571428571428,-0.01171875,-0.1121780216430423,-0.2632598876953125,0.25414255677529085,1.027943778070069,-0.7738012212947782
1082,2024-01-20,Jordan,South Korea,2.0,2.0,AFC Asian Cup,Doha,Qatar,1,2024,0,0,1093,2023-10-26 00:00:00,82.0,84.0,2.0,1284.39,1286.36,2023-10-26 00:00:00,24.0,26.0,2.0,1540.35,1533.01,-58.0,-255.9599999999998,1503.0,1799.0,-296.0,0,0.0,0.0,0.0,0.25,0.111111111111111,0.0625,1.0,0.6,0.2857142857142857,0.828125,0.6463953665599755,0.559173583984375,-1.0,-0.6,-0.2857142857142857,-0.578125,-0.5352842554488645,-0.496673583984375,-0.3907958477508651,0.07613989746548003,-0.4669357452163452
1081,2024-01-20,Algeria,Burkina Faso,2.0,2.0,African Cup of Nations,Bouaké,Ivory Coast,1,2024,0,0,1092,2023-10-26 00:00:00,33.0,34.0,1.0,1512.9,1509.5,2023-10-26 00:00:00,56.0,58.0,2.0,1410.59,1408.87,23.0,102.31000000000016,1723.0,1549.0,174.0,0,0.6666666666666666,0.4,0.4,0.375,0.4691358024691359,0.5390625,0.5,0.5,0.5,0.5,0.3333333333333332,0.25,0.1666666666666666,-0.0999999999999999,-0.0999999999999999,-0.125,0.1358024691358026,0.2890625,0.6778379090288671,-0.9423529411764707,1.6201908502053377
1083,2024-01-20,Tunisia,Mali,1.0,1.0,African Cup of Nations,Korhogo,Ivory Coast,1,2024,0,0,1094,2023-10-26 00:00:00,32.0,29.0,-3.0,1516.14,1525.23,2023-10-26 00:00:00,47.0,49.0,2.0,1449.75,1441.72,15.0,66.3900000000001,1738.0,1631.0,107.0,0,0.3333333333333333,0.2,0.1428571428571428,-0.0859375,0.1284865112025606,0.23797607421875,0.6666666666666666,0.2,0.2,0.5625,0.2839506172839504,0.07421875,-0.3333333333333333,0.0,-0.0571428571428571,-0.6484375,-0.1554641060813897,0.16375732421875,0.3832718125498251,-0.6088578920271548,0.9921297045769799
1084,2024-01-21,Kyrgyzstan,Saudi Arabia,0.0,2.0,AFC Asian Cup,Al Rayyan,Qatar,1,2024,0,0,1095,2023-10-26 00:00:00,97.0,96.0,-1.0,1224.03,1228.6,2023-10-26 00:00:00,57.0,57.0,0.0,1408.85,1412.82,-40.0,-184.8199999999999,1251.0,1586.0,-335.0,-1,0.0,0.0,0.0,0.0,-0.3333333333333335,-0.5,1.0,0.2,0.4285714285714285,0.8046875,0.6252603769750545,0.5474319458007812,-1.0,-0.2,-0.4285714285714285,-0.8046875,-0.958593710308388,-1.0474319458007812,-1.6058823529411765,0.43025100292702134,-2.036133355868198
1085,2024-01-21,Morocco,DR Congo,1.0,1.0,African Cup of Nations,San-Pédro,Ivory Coast,1,2024,0,0,1096,2023-10-26 00:00:00,13.0,13.0,0.0,1658.49,1658.32,2023-10-26 00:00:00,65.0,64.0,-1.0,1366.18,1369.59,52.0,292.30999999999995,1846.0,1497.0,349.0,0,0.3333333333333333,0.2,0.2857142857142857,0.6064453125,0.4319294145540144,0.3671445846557617,0.0,-0.2,-0.2,-0.1875,-0.1728395061728394,-0.15234375,0.3333333333333333,0.4,0.4857142857142857,0.7939453125,0.6047689207268538,0.5194883346557617,-0.26038049706369104,0.4737261287580369,-0.7341066258217279
1086,2024-01-21,South Africa,Namibia,4.0,0.0,African Cup of Nations,Korhogo,Ivory Coast,1,2024,0,0,1097,2023-10-26 00:00:00,64.0,65.0,1.0,1366.35,1368.25,2023-10-26 00:00:00,114.0,114.0,0.0,1172.41,1172.41,50.0,193.93999999999983,1486.0,1414.0,72.0,1,-0.3333333333333333,-0.3333333333333333,-0.3333333333333333,-0.5,-0.1111111111111109,0.125,1.0,1.0,1.0,1.0,1.0,1.0,-1.3333333333333333,-1.3333333333333333,-1.3333333333333333,-1.5,-1.111111111111111,-0.875,0.07951557093425608,3.2512110726643595,-3.1716955017301034
1087,2024-01-22,Cape Verde,Egypt,2.0,2.0,African Cup of Nations,Abidjan,Ivory Coast,1,2024,0,0,1098,2023-10-26 00:00:00,74.0,71.0,-3.0,1326.93,1337.29,2023-10-26 00:00:00,35.0,35.0,0.0,1511.95,1508.93,-39.0,-185.02,1479.0,1684.0,-205.0,0,1.0,0.75,0.75,0.875,0.7037037037037036,0.578125,0.3333333333333333,0.2,0.3333333333333333,0.1875,0.3127572016460906,0.404296875,0.6666666666666667,0.55,0.4166666666666667,0.6875,0.390946502057613,0.173828125,-0.46968043964990824,0.9844147262717301,-1.4540951659216383
1088,2024-01-22,Ivory Coast,Equatorial Guinea,0.0,4.0,African Cup of Nations,Ebimpé,Ivory Coast,0,2024,0,0,1099,2023-10-26 00:00:00,52.0,50.0,-2.0,1439.17,1437.89,2023-10-26 00:00:00,91.0,92.0,1.0,1250.46,1248.98,39.0,188.71000000000004,1642.0,1467.0,175.0,-1,0.3333333333333333,0.5,0.5,0.0,0.3333333333333335,0.5,-1.0,-1.0,-1.0,-1.0,-1.0,-1.0,1.3333333333333333,1.5,1.5,1.0,1.3333333333333337,1.5,5.150979035212702,-3.503529411764706,8.654508446977408
1089,2024-01-22,Mozambique,Ghana,2.0,2.0,African Cup of Nations,Ebimpé,Ivory Coast,1,2024,0,0,1100,2023-10-26 00:00:00,113.0,113.0,0.0,1176.58,1179.03,2023-10-26 00:00:00,60.0,60.0,0.0,1394.74,1400.0,-53.0,-218.16000000000008,1311.0,1548.0,-237.0,0,-0.6666666666666666,-0.25,-0.25,-0.5,-0.185185185185185,0.03125,-0.6666666666666666,-0.4,-0.2857142857142857,-0.3359375,-0.3228166438042981,-0.28692626953125,0.0,0.15,0.0357142857142857,-0.1640625,0.137631458619113,0.31817626953125,0.1850478322817017,0.24004598177369443,-0.05499814949199272
1090,2024-01-22,Qatar,China PR,1.0,0.0,AFC Asian Cup,Al Rayyan,Qatar,0,2024,0,0,1101,2023-10-26 00:00:00,61.0,61.0,0.0,1394.16,1395.57,2023-10-26 00:00:00,79.0,80.0,1.0,1296.99,1297.25,18.0,97.17000000000009,1534.0,1475.0,59.0,1,1.0,0.6,0.1428571428571428,0.875,0.6049382716049381,0.3671875,-0.3333333333333333,-0.4,-0.5,-0.4375,-0.4567901234567901,-0.51953125,1.3333333333333333,1.0,0.6428571428571428,1.3125,1.0617283950617282,0.88671875,-0.9485442763519389,-1.0622620024410907,0.11371772608915176
1091,2024-01-23,Australia,Uzbekistan,1.0,1.0,AFC Asian Cup,Al Wakrah,Qatar,1,2024,0,0,1102,2023-10-26 00:00:00,27.0,27.0,0.0,1531.25,1531.72,2023-10-26 00:00:00,73.0,75.0,2.0,1333.09,1328.35,46.0,198.16000000000008,1784.0,1643.0,141.0,0,1.0,0.6,0.7142857142857143,0.9261474609375,0.7944506853379145,0.6928332895040512,0.3333333333333333,0.5,0.5,0.625,0.6296296296296297,0.671875,0.6666666666666667,0.0999999999999999,0.2142857142857143,0.3011474609375,0.1648210557082848,0.0209582895040512,1.3584269999904426,0.7090779564420924,0.6493490435483502
1094,2024-01-23,Mauritania,Algeria,1.0,0.0,African Cup of Nations,Bouaké,Ivory Coast,1,2024,0,0,1105,2023-10-26 00:00:00,101.0,99.0,-2.0,1208.99,1207.39,2023-10-26 00:00:00,33.0,34.0,1.0,1512.9,1509.5,-68.0,-303.9100000000001,1372.0,1723.0,-351.0,1,-0.5,-0.5,-0.5,-0.5,-0.6666666666666667,-0.75,0.3333333333333333,0.2,0.3333333333333333,0.1875,0.3127572016460906,0.404296875,-0.8333333333333333,-0.7,-0.8333333333333333,-0.6875,-0.9794238683127574,-1.154296875,-1.2823529411764707,0.6109062673212866,-1.8932592084977573
1093,2024-01-23,Iran,United Arab Emirates,2.0,1.0,AFC Asian Cup,Al Rayyan,Qatar,1,2024,0,0,1104,2023-10-26 00:00:00,21.0,21.0,0.0,1567.3,1561.26,2023-10-26 00:00:00,69.0,70.0,1.0,1348.87,1342.43,48.0,218.4300000000001,1827.0,1531.0,296.0,1,0.6666666666666666,0.4,0.2857142857142857,0.79296875,0.6356246507138139,0.5621261596679688,0.3333333333333333,0.2,0.1428571428571428,0.65625,0.4842249657064471,0.44189453125,0.3333333333333333,0.2,0.1428571428571428,0.13671875,0.1513996850073667,0.1202316284179687,-0.19005362956387223,1.3720379728381096,-1.5620916024019817
1092,2024-01-23,Guinea,Senegal,0.0,2.0,African Cup of Nations,Yamoussoukro,Ivory Coast,1,2024,0,0,1103,2023-10-26 00:00:00,80.0,81.0,1.0,1296.89,1293.11,2023-10-26 00:00:00,20.0,20.0,0.0,1600.82,1597.01,-60.0,-303.92999999999984,1444.0,1731.0,-287.0,-1,0.0,0.0,0.0,0.0,0.3333333333333335,0.5,0.6666666666666666,0.4,0.5714285714285714,0.80078125,0.6291215769953766,0.4842605590820312,-0.6666666666666666,-0.4,-0.5714285714285714,-0.80078125,-0.2957882436620431,0.0157394409179687,0.6141176470588234,-0.7654593003131849,1.3795769473720083
1095,2024-01-24,Iraq,Vietnam,3.0,2.0,AFC Asian Cup,Doha,Qatar,1,2024,0,0,1106,2023-10-26 00:00:00,68.0,69.0,1.0,1349.73,1347.38,2023-10-26 00:00:00,94.0,95.0,1.0,1236.25,1243.14,26.0,113.48000000000002,1621.0,1425.0,196.0,1,1.0,0.8,0.7142857142857143,0.9453125,0.7878372199359852,0.60943603515625,-0.3333333333333333,-0.4,-0.2857142857142857,-0.65625,-0.5171467764060357,-0.49462890625,1.3333333333333333,1.2000000000000002,1.0,1.6015625,1.304983996342021,1.10406494140625,0.35684005343556785,-1.748252033168709,2.105092086604277
1096,2024-01-24,Japan,Indonesia,3.0,1.0,AFC Asian Cup,Doha,Qatar,1,2024,0,0,1107,2023-10-26 00:00:00,18.0,19.0,1.0,1612.99,1605.2,2023-10-26 00:00:00,145.0,147.0,2.0,1069.82,1052.87,127.0,543.1700000000001,1905.0,1297.0,608.0,1,0.3333333333333333,0.4,0.2857142857142857,-0.048828125,0.1959559010313469,0.3068809509277344,-0.6666666666666666,0.0,0.0,-0.5,-0.185185185185185,0.03125,1.0,0.4,0.2857142857142857,0.451171875,0.381141086216532,0.2756309509277344,0.8498294381835944,4.12108691227356,-3.2712574740899654
1097,2024-01-24,South Africa,Tunisia,0.0,0.0,African Cup of Nations,Korhogo,Ivory Coast,1,2024,0,0,1108,2023-10-26 00:00:00,64.0,65.0,1.0,1366.35,1368.25,2023-10-26 00:00:00,32.0,29.0,-3.0,1516.14,1525.23,-32.0,-149.7900000000002,1486.0,1738.0,-252.0,0,-0.3333333333333333,0.0,0.0,0.25,0.2592592592592593,0.34375,0.0,0.4,0.1428571428571428,-0.04296875,0.0856576741350404,0.1784820556640625,-0.3333333333333333,-0.4,-0.1428571428571428,0.29296875,0.1736015851242188,0.1652679443359375,0.2513087726440057,0.3430793529880707,-0.09177058034406499
1098,2024-01-24,Tanzania,DR Congo,0.0,0.0,African Cup of Nations,Korhogo,Ivory Coast,1,2024,0,0,1109,2023-10-26 00:00:00,121.0,122.0,1.0,1146.46,1146.46,2023-10-26 00:00:00,65.0,64.0,-1.0,1366.18,1369.59,-56.0,-219.72000000000003,1313.0,1497.0,-184.0,0,-0.3333333333333333,-0.3333333333333333,-0.3333333333333333,-0.5,-0.1111111111111109,0.125,-0.3333333333333333,-0.2,-0.1666666666666666,-0.09375,-0.1152263374485596,-0.1142578125,0.0,-0.1333333333333333,-0.1666666666666666,-0.40625,0.0041152263374487,0.2392578125,0.7035294117647057,0.5070363564781524,0.19649305528655336
1099,2024-01-24,Zambia,Morocco,0.0,1.0,African Cup of Nations,San-Pédro,Ivory Coast,1,2024,0,0,1110,2023-10-26 00:00:00,81.0,82.0,1.0,1291.34,1289.63,2023-10-26 00:00:00,13.0,13.0,0.0,1658.49,1658.32,-68.0,-367.1500000000001,1523.0,1846.0,-323.0,-1,0.0,0.0,0.0,0.0,0.2222222222222223,0.375,0.6666666666666666,0.0,0.1428571428571428,0.30322265625,0.2879529430360096,0.2753584384918213,-0.6666666666666666,0.0,-0.1428571428571428,-0.30322265625,-0.0657307208137873,0.0996415615081787,1.239031141868512,-0.30624046782465036,1.5452716096931625
1102,2024-01-25,South Korea,Malaysia,3.0,3.0,AFC Asian Cup,Al Wakrah,Qatar,1,2024,0,0,1113,2023-10-26 00:00:00,24.0,26.0,2.0,1540.35,1533.01,2023-10-26 00:00:00,137.0,134.0,-3.0,1096.72,1094.9,113.0,443.6299999999999,1799.0,1256.0,543.0,0,0.6666666666666666,0.4,0.2857142857142857,0.4140625,0.430930244373317,0.4193801879882812,0.3333333333333333,0.3333333333333333,0.3333333333333333,0.0,0.3333333333333335,0.5,0.3333333333333333,0.0666666666666667,-0.0476190476190476,0.4140625,0.0975969110399835,-0.0806198120117187,0.003425785849863569,1.462629757785467,-1.4592039719356034
1101,2024-01-25,Saudi Arabia,Thailand,0.0,0.0,AFC Asian Cup,Al Rayyan,Qatar,1,2024,0,0,1112,2023-10-26 00:00:00,57.0,57.0,0.0,1408.85,1412.82,2023-10-26 00:00:00,112.0,112.0,0.0,1177.15,1181.21,55.0,231.69999999999985,1586.0,1384.0,202.0,0,1.0,0.6,0.4285714285714285,0.90234375,0.7501735846500364,0.6605739593505859,0.0,0.0,0.0,0.0,-0.3333333333333335,-0.5,1.0,0.6,0.4285714285714285,0.90234375,1.0835069179833698,1.160573959350586,0.4755303556960201,-0.25294117647058817,0.7284715321666082
1100,2024-01-25,Jordan,Bahrain,0.0,1.0,AFC Asian Cup,Al Rayyan,Qatar,1,2024,0,0,1111,2023-10-26 00:00:00,82.0,84.0,2.0,1284.39,1286.36,2023-10-26 00:00:00,83.0,86.0,3.0,1281.46,1273.54,1.0,2.930000000000064,1503.0,1480.0,23.0,-1,0.0,0.0,0.0,0.125,0.074074074074074,0.046875,-0.3333333333333333,-0.3333333333333333,-0.3333333333333333,-0.5,-0.1111111111111109,0.125,0.3333333333333333,0.3333333333333333,0.3333333333333333,0.625,0.1851851851851849,-0.078125,-0.2995725625890495,0.3348788927335641,-0.6344514553226136
1103,2024-01-28,Australia,Indonesia,4.0,0.0,AFC Asian Cup,Doha,Qatar,1,2024,0,0,1114,2023-10-26 00:00:00,27.0,27.0,0.0,1531.25,1531.72,2023-10-26 00:00:00,145.0,147.0,2.0,1069.82,1052.87,118.0,461.43000000000006,1784.0,1297.0,487.0,1,0.6666666666666666,0.8,0.5714285714285714,0.46307373046875,0.5296337902252765,0.5196249671280384,-0.6666666666666666,-0.4,-0.1666666666666666,-0.75,-0.4567901234567899,-0.2265625,1.3333333333333333,1.2000000000000002,0.738095238095238,1.21307373046875,0.9864239136820664,0.7461874671280384,1.224401882343946,3.91043474096335,-2.686032858619404
1104,2024-01-28,Egypt,DR Congo,1.0,1.0,African Cup of Nations,San-Pédro,Ivory Coast,1,2024,0,0,1115,2023-10-26 00:00:00,35.0,35.0,0.0,1511.95,1508.93,2023-10-26 00:00:00,65.0,64.0,-1.0,1366.18,1369.59,30.0,145.76999999999998,1684.0,1497.0,187.0,0,0.0,0.4,0.2857142857142857,0.09375,0.2085048010973937,0.30322265625,0.0,0.0,-0.1428571428571428,-0.046875,-0.0768175582990397,-0.085693359375,0.0,0.4,0.4285714285714285,0.140625,0.2853223593964336,0.388916015625,0.8806256247263342,0.4113283355088493,0.4692972892174849
1108,2024-01-29,Qatar,Palestine,2.0,1.0,AFC Asian Cup,Al Khor,Qatar,0,2024,0,0,1119,2023-10-26 00:00:00,61.0,61.0,0.0,1394.16,1395.57,2023-10-26 00:00:00,96.0,97.0,1.0,1224.05,1224.05,35.0,170.11000000000013,1534.0,1432.0,102.0,1,1.0,1.0,0.4285714285714285,0.9375,0.736625514403292,0.525390625,-0.6666666666666666,-0.6666666666666666,-0.6666666666666666,-0.75,-0.5555555555555555,-0.4375,1.6666666666666663,1.6666666666666663,1.0952380952380951,1.6875,1.2921810699588474,0.962890625,-0.8551004953900602,-0.20892733564013843,-0.6461731597499217
1106,2024-01-29,Iraq,Jordan,2.0,3.0,AFC Asian Cup,Al Rayyan,Qatar,1,2024,0,0,1117,2023-10-26 00:00:00,68.0,69.0,1.0,1349.73,1347.38,2023-10-26 00:00:00,82.0,84.0,2.0,1284.39,1286.36,14.0,65.33999999999992,1621.0,1503.0,118.0,-1,1.0,1.0,0.8571428571428571,0.97265625,0.8585581466239901,0.7070770263671875,0.0,-0.2,-0.2,-0.4375,-0.2839506172839505,-0.21484375,1.0,1.2,1.0571428571428572,1.41015625,1.1425087639079408,0.9219207763671876,0.36408475617465214,-0.34195064714263484,0.706035403317287
1107,2024-01-29,Ivory Coast,Senegal,1.0,1.0,African Cup of Nations,Yamoussoukro,Ivory Coast,0,2024,0,0,1118,2023-10-26 00:00:00,52.0,50.0,-2.0,1439.17,1437.89,2023-10-26 00:00:00,20.0,20.0,0.0,1600.82,1597.01,-32.0,-161.64999999999986,1642.0,1731.0,-89.0,0,-0.3333333333333333,0.2,0.2,-0.5,-0.1111111111111109,0.125,1.0,0.8,0.5714285714285714,0.900390625,0.7527477179969178,0.6131954193115234,-1.3333333333333333,-0.6000000000000001,-0.3714285714285714,-1.400390625,-0.8638588291080287,-0.4881954193115234,4.566803797847249,-0.6733734591182916,5.2401772569655405
1105,2024-01-29,Cape Verde,Mauritania,1.0,0.0,African Cup of Nations,Abidjan,Ivory Coast,1,2024,0,0,1116,2023-10-26 00:00:00,74.0,71.0,-3.0,1326.93,1337.29,2023-10-26 00:00:00,101.0,99.0,-2.0,1208.99,1207.39,27.0,117.94000000000004,1479.0,1372.0,107.0,1,0.6666666666666666,0.6,0.6,0.4375,0.4691358024691358,0.43359375,0.0,0.0,0.0,0.25,-0.1111111111111112,-0.3125,0.6666666666666666,0.6,0.6,0.1875,0.580246913580247,0.74609375,-0.3961698255528548,-1.0680968858131488,0.671927060260294
1109,2024-01-30,Morocco,South Africa,0.0,2.0,African Cup of Nations,San-Pédro,Ivory Coast,1,2024,0,0,1120,2023-10-26 00:00:00,13.0,13.0,0.0,1658.49,1658.32,2023-10-26 00:00:00,64.0,65.0,1.0,1366.35,1368.25,51.0,292.1400000000001,1846.0,1486.0,360.0,-1,0.6666666666666666,0.4,0.2857142857142857,0.651611328125,0.5253019620240064,0.4565188288688659,0.0,0.0,0.0,0.125,0.1728395061728395,0.2578125,0.6666666666666666,0.4,0.2857142857142857,0.526611328125,0.3524624558511668,0.1987063288688659,-0.30940279324672976,0.27417296248847595,-0.5835757557352057
1110,2024-01-30,Saudi Arabia,South Korea,1.0,1.0,AFC Asian Cup,Al Rayyan,Qatar,1,2024,0,0,1121,2023-10-26 00:00:00,57.0,57.0,0.0,1408.85,1412.82,2023-10-26 00:00:00,24.0,26.0,2.0,1540.35,1533.01,-33.0,-131.5,1586.0,1799.0,-213.0,0,0.6666666666666666,0.8,0.2857142857142857,0.451171875,0.5001157231000243,0.4954304695129394,0.3333333333333333,0.6,0.4285714285714285,0.20703125,0.2872868295822114,0.3145351409912109,0.3333333333333333,0.2,-0.1428571428571428,0.244140625,0.2128288935178128,0.1808953285217285,0.38285209947860716,-0.12971690743542252,0.5125690069140296
1111,2024-01-30,Uzbekistan,Thailand,2.0,1.0,AFC Asian Cup,Al Wakrah,Qatar,1,2024,0,0,1122,2023-10-26 00:00:00,73.0,75.0,2.0,1333.09,1328.35,2023-10-26 00:00:00,112.0,112.0,0.0,1177.15,1181.21,39.0,155.93999999999983,1643.0,1431.0,212.0,1,0.3333333333333333,0.4,0.4,0.3125,0.4197530864197532,0.50390625,0.0,0.0,0.0,0.0,-0.2222222222222223,-0.375,0.3333333333333333,0.4,0.4,0.3125,0.6419753086419755,0.87890625,0.7214851354749104,-0.17335640138408298,0.8948415368589935
1112,2024-01-31,Bahrain,Japan,1.0,3.0,AFC Asian Cup,Doha,Qatar,1,2024,0,0,1123,2023-10-26 00:00:00,83.0,86.0,3.0,1281.46,1273.54,2023-10-26 00:00:00,18.0,19.0,1.0,1612.99,1605.2,-65.0,-331.53,1466.0,1905.0,-439.0,-1,-0.3333333333333333,0.0,0.0,0.25,0.2592592592592593,0.34375,0.3333333333333333,0.6,0.5714285714285714,0.4755859375,0.4639706006875645,0.4801607131958008,-0.6666666666666666,-0.6,-0.5714285714285714,-0.2255859375,-0.2047113414283052,-0.1364107131958007,0.37518013433747205,0.7680747653492653,-0.3928946310117933
1113,2024-01-31,Iran,Syria,1.0,1.0,AFC Asian Cup,Doha,Qatar,1,2024,0,0,1124,2023-10-26 00:00:00,21.0,21.0,0.0,1567.3,1561.26,2023-10-26 00:00:00,92.0,93.0,1.0,1239.37,1245.81,71.0,327.93000000000006,1827.0,1423.0,404.0,0,1.0,0.8,0.5714285714285714,0.896484375,0.7570831004758759,0.6715946197509766,-0.6666666666666666,-0.2,-0.1428571428571428,-0.5625,-0.4266117969821673,-0.40380859375,1.6666666666666663,1.0,0.7142857142857142,1.458984375,1.1836948974580432,1.0754032135009766,-0.17652106311893856,-1.1000772338609184,0.9235561707419798
1116,2024-02-02,Tajikistan,Jordan,0.0,1.0,AFC Asian Cup,Al Rayyan,Qatar,1,2024,0,0,1127,2023-10-26 00:00:00,109.0,110.0,1.0,1187.23,1183.01,2023-10-26 00:00:00,82.0,84.0,2.0,1284.39,1286.36,-27.0,-97.16000000000008,1321.0,1503.0,-182.0,-1,0.0,0.0,0.0,-0.25,-0.111111111111111,-0.0625,0.0,0.0,0.0,0.28125,0.1440329218106995,0.0888671875,0.0,0.0,0.0,-0.53125,-0.2551440329218106,-0.1513671875,0.6597923875432526,-0.24654178554600925,0.9063341730892619
1114,2024-02-02,Australia,South Korea,1.0,2.0,AFC Asian Cup,Al Wakrah,Qatar,1,2024,0,0,1125,2023-10-26 00:00:00,27.0,27.0,0.0,1531.25,1531.72,2023-10-26 00:00:00,24.0,26.0,2.0,1540.35,1533.01,-3.0,-9.099999999999907,1784.0,1799.0,-15.0,-1,0.6666666666666666,0.8,0.5714285714285714,0.731536865234375,0.6864225268168509,0.6397187253460288,0.0,0.4,0.2857142857142857,0.103515625,0.1915245530548076,0.2359013557434082,0.6666666666666666,0.4,0.2857142857142857,0.628021240234375,0.4948979737620432,0.4038173696026206,1.248848830441361,-0.1609100305274565,1.4097588609688174
1115,2024-02-02,DR Congo,Guinea,3.0,1.0,African Cup of Nations,Ebimpé,Ivory Coast,1,2024,0,0,1126,2023-10-26 00:00:00,65.0,64.0,-1.0,1366.18,1369.59,2023-10-26 00:00:00,80.0,81.0,1.0,1296.89,1293.11,15.0,69.28999999999996,1497.0,1444.0,53.0,1,0.0,-0.2,-0.1428571428571428,-0.0234375,-0.0512117055326932,-0.06427001953125,-0.3333333333333333,-0.3333333333333333,-0.3333333333333333,-0.5,-0.1111111111111109,0.125,0.3333333333333333,0.1333333333333333,0.1904761904761904,0.4765625,0.0598994055784177,-0.18927001953125,0.4224266687142111,0.5309342560553632,-0.10850758734115207
1117,2024-02-03,Cape Verde,South Africa,0.0,0.0,African Cup of Nations,Yamoussoukro,Ivory Coast,1,2024,0,0,1128,2023-10-26 00:00:00,74.0,71.0,-3.0,1326.93,1337.29,2023-10-26 00:00:00,64.0,65.0,1.0,1366.35,1368.25,-10.0,-39.419999999999845,1479.0,1486.0,-7.0,0,0.6666666666666666,0.8,0.6666666666666666,0.71875,0.6460905349794238,0.5751953125,0.6666666666666666,0.0,0.1666666666666666,0.5625,0.4485596707818929,0.443359375,0.0,0.8,0.5,0.15625,0.1975308641975308,0.1318359375,-0.345806894637981,0.43569219998915387,-0.7814990946271348
1119,2024-02-03,Ivory Coast,Mali,2.0,1.0,African Cup of Nations,Bouaké,Ivory Coast,0,2024,0,0,1130,2023-10-26 00:00:00,52.0,50.0,-2.0,1439.17,1437.89,2023-10-26 00:00:00,47.0,49.0,2.0,1449.75,1441.72,-5.0,-10.579999999999927,1642.0,1631.0,11.0,1,-0.6666666666666666,0.0,0.1666666666666666,-0.25,-0.0740740740740739,0.09375,0.3333333333333333,0.4,0.1666666666666666,0.28125,0.1893004115226336,0.0556640625,-1.0,-0.4,0.0,-0.53125,-0.2633744855967075,0.0380859375,4.335815339150352,-0.5553956630843809,4.8912110022347335
1120,2024-02-03,Qatar,Uzbekistan,1.0,1.0,AFC Asian Cup,Al Khor,Qatar,0,2024,0,0,1131,2023-10-26 00:00:00,61.0,61.0,0.0,1394.16,1395.57,2023-10-26 00:00:00,73.0,75.0,2.0,1333.09,1328.35,12.0,61.07000000000016,1534.0,1643.0,-109.0,0,1.0,1.0,0.7142857142857143,0.96875,0.8244170096021947,0.64404296875,0.6666666666666666,0.4,0.5,0.65625,0.6131687242798354,0.6279296875,0.3333333333333333,0.6,0.2142857142857143,0.3125,0.2112482853223592,0.01611328125,-0.7871534074259389,0.6919860098587393,-1.4791394172846781
1118,2024-02-03,Iran,Japan,2.0,1.0,AFC Asian Cup,Al Rayyan,Qatar,1,2024,0,0,1129,2023-10-26 00:00:00,21.0,21.0,0.0,1567.3,1561.26,2023-10-26 00:00:00,18.0,19.0,1.0,1612.99,1605.2,-3.0,-45.690000000000055,1827.0,1905.0,-78.0,1,0.6666666666666666,0.6,0.4285714285714285,0.4482421875,0.5047220669839173,0.5036959648132324,0.3333333333333333,0.6,0.5714285714285714,0.73779296875,0.642647067125043,0.6101205348968506,0.3333333333333333,0.0,-0.1428571428571428,-0.28955078125,-0.1379250001411257,-0.1064245700836181,-0.24966688293547157,0.7640703673875437,-1.0137372503230153
1121,2024-02-06,Jordan,South Korea,2.0,0.0,AFC Asian Cup,Al Rayyan,Qatar,1,2024,0,0,1132,2023-10-26 00:00:00,82.0,84.0,2.0,1284.39,1286.36,2023-10-26 00:00:00,24.0,26.0,2.0,1540.35,1533.01,-58.0,-255.9599999999998,1503.0,1799.0,-296.0,1,0.3333333333333333,0.4,0.1428571428571428,0.640625,0.4293552812071329,0.316650390625,0.3333333333333333,0.4,0.5714285714285714,0.5517578125,0.461016368703205,0.4269260168075561,0.0,0.0,-0.4285714285714285,0.0888671875,-0.031661087496072,-0.1102756261825561,-0.2049805040433028,-0.09615061696701788,-0.10882988707628494
1122,2024-02-07,Ivory Coast,DR Congo,1.0,0.0,African Cup of Nations,Ebimpé,Ivory Coast,0,2024,0,0,1133,2023-10-26 00:00:00,52.0,50.0,-2.0,1439.17,1437.89,2023-10-26 00:00:00,65.0,64.0,-1.0,1366.18,1369.59,13.0,72.99000000000001,1642.0,1497.0,145.0,1,0.0,0.0,0.2857142857142857,0.375,0.2839506172839506,0.3203125,0.3333333333333333,0.2,0.1428571428571428,0.48828125,0.2991921963115378,0.2017974853515625,-0.3333333333333333,-0.2,0.1428571428571428,-0.11328125,-0.0152415790275872,0.1185150146484375,4.145473260376802,0.49757804114278686,3.647895219234015
1123,2024-02-07,Nigeria,South Africa,1.0,1.0,African Cup of Nations,Bouaké,Ivory Coast,1,2024,0,0,1134,2023-10-26 00:00:00,40.0,40.0,0.0,1490.48,1488.86,2023-10-26 00:00:00,64.0,65.0,1.0,1366.35,1368.25,24.0,124.13000000000012,1657.0,1486.0,171.0,0,0.3333333333333333,0.2,0.2,0.5,0.3333333333333332,0.25,0.3333333333333333,0.2,0.1428571428571428,0.28125,0.299039780521262,0.33251953125,0.0,0.0,0.0571428571428571,0.21875,0.0342935528120712,-0.08251953125,-0.6507225727661307,0.39829854116626245,-1.049021113932393
1124,2024-02-07,Qatar,Iran,3.0,2.0,AFC Asian Cup,Doha,Qatar,0,2024,0,0,1135,2023-10-26 00:00:00,61.0,61.0,0.0,1394.16,1395.57,2023-10-26 00:00:00,21.0,21.0,0.0,1567.3,1561.26,-40.0,-173.13999999999987,1534.0,1827.0,-293.0,1,0.6666666666666666,0.8,0.8571428571428571,0.484375,0.5496113397347965,0.4830322265625,0.6666666666666666,0.8,0.7142857142857143,0.72412109375,0.6698147113226115,0.6277719736099243,0.0,0.0,0.1428571428571428,-0.23974609375,-0.120203371587815,-0.1447397470474243,-0.7549679128714719,-0.17262765452750264,-0.5823402583439693
1125,2024-02-10,Qatar,Jordan,3.0,1.0,AFC Asian Cup,Lusail,Qatar,0,2024,0,0,1136,2023-10-26 00:00:00,61.0,61.0,0.0,1394.16,1395.57,2023-10-26 00:00:00,82.0,84.0,2.0,1284.39,1286.36,21.0,109.76999999999998,1534.0,1503.0,31.0,1,0.6666666666666666,0.8,0.8571428571428571,0.7421875,0.699740893156531,0.612274169921875,1.0,0.4,0.2857142857142857,0.8203125,0.6195701874714219,0.48748779296875,-0.3333333333333333,0.4,0.5714285714285714,-0.078125,0.080170705685109,0.124786376953125,-0.6046756827025618,-0.007040474393696761,-0.597635208308865
1126,2024-02-10,South Africa,DR Congo,0.0,0.0,African Cup of Nations,Abidjan,Ivory Coast,1,2024,0,0,1137,2023-10-26 00:00:00,64.0,65.0,1.0,1366.35,1368.25,2023-10-26 00:00:00,65.0,64.0,-1.0,1366.18,1369.59,1.0,0.1699999999998453,1486.0,1497.0,-11.0,0,0.3333333333333333,0.4,0.0,0.140625,0.1993598536808413,0.2493896484375,0.0,0.0,-0.1428571428571428,-0.255859375,-0.1338718691256413,-0.0986518859863281,0.3333333333333333,0.4,0.1428571428571428,0.396484375,0.3332317228064827,0.3480415344238281,0.4031045093329529,0.42477933284027,-0.021674823507317087
1127,2024-02-11,Ivory Coast,Nigeria,2.0,1.0,African Cup of Nations,Ebimpé,Ivory Coast,0,2024,0,0,1138,2023-10-26 00:00:00,52.0,50.0,-2.0,1439.17,1437.89,2023-10-26 00:00:00,40.0,40.0,0.0,1490.48,1488.86,-12.0,-51.309999999999945,1642.0,1657.0,-15.0,1,0.6666666666666666,0.0,0.2857142857142857,0.6875,0.522633744855967,0.490234375,0.3333333333333333,0.2,0.1666666666666666,0.25,0.2222222222222222,0.1875,0.3333333333333333,-0.2,0.119047619047619,0.4375,0.3004115226337448,0.302734375,3.9451513038840487,-0.64068006848577,4.585831372369818
302,2024-03-21,Palestine,Bangladesh,5.0,0.0,FIFA World Cup qualification,Kuwait City,Kuwait,1,2024,0,1,303,2024-02-15,97.0,99.0,2.0,1227.2,1217.6,2024-02-15,183.0,183.0,0.0,916.75,916.75,86.0,310.45000000000005,1432.0,912.0,520.0,1,-1.0,-0.75,-0.75,-0.875,-0.7037037037037036,-0.578125,0.0,0.0,0.0,-0.125,-0.074074074074074,-0.046875,-1.0,-0.75,-0.75,-0.75,-0.6296296296296295,-0.53125,-0.21428455119071851,0.5325910848768574,-0.7468756360675759
301,2024-03-21,Indonesia,Vietnam,1.0,0.0,FIFA World Cup qualification,Jakarta,Indonesia,0,2024,0,1,302,2024-02-15,142.0,146.0,4.0,1072.66,1064.01,2024-02-15,105.0,94.0,-11.0,1194.58,1235.58,-37.0,-121.91999999999985,1297.0,1425.0,-128.0,1,-1.0,-0.8,-0.2857142857142857,-0.875,-0.6378600823045266,-0.419921875,-1.0,-0.4,-0.2857142857142857,-0.828125,-0.6780978509373571,-0.6209716796875,0.0,-0.4,0.0,-0.046875,0.0402377686328304,0.2010498046875,3.5839385797302117,-1.673648972394079,5.25758755212429
318,2024-03-21,Iran,Turkmenistan,5.0,0.0,FIFA World Cup qualification,Tehran,Iran,0,2024,0,1,319,2024-02-15,20.0,21.0,1.0,1608.23,1565.08,2024-02-15,141.0,141.0,0.0,1078.25,1078.25,121.0,529.98,1827.0,1250.0,577.0,1,0.0,0.4,0.4285714285714285,-0.137939453125,0.1132098075484077,0.2208289802074432,-0.5,-0.5,-0.5,-0.5,-0.6666666666666667,-0.75,0.5,0.9,0.9285714285714286,0.362060546875,0.7798764742150746,0.9708289802074432,-0.2683554395552966,-0.6094117647058823,0.3410563251505857
317,2024-03-21,Qatar,Kuwait,3.0,0.0,FIFA World Cup qualification,Doha,Qatar,0,2024,0,1,318,2024-02-15,37.0,58.0,21.0,1499.34,1407.3,2024-02-15,137.0,136.0,-1.0,1094.05,1098.07,100.0,405.29,1534.0,1385.0,149.0,1,0.6666666666666666,0.8,0.8571428571428571,0.87109375,0.799827262104354,0.7092056274414062,0.0,0.0,0.0,0.0,-0.3333333333333335,-0.5,0.6666666666666666,0.8,0.8571428571428571,0.87109375,1.133160595437687,1.2092056274414062,-0.47616534842594044,-0.08705882352941174,-0.3891065248965287
316,2024-03-21,Afghanistan,India,0.0,0.0,FIFA World Cup qualification,Abha,Saudi Arabia,1,2024,0,1,317,2024-02-15,158.0,158.0,0.0,1017.68,1017.68,2024-02-15,117.0,102.0,-15.0,1165.17,1200.8,-41.0,-147.49000000000012,1082.0,1240.0,-158.0,0,-0.3333333333333333,0.0,0.0,-0.5,-0.1111111111111109,0.125,-1.0,-0.5,-0.5,-0.75,-0.4074074074074072,-0.15625,0.6666666666666667,0.5,0.5,0.25,0.2962962962962963,0.28125,-0.05577854671280272,-0.016841033991451287,-0.03893751272135143
315,2024-03-21,Myanmar,Syria,1.0,1.0,FIFA World Cup qualification,Yangon,Myanmar,0,2024,0,1,316,2024-02-15,162.0,162.0,0.0,1000.46,1000.46,2024-02-15,89.0,91.0,2.0,1265.51,1245.27,-73.0,-265.04999999999995,928.0,1423.0,-495.0,0,-0.6666666666666666,-0.25,-0.25,-0.625,-0.2592592592592591,-0.015625,-0.3333333333333333,-0.2,0.0,-0.28125,-0.2844078646547782,-0.3028564453125,-0.3333333333333333,-0.0499999999999999,-0.25,-0.34375,0.0251486053955191,0.2872314453125,2.544306940769387,-0.951837396574982,3.496144337344369
314,2024-03-21,Japan,North Korea,1.0,0.0,FIFA World Cup qualification,Tokyo,Japan,0,2024,0,1,315,2024-02-15,18.0,17.0,-1.0,1614.33,1620.19,2024-02-15,114.0,116.0,2.0,1168.12,1168.12,96.0,446.21,1905.0,1379.0,526.0,1,0.3333333333333333,0.2,0.4285714285714285,-0.131103515625,0.0950980447500288,0.2075904011726379,0.0,0.0,0.0,0.0,-0.3333333333333335,-0.5,0.3333333333333333,0.2,0.4285714285714285,-0.131103515625,0.4284313780833623,0.7075904011726379,0.656772110482394,-0.26470588235294124,0.9214779928353353
312,2024-03-21,Taiwan,Kyrgyzstan,0.0,2.0,FIFA World Cup qualification,Taipei,Taiwan,0,2024,0,1,313,2024-02-15,153.0,154.0,1.0,1023.93,1023.93,2024-02-15,104.0,98.0,-6.0,1196.97,1224.14,-49.0,-173.04000000000008,927.0,1253.0,-326.0,-1,-0.3333333333333333,0.0,0.0,-0.5,-0.1111111111111109,0.125,-0.3333333333333333,-0.3333333333333333,-0.3333333333333333,-0.5,-0.5555555555555556,-0.625,0.0,0.3333333333333333,0.3333333333333333,0.0,0.4444444444444446,0.75,2.699242825157745,-1.582006920415225,4.28124974557297
311,2024-03-21,Oman,Malaysia,2.0,0.0,FIFA World Cup qualification,Muscat,Oman,0,2024,0,1,312,2024-02-15,80.0,74.0,-6.0,1307.6,1324.89,2024-02-15,132.0,130.0,-2.0,1110.17,1122.87,52.0,197.42999999999984,1518.0,1291.0,227.0,1,-0.3333333333333333,0.2,0.0,-0.546875,-0.3305898491083676,-0.290283203125,0.0,0.25,0.25,0.0,0.2222222222222223,0.375,-0.3333333333333333,-0.0499999999999999,-0.25,-0.546875,-0.55281207133059,-0.665283203125,-0.18824911075344822,1.5095338896804393,-1.6977830004338876
313,2024-03-21,Singapore,China PR,2.0,2.0,FIFA World Cup qualification,Kallang,Singapore,0,2024,0,1,314,2024-02-15,156.0,156.0,0.0,1020.5,1020.5,2024-02-15,88.0,79.0,-9.0,1273.78,1299.49,-68.0,-253.28,1132.0,1475.0,-343.0,0,-0.3333333333333333,0.0,0.0,-0.5,-0.1111111111111109,0.125,-0.3333333333333333,-0.4,-0.5714285714285714,-0.71875,-0.6378600823045267,-0.6396484375,0.0,0.4,0.5714285714285714,0.21875,0.5267489711934158,0.7646484375,-0.09252595155709342,-1.0374230611210264,0.944897109563933
309,2024-03-21,Hong Kong,Uzbekistan,0.0,2.0,FIFA World Cup qualification,Hong Kong,Hong Kong,0,2024,0,1,310,2022-03-31,147.0,148.0,1.0,1053.39,1053.39,2024-02-15,66.0,68.0,2.0,1376.5,1345.26,-81.0,-323.1099999999999,1122.0,1643.0,-521.0,-1,-0.6666666666666666,-0.4,-0.4,-0.625,-0.3827160493827159,-0.1796875,0.3333333333333333,0.4,0.4285714285714285,0.328125,0.4087791495198903,0.470947265625,-1.0,-0.8,-0.8285714285714285,-0.953125,-0.7914951989026062,-0.650634765625,2.4425713293662668,0.6653985975141076,1.777172731852159
308,2024-03-21,Iraq,Philippines,1.0,0.0,FIFA World Cup qualification,Basra,Iraq,0,2024,0,1,309,2024-02-15,59.0,63.0,4.0,1409.44,1365.98,2024-02-15,139.0,140.0,1.0,1086.17,1086.17,80.0,323.27,1621.0,1046.0,575.0,1,0.3333333333333333,0.6,0.5714285714285714,-0.013671875,0.2390387644159935,0.2803077697753906,-0.5,-0.5,-0.5,-0.5,-0.6666666666666667,-0.75,0.8333333333333333,1.1,1.0714285714285714,0.486328125,0.9057054310826602,1.0303077697753906,0.26737388816437846,-1.0623529411764707,1.3297268293408493
307,2024-03-21,Pakistan,Jordan,0.0,3.0,FIFA World Cup qualification,Islamabad,Pakistan,0,2024,0,1,308,2024-02-15,195.0,195.0,0.0,856.54,856.54,2024-02-15,70.0,87.0,17.0,1343.6,1272.63,-125.0,-487.06,819.0,1503.0,-684.0,-1,-0.3333333333333333,-0.25,-0.25,-0.625,-0.4074074074074073,-0.296875,0.3333333333333333,0.2,0.2857142857142857,-0.08984375,0.0797134583142813,0.1156158447265625,-0.6666666666666666,-0.45,-0.5357142857142857,-0.53515625,-0.4871208657216887,-0.4124908447265625,0.14027274577651122,-0.0995675053117146,0.23984025108822582
306,2024-03-21,Saudi Arabia,Tajikistan,1.0,0.0,FIFA World Cup qualification,Riyadh,Saudi Arabia,0,2024,0,1,307,2024-02-15,53.0,56.0,3.0,1441.4,1421.06,2024-02-15,99.0,106.0,7.0,1218.89,1195.07,46.0,222.51,1586.0,1321.0,265.0,1,0.3333333333333333,0.6,0.4285714285714285,0.2255859375,0.3334104820666829,0.3715728521347046,-0.3333333333333333,-0.25,-0.25,-0.625,-0.4074074074074073,-0.296875,0.6666666666666666,0.85,0.6785714285714286,0.8505859375,0.7408178894740902,0.6684478521347046,0.3991549171563361,0.5939222470995319,-0.1947673299431958
305,2024-03-21,Bahrain,Nepal,5.0,0.0,FIFA World Cup qualification,Riffa,Bahrain,0,2024,0,1,306,2024-02-15,82.0,86.0,4.0,1297.32,1277.29,2024-02-15,175.0,175.0,0.0,948.05,948.05,93.0,349.27,1466.0,912.0,554.0,1,-0.3333333333333333,-0.2,-0.2,-0.375,-0.1604938271604937,0.0078125,-0.3333333333333333,-0.25,-0.25,-0.625,-0.4074074074074073,-0.296875,0.0,0.0499999999999999,0.0499999999999999,0.25,0.2469135802469136,0.3046875,0.3119342440823266,-0.34671687360065134,0.6586511176829779
304,2024-03-21,United Arab Emirates,Yemen,2.0,1.0,FIFA World Cup qualification,Abu Dhabi,United Arab Emirates,0,2024,0,1,305,2024-02-15,69.0,64.0,-5.0,1355.55,1364.46,2024-02-15,151.0,152.0,1.0,1027.94,1027.94,82.0,327.6099999999999,1531.0,1099.0,432.0,1,0.3333333333333333,0.2,-0.1428571428571428,-0.171875,-0.0105166895290351,0.0814208984375,0.0,0.25,0.25,0.375,0.4074074074074074,0.484375,0.3333333333333333,-0.0499999999999999,-0.3928571428571428,-0.546875,-0.4179240969364425,-0.4029541015625,1.2889769156123383,1.753922247099532,-0.46494533148719364
303,2024-03-21,Australia,Lebanon,2.0,0.0,FIFA World Cup qualification,Sydney,Australia,0,2024,0,1,304,2024-02-15,23.0,25.0,2.0,1554.82,1539.22,2024-02-15,115.0,107.0,-8.0,1168.07,1192.58,92.0,386.75,1784.0,1311.0,473.0,1,0.0,0.4,0.5714285714285714,-0.1342315673828125,0.1242816845445674,0.2297890440095216,-0.3333333333333333,-0.6,-0.5714285714285714,-0.609375,-0.5857338820301784,-0.612548828125,0.3333333333333333,1.0,1.1428571428571428,0.4751434326171875,0.7100155665747458,0.8423378721345216,1.1200930168859868,-0.18110606167505933,1.301199078561046
310,2024-03-21,South Korea,Thailand,1.0,1.0,FIFA World Cup qualification,Seoul,South Korea,0,2024,0,1,311,2024-02-15,22.0,23.0,1.0,1566.21,1550.65,2024-02-15,101.0,113.0,12.0,1206.72,1176.75,79.0,359.49,1799.0,1431.0,368.0,0,0.0,0.0,0.2857142857142857,-0.22412109375,-0.0259890875311965,0.0701945126056671,0.0,-0.25,-0.25,-0.5,-0.4814814814814815,-0.53125,0.0,0.25,0.5357142857142857,0.27587890625,0.4554923939502849,0.6014445126056671,-0.27637705126307566,-0.1761001424791369,-0.10027690878393875
319,2024-03-22,United States Virgin Islands,British Virgin Islands,1.0,1.0,FIFA World Cup qualification,Saint Croix,United States Virgin Islands,0,2024,0,1,320,2024-02-15,208.0,208.0,0.0,796.78,796.78,2024-02-15,207.0,207.0,0.0,807.57,807.57,-1.0,-10.790000000000076,633.0,658.0,-25.0,0,,,,,,,,,,,,,,,,,,,0.0,0.0,0.0
320,2024-03-22,Anguilla,Turks and Caicos Islands,0.0,0.0,FIFA World Cup qualification,The Valley,Anguilla,0,2024,0,1,321,2024-02-15,209.0,209.0,0.0,785.69,785.69,2024-02-15,206.0,206.0,0.0,818.57,818.57,-3.0,-32.879999999999995,578.0,781.0,-203.0,0,,,,,,,,,,,,,,,,,,,0.0,0.0,0.0
323,2024-03-26,British Virgin Islands,United States Virgin Islands,0.0,0.0,FIFA World Cup qualification,Road Town,British Virgin Islands,0,2024,0,1,324,2024-02-15,207.0,207.0,0.0,807.57,807.57,2024-02-15,208.0,208.0,0.0,796.78,796.78,1.0,10.790000000000076,658.0,633.0,25.0,0,0.0,0.0,0.0,0.0,0.0,0.0,0.0,0.0,0.0,0.0,0.0,0.0,0.0,0.0,0.0,0.0,0.0,0.0,-0.02,0.02,-0.04
321,2024-03-26,Tajikistan,Saudi Arabia,1.0,1.0,FIFA World Cup qualification,Dushanbe,Tajikistan,0,2024,0,1,322,2024-02-15,99.0,106.0,7.0,1218.89,1195.07,2024-02-15,53.0,56.0,3.0,1441.4,1421.06,-46.0,-222.51,1380.0,1586.0,-206.0,0,-1.0,-0.4,-0.4,-0.8125,-0.6049382716049382,-0.47265625,0.3333333333333333,0.6,0.7142857142857143,0.61279296875,0.5556069880444552,0.5286796391010284,-1.3333333333333333,-1.0,-1.1142857142857143,-1.42529296875,-1.1605452596493937,-1.0013358891010284,0.55427976197603,0.380381098500081,0.173898663475949
322,2024-03-26,Turks and Caicos Islands,Anguilla,1.0,1.0,FIFA World Cup qualification,Providenciales,Turks and Caicos Islands,0,2024,0,1,323,2024-02-15,206.0,206.0,0.0,818.57,818.57,2024-02-15,209.0,209.0,0.0,785.69,785.69,3.0,32.879999999999995,781.0,578.0,203.0,0,0.0,0.0,0.0,0.0,0.0,0.0,0.0,0.0,0.0,0.0,0.0,0.0,0.0,0.0,0.0,0.0,0.0,0.0,-0.06,0.06,-0.12
324,2024-03-26,Australia,Lebanon,5.0,0.0,FIFA World Cup qualification,Canberra,Australia,0,2024,0,1,325,2024-02-15,23.0,25.0,2.0,1554.82,1539.22,2024-02-15,115.0,107.0,-8.0,1168.07,1192.58,92.0,386.75,1784.0,1284.0,500.0,1,0.3333333333333333,0.4,0.5714285714285714,0.4328842163085937,0.4161877896963782,0.4223417830071412,-0.6666666666666666,-0.6,-0.5714285714285714,-0.8046875,-0.7238225880201189,-0.70941162109375,1.0,1.0,1.1428571428571428,1.2375717163085938,1.1400103777164972,1.1317534041008912,1.0636169570691643,-0.17986452863534994,1.2434814857045142
325,2024-03-26,Bangladesh,Palestine,0.0,1.0,FIFA World Cup qualification,Dhaka,Bangladesh,0,2024,0,1,326,2024-02-15,183.0,183.0,0.0,916.75,916.75,2024-02-15,97.0,99.0,2.0,1227.2,1217.6,-86.0,-310.45000000000005,939.0,1417.0,-478.0,-1,-0.6666666666666666,-0.2,-0.2,-0.5625,-0.382716049382716,-0.28515625,-0.3333333333333333,-0.4,-0.4,0.0625,-0.1358024691358025,-0.18359375,-0.3333333333333333,0.2,0.2,-0.625,-0.2469135802469134,-0.1015625,0.3083210210605716,-0.008738401120676226,0.31705942218124783
338,2024-03-26,Kuwait,Qatar,1.0,2.0,FIFA World Cup qualification,Al Farwaniyah,Kuwait,0,2024,0,1,339,2024-02-15,137.0,136.0,-1.0,1094.05,1098.07,2024-02-15,37.0,58.0,21.0,1499.34,1407.3,-100.0,-405.29,1340.0,1534.0,-194.0,-1,-0.3333333333333333,-0.3333333333333333,-0.3333333333333333,-0.5,-0.5555555555555556,-0.625,1.0,0.8,0.8571428571428571,0.935546875,0.8665515080695693,0.7819042205810547,-1.3333333333333333,-1.1333333333333333,-1.1904761904761905,-1.435546875,-1.4221070636251247,-1.406904220581055,-0.14076124567474047,-0.38933209263617924,0.24857084696143877
339,2024-03-26,India,Afghanistan,1.0,2.0,FIFA World Cup qualification,Guwahati,India,0,2024,0,1,340,2024-02-15,117.0,102.0,-15.0,1165.17,1200.8,2024-02-15,158.0,158.0,0.0,1017.68,1017.68,41.0,147.49000000000012,1228.0,1085.0,143.0,-1,-0.6666666666666666,-0.4,-0.4,-0.375,-0.2716049382716048,-0.1171875,-0.6666666666666666,0.0,0.0,-0.25,-0.0740740740740739,0.09375,0.0,-0.4,-0.4,-0.125,-0.1975308641975309,-0.2109375,-0.06408567905077768,-0.00426216161204962,-0.05982351743872806
326,2024-03-26,Yemen,United Arab Emirates,0.0,3.0,FIFA World Cup qualification,Khobar,Saudi Arabia,1,2024,0,1,327,2024-02-15,151.0,152.0,1.0,1027.94,1027.94,2024-02-15,69.0,64.0,-5.0,1355.55,1364.46,-82.0,-327.6099999999999,1101.0,1504.0,-403.0,-1,-0.3333333333333333,0.0,0.0,-0.3125,-0.0617283950617282,0.11328125,0.3333333333333333,0.2,0.1428571428571428,0.4140625,0.3263222069806432,0.311065673828125,-0.6666666666666666,-0.2,-0.1428571428571428,-0.7265625,-0.3880506020423714,-0.197784423828125,1.6883974090348535,1.1755076852822008,0.5128897237526526
337,2024-03-26,Philippines,Iraq,0.0,5.0,FIFA World Cup qualification,Manila,Philippines,0,2024,0,1,338,2024-02-15,139.0,140.0,1.0,1086.17,1086.17,2024-02-15,59.0,63.0,4.0,1409.44,1365.98,-80.0,-323.27,1052.0,1621.0,-569.0,-1,-0.6666666666666666,-0.6666666666666666,-0.6666666666666666,-0.75,-0.7777777777777778,-0.8125,0.3333333333333333,0.6,0.7142857142857143,0.4931640625,0.4926925096106623,0.4602308273315429,-1.0,-1.2666666666666666,-1.380952380952381,-1.2431640625,-1.27047028738844,-1.272730827331543,-0.964567474048443,0.2163518947429444,-1.1809193687913875
336,2024-03-26,Thailand,South Korea,0.0,3.0,FIFA World Cup qualification,Bangkok,Thailand,0,2024,0,1,337,2024-02-15,101.0,113.0,12.0,1206.72,1176.75,2024-02-15,22.0,23.0,1.0,1566.21,1550.65,-79.0,-359.49,1437.0,1799.0,-362.0,-1,-0.3333333333333333,-0.2,-0.2,-0.25,-0.3209876543209877,-0.3984375,0.0,0.0,0.1428571428571428,-0.112060546875,-0.017326058354131,0.0526458844542503,-0.3333333333333333,-0.2,-0.3428571428571428,-0.137939453125,-0.3036615959668566,-0.4510833844542503,-0.07280013409801121,-0.3530607541299536,0.28026062003194235
335,2024-03-26,China PR,Singapore,4.0,1.0,FIFA World Cup qualification,Tianjin,China PR,0,2024,0,1,336,2024-02-15,88.0,79.0,-9.0,1273.78,1299.49,2024-02-15,156.0,156.0,0.0,1020.5,1020.5,68.0,253.28,1400.0,1127.0,273.0,1,-0.6666666666666666,-0.4,-0.4285714285714285,-0.359375,-0.4252400548696845,-0.479736328125,-0.6666666666666666,0.0,0.0,-0.25,-0.0740740740740739,0.09375,0.0,-0.4,-0.4285714285714285,-0.109375,-0.3511659807956105,-0.573486328125,-1.0563981751727307,-0.007083248524323224,-1.0493149266484074
333,2024-03-26,Malaysia,Oman,0.0,2.0,FIFA World Cup qualification,Kuala Lumpur,Malaysia,0,2024,0,1,334,2024-02-15,132.0,130.0,-2.0,1110.17,1122.87,2024-02-15,80.0,74.0,-6.0,1307.6,1324.89,-52.0,-197.42999999999984,1285.0,1526.0,-241.0,-1,-0.6666666666666666,0.0,0.0,-0.5,-0.185185185185185,0.03125,-0.3333333333333333,0.2,0.2857142857142857,0.2265625,0.1129401005944215,0.03228759765625,-0.3333333333333333,-0.2,-0.2857142857142857,-0.7265625,-0.2981252857796065,-0.00103759765625,1.3642671902874723,-0.12070504541501009,1.4849722357024824
334,2024-03-26,Kyrgyzstan,Taiwan,5.0,1.0,FIFA World Cup qualification,Bishkek,Kyrgyzstan,0,2024,0,1,335,2024-02-15,104.0,98.0,-6.0,1196.97,1224.14,2024-02-15,153.0,154.0,1.0,1023.93,1023.93,49.0,173.04000000000008,1266.0,912.0,354.0,1,0.3333333333333333,0.0,0.0,0.25,-0.0370370370370371,-0.21875,-1.0,-0.2,-0.2,-0.75,-0.4074074074074072,-0.15625,1.3333333333333333,0.2,0.2,1.0,0.3703703703703701,-0.0625,-1.4289476898025646,2.4804638354425834,-3.9094115252451482
331,2024-03-26,Turkmenistan,Iran,0.0,1.0,FIFA World Cup qualification,Ashgabat,Turkmenistan,0,2024,0,1,332,2024-02-15,141.0,141.0,0.0,1078.25,1078.25,2024-02-15,20.0,21.0,1.0,1608.23,1565.08,-121.0,-529.98,1216.0,1827.0,-611.0,-1,-0.6666666666666666,-0.6666666666666666,-0.6666666666666666,-0.75,-0.7777777777777778,-0.8125,0.3333333333333333,0.4,0.5714285714285714,0.4310302734375,0.4088065383656051,0.4156217351555824,-1.0,-1.0666666666666669,-1.238095238095238,-1.1810302734375,-1.1865843161433829,-1.2281217351555824,-0.7253287197231834,-0.10080511958145563,-0.6245236001417277
330,2024-03-26,Syria,Myanmar,7.0,0.0,FIFA World Cup qualification,Dammam,Saudi Arabia,1,2024,0,1,331,2024-02-15,89.0,91.0,2.0,1265.51,1245.27,2024-02-15,162.0,162.0,0.0,1000.46,1000.46,73.0,265.04999999999995,1444.0,926.0,518.0,1,-0.3333333333333333,-0.4,-0.1428571428571428,-0.140625,-0.1896052431031855,-0.227142333984375,-0.6666666666666666,-0.2,-0.2,-0.3125,-0.1728395061728394,-0.01171875,0.3333333333333333,-0.2,0.0571428571428571,0.171875,-0.0167657369303461,-0.215423583984375,-0.9817293144235124,2.4805241795476585,-3.462253493971171
329,2024-03-26,Vietnam,Indonesia,0.0,3.0,FIFA World Cup qualification,Hanoi,Vietnam,0,2024,0,1,330,2024-02-15,105.0,94.0,-11.0,1194.58,1235.58,2024-02-15,142.0,146.0,4.0,1072.66,1064.01,37.0,121.91999999999985,1318.0,1297.0,21.0,-1,-1.0,-0.6,-0.5714285714285714,-0.9140625,-0.7853985672915713,-0.715728759765625,-0.3333333333333333,-0.4,-0.2857142857142857,0.0625,-0.0919067215363512,-0.06494140625,-0.6666666666666667,-0.1999999999999999,-0.2857142857142857,-0.9765625,-0.6934918457552202,-0.650787353515625,-1.6775519740179567,3.4754716044519642,-5.153023578469921
328,2024-03-26,Jordan,Pakistan,7.0,0.0,FIFA World Cup qualification,Amman,Jordan,0,2024,0,1,329,2024-02-15,70.0,87.0,17.0,1343.6,1272.63,2024-02-15,195.0,195.0,0.0,856.54,856.54,125.0,487.06,1503.0,828.0,675.0,1,0.3333333333333333,0.6,0.2857142857142857,0.455078125,0.3864756388761875,0.3367118835449219,-1.0,-0.4,-0.4,-0.8125,-0.6049382716049382,-0.47265625,1.3333333333333333,1.0,0.6857142857142857,1.267578125,0.9914139104811256,0.8093681335449219,-0.06429882852867255,0.10260964308377526,-0.16690847161244782
327,2024-03-26,Bahrain,Nepal,3.0,0.0,FIFA World Cup qualification,Riffa,Bahrain,0,2024,0,1,328,2024-02-15,82.0,86.0,4.0,1297.32,1277.29,2024-02-15,175.0,175.0,0.0,948.05,948.05,93.0,349.27,1461.0,894.0,567.0,1,0.3333333333333333,-0.2,0.0,0.3125,0.2263374485596707,0.255859375,-1.0,-0.4,-0.4,-0.8125,-0.6049382716049382,-0.47265625,1.3333333333333333,0.2,0.4,1.125,0.8312757201646089,0.728515625,0.47829105325395443,-0.5110276457417895,0.9893186989957439
332,2024-03-26,Uzbekistan,Hong Kong,3.0,0.0,FIFA World Cup qualification,Tashkent,Uzbekistan,0,2024,0,1,333,2024-02-15,66.0,68.0,2.0,1376.5,1345.26,2022-03-31,147.0,148.0,1.0,1053.39,1053.39,81.0,323.1099999999999,1643.0,1060.0,583.0,1,0.6666666666666666,0.6,0.4285714285714285,0.6640625,0.6058527663465935,0.60321044921875,-0.6666666666666666,-0.8,-0.5,-0.8125,-0.5884773662551439,-0.384765625,1.3333333333333333,1.4,0.9285714285714286,1.4765625,1.1943301326017377,0.98797607421875,0.6486104447191601,2.2765377217564864,-1.6279272770373263
346,2024-06-05,Tunisia,Equatorial Guinea,1.0,0.0,FIFA World Cup qualification,Radès,Tunisia,0,2024,0,1,347,2024-04-04,41.0,41.0,0.0,1493.12,1491.15,2024-04-04,79.0,79.0,0.0,1308.03,1310.5,38.0,185.08999999999992,1738.0,1467.0,271.0,1,-0.3333333333333333,0.2,0.1428571428571428,-0.021484375,0.0571051160900269,0.1338615417480468,-0.3333333333333333,-0.3333333333333333,-0.3333333333333333,0.0,-0.3333333333333335,-0.5,0.0,0.5333333333333333,0.4761904761904761,-0.021484375,0.3904384494233605,0.6338615417480469,0.28525115575347826,-3.0162629757785466,3.301514131532025
348,2024-06-05,Togo,South Sudan,1.0,1.0,FIFA World Cup qualification,Lomé,Togo,0,2024,0,1,349,2024-04-04,113.0,116.0,3.0,1170.34,1165.74,2024-04-04,167.0,166.0,-1.0,984.65,989.29,54.0,185.69,1319.0,1136.0,183.0,0,0.0,0.0,0.0,0.0,0.0,0.0,-0.5,-0.5,-0.5,-0.5,-0.6666666666666667,-0.75,0.5,0.5,0.5,0.5,0.6666666666666667,0.75,-0.09058823529411765,-0.92,0.8294117647058824
347,2024-06-05,Namibia,Liberia,1.0,1.0,FIFA World Cup qualification,Johannesburg,South Africa,1,2024,0,1,348,2024-04-04,106.0,107.0,1.0,1192.13,1192.13,2024-04-04,152.0,152.0,0.0,1029.58,1024.11,46.0,162.55000000000018,1414.0,1270.0,144.0,0,0.3333333333333333,0.5,0.5,0.0,0.3333333333333335,0.5,0.0,0.0,0.0,0.0,-0.3333333333333335,-0.5,0.3333333333333333,0.5,0.5,0.0,0.666666666666667,1.0,2.8834927742723386,-0.1670588235294117,3.0505515978017503
345,2024-06-05,Nicaragua,Montserrat,4.0,1.0,FIFA World Cup qualification,Managua,Nicaragua,0,2024,0,1,346,2024-04-04,135.0,134.0,-1.0,1102.54,1104.26,2024-04-04,175.0,176.0,1.0,946.08,946.08,40.0,156.45999999999992,1344.0,1003.0,341.0,1,,,,,,,,,,,,,,,,,,,0.0,0.0,0.0
350,2024-06-05,Central African Republic,Chad,1.0,0.0,FIFA World Cup qualification,Oujda,Morocco,1,2024,0,1,351,2024-04-04,128.0,129.0,1.0,1128.17,1121.34,2024-04-04,176.0,181.0,5.0,945.92,920.37,48.0,182.2500000000001,1286.0,1178.0,108.0,1,-0.5,-0.5,-0.5,-0.5,-0.6666666666666667,-0.75,-1.0,-1.0,-1.0,-1.0,-1.0,-1.0,0.5,0.5,0.5,0.5,0.3333333333333332,0.25,-1.8070588235294118,0.5094117647058825,-2.316470588235294
343,2024-06-05,Trinidad and Tobago,Grenada,2.0,2.0,FIFA World Cup qualification,Port of Spain,Trinidad and Tobago,0,2024,0,1,344,2024-04-04,98.0,96.0,-2.0,1220.65,1228.05,2024-04-04,174.0,174.0,0.0,950.99,950.99,76.0,269.6600000000001,1373.0,1107.0,266.0,0,,,,,,,,,,,,,,,,,,,0.0,0.0,0.0
342,2024-06-05,Curaçao,Barbados,4.0,1.0,FIFA World Cup qualification,Willemstad,Curaçao,0,2024,0,1,343,2024-04-04,91.0,91.0,0.0,1262.48,1262.48,2024-04-04,177.0,178.0,1.0,943.8,943.8,86.0,318.68000000000006,1337.0,955.0,382.0,1,,,,,,,,,,,,,,,,,,,0.0,0.0,0.0
341,2024-06-05,Guatemala,Dominica,6.0,0.0,FIFA World Cup qualification,Guatemala City,Guatemala,0,2024,0,1,342,2024-04-04,108.0,108.0,0.0,1188.28,1188.17,2024-04-04,180.0,180.0,0.0,922.25,922.25,72.0,266.03,1481.0,981.0,500.0,1,,,,,,,,,,,,,,,,,,,0.0,0.0,0.0
340,2024-06-05,Suriname,Saint Vincent and the Grenadines,4.0,1.0,FIFA World Cup qualification,Paramaribo,Suriname,0,2024,0,1,341,2024-04-04,144.0,144.0,0.0,1071.85,1071.85,2024-04-04,173.0,173.0,0.0,953.47,953.47,29.0,118.37999999999988,1291.0,1037.0,254.0,1,,,,,,,,,,,,,,,,,,,0.0,0.0,0.0
344,2024-06-05,Antigua and Barbuda,Bermuda,1.0,1.0,FIFA World Cup qualification,Piggotts,Antigua and Barbuda,0,2024,0,1,345,2024-04-04,142.0,142.0,0.0,1072.66,1072.66,2024-04-04,170.0,171.0,1.0,974.3,972.36,28.0,98.36000000000011,1191.0,1175.0,16.0,0,,,,,,,,,,,,,,,,,,,0.0,0.0,0.0
349,2024-06-05,Sierra Leone,Djibouti,2.0,1.0,FIFA World Cup qualification,El Jadida,Morocco,1,2024,0,1,350,2024-04-04,126.0,126.0,0.0,1137.36,1137.36,2024-04-04,192.0,192.0,0.0,877.28,882.76,66.0,260.0799999999999,1333.0,752.0,581.0,1,-0.5,-0.5,-0.5,-0.5,-0.3333333333333332,-0.25,-1.0,-1.0,-1.0,-1.0,-1.0,-1.0,0.5,0.5,0.5,0.5,0.6666666666666667,0.75,-0.41058823529411764,-2.7141176470588233,2.3035294117647056
377,2024-06-06,Afghanistan,Qatar,0.0,0.0,FIFA World Cup qualification,Al Hofuf,Saudi Arabia,1,2024,0,1,378,2024-04-04,151.0,158.0,7.0,1036.92,1017.68,2024-04-04,34.0,37.0,3.0,1507.94,1499.34,-117.0,-471.02,1085.0,1534.0,-449.0,0,0.0,0.0,0.1666666666666666,0.375,0.2839506172839506,0.3203125,1.0,0.8,0.8571428571428571,0.9677734375,0.9110343387130462,0.836428165435791,-1.0,-0.8,-0.6904761904761905,-0.5927734375,-0.6270837214290956,-0.516115665435791,0.10304737730630623,-0.42525373424581575,0.528301111552122
378,2024-06-06,India,Kuwait,0.0,0.0,FIFA World Cup qualification,Kolkota,India,0,2024,0,1,379,2024-04-04,121.0,117.0,-4.0,1145.94,1165.17,2024-04-04,139.0,137.0,-2.0,1085.46,1094.05,18.0,60.48000000000002,1228.0,1340.0,-112.0,0,-0.6666666666666666,-0.8,-0.5,-0.6875,-0.5144032921810698,-0.337890625,-0.3333333333333333,-0.5,-0.5,-0.75,-0.7037037037037037,-0.71875,-0.3333333333333333,-0.3,0.0,0.0625,0.1893004115226338,0.380859375,-0.16737475675367308,-0.07365764298799103,-0.09371711376568205
382,2024-06-06,Singapore,South Korea,0.0,7.0,FIFA World Cup qualification,Kallang,Singapore,0,2024,0,1,383,2024-04-04,155.0,156.0,1.0,1019.06,1020.5,2024-04-04,23.0,22.0,-1.0,1563.99,1566.21,-132.0,-544.9300000000001,1127.0,1799.0,-672.0,-1,-0.6666666666666666,-0.4,-0.1666666666666666,-0.625,-0.3827160493827159,-0.1796875,0.0,0.2,0.1428571428571428,0.4439697265625,0.3217826277639126,0.2894844133406877,-0.6666666666666666,-0.6000000000000001,-0.3095238095238095,-1.0689697265625,-0.7044986771466285,-0.4691719133406877,-0.10313717508171596,-0.24876306271054452,0.14562588762882855
381,2024-06-06,China PR,Thailand,1.0,1.0,FIFA World Cup qualification,Shenyang,China PR,0,2024,0,1,382,2024-04-04,88.0,88.0,0.0,1275.22,1273.78,2024-04-04,101.0,101.0,0.0,1208.93,1206.72,13.0,66.28999999999996,1400.0,1437.0,-37.0,0,0.0,0.0,-0.1428571428571428,0.3203125,0.0498399634202102,-0.10980224609375,-0.6666666666666666,-0.2,-0.3333333333333333,-0.625,-0.5473251028806584,-0.548828125,0.6666666666666666,0.2,0.1904761904761904,0.9453125,0.5971650663008686,0.43902587890625,-0.8977865178096289,-0.1520471850334223,-0.7457393327762066
380,2024-06-06,North Korea,Syria,1.0,0.0,FIFA World Cup qualification,Vientiane,Laos,1,2024,0,1,381,2024-04-04,118.0,114.0,-4.0,1160.57,1168.12,2024-04-04,89.0,89.0,0.0,1266.52,1265.51,-29.0,-105.95000000000005,1370.0,1444.0,-74.0,1,-0.3333333333333333,-0.3333333333333333,-0.3333333333333333,-0.5,-0.5555555555555556,-0.625,0.3333333333333333,0.0,0.0,0.4296875,0.2069298379312095,0.0796432495117187,-0.6666666666666666,-0.3333333333333333,-0.3333333333333333,-0.9296875,-0.7624853934867651,-0.7046432495117188,-0.19501730103806234,-0.5980981782809529,0.40308087724289055
379,2024-06-06,Myanmar,Japan,0.0,5.0,FIFA World Cup qualification,Yangon,Myanmar,0,2024,0,1,380,2024-04-04,163.0,162.0,-1.0,999.46,1000.46,2024-04-04,18.0,18.0,0.0,1621.88,1614.33,-145.0,-622.4200000000001,926.0,1905.0,-979.0,-1,-0.6666666666666666,-0.6,-0.3333333333333333,-0.65625,-0.4485596707818929,-0.2587890625,0.3333333333333333,0.2,0.4285714285714285,0.4344482421875,0.3967320298333525,0.4056928008794784,-1.0,-0.8,-0.7619047619047619,-1.0906982421875,-0.8452917006152454,-0.6644818633794785,2.008728639574267,0.5640208098657826,1.4447078297084843
376,2024-06-06,Libya,Mauritius,2.0,1.0,FIFA World Cup qualification,Benghazi,Libya,0,2024,0,1,377,2024-04-04,114.0,120.0,6.0,1166.71,1159.51,2024-04-04,183.0,177.0,-6.0,919.4,944.95,69.0,247.3100000000001,1347.0,1029.0,318.0,1,0.5,0.5,0.5,0.5,0.6666666666666667,0.75,-0.5,-0.5,-0.5,-0.5,-0.6666666666666667,-0.75,1.0,1.0,1.0,1.0,1.3333333333333337,1.5,0.6623529411764706,-0.2294117647058822,0.8917647058823528
375,2024-06-06,Algeria,Guinea,1.0,2.0,FIFA World Cup qualification,Algiers,Algeria,0,2024,0,1,376,2024-04-04,43.0,43.0,0.0,1482.71,1480.24,2024-04-04,76.0,76.0,0.0,1324.65,1320.42,33.0,158.05999999999997,1723.0,1468.0,255.0,-1,-0.3333333333333333,0.2,0.1428571428571428,-0.40625,-0.1248285322359395,0.05322265625,-1.0,-0.5,-0.5,-0.75,-0.4074074074074072,-0.15625,0.6666666666666667,0.7,0.6428571428571428,0.34375,0.2825788751714677,0.20947265625,0.4361470751259168,0.3997028292285771,0.036444245897339744
374,2024-06-06,Kyrgyzstan,Malaysia,1.0,1.0,FIFA World Cup qualification,Bishkek,Kyrgyzstan,0,2024,0,1,375,2024-04-04,100.0,104.0,4.0,1213.6,1196.97,2024-04-04,138.0,132.0,-6.0,1094.54,1110.17,38.0,119.05999999999996,1266.0,1285.0,-19.0,0,0.3333333333333333,0.2,0.2,0.625,0.3086419753086418,0.0859375,-0.6666666666666666,-0.4,-0.1666666666666666,-0.75,-0.4567901234567899,-0.2265625,1.0,0.6000000000000001,0.3666666666666667,1.375,0.7654320987654317,0.3125,-1.1672448845200607,1.2275455908587976,-2.3947904753788585
373,2024-06-06,Benin,Rwanda,1.0,0.0,FIFA World Cup qualification,Abidjan,Ivory Coast,1,2024,0,1,374,2024-04-04,97.0,98.0,1.0,1225.68,1225.1,2024-04-04,131.0,133.0,2.0,1112.44,1107.04,34.0,113.24,1476.0,1271.0,205.0,1,-0.5,-0.5,-0.5,-0.5,-0.6666666666666667,-0.75,0.5,0.5,0.5,0.5,0.3333333333333332,0.25,-1.0,-1.0,-1.0,-1.0,-1.0,-1.0,-0.4658823529411765,0.4894117647058823,-0.9552941176470588
372,2024-06-06,Senegal,DR Congo,1.0,1.0,FIFA World Cup qualification,Diamniadio,Senegal,0,2024,0,1,373,2024-04-04,17.0,17.0,0.0,1624.73,1620.74,2024-04-04,63.0,63.0,0.0,1388.25,1388.25,46.0,236.48,1731.0,1497.0,234.0,0,0.6666666666666666,0.6,0.4285714285714285,0.4501953125,0.5018318119979452,0.4598965644836426,0.0,0.0,0.0,-0.1279296875,-0.0892479127504275,-0.0739889144897461,0.6666666666666666,0.6,0.4285714285714285,0.578125,0.5910797247483728,0.5338854789733887,-0.6714103144642743,0.40096878384966583,-1.0723790983139403
371,2024-06-06,Mauritania,Sudan,0.0,2.0,FIFA World Cup qualification,Nouakchott,Mauritania,0,2024,0,1,372,2024-04-04,105.0,106.0,1.0,1195.5,1194.48,2024-04-04,127.0,127.0,0.0,1129.32,1128.74,22.0,66.18000000000006,1372.0,1296.0,76.0,-1,0.0,-0.25,-0.25,-0.375,-0.4074074074074074,-0.484375,0.5,0.5,0.5,0.5,0.3333333333333332,0.25,-0.5,-0.75,-0.75,-0.875,-0.7407407407407407,-0.734375,-1.0323264807653165,0.3423529411764706,-1.374679421941787
370,2024-06-06,Egypt,Burkina Faso,2.0,1.0,FIFA World Cup qualification,Cairo,Egypt,0,2024,0,1,371,2024-04-04,37.0,36.0,-1.0,1499.72,1500.38,2024-04-04,62.0,61.0,-1.0,1390.38,1399.92,25.0,109.33999999999992,1684.0,1549.0,135.0,1,0.0,0.2,0.1428571428571428,0.046875,0.1390032007315958,0.2274169921875,0.3333333333333333,0.3333333333333333,0.3333333333333333,0.25,0.2222222222222222,0.1875,-0.3333333333333333,-0.1333333333333333,-0.1904761904761904,-0.203125,-0.0832190214906263,0.0399169921875,0.7935299997424322,-0.8598615916955018,1.653391591437934
369,2024-06-06,Guinea-Bissau,Ethiopia,0.0,0.0,FIFA World Cup qualification,Bissau,Guinea-Bissau,0,2024,0,1,370,2024-04-04,116.0,118.0,2.0,1163.44,1164.01,2024-04-04,145.0,145.0,0.0,1068.48,1068.79,29.0,94.96000000000004,1411.0,1285.0,126.0,0,0.0,0.0,0.0,-0.25,-0.111111111111111,-0.0625,-0.5,-0.5,-0.5,-0.5,-0.3333333333333332,-0.25,0.5,0.5,0.5,0.25,0.2222222222222222,0.1875,0.8751557093425606,0.3211764705882353,0.5539792387543253
368,2024-06-06,Taiwan,Oman,0.0,3.0,FIFA World Cup qualification,Taipei,Taiwan,0,2024,0,1,369,2024-04-04,159.0,153.0,-6.0,1007.3,1023.93,2024-04-04,77.0,80.0,3.0,1323.23,1307.6,-82.0,-315.93000000000006,912.0,1526.0,-614.0,-1,-1.0,-0.6,-0.3333333333333333,-0.875,-0.6049382716049381,-0.3671875,0.3333333333333333,0.2,0.4285714285714285,0.61328125,0.4086267337296143,0.2742156982421875,-1.3333333333333333,-0.8,-0.7619047619047619,-1.48828125,-1.0135650053345524,-0.6414031982421875,2.1569071392400785,-0.05713416039059773,2.214041299630676
383,2024-06-06,Malawi,São Tomé and Príncipe,3.0,1.0,FIFA World Cup qualification,Lilongwe,Malawi,0,2024,0,1,384,2024-04-04,125.0,122.0,-3.0,1140.93,1149.4,2024-04-04,188.0,191.0,3.0,893.58,888.94,63.0,247.35,1354.0,1062.0,292.0,1,0.0,0.0,0.0,0.0,0.3333333333333335,0.5,-1.0,-1.0,-1.0,-1.0,-1.0,-1.0,1.0,1.0,1.0,1.0,1.3333333333333337,1.5,0.4623529411764705,-0.8988235294117647,1.3611764705882352
367,2024-06-06,Mali,Ghana,1.0,2.0,FIFA World Cup qualification,Bamako,Mali,0,2024,0,1,368,2024-04-04,44.0,47.0,3.0,1477.9,1469.81,2024-04-04,68.0,67.0,-1.0,1358.77,1363.42,24.0,119.13000000000012,1631.0,1548.0,83.0,-1,0.0,0.2,0.0,-0.359375,-0.2071330589849108,-0.208251953125,-0.3333333333333333,-0.2,-0.1428571428571428,-0.16796875,-0.215211095869532,-0.2151947021484375,0.3333333333333333,0.4,0.1428571428571428,-0.19140625,0.0080780368846212,0.0069427490234375,-0.5874312123147114,0.163572688728183,-0.7510039010428944
365,2024-06-06,Bangladesh,Australia,0.0,2.0,FIFA World Cup qualification,Dhaka,Bangladesh,0,2024,0,1,366,2024-04-04,184.0,183.0,-1.0,905.3,916.75,2024-04-04,24.0,23.0,-1.0,1563.93,1554.82,-160.0,-658.6300000000001,939.0,1784.0,-845.0,-1,-0.6666666666666666,-0.4,-0.3333333333333333,-0.78125,-0.5884773662551439,-0.4638671875,0.3333333333333333,0.4,0.5714285714285714,0.7164421081542969,0.6107918597975854,0.5667563372553559,-1.0,-0.8,-0.9047619047619048,-1.4976921081542969,-1.1992692260527291,-1.030623524755356,0.3325374315864203,1.186933606653331,-0.8543961750669107
364,2024-06-06,Hong Kong,Iran,2.0,4.0,FIFA World Cup qualification,Hong Kong,Hong Kong,0,2024,0,1,365,2022-03-31,147.0,148.0,1.0,1053.39,1053.39,2024-04-04,20.0,20.0,0.0,1613.96,1608.23,-127.0,-560.5699999999999,1060.0,1827.0,-767.0,-1,-1.0,-0.8,-0.5714285714285714,-0.90625,-0.7256515775034292,-0.53857421875,0.3333333333333333,0.4,0.5714285714285714,0.71551513671875,0.6058710255770701,0.5617163013666868,-1.3333333333333333,-1.2000000000000002,-1.1428571428571428,-1.62176513671875,-1.3315226030804994,-1.1002905201166868,2.0614472675355167,-0.17840481842960532,2.239852085965122
363,2024-06-06,Jamaica,Dominican Republic,1.0,0.0,FIFA World Cup qualification,Kingston,Jamaica,0,2024,0,1,364,2024-04-04,55.0,57.0,2.0,1435.33,1421.54,2024-04-04,150.0,150.0,0.0,1042.86,1040.77,95.0,392.47,1610.0,1193.0,417.0,1,0.0,-0.4,-0.5,0.125,-0.1851851851851853,-0.359375,,,,,,,,,,,,,-0.3539612510273922,0.0,0.0
362,2024-06-06,Panama,Guyana,2.0,0.0,FIFA World Cup qualification,Panama City,Panama,0,2024,0,1,363,2024-04-04,45.0,44.0,-1.0,1475.62,1475.62,2024-04-04,154.0,157.0,3.0,1020.31,1018.14,109.0,455.31,1765.0,1268.0,497.0,1,0.0,0.0,-0.1666666666666666,0.1875,-0.0534979423868314,-0.201171875,,,,,,,,,,,,,-0.5686154591624367,0.0,0.0
361,2024-06-06,Haiti,Saint Lucia,2.0,1.0,FIFA World Cup qualification,Bridgetown,Barbados,1,2024,0,1,362,2024-04-04,90.0,90.0,0.0,1262.5,1262.5,2024-04-04,165.0,167.0,2.0,988.67,988.67,75.0,273.83000000000004,1496.0,1136.0,360.0,1,,,,,,,,,,,,,,,,,,,0.0,0.0,0.0
360,2024-06-06,Costa Rica,Saint Kitts and Nevis,4.0,0.0,FIFA World Cup qualification,San José,Costa Rica,0,2024,0,1,361,2024-04-04,52.0,54.0,2.0,1445.38,1437.57,2024-04-04,147.0,147.0,0.0,1056.61,1057.05,95.0,388.7700000000002,1714.0,1131.0,583.0,1,-0.3333333333333333,0.2,0.4285714285714285,-0.251953125,0.0240308896001626,0.1937217712402343,,,,,,,,,,,,,0.2709230537534144,0.0,0.0
359,2024-06-06,Honduras,Cuba,3.0,1.0,FIFA World Cup qualification,Tegucigalpa,Honduras,0,2024,0,1,360,2024-04-04,82.0,78.0,-4.0,1301.92,1311.43,2024-04-04,169.0,169.0,0.0,980.65,980.65,87.0,321.2700000000001,1538.0,1305.0,233.0,1,-0.6666666666666666,-0.8,-0.8333333333333334,-0.875,-0.8518518518518519,-0.859375,,,,,,,,,,,,,-1.1220875623390245,0.0,0.0
358,2024-06-06,Palestine,Lebanon,0.0,0.0,FIFA World Cup qualification,Doha,Qatar,1,2024,0,1,359,2024-04-04,93.0,97.0,4.0,1238.66,1227.2,2024-04-04,120.0,115.0,-5.0,1158.96,1168.07,27.0,79.70000000000005,1417.0,1284.0,133.0,0,0.3333333333333333,-0.2,-0.1666666666666666,0.53125,0.2427983539094649,0.1123046875,-1.0,-0.6,-0.7142857142857143,-0.90234375,-0.8158817253467459,-0.7820587158203125,1.3333333333333333,0.3999999999999999,0.5476190476190477,1.43359375,1.0586800792562108,0.8943634033203125,-0.050577318701812916,-0.35516661518621173,0.3045892964843988
357,2024-06-06,Bahrain,Yemen,0.0,0.0,FIFA World Cup qualification,Riffa,Bahrain,0,2024,0,1,358,2024-04-04,80.0,82.0,2.0,1307.53,1297.32,2024-04-04,156.0,151.0,-5.0,1017.05,1027.94,76.0,290.48,1461.0,1101.0,360.0,0,0.3333333333333333,0.2,0.1428571428571428,0.65625,0.4842249657064471,0.44189453125,-0.3333333333333333,-0.4,-0.1666666666666666,-0.65625,-0.3744855967078188,-0.1650390625,0.6666666666666666,0.6000000000000001,0.3095238095238095,1.3125,0.8587105624142659,0.60693359375,0.5172151089448983,1.5090799143857443,-0.991864805440846
356,2024-06-06,El Salvador,Puerto Rico,0.0,0.0,FIFA World Cup qualification,San Salvador,El Salvador,0,2024,0,1,357,2024-04-04,81.0,81.0,0.0,1305.02,1306.14,2024-04-04,160.0,160.0,0.0,1006.35,1007.19,79.0,298.67,1483.0,1146.0,337.0,0,-0.6666666666666666,-0.4,-0.5,-0.8125,-0.7201646090534979,-0.701171875,,,,,,,,,,,,,0.08561343853641593,0.0,0.0
355,2024-06-06,Nepal,United Arab Emirates,0.0,4.0,FIFA World Cup qualification,Dammam,Saudi Arabia,1,2024,0,1,356,2024-04-04,178.0,175.0,-3.0,937.84,948.05,2024-04-04,67.0,69.0,2.0,1366.45,1355.55,-111.0,-428.61,894.0,1504.0,-610.0,-1,-1.0,-0.6,-0.5,-0.90625,-0.736625514403292,-0.6044921875,0.3333333333333333,0.6,0.4285714285714285,0.70703125,0.5508814713204288,0.4832992553710937,-1.3333333333333333,-1.2,-0.9285714285714286,-1.61328125,-1.287506985723721,-1.0877914428710938,-0.5480260195216842,1.186360174383248,-1.734386193904932
354,2024-06-06,Pakistan,Saudi Arabia,0.0,3.0,FIFA World Cup qualification,Islamabad,Pakistan,0,2024,0,1,355,2024-04-04,195.0,195.0,0.0,849.94,856.54,2024-04-04,53.0,53.0,0.0,1443.53,1441.4,-142.0,-593.5899999999999,828.0,1586.0,-758.0,-1,-1.0,-0.6,-0.5,-0.90625,-0.736625514403292,-0.6044921875,0.3333333333333333,0.4,0.5714285714285714,0.306396484375,0.3704046586963035,0.3965097293257713,-1.3333333333333333,-1.0,-1.0714285714285714,-1.212646484375,-1.1070301730995955,-1.001001916825771,-0.16813210062703504,0.30388809270595857,-0.4720201933329936
353,2024-06-06,Jordan,Tajikistan,3.0,0.0,FIFA World Cup qualification,Amman,Jordan,0,2024,0,1,354,2024-04-04,71.0,70.0,-1.0,1350.21,1343.6,2024-04-04,99.0,99.0,0.0,1216.76,1218.89,28.0,133.45000000000005,1503.0,1380.0,123.0,1,0.3333333333333333,0.6,0.4285714285714285,0.7275390625,0.5909837592507916,0.5025339126586914,-0.6666666666666666,-0.4,-0.3333333333333333,-0.40625,-0.4032921810699588,-0.3544921875,1.0,1.0,0.7619047619047619,1.1337890625,0.9942759403207504,0.8570261001586914,0.20418933785536703,0.5757927171539106,-0.37160337929854353
366,2024-06-06,Uzbekistan,Turkmenistan,3.0,1.0,FIFA World Cup qualification,Tashkent,Uzbekistan,0,2024,0,1,367,2024-04-04,64.0,66.0,2.0,1386.58,1376.5,2024-04-04,143.0,141.0,-2.0,1072.52,1078.25,79.0,314.05999999999995,1643.0,1216.0,427.0,1,0.6666666666666666,0.6,0.5714285714285714,0.83203125,0.7372351775643956,0.7024078369140625,-0.6666666666666666,-0.75,-0.75,-0.875,-0.8518518518518519,-0.859375,1.3333333333333333,1.35,1.3214285714285714,1.70703125,1.5890870294162474,1.5617828369140625,0.6916333597356801,-0.5991329126806432,1.2907662724163234
352,2024-06-06,Vietnam,Philippines,3.0,2.0,FIFA World Cup qualification,Hanoi,Vietnam,0,2024,0,1,353,2024-04-04,115.0,105.0,-10.0,1164.54,1194.58,2024-04-04,141.0,139.0,-2.0,1075.14,1086.17,26.0,89.39999999999986,1318.0,1052.0,266.0,1,-1.0,-1.0,-0.5714285714285714,-0.95703125,-0.8569323781943808,-0.7867965698242188,-0.6666666666666666,-0.75,-0.75,-0.875,-0.8518518518518519,-0.859375,-0.3333333333333333,-0.25,0.1785714285714286,-0.08203125,-0.0050805263425289,0.0725784301757812,-1.7988724461345476,-1.1078282108691229,-0.6910442352654247
351,2024-06-06,Indonesia,Iraq,0.0,2.0,FIFA World Cup qualification,Jakarta,Indonesia,0,2024,0,1,352,2024-04-04,134.0,142.0,8.0,1102.7,1072.66,2024-04-04,58.0,59.0,1.0,1420.47,1409.44,-76.0,-317.77,1297.0,1621.0,-324.0,-1,0.3333333333333333,-0.2,-0.2857142857142857,0.53125,0.2720621856424324,0.2012939453125,0.3333333333333333,0.6,0.7142857142857143,0.74658203125,0.6617950064071082,0.5951731204986572,0.0,-0.8,-1.0,-0.21533203125,-0.3897328207646757,-0.3938791751861572,3.491032098307731,0.40362531269924173,3.087406785608489
389,2024-06-07,Angola,Eswatini,1.0,0.0,FIFA World Cup qualification,Luanda,Angola,0,2024,0,1,390,2024-04-04,94.0,93.0,-1.0,1235.76,1238.11,2024-04-04,148.0,149.0,1.0,1048.89,1045.88,54.0,186.8699999999999,1398.0,1269.0,129.0,1,0.0,0.0,0.0,0.0,0.0,0.0,-1.0,-1.0,-1.0,-1.0,-1.0,-1.0,1.0,1.0,1.0,1.0,1.0,1.0,0.7741868512110726,-0.5976470588235294,1.371833910034602
392,2024-06-07,Morocco,Zambia,2.0,1.0,FIFA World Cup qualification,Agadir,Morocco,0,2024,0,1,393,2024-04-04,13.0,12.0,-1.0,1661.42,1663.39,2024-04-04,86.0,87.0,1.0,1278.26,1275.71,73.0,383.1600000000001,1846.0,1523.0,323.0,1,0.0,0.4,0.0,-0.1741943359375,0.016867974682671,0.0923891216516494,-0.6666666666666666,-0.25,-0.25,-0.5,-0.185185185185185,0.03125,0.6666666666666666,0.65,0.25,0.3258056640625,0.202053159867856,0.0611391216516494,-0.46884968776162805,1.1873234276409526,-1.6561731154025807
391,2024-06-07,Zimbabwe,Lesotho,0.0,2.0,FIFA World Cup qualification,Johannesburg,South Africa,1,2024,0,1,392,2024-04-04,122.0,124.0,2.0,1143.66,1144.56,2024-04-04,149.0,148.0,-1.0,1047.58,1047.27,27.0,96.08000000000015,1333.0,1252.0,81.0,-1,0.0,0.0,0.0,0.0,0.0,0.0,0.0,0.0,0.0,0.0,0.0,0.0,0.0,0.0,0.0,0.0,0.0,0.0,-0.1823529411764706,2.1976470588235295,-2.38
390,2024-06-07,Nigeria,South Africa,1.0,1.0,FIFA World Cup qualification,Uyo,Nigeria,0,2024,0,1,391,2024-04-04,30.0,28.0,-2.0,1520.27,1522.26,2024-04-04,59.0,58.0,-1.0,1407.67,1410.23,29.0,112.59999999999992,1657.0,1486.0,171.0,0,0.0,0.0,0.0,-0.375,-0.1851851851851851,-0.109375,0.0,0.2,0.1428571428571428,0.0703125,0.1329065691205609,0.187042236328125,0.0,-0.2,-0.1428571428571428,-0.4453125,-0.318091754305746,-0.296417236328125,-0.6759341821042542,0.37821600878395567,-1.0541501908882098
388,2024-06-07,Madagascar,Comoros,2.0,1.0,FIFA World Cup qualification,Johannesburg,South Africa,1,2024,0,1,389,2024-04-04,109.0,109.0,0.0,1185.86,1187.63,2024-04-04,117.0,121.0,4.0,1163.02,1156.45,8.0,22.83999999999992,1288.0,1241.0,47.0,1,0.0,0.0,0.0,0.0,-0.3333333333333335,-0.5,1.0,1.0,1.0,1.0,1.0,1.0,-1.0,-1.0,-1.0,-1.0,-1.3333333333333337,-1.5,0.05529411764705879,2.04,-1.9847058823529413
387,2024-06-07,Kenya,Burundi,1.0,1.0,FIFA World Cup qualification,Lilongwe,Malawi,1,2024,0,1,388,2024-04-04,107.0,111.0,4.0,1191.24,1181.92,2024-04-04,140.0,140.0,0.0,1081.63,1085.83,33.0,109.6099999999999,1371.0,1246.0,125.0,0,0.0,0.0,0.0,0.0,-0.3333333333333335,-0.5,0.0,0.0,0.0,0.0,0.3333333333333335,0.5,0.0,0.0,0.0,0.0,-0.666666666666667,-1.0,-0.2952941176470589,1.3058823529411763,-1.6011764705882352
386,2024-06-07,Mozambique,Somalia,2.0,1.0,FIFA World Cup qualification,Maputo,Mozambique,0,2024,0,1,387,2024-04-04,110.0,110.0,0.0,1184.49,1184.49,2024-04-04,199.0,198.0,-1.0,842.64,845.66,89.0,341.85,1311.0,857.0,454.0,1,-0.3333333333333333,-0.2,-0.2,-0.25,-0.1234567901234566,0.0234375,-1.0,-1.0,-1.0,-1.0,-1.0,-1.0,0.6666666666666667,0.8,0.8,0.75,0.8765432098765433,1.0234375,0.2365156068533663,1.2517647058823527,-1.0152490990289864
385,2024-06-07,Uganda,Botswana,1.0,0.0,FIFA World Cup qualification,Kira,Uganda,0,2024,0,1,386,2024-04-04,92.0,92.0,0.0,1242.15,1246.88,2024-04-04,146.0,146.0,0.0,1065.07,1064.5,54.0,177.08000000000015,1362.0,1326.0,36.0,1,0.0,0.0,0.0,0.0,-0.3333333333333335,-0.5,0.0,0.0,0.0,0.0,-0.3333333333333335,-0.5,0.0,0.0,0.0,0.0,0.0,0.0,-0.8188235294117647,-0.1435294117647059,-0.6752941176470588
384,2024-06-07,Ivory Coast,Gabon,1.0,0.0,FIFA World Cup qualification,Korhogo,Ivory Coast,0,2024,0,1,385,2024-04-04,38.0,39.0,1.0,1498.8,1494.57,2024-04-04,84.0,84.0,0.0,1287.33,1289.52,46.0,211.47000000000003,1642.0,1494.0,148.0,1,1.0,0.4,0.2857142857142857,0.84375,0.681755829903978,0.61767578125,1.0,1.0,1.0,1.0,1.0,1.0,0.0,-0.6,-0.7142857142857143,-0.15625,-0.318244170096022,-0.38232421875,3.7860247565967513,0.4823529411764706,3.3036718154202807
394,2024-06-08,British Virgin Islands,Guatemala,0.0,3.0,FIFA World Cup qualification,Road Town,British Virgin Islands,0,2024,0,1,395,2024-04-04,207.0,207.0,0.0,813.31,807.57,2024-04-04,108.0,108.0,0.0,1188.28,1188.17,-99.0,-374.97,658.0,1481.0,-823.0,-1,0.0,0.0,0.0,0.0,0.0,0.0,1.0,1.0,1.0,1.0,1.0,1.0,-1.0,-1.0,-1.0,-1.0,-1.0,-1.0,-0.02,4.5600000000000005,-4.58
400,2024-06-08,Bahamas,Trinidad and Tobago,1.0,7.0,FIFA World Cup qualification,Basseterre,Saint Kitts and Nevis,1,2024,0,1,401,2024-04-04,200.0,202.0,2.0,835.81,835.81,2024-04-04,98.0,96.0,-2.0,1220.65,1228.05,-102.0,-384.84000000000015,872.0,1373.0,-501.0,-1,,,,,,,0.0,0.0,0.0,0.0,0.0,0.0,,,,,,,0.0,-1.52,0.0
399,2024-06-08,Cameroon,Cape Verde,4.0,1.0,FIFA World Cup qualification,Yaoundé,Cameroon,0,2024,0,1,400,2024-04-04,51.0,51.0,0.0,1452.59,1452.59,2024-04-04,65.0,65.0,0.0,1383.44,1377.06,14.0,69.14999999999986,1625.0,1479.0,146.0,1,0.0,0.2,0.1428571428571428,-0.328125,-0.1595793324188385,-0.1522216796875,0.3333333333333333,0.6,0.5714285714285714,0.359375,0.4307270233196159,0.431396484375,-0.3333333333333333,-0.3999999999999999,-0.4285714285714285,-0.6875,-0.5903063557384545,-0.5836181640625,-0.7766472482109916,-0.31370060671809974,-0.4629466414928919
393,2024-06-08,Anguilla,Suriname,0.0,4.0,FIFA World Cup qualification,The Valley,Anguilla,0,2024,0,1,394,2024-04-04,209.0,209.0,0.0,793.48,785.69,2024-04-04,144.0,144.0,0.0,1071.85,1071.85,-65.0,-278.3699999999999,578.0,1291.0,-713.0,-1,0.0,0.0,0.0,0.0,0.0,0.0,1.0,1.0,1.0,1.0,1.0,1.0,-1.0,-1.0,-1.0,-1.0,-1.0,-1.0,0.06,2.42,-2.36
397,2024-06-08,Cayman Islands,Antigua and Barbuda,1.0,0.0,FIFA World Cup qualification,George Town,Cayman Islands,0,2024,0,1,398,2024-04-04,196.0,197.0,1.0,847.81,851.19,2024-04-04,142.0,142.0,0.0,1072.66,1072.66,-54.0,-224.8500000000001,865.0,1191.0,-326.0,1,,,,,,,0.0,0.0,0.0,0.0,0.0,0.0,,,,,,,0.0,-0.56,0.0
396,2024-06-08,Aruba,Curaçao,0.0,2.0,FIFA World Cup qualification,Oranjestad,Aruba,0,2024,0,1,397,2024-04-04,193.0,193.0,0.0,875.82,879.32,2024-04-04,91.0,91.0,0.0,1262.48,1262.48,-102.0,-386.66,935.0,1337.0,-402.0,-1,,,,,,,1.0,1.0,1.0,1.0,1.0,1.0,,,,,,,0.0,1.28,0.0
398,2024-06-08,Gambia,Seychelles,5.0,1.0,FIFA World Cup qualification,Berkane,Morocco,1,2024,0,1,399,2022-03-31,123.0,125.0,2.0,1138.19,1135.18,2024-04-04,197.0,199.0,2.0,845.53,845.53,74.0,292.6600000000001,1443.0,859.0,584.0,1,-1.0,-1.0,-1.0,-1.0,-1.0,-1.0,-1.0,-1.0,-1.0,-1.0,-1.0,-1.0,0.0,0.0,0.0,0.0,0.0,0.0,-1.3098269896193768,-5.972941176470589,4.663114186851212
395,2024-06-08,Belize,Nicaragua,0.0,4.0,FIFA World Cup qualification,Belmopan,Belize,0,2024,0,1,396,2024-04-04,182.0,182.0,0.0,919.52,918.68,2024-04-04,135.0,134.0,-1.0,1102.54,1104.26,-47.0,-183.02,1057.0,1344.0,-287.0,-1,,,,,,,1.0,1.0,1.0,1.0,1.0,1.0,,,,,,,0.0,2.2,0.0
411,2024-06-09,Bermuda,Honduras,1.0,6.0,FIFA World Cup qualification,Hamilton,Bermuda,0,2024,0,1,412,2024-04-04,170.0,171.0,1.0,974.3,972.36,2024-04-04,82.0,78.0,-4.0,1301.92,1311.43,-88.0,-327.6200000000001,1175.0,1538.0,-363.0,-1,0.0,0.0,0.0,0.0,0.0,0.0,-0.3333333333333333,-0.4,-0.5714285714285714,0.0625,-0.234567901234568,-0.39453125,0.3333333333333333,0.4,0.5714285714285714,-0.0625,0.234567901234568,0.39453125,0.56,-1.0407882939661406,1.6007882939661406
410,2024-06-09,Djibouti,Ethiopia,1.0,1.0,FIFA World Cup qualification,El Jadida,Morocco,1,2024,0,1,411,2024-04-04,192.0,192.0,0.0,877.28,882.76,2024-04-04,145.0,145.0,0.0,1068.48,1068.79,-47.0,-191.20000000000005,752.0,1285.0,-533.0,0,-1.0,-1.0,-1.0,-1.0,-1.0,-1.0,-0.3333333333333333,-0.3333333333333333,-0.3333333333333333,-0.25,-0.2222222222222222,-0.1875,-0.6666666666666667,-0.6666666666666667,-0.6666666666666667,-0.75,-0.7777777777777778,-0.8125,-2.5356401384083043,0.336401384083045,-2.872041522491349
409,2024-06-09,DR Congo,Togo,1.0,0.0,FIFA World Cup qualification,Kinshasa,DR Congo,0,2024,0,1,410,2024-04-04,63.0,63.0,0.0,1388.25,1388.25,2024-04-04,113.0,116.0,3.0,1170.34,1165.74,50.0,217.91000000000008,1497.0,1319.0,178.0,1,-0.3333333333333333,0.0,0.0,-0.06396484375,-0.059498608500285,-0.0554916858673095,0.0,0.0,0.0,0.0,0.0,0.0,-0.3333333333333333,0.0,0.0,-0.06396484375,-0.059498608500285,-0.0554916858673095,0.43150003185850905,-0.14878892733564014,0.5802889591941491
408,2024-06-09,São Tomé and Príncipe,Liberia,0.0,1.0,FIFA World Cup qualification,Oujda,Morocco,1,2024,0,1,409,2024-04-04,188.0,191.0,3.0,893.58,888.94,2024-04-04,152.0,152.0,0.0,1029.58,1024.11,-36.0,-135.9999999999999,1062.0,1270.0,-208.0,-1,-1.0,-1.0,-1.0,-1.0,-1.0,-1.0,0.0,0.0,0.0,0.0,-0.2222222222222223,-0.375,-1.0,-1.0,-1.0,-1.0,-0.7777777777777777,-0.625,-0.8894809688581315,-0.103114186851211,-0.7863667820069206
406,2024-06-09,Mauritania,Senegal,0.0,1.0,FIFA World Cup qualification,Nouakchott,Mauritania,0,2024,0,1,407,2024-04-04,105.0,106.0,1.0,1195.5,1194.48,2024-04-04,17.0,17.0,0.0,1624.73,1620.74,-88.0,-429.23,1372.0,1731.0,-359.0,-1,-0.3333333333333333,-0.4,-0.4,-0.6875,-0.6049382716049383,-0.61328125,0.3333333333333333,0.6,0.5714285714285714,0.22509765625,0.3345545413319635,0.3449224233627319,-0.6666666666666666,-1.0,-0.9714285714285714,-0.91259765625,-0.9394928129369018,-0.958203673362732,-1.1151308054261801,-0.6860332371428464,-0.4290975682833338
405,2024-06-09,Grenada,Costa Rica,0.0,3.0,FIFA World Cup qualification,St. George's,Grenada,0,2024,0,1,406,2024-04-04,174.0,174.0,0.0,950.99,950.99,2024-04-04,52.0,54.0,2.0,1445.38,1437.57,-122.0,-494.3900000000001,1107.0,1714.0,-607.0,-1,0.0,0.0,0.0,0.0,0.0,0.0,0.3333333333333333,0.2,0.4285714285714285,0.3740234375,0.3493539264001083,0.3952913284301758,-0.3333333333333333,-0.2,-0.4285714285714285,-0.3740234375,-0.3493539264001083,-0.3952913284301758,1.52,0.3785158152973312,1.1414841847026689
404,2024-06-09,Montserrat,Panama,1.0,3.0,FIFA World Cup qualification,Managua,Nicaragua,1,2024,0,1,405,2024-04-04,175.0,176.0,1.0,946.08,946.08,2024-04-04,45.0,44.0,-1.0,1475.62,1475.62,-130.0,-529.5399999999998,1003.0,1765.0,-762.0,-1,-1.0,-1.0,-1.0,-1.0,-1.0,-1.0,0.3333333333333333,0.0,0.0,0.59375,0.297668038408779,0.09912109375,-1.3333333333333333,-1.0,-1.0,-1.59375,-1.297668038408779,-1.09912109375,-2.2,-0.5457557262705287,-1.6542442737294714
403,2024-06-09,Dominica,Jamaica,2.0,3.0,FIFA World Cup qualification,Roseau,Dominica,0,2024,0,1,404,2024-04-04,180.0,180.0,0.0,922.25,922.25,2024-04-04,55.0,57.0,2.0,1435.33,1421.54,-125.0,-513.0799999999999,981.0,1610.0,-629.0,-1,-1.0,-1.0,-1.0,-1.0,-1.0,-1.0,0.3333333333333333,0.0,-0.2857142857142857,0.5625,0.2098765432098763,-0.01953125,-1.3333333333333333,-1.0,-0.7142857142857143,-1.5625,-1.2098765432098764,-0.98046875,-4.5600000000000005,-0.38608117743754555,-4.173918822562455
402,2024-06-09,Saint Vincent and the Grenadines,El Salvador,1.0,3.0,FIFA World Cup qualification,Paramaribo,Suriname,1,2024,0,1,403,2024-04-04,173.0,173.0,0.0,953.47,953.47,2024-04-04,81.0,81.0,0.0,1305.02,1306.14,-92.0,-351.54999999999995,1037.0,1483.0,-446.0,-1,-1.0,-1.0,-1.0,-1.0,-1.0,-1.0,-0.6666666666666666,-0.6,-0.4285714285714285,-0.40625,-0.4801097393689986,-0.52587890625,-0.3333333333333333,-0.4,-0.5714285714285714,-0.59375,-0.5198902606310014,-0.47412109375,-2.42,-0.012363822553961484,-2.4076361774460384
401,2024-06-09,Barbados,Haiti,1.0,3.0,FIFA World Cup qualification,Bridgetown,Barbados,0,2024,0,1,402,2024-04-04,177.0,178.0,1.0,943.8,943.8,2024-04-04,90.0,90.0,0.0,1262.5,1262.5,-87.0,-318.70000000000005,955.0,1496.0,-541.0,-1,-1.0,-1.0,-1.0,-1.0,-1.0,-1.0,1.0,1.0,1.0,1.0,1.0,1.0,-2.0,-2.0,-2.0,-2.0,-2.0,-2.0,-1.28,-0.5,-0.78
407,2024-06-09,Namibia,Tunisia,0.0,0.0,FIFA World Cup qualification,Johannesburg,South Africa,1,2024,0,1,408,2024-04-04,106.0,107.0,1.0,1192.13,1192.13,2024-04-04,41.0,41.0,0.0,1493.12,1491.15,-65.0,-300.9899999999998,1414.0,1738.0,-324.0,0,0.0,0.4,0.4,0.0,0.2222222222222223,0.375,0.3333333333333333,0.2,0.4285714285714285,0.4892578125,0.3714034107266846,0.3503961563110351,-0.3333333333333333,0.2,-0.0285714285714285,-0.4892578125,-0.1491811885044622,0.0246038436889648,2.659757905197495,0.28258932306209716,2.377168582135398
419,2024-06-10,Somalia,Botswana,1.0,3.0,FIFA World Cup qualification,Maputo,Mozambique,1,2024,0,1,420,2024-04-04,199.0,198.0,-1.0,842.64,845.66,2024-04-04,146.0,146.0,0.0,1065.07,1064.5,-53.0,-222.42999999999995,857.0,1326.0,-469.0,-1,-1.0,-1.0,-1.0,-1.0,-1.0,-1.0,-0.3333333333333333,-0.3333333333333333,-0.3333333333333333,-0.5,-0.5555555555555556,-0.625,-0.6666666666666667,-0.6666666666666667,-0.6666666666666667,-0.5,-0.4444444444444444,-0.375,1.2240138408304495,-0.13038062283737026,1.3543944636678198
418,2024-06-10,Guinea-Bissau,Egypt,1.0,1.0,FIFA World Cup qualification,Bissau,Guinea-Bissau,0,2024,0,1,419,2024-04-04,116.0,118.0,2.0,1163.44,1164.01,2024-04-04,37.0,36.0,-1.0,1499.72,1500.38,-79.0,-336.28,1411.0,1684.0,-273.0,0,0.0,0.0,0.0,-0.125,-0.074074074074074,-0.046875,0.3333333333333333,0.2,0.4285714285714285,0.5234375,0.4260021338210638,0.420562744140625,-0.3333333333333333,-0.2,-0.4285714285714285,-0.6484375,-0.5000762078951378,-0.467437744140625,0.7895583146753512,0.7762635291693479,0.01329478550600327
417,2024-06-10,Benin,Nigeria,2.0,1.0,FIFA World Cup qualification,Abidjan,Ivory Coast,1,2024,0,1,418,2024-04-04,97.0,98.0,1.0,1225.68,1225.1,2024-04-04,30.0,28.0,-2.0,1520.27,1522.26,-67.0,-294.5899999999999,1476.0,1657.0,-181.0,1,0.0,0.0,0.0,0.25,-0.1111111111111112,-0.3125,-0.3333333333333333,0.0,0.0,-0.1875,-0.1234567901234567,-0.08203125,0.3333333333333333,0.0,0.0,0.4375,0.0123456790123454,-0.23046875,-0.4196539792387544,-0.6702909949216509,0.2506370156828965
413,2024-06-10,Ghana,Central African Republic,4.0,3.0,FIFA World Cup qualification,Kumasi,Ghana,0,2024,0,1,414,2024-04-04,68.0,67.0,-1.0,1358.77,1363.42,2024-04-04,128.0,129.0,1.0,1128.17,1121.34,60.0,230.5999999999999,1548.0,1286.0,262.0,1,0.3333333333333333,-0.2,-0.1428571428571428,0.416015625,0.1898592694203118,0.0886039733886718,0.0,0.0,0.0,0.25,-0.1111111111111112,-0.3125,0.3333333333333333,-0.2,-0.1428571428571428,0.166015625,0.3009703805314231,0.4011039733886719,0.24100958939123107,-1.6984083044982698,1.9394178938895008
415,2024-06-10,Uganda,Algeria,1.0,2.0,FIFA World Cup qualification,Kira,Uganda,0,2024,0,1,416,2024-04-04,92.0,92.0,0.0,1242.15,1246.88,2024-04-04,43.0,43.0,0.0,1482.71,1480.24,-49.0,-240.56,1362.0,1723.0,-361.0,-1,0.3333333333333333,0.3333333333333333,0.3333333333333333,0.5,0.1111111111111109,-0.125,-0.6666666666666666,-0.2,-0.1428571428571428,-0.703125,-0.4165523548239596,-0.2100830078125,1.0,0.5333333333333333,0.4761904761904761,1.203125,0.5276634659350705,0.0850830078125,-0.775363321799308,0.3128443060008629,-1.0882076278001709
414,2024-06-10,Equatorial Guinea,Malawi,1.0,0.0,FIFA World Cup qualification,Malabo,Equatorial Guinea,0,2024,0,1,415,2024-04-04,79.0,79.0,0.0,1308.03,1310.5,2024-04-04,125.0,122.0,-3.0,1140.93,1149.4,46.0,167.0999999999999,1467.0,1354.0,113.0,1,-0.3333333333333333,-0.5,-0.5,-0.5,-0.5555555555555556,-0.625,0.3333333333333333,0.3333333333333333,0.3333333333333333,0.5,0.5555555555555556,0.625,-0.6666666666666666,-0.8333333333333333,-0.8333333333333333,-1.0,-1.1111111111111112,-1.25,-2.852953388968044,0.47868512110726635,-3.3316385100753103
412,2024-06-10,Guinea,Mozambique,0.0,1.0,FIFA World Cup qualification,El Jadida,Morocco,1,2024,0,1,413,2024-04-04,76.0,76.0,0.0,1324.65,1320.42,2024-04-04,110.0,110.0,0.0,1184.49,1184.49,34.0,140.16000000000008,1468.0,1311.0,157.0,-1,-0.3333333333333333,-0.2,-0.2,0.125,0.0617283950617284,0.1328125,0.0,-0.2,0.0,0.375,0.2510288065843621,0.267578125,-0.3333333333333333,0.0,-0.2,-0.25,-0.1893004115226337,-0.134765625,0.4738379569210137,0.17672057115610945,0.29711738576490426
416,2024-06-10,Burkina Faso,Sierra Leone,2.0,2.0,FIFA World Cup qualification,Bamako,Mali,1,2024,0,1,417,2024-04-04,62.0,61.0,-1.0,1390.38,1399.92,2024-04-04,126.0,126.0,0.0,1137.36,1137.36,64.0,253.0200000000002,1549.0,1333.0,216.0,0,0.0,0.0,0.0,-0.375,-0.1851851851851851,-0.109375,0.0,0.0,0.0,0.25,0.111111111111111,0.0625,0.0,0.0,0.0,-0.625,-0.2962962962962961,-0.171875,-0.838693262772237,-0.4052595155709342,-0.4334337472013028
420,2024-06-11,Turkmenistan,Hong Kong,0.0,0.0,FIFA World Cup qualification,Ashgabat,Turkmenistan,0,2024,0,1,421,2024-04-04,143.0,141.0,-2.0,1072.52,1078.25,2022-03-31,147.0,148.0,1.0,1053.39,1053.39,4.0,19.12999999999988,1216.0,1060.0,156.0,0,-1.0,-0.8,-0.8,-0.9375,-0.9012345679012346,-0.89453125,-1.0,-0.8,-0.8571428571428571,-0.953125,-0.8171010516689527,-0.6539306640625,0.0,0.0,0.057142857142857,0.015625,-0.0841335162322818,-0.2406005859375,-0.5885956825229582,1.971950369445192,-2.56054605196815
421,2024-06-11,Iran,Uzbekistan,0.0,0.0,FIFA World Cup qualification,Tehran,Iran,0,2024,0,1,422,2024-04-04,20.0,20.0,0.0,1613.96,1608.23,2024-04-04,64.0,66.0,2.0,1386.58,1376.5,44.0,227.3800000000001,1827.0,1643.0,184.0,0,1.0,0.6,0.5714285714285714,0.857757568359375,0.7372473503847133,0.6712872260250151,1.0,0.8,0.7142857142857143,0.916015625,0.824823451709597,0.7768058776855469,0.0,-0.2,-0.1428571428571429,-0.058258056640625,-0.0875761013248836,-0.1055186516605317,-0.19967512322786382,0.6756549268100518,-0.8753300500379156
422,2024-06-11,Indonesia,Philippines,2.0,0.0,FIFA World Cup qualification,Jakarta,Indonesia,0,2024,0,1,423,2024-04-04,134.0,142.0,8.0,1102.7,1072.66,2024-04-04,141.0,139.0,-2.0,1075.14,1086.17,7.0,27.559999999999945,1297.0,1052.0,245.0,1,0.3333333333333333,-0.2,-0.2857142857142857,-0.234375,-0.1519585429050449,-0.099029541015625,-1.0,-0.8,-0.8,-0.9375,-0.9012345679012346,-0.89453125,1.3333333333333333,0.6000000000000001,0.5142857142857143,0.703125,0.7492760249961896,0.795501708984375,3.2574419748778642,-1.0708971396415274,4.328339114519392
425,2024-06-11,Saudi Arabia,Jordan,1.0,2.0,FIFA World Cup qualification,Riyadh,Saudi Arabia,0,2024,0,1,426,2024-04-04,53.0,53.0,0.0,1443.53,1441.4,2024-04-04,71.0,70.0,-1.0,1350.21,1343.6,18.0,93.31999999999994,1586.0,1503.0,83.0,-1,0.6666666666666666,0.4,0.5714285714285714,0.6531982421875,0.5802697724642023,0.5473822969943285,1.0,0.6,0.7142857142857143,0.86376953125,0.7273225061671944,0.6269004344940186,-0.3333333333333333,-0.1999999999999999,-0.1428571428571429,-0.2105712890625,-0.1470527337029921,-0.07951813749969,0.2954240872526669,0.335707612099169,-0.040283524846502106
423,2024-06-11,Iraq,Vietnam,3.0,1.0,FIFA World Cup qualification,Basra,Iraq,0,2024,0,1,424,2024-04-04,58.0,59.0,1.0,1420.47,1409.44,2024-04-04,115.0,105.0,-10.0,1164.54,1194.58,57.0,255.9300000000001,1621.0,1318.0,303.0,1,1.0,0.6,0.7142857142857143,0.873291015625,0.7745300042714054,0.6963798403739929,-0.3333333333333333,-0.6,-0.4285714285714285,0.021484375,-0.237954918796254,-0.340097427368164,1.3333333333333333,1.2,1.1428571428571428,0.851806640625,1.0124849230676594,1.036477267742157,0.4081179413639922,-1.6648211257736918,2.072939067137684
424,2024-06-11,Tajikistan,Pakistan,3.0,0.0,FIFA World Cup qualification,Dushanbe,Tajikistan,0,2024,0,1,425,2024-04-04,99.0,99.0,0.0,1216.76,1218.89,2024-04-04,195.0,195.0,0.0,849.94,856.54,96.0,366.82,1380.0,828.0,552.0,1,-0.6666666666666666,-0.8,-0.4285714285714285,-0.703125,-0.6021947873799726,-0.515869140625,-1.0,-1.0,-0.5714285714285714,-0.953125,-0.8244170096021947,-0.703369140625,0.3333333333333333,0.1999999999999999,0.1428571428571428,0.25,0.2222222222222221,0.1875,0.39839314555662164,-0.16765374176662123,0.5660468873232429
426,2024-06-11,United Arab Emirates,Bahrain,1.0,1.0,FIFA World Cup qualification,Dubai,United Arab Emirates,0,2024,0,1,427,2024-04-04,67.0,69.0,2.0,1366.45,1355.55,2024-04-04,80.0,82.0,2.0,1307.53,1297.32,13.0,58.92000000000007,1504.0,1461.0,43.0,0,1.0,0.6,0.4285714285714285,0.853515625,0.7005876475469525,0.6124744415283203,0.6666666666666666,0.4,0.0,0.328125,0.3228166438042981,0.3314208984375,0.3333333333333333,0.1999999999999999,0.4285714285714285,0.525390625,0.3777710037426543,0.2810535430908203,1.2212801641254099,0.3973789260657866,0.8239012380596232
435,2024-06-11,Malaysia,Taiwan,3.0,1.0,FIFA World Cup qualification,Kuala Lumpur,Malaysia,0,2024,0,1,436,2024-04-04,138.0,132.0,-6.0,1094.54,1110.17,2024-04-04,159.0,153.0,-6.0,1007.3,1023.93,21.0,87.24000000000001,1285.0,912.0,373.0,1,-0.6666666666666666,-0.6,-0.1428571428571428,-0.375,-0.3045267489711933,-0.169921875,-1.0,-1.0,-0.4285714285714285,-0.9375,-0.736625514403292,-0.525390625,0.3333333333333333,0.4,0.2857142857142857,0.5625,0.4320987654320987,0.35546875,1.200042909043574,1.9500302486965442,-0.7499873396529702
436,2024-06-11,Australia,Palestine,5.0,0.0,FIFA World Cup qualification,Perth,Australia,0,2024,0,1,437,2024-04-04,24.0,23.0,-1.0,1563.93,1554.82,2024-04-04,93.0,97.0,4.0,1238.66,1227.2,69.0,325.27,1784.0,1417.0,367.0,1,1.0,0.6,0.5714285714285714,0.8582210540771484,0.7405279065317236,0.6750672529415169,0.6666666666666666,0.0,-0.1428571428571428,0.265625,0.1618655692729766,0.084228515625,0.3333333333333333,0.6,0.7142857142857142,0.5925960540771484,0.578662337258747,0.5908387373165169,1.046525747438429,-0.07936688818994157,1.1258926356283707
437,2024-06-11,Oman,Kyrgyzstan,1.0,1.0,FIFA World Cup qualification,Muscat,Oman,0,2024,0,1,438,2024-04-04,77.0,80.0,3.0,1323.23,1307.6,2024-04-04,100.0,104.0,4.0,1213.6,1196.97,23.0,109.63000000000012,1526.0,1266.0,260.0,0,1.0,0.2,0.4285714285714285,0.806640625,0.6057511558197428,0.4556617736816406,0.6666666666666666,0.4,0.1666666666666666,0.3125,0.2057613168724278,0.064453125,0.3333333333333333,-0.2,0.2619047619047618,0.494140625,0.3999898389473149,0.3912086486816406,0.026226672573555078,-1.143289303077704,1.1695159756512592
438,2024-06-11,Angola,Cameroon,1.0,1.0,FIFA World Cup qualification,Luanda,Angola,0,2024,0,1,439,2024-04-04,94.0,93.0,-1.0,1235.76,1238.11,2024-04-04,51.0,51.0,0.0,1452.59,1452.59,-43.0,-216.83,1398.0,1625.0,-227.0,0,0.3333333333333333,0.25,0.25,0.5,0.3333333333333332,0.25,0.0,0.4,0.1428571428571428,0.3359375,0.2269471117207742,0.135833740234375,0.3333333333333333,-0.15,0.1071428571428571,0.1640625,0.106386221612559,0.114166259765625,0.7239405658457153,-0.5709621159632863,1.2949026818090017
439,2024-06-11,Thailand,Singapore,3.0,1.0,FIFA World Cup qualification,Bangkok,Thailand,0,2024,0,1,440,2024-04-04,101.0,101.0,0.0,1208.93,1206.72,2024-04-04,155.0,156.0,1.0,1019.06,1020.5,54.0,189.8700000000001,1437.0,1127.0,310.0,1,-0.3333333333333333,-0.4,-0.2857142857142857,-0.3125,-0.3648834019204389,-0.41162109375,-0.6666666666666666,-0.8,-0.2857142857142857,-0.8125,-0.5884773662551439,-0.384765625,0.3333333333333333,0.4,0.0,0.5,0.2235939643347049,-0.02685546875,-0.12780911532557393,-0.3535408706651444,0.22573175533957046
440,2024-06-11,South Sudan,Sudan,0.0,3.0,FIFA World Cup qualification,Juba,South Sudan,0,2024,0,1,441,2024-04-04,167.0,166.0,-1.0,984.65,989.29,2024-04-04,127.0,127.0,0.0,1129.32,1128.74,-40.0,-144.66999999999996,1136.0,1296.0,-160.0,-1,-0.3333333333333333,-0.3333333333333333,-0.3333333333333333,-0.25,-0.4444444444444445,-0.5625,0.6666666666666666,0.6666666666666666,0.6666666666666666,0.75,0.5555555555555555,0.4375,-1.0,-1.0,-1.0,-1.0,-1.0,-1.0,-0.8023529411764707,0.46574394463667823,-1.268096885813149
441,2024-06-11,Lesotho,Rwanda,0.0,1.0,FIFA World Cup qualification,Durban,South Africa,1,2024,0,1,442,2024-04-04,149.0,148.0,-1.0,1047.58,1047.27,2024-04-04,131.0,133.0,2.0,1112.44,1107.04,-18.0,-64.86000000000013,1252.0,1271.0,-19.0,-1,0.3333333333333333,0.3333333333333333,0.3333333333333333,0.5,0.3333333333333332,0.25,0.0,0.0,0.0,-0.25,-0.111111111111111,-0.0625,0.3333333333333333,0.3333333333333333,0.3333333333333333,0.75,0.4444444444444443,0.3125,2.217785467128028,0.4417993079584775,1.7759861591695505
442,2024-06-11,South Africa,Zimbabwe,3.0,1.0,FIFA World Cup qualification,Bloemfontein,South Africa,0,2024,0,1,443,2024-04-04,59.0,58.0,-1.0,1407.67,1410.23,2024-04-04,122.0,124.0,2.0,1143.66,1144.56,63.0,264.01,1486.0,1333.0,153.0,1,0.0,0.2,0.2857142857142857,0.03515625,0.0886043794137072,0.1402816772460937,-0.3333333333333333,-0.3333333333333333,-0.3333333333333333,-0.5,-0.3333333333333332,-0.25,0.3333333333333333,0.5333333333333333,0.6190476190476191,0.53515625,0.4219377127470405,0.3902816772460937,0.3900856553260759,-0.32103806228373705,0.711123717609813
443,2024-06-11,Cape Verde,Libya,1.0,0.0,FIFA World Cup qualification,Praia,Cape Verde,0,2024,0,1,444,2024-04-04,65.0,65.0,0.0,1383.44,1377.06,2024-04-04,114.0,120.0,6.0,1166.71,1159.51,49.0,216.73,1479.0,1347.0,132.0,1,0.0,0.2,0.4285714285714285,-0.3203125,-0.0461819844535892,0.07354736328125,0.6666666666666666,0.6666666666666666,0.6666666666666666,0.75,0.7777777777777778,0.8125,-0.6666666666666666,-0.4666666666666666,-0.238095238095238,-1.0703125,-0.823959762231367,-0.73895263671875,-0.45524762985232914,0.601038062283737,-1.0562856921360662
444,2024-06-11,Mauritius,Eswatini,2.0,1.0,FIFA World Cup qualification,Saint Pierre,Mauritius,0,2024,0,1,445,2024-04-04,183.0,177.0,-6.0,919.4,944.95,2024-04-04,148.0,149.0,1.0,1048.89,1045.88,-35.0,-129.49000000000012,1029.0,1269.0,-240.0,1,-0.6666666666666666,-0.6666666666666666,-0.6666666666666666,-0.75,-0.7777777777777778,-0.8125,-1.0,-1.0,-1.0,-1.0,-1.0,-1.0,0.3333333333333333,0.3333333333333333,0.3333333333333333,0.25,0.2222222222222222,0.1875,-0.19356401384083033,-0.5577854671280277,0.36422145328719735
445,2024-06-11,South Korea,China PR,1.0,0.0,FIFA World Cup qualification,Seoul,South Korea,0,2024,0,1,446,2024-04-04,23.0,22.0,-1.0,1563.99,1566.21,2024-04-04,88.0,88.0,0.0,1275.22,1273.78,65.0,288.77,1799.0,1400.0,399.0,1,0.6666666666666666,0.4,0.2857142857142857,0.72198486328125,0.5478550851759417,0.4671133100055158,0.3333333333333333,-0.2,-0.1428571428571428,0.16015625,0.0332266422801401,-0.0823516845703125,0.3333333333333333,0.6000000000000001,0.4285714285714285,0.56182861328125,0.5146284428958016,0.5494649945758283,0.02234064686066392,-0.8602696638208271,0.8826103106814911
446,2024-06-11,Morocco,Congo,6.0,0.0,FIFA World Cup qualification,Agadir,Morocco,0,2024,0,1,447,2024-04-04,13.0,12.0,-1.0,1661.42,1663.39,2024-04-04,111.0,112.0,1.0,1179.8,1179.8,98.0,481.6200000000001,1846.0,1266.0,580.0,1,0.3333333333333333,0.4,0.2857142857142857,0.41290283203125,0.3445786497884472,0.3192918412387371,-1.0,-1.0,-1.0,-1.0,-1.0,-1.0,1.3333333333333333,1.4,1.2857142857142856,1.41290283203125,1.344578649788447,1.319291841238737,-0.46832911789329695,-1.5,1.031670882106703
447,2024-06-11,Kenya,Ivory Coast,0.0,0.0,FIFA World Cup qualification,Lilongwe,Malawi,1,2024,0,1,448,2024-04-04,107.0,111.0,4.0,1191.24,1181.92,2024-04-04,38.0,39.0,1.0,1498.8,1494.57,-69.0,-307.55999999999995,1371.0,1642.0,-271.0,0,0.0,0.0,0.0,0.0,-0.2222222222222223,-0.375,1.0,0.8,0.2857142857142857,0.921875,0.7878372199359853,0.7132568359375,-1.0,-0.8,-0.2857142857142857,-0.921875,-1.0100594421582076,-1.0882568359375,-0.3167474048442907,3.568023300326354,-3.884770705170645
448,2024-06-11,Zambia,Tanzania,0.0,1.0,FIFA World Cup qualification,Ndola,Zambia,0,2024,0,1,449,2024-04-04,86.0,87.0,1.0,1278.26,1275.71,2024-04-04,119.0,119.0,0.0,1159.81,1160.98,33.0,118.45000000000005,1523.0,1313.0,210.0,-1,-0.6666666666666666,-0.4,-0.4,-0.75,-0.4567901234567899,-0.2265625,-0.6666666666666666,-0.25,-0.25,-0.25,-0.0740740740740739,0.09375,0.0,-0.15,-0.15,-0.5,-0.382716049382716,-0.3203125,1.1445396966032495,0.7280276816608996,0.4165120149423499
449,2024-06-11,Seychelles,Burundi,1.0,3.0,FIFA World Cup qualification,Berkane,Morocco,1,2024,0,1,450,2024-04-04,197.0,199.0,2.0,845.53,845.53,2024-04-04,140.0,140.0,0.0,1081.63,1085.83,-57.0,-236.1000000000001,859.0,1246.0,-387.0,-1,-1.0,-1.0,-1.0,-1.0,-1.0,-1.0,0.0,0.0,0.0,0.0,0.2222222222222223,0.375,-1.0,-1.0,-1.0,-1.0,-1.2222222222222223,-1.375,-5.769826989619378,1.2678892733564011,-7.037716262975779
450,2024-06-11,Madagascar,Mali,0.0,0.0,FIFA World Cup qualification,Johannesburg,South Africa,1,2024,0,1,451,2024-04-04,109.0,109.0,0.0,1185.86,1187.63,2024-04-04,44.0,47.0,3.0,1477.9,1469.81,-65.0,-292.0400000000002,1288.0,1631.0,-343.0,0,0.3333333333333333,0.3333333333333333,0.3333333333333333,0.5,0.1111111111111109,-0.125,-0.6666666666666666,-0.2,0.0,-0.6796875,-0.4714220393232738,-0.40618896484375,1.0,0.5333333333333333,0.3333333333333333,1.1796875,0.5825331504343847,0.28118896484375,0.1014532871972318,-0.6399352586491401,0.7413885458463719
451,2024-06-11,Chad,Comoros,0.0,2.0,FIFA World Cup qualification,Oujda,Morocco,1,2024,0,1,452,2024-04-04,176.0,181.0,5.0,945.92,920.37,2024-04-04,117.0,121.0,4.0,1163.02,1156.45,-59.0,-217.1,1178.0,1241.0,-63.0,-1,-1.0,-1.0,-1.0,-1.0,-1.0,-1.0,0.3333333333333333,0.3333333333333333,0.3333333333333333,0.0,0.3333333333333335,0.5,-1.3333333333333333,-1.3333333333333333,-1.3333333333333333,-1.0,-1.3333333333333337,-1.5,0.4770934256055364,1.8705882352941177,-1.3934948096885813
452,2024-06-11,Kuwait,Afghanistan,1.0,0.0,FIFA World Cup qualification,Kuwait City,Kuwait,0,2024,0,1,453,2024-04-04,139.0,137.0,-2.0,1085.46,1094.05,2024-04-04,151.0,158.0,7.0,1036.92,1017.68,12.0,48.53999999999997,1340.0,1085.0,255.0,1,-0.6666666666666666,-0.4,-0.4,-0.375,-0.4691358024691359,-0.5390625,0.3333333333333333,-0.2,0.1428571428571428,0.1875,0.1893004115226337,0.240234375,-1.0,-0.2,-0.5428571428571429,-0.5625,-0.6584362139917697,-0.779296875,-0.04814836987105038,0.2346328257000529,-0.28278119557110326
453,2024-06-11,Qatar,India,2.0,1.0,FIFA World Cup qualification,Al Rayyan,Qatar,0,2024,0,1,454,2024-04-04,34.0,37.0,3.0,1507.94,1499.34,2024-04-04,121.0,117.0,-4.0,1145.94,1165.17,87.0,362.0,1534.0,1228.0,306.0,1,0.6666666666666666,0.8,0.7142857142857143,0.48388671875,0.6073562258086975,0.6273211240768433,-0.3333333333333333,-0.6,-0.4285714285714285,-0.34375,-0.3429355281207132,-0.25341796875,1.0,1.4,1.1428571428571428,0.82763671875,0.9502917539294108,0.8807390928268433,-0.5378858675254736,-0.17870565341522174,-0.3591802141102519
454,2024-06-11,Japan,Syria,5.0,0.0,FIFA World Cup qualification,Hiroshima,Japan,0,2024,0,1,455,2024-04-04,18.0,18.0,0.0,1621.88,1614.33,2024-04-04,89.0,89.0,0.0,1266.52,1265.51,71.0,355.3600000000001,1905.0,1444.0,461.0,1,0.3333333333333333,0.6,0.4285714285714285,0.71722412109375,0.597821353222235,0.5542696006596088,0.0,-0.2,-0.2857142857142857,-0.28515625,-0.1953801080458602,-0.1902675628662109,0.3333333333333333,0.8,0.7142857142857142,1.00238037109375,0.7932014612680951,0.7445371635258198,0.6543725269325013,-0.6558571089703086,1.3102296359028098
434,2024-06-11,Puerto Rico,Anguilla,8.0,0.0,FIFA World Cup qualification,Bayamón,Puerto Rico,0,2024,0,1,435,2024-04-04,160.0,160.0,0.0,1006.35,1007.19,2024-04-04,209.0,209.0,0.0,793.48,785.69,49.0,212.87,1146.0,578.0,568.0,1,0.0,0.0,0.0,0.0,0.0,0.0,-0.3333333333333333,-0.3333333333333333,-0.3333333333333333,-0.5,-0.3333333333333332,-0.25,0.3333333333333333,0.3333333333333333,0.3333333333333333,0.5,0.3333333333333332,0.25,1.58,-0.10235294117647062,1.6823529411764706
433,2024-06-11,Dominican Republic,British Virgin Islands,4.0,0.0,FIFA World Cup qualification,San Cristóbal,Dominican Republic,0,2024,0,1,434,2024-04-04,150.0,150.0,0.0,1042.86,1040.77,2024-04-04,207.0,207.0,0.0,813.31,807.57,57.0,229.54999999999995,1193.0,658.0,535.0,1,-1.0,-1.0,-1.0,-1.0,-1.0,-1.0,-0.3333333333333333,-0.3333333333333333,-0.3333333333333333,-0.5,-0.3333333333333332,-0.25,-0.6666666666666667,-0.6666666666666667,-0.6666666666666667,-0.5,-0.6666666666666667,-0.75,0.8999999999999999,-0.07882352941176471,0.9788235294117646
432,2024-06-11,Guyana,Belize,3.0,1.0,FIFA World Cup qualification,Bridgetown,Barbados,1,2024,0,1,433,2024-04-04,154.0,157.0,3.0,1020.31,1018.14,2024-04-04,182.0,182.0,0.0,919.52,918.68,28.0,100.78999999999996,1268.0,1057.0,211.0,1,-1.0,-1.0,-1.0,-1.0,-1.0,-1.0,-1.0,-1.0,-1.0,-1.0,-1.0,-1.0,0.0,0.0,0.0,0.0,0.0,0.0,0.18000000000000016,-3.06,3.24
431,2024-06-11,Saint Lucia,Aruba,2.0,2.0,FIFA World Cup qualification,Bridgetown,Barbados,1,2024,0,1,432,2024-04-04,165.0,167.0,2.0,988.67,988.67,2024-04-04,193.0,193.0,0.0,875.82,879.32,28.0,112.84999999999992,1136.0,935.0,201.0,0,-1.0,-1.0,-1.0,-1.0,-1.0,-1.0,-1.0,-1.0,-1.0,-1.0,-1.0,-1.0,0.0,0.0,0.0,0.0,0.0,0.0,0.5,0.040000000000000036,0.45999999999999996
455,2024-06-11,North Korea,Myanmar,4.0,1.0,FIFA World Cup qualification,Vientiane,Laos,1,2024,0,1,456,2024-04-04,118.0,114.0,-4.0,1160.57,1168.12,2024-04-04,163.0,162.0,-1.0,999.46,1000.46,45.0,161.1099999999999,1370.0,926.0,444.0,1,0.3333333333333333,0.0,0.0,0.25,-0.0370370370370371,-0.21875,-0.6666666666666666,-0.8,-0.4285714285714285,-0.828125,-0.6323731138545953,-0.444091796875,1.0,0.8,0.4285714285714285,1.078125,0.5953360768175581,0.225341796875,-0.09060451862405867,1.76703871959931,-1.8576432382233687
427,2024-06-11,Yemen,Nepal,2.0,2.0,FIFA World Cup qualification,Dammam,Saudi Arabia,1,2024,0,1,428,2024-04-04,156.0,151.0,-5.0,1017.05,1027.94,2024-04-04,178.0,175.0,-3.0,937.84,948.05,22.0,79.20999999999992,1101.0,894.0,207.0,0,-0.6666666666666666,-0.4,-0.1428571428571428,-0.328125,-0.2496570644718792,-0.123779296875,-1.0,-1.0,-0.5714285714285714,-0.953125,-0.8244170096021947,-0.703369140625,0.3333333333333333,0.6,0.4285714285714285,0.625,0.5747599451303155,0.57958984375,1.5097222723630535,-0.6204950771968792,2.1302173495599326
456,2024-06-11,Gabon,Gambia,3.0,2.0,FIFA World Cup qualification,Franceville,Gabon,0,2024,0,1,457,2024-04-04,84.0,84.0,0.0,1287.33,1289.52,2022-03-31,123.0,125.0,2.0,1138.19,1135.18,39.0,149.13999999999987,1494.0,1443.0,51.0,1,0.3333333333333333,0.3333333333333333,0.3333333333333333,0.0,0.3333333333333335,0.5,-0.3333333333333333,-0.5,-0.5,0.0,-0.3333333333333335,-0.5,0.6666666666666666,0.8333333333333333,0.8333333333333333,0.0,0.666666666666667,1.0,0.4492733564013841,-1.084543049053531,1.5338164054549153
429,2024-06-11,Cuba,Cayman Islands,3.0,0.0,FIFA World Cup qualification,Santiago,Cuba,0,2024,0,1,430,2024-04-04,169.0,169.0,0.0,980.65,980.65,2024-04-04,196.0,197.0,1.0,847.81,851.19,27.0,132.84000000000003,1305.0,865.0,440.0,1,-1.0,-1.0,-1.0,-1.0,-1.0,-1.0,1.0,1.0,1.0,1.0,1.0,1.0,-2.0,-2.0,-2.0,-2.0,-2.0,-2.0,-0.26,2.08,-2.34
428,2024-06-11,Lebanon,Bangladesh,4.0,0.0,FIFA World Cup qualification,Al Rayyan,Qatar,1,2024,0,1,429,2024-04-04,120.0,115.0,-5.0,1158.96,1168.07,2024-04-04,184.0,183.0,-1.0,905.3,916.75,64.0,253.66000000000008,1284.0,939.0,345.0,1,-0.6666666666666666,-0.6,-0.5714285714285714,-0.451171875,-0.5439211502311639,-0.5865440368652344,-1.0,-0.8,-0.4285714285714285,-0.890625,-0.7256515775034292,-0.597900390625,0.3333333333333333,0.2,-0.1428571428571428,0.439453125,0.1817304272722653,0.0113563537597656,-0.30250975546937575,0.3835646414931015,-0.6860743969624772
430,2024-06-11,Saint Kitts and Nevis,Bahamas,1.0,0.0,FIFA World Cup qualification,Basseterre,Saint Kitts and Nevis,0,2024,0,1,431,2024-04-04,147.0,147.0,0.0,1056.61,1057.05,2024-04-04,200.0,202.0,2.0,835.81,835.81,53.0,220.79999999999995,1131.0,872.0,259.0,1,-1.0,-1.0,-1.0,-1.0,-1.0,-1.0,-1.0,-1.0,-1.0,-1.0,-1.0,-1.0,0.0,0.0,0.0,0.0,0.0,0.0,-2.1,-3.96,1.8599999999999999
1128,2024-06-14,Germany,Scotland,5.0,1.0,UEFA Euro,Munich,Germany,0,2024,0,0,1139,2024-04-04 00:00:00,16.0,16.0,0.0,1644.21,1631.22,2024-04-04 00:00:00,39.0,34.0,-5.0,1497.46,1506.89,23.0,146.75,1885.0,1800.0,85.0,1,0.0,0.0,0.0,0.25,-0.1111111111111112,-0.3125,-1.0,-1.0,-1.0,-1.0,-1.0,-1.0,1.0,1.0,1.0,1.25,0.8888888888888887,0.6875,-0.9798615916955017,-1.76,0.7801384083044983
1129,2024-06-15,Hungary,Switzerland,1.0,3.0,UEFA Euro,Cologne,Germany,1,2024,0,0,1140,2024-04-04 00:00:00,26.0,27.0,1.0,1532.2,1525.13,2024-04-04 00:00:00,19.0,19.0,0.0,1616.41,1613.44,-7.0,-84.21000000000004,1825.0,1791.0,34.0,-1,,,,,,,-0.3333333333333333,0.0,0.0,-0.25,0.0370370370370371,0.21875,,,,,,,0.0,0.16776714838184414,0.0
1130,2024-06-15,Spain,Croatia,3.0,0.0,UEFA Euro,Berlin,Germany,1,2024,0,0,1141,2024-04-04 00:00:00,8.0,8.0,0.0,1727.5,1732.64,2024-04-04 00:00:00,10.0,10.0,0.0,1721.07,1717.57,2.0,6.430000000000064,2033.0,1951.0,82.0,1,-0.3333333333333333,0.0,0.0,-0.125,0.0740740740740742,0.234375,0.0,0.0,0.1428571428571428,0.265625,0.1550068587105623,0.121826171875,-0.3333333333333333,0.0,-0.1428571428571428,-0.390625,-0.0809327846364881,0.112548828125,5.337476083859148,-0.08170093185440502,5.419177015713553
1131,2024-06-16,Poland,Netherlands,1.0,2.0,UEFA Euro,Hamburg,Germany,1,2024,0,0,1142,2024-04-04 00:00:00,28.0,30.0,2.0,1531.49,1520.24,2024-04-04 00:00:00,7.0,6.0,-1.0,1742.29,1745.48,-21.0,-210.79999999999995,1714.0,1970.0,-256.0,-1,-0.3333333333333333,0.0,0.0,-0.5625,-0.2098765432098763,0.01953125,0.6666666666666666,0.6,0.6,0.4375,0.5679012345679013,0.64453125,-1.0,-0.6,-0.6,-1.0,-0.7777777777777777,-0.625,1.6619195172471595,1.5508219489709176,0.11109756827624184
1132,2024-06-16,Serbia,England,0.0,1.0,UEFA Euro,Gelsenkirchen,Germany,1,2024,0,0,1143,2024-04-04 00:00:00,33.0,32.0,-1.0,1514.2,1517.43,2024-04-04 00:00:00,4.0,3.0,-1.0,1794.9,1800.05,-29.0,-280.70000000000005,1786.0,2014.0,-228.0,-1,-0.6666666666666666,-0.6666666666666666,-0.6666666666666666,-0.75,-0.7777777777777778,-0.8125,0.3333333333333333,0.4,0.4,-0.0625,0.234567901234568,0.39453125,-1.0,-1.0666666666666669,-1.0666666666666669,-0.6875,-1.0123456790123455,-1.20703125,-1.40560553633218,3.11354126507106,-4.51914680140324
1134,2024-06-17,Belgium,Slovakia,0.0,1.0,UEFA Euro,Frankfurt,Germany,1,2024,0,0,1145,2024-04-04 00:00:00,3.0,4.0,1.0,1795.23,1798.46,2024-04-04 00:00:00,48.0,48.0,0.0,1461.55,1465.73,45.0,333.68000000000006,1990.0,1567.0,423.0,-1,0.0,0.0,0.0,0.0,0.2222222222222223,0.375,,,,,,,,,,,,,0.09647058823529414,0.0,0.0
1133,2024-06-17,Austria,France,0.0,1.0,UEFA Euro,Düsseldorf,Germany,1,2024,0,0,1144,2024-04-04 00:00:00,25.0,25.0,0.0,1554.86,1546.1,2024-04-04 00:00:00,2.0,2.0,0.0,1840.59,1845.44,-23.0,-285.73,1835.0,2109.0,-274.0,-1,-1.0,-1.0,-1.0,-1.0,-1.0,-1.0,0.6666666666666666,0.4,0.5714285714285714,0.4375,0.5349794238683129,0.591796875,-1.6666666666666663,-1.4,-1.5714285714285714,-1.4375,-1.5349794238683128,-1.591796875,-0.8,1.71568553817495,-2.5156855381749503
1135,2024-06-18,Portugal,Czech Republic,2.0,1.0,UEFA Euro,Leipzig,Germany,1,2024,0,0,1146,2024-04-04 00:00:00,6.0,7.0,1.0,1748.11,1745.06,2022-03-31 00:00:00,33.0,31.0,-2.0,1500.62,1510.42,27.0,247.49,2032.0,1753.0,279.0,1,-0.3333333333333333,0.2,0.4285714285714285,-0.25,0.0370370370370371,0.21875,-1.0,-1.0,-1.0,-1.0,-1.0,-1.0,0.6666666666666667,1.2,1.4285714285714286,0.75,1.0370370370370372,1.21875,1.2046811424961645,-0.72,1.9246811424961645
1136,2024-06-18,Turkey,Georgia,3.0,1.0,UEFA Euro,Dortmund,Germany,1,2024,0,0,1147,2022-03-31 00:00:00,43.0,39.0,-4.0,1461.81,1472.72,2024-04-04 00:00:00,75.0,77.0,2.0,1333.76,1312.45,32.0,128.04999999999995,1765.0,1650.0,115.0,1,-1.0,-1.0,-1.0,-1.0,-1.0,-1.0,,,,,,,,,,,,,-1.38,0.0,0.0
1137,2024-06-19,Croatia,Albania,2.0,2.0,UEFA Euro,Hamburg,Germany,1,2024,0,0,1148,2024-04-04 00:00:00,10.0,10.0,0.0,1721.07,1717.57,2024-04-04 00:00:00,66.0,64.0,-2.0,1375.1,1382.69,56.0,345.97,1951.0,1616.0,335.0,0,-0.3333333333333333,-0.2,0.0,-0.3671875,-0.2299954275262916,-0.15863037109375,,,,,,,,,,,,,-0.25101264174532234,0.0,0.0
1138,2024-06-19,Germany,Hungary,2.0,0.0,UEFA Euro,Stuttgart,Germany,0,2024,0,0,1149,2024-04-04 00:00:00,16.0,16.0,0.0,1644.21,1631.22,2024-04-04 00:00:00,26.0,27.0,1.0,1532.2,1525.13,10.0,112.01,1885.0,1791.0,94.0,1,0.6666666666666666,0.25,0.25,0.625,0.2592592592592591,0.015625,-1.0,-1.0,-1.0,-1.0,-1.0,-1.0,1.6666666666666663,1.25,1.25,1.625,1.259259259259259,1.015625,-0.7139873804192957,-1.8599999999999999,1.1460126195807043
1139,2024-06-19,Scotland,Switzerland,1.0,1.0,UEFA Euro,Cologne,Germany,1,2024,0,0,1150,2024-04-04 00:00:00,39.0,34.0,-5.0,1497.46,1506.89,2024-04-04 00:00:00,19.0,19.0,0.0,1616.41,1613.44,-20.0,-118.95000000000005,1800.0,1791.0,9.0,0,-1.0,-1.0,-1.0,-1.0,-1.0,-1.0,0.3333333333333333,0.2,0.2,0.375,0.3580246913580247,0.4140625,-1.3333333333333333,-1.2,-1.2,-1.375,-1.3580246913580247,-1.4140625,-1.8647058823529412,0.2673102573005592,-2.1320161396535005
1140,2024-06-20,Argentina,Canada,2.0,0.0,Copa América,Atlanta,United States,1,2024,0,0,1151,2024-04-04 00:00:00,1.0,1.0,0.0,1858.0,1855.2,2024-04-04 00:00:00,49.0,50.0,1.0,1461.16,1453.76,48.0,396.8399999999999,2139.0,1705.0,434.0,1,0.3333333333333333,0.6,0.5714285714285714,0.48992919921875,0.5064346016041501,0.5336996503174305,-1.0,-0.6,-0.4285714285714285,-0.90625,-0.6927297668038408,-0.48583984375,1.3333333333333333,1.2,1.0,1.39617919921875,1.199164368407991,1.0195394940674305,0.528652648517032,0.7740726059801084,-0.24541995746307643
1141,2024-06-20,Denmark,England,1.0,1.0,UEFA Euro,Frankfurt,Germany,1,2024,0,0,1152,2024-04-04 00:00:00,21.0,21.0,0.0,1602.72,1601.31,2024-04-04 00:00:00,4.0,3.0,-1.0,1794.9,1800.05,-17.0,-192.1800000000001,1877.0,2014.0,-137.0,0,-0.6666666666666666,-0.6666666666666666,-0.6666666666666666,-0.75,-0.5555555555555555,-0.4375,0.3333333333333333,0.4,0.5,0.46875,0.4897119341563786,0.5458984375,-1.0,-1.0666666666666669,-1.1666666666666663,-1.21875,-1.045267489711934,-0.9833984375,-0.5669896193771625,2.9550976612433506,-3.522087280620513
1142,2024-06-20,Spain,Italy,1.0,0.0,UEFA Euro,Gelsenkirchen,Germany,1,2024,0,0,1153,2024-04-04 00:00:00,8.0,8.0,0.0,1727.5,1732.64,2024-04-04 00:00:00,9.0,9.0,0.0,1724.6,1718.82,1.0,2.900000000000091,2033.0,1956.0,77.0,1,0.0,0.2,0.2,0.4375,0.3827160493827161,0.42578125,-1.0,-1.0,-1.0,-1.0,-1.0,-1.0,1.0,1.2,1.2,1.4375,1.382716049382716,1.42578125,5.197624549514492,-2.2199999999999998,7.417624549514492
1143,2024-06-21,Netherlands,France,0.0,0.0,UEFA Euro,Leipzig,Germany,1,2024,0,0,1154,2024-04-04 00:00:00,7.0,6.0,-1.0,1742.29,1745.48,2024-04-04 00:00:00,2.0,2.0,0.0,1840.59,1845.44,-5.0,-98.29999999999995,1970.0,2109.0,-139.0,0,0.6666666666666666,0.6,0.6666666666666666,0.71875,0.7119341563786008,0.7333984375,0.6666666666666666,0.8,0.5714285714285714,0.71875,0.6899862825788752,0.69384765625,0.0,-0.2,0.0952380952380952,0.0,0.0219478737997256,0.03955078125,1.4937147755020401,1.6465275653411293,-0.1528127898390892
1144,2024-06-21,Poland,Austria,1.0,3.0,UEFA Euro,Berlin,Germany,1,2024,0,0,1155,2024-04-04 00:00:00,28.0,30.0,2.0,1531.49,1520.24,2024-04-04 00:00:00,25.0,25.0,0.0,1554.86,1546.1,-3.0,-23.36999999999989,1714.0,1835.0,-121.0,-1,-1.0,-0.4,-0.1666666666666666,-0.78125,-0.4732510288065842,-0.2353515625,-1.0,-1.0,-1.0,-1.0,-1.0,-1.0,0.0,0.6,0.8333333333333334,0.21875,0.5267489711934158,0.7646484375,1.5300418985855617,-0.7847058823529411,2.314747780938503
1146,2024-06-22,Ecuador,Venezuela,1.0,2.0,Copa América,Santa Clara,United States,1,2024,0,0,1157,2024-04-04 00:00:00,31.0,31.0,0.0,1518.22,1519.2,2024-04-04 00:00:00,54.0,52.0,-2.0,1442.29,1447.2,23.0,75.93000000000006,1883.0,1750.0,133.0,-1,0.3333333333333333,0.6,0.1428571428571428,0.57177734375,0.432008444963787,0.3416993618011474,0.3333333333333333,0.4,0.0,0.12890625,0.134329116496469,0.1325912475585937,0.0,0.1999999999999999,0.1428571428571428,0.44287109375,0.297679328467318,0.2091081142425537,0.6056257220387521,1.6781067984066176,-1.0724810763678656
1147,2024-06-22,Georgia,Czech Republic,1.0,1.0,UEFA Euro,Hamburg,Germany,1,2024,0,0,1158,2024-04-04 00:00:00,75.0,77.0,2.0,1333.76,1312.45,2022-03-31 00:00:00,33.0,31.0,-2.0,1500.62,1510.42,-42.0,-166.8599999999999,1650.0,1753.0,-103.0,0,-1.0,-1.0,-1.0,-1.0,-1.0,-1.0,-1.0,-1.0,-1.0,-1.0,-1.0,-1.0,0.0,0.0,0.0,0.0,0.0,0.0,-1.3599999999999999,-0.7047058823529412,-0.6552941176470587
1148,2024-06-22,Mexico,Jamaica,1.0,0.0,Copa América,Houston,United States,1,2024,0,0,1159,2024-04-04 00:00:00,14.0,15.0,1.0,1661.11,1652.7,2024-04-04 00:00:00,55.0,57.0,2.0,1435.33,1421.54,41.0,225.78,1794.0,1610.0,184.0,1,0.0,0.4,0.4285714285714285,0.35546875,0.3440024386526444,0.3916778564453125,1.0,0.4,0.0,0.78125,0.4732510288065842,0.2353515625,-1.0,0.0,0.4285714285714285,-0.42578125,-0.1292485901539398,0.1563262939453125,-0.02550719627293876,-0.45160581405886635,0.4260986177859276
1149,2024-06-22,Turkey,Portugal,0.0,3.0,UEFA Euro,Dortmund,Germany,1,2024,0,0,1160,2022-03-31 00:00:00,43.0,39.0,-4.0,1461.81,1472.72,2024-04-04 00:00:00,6.0,7.0,1.0,1748.11,1745.06,-37.0,-286.29999999999995,1765.0,2032.0,-267.0,-1,0.0,0.0,0.0,0.0,-0.3333333333333335,-0.5,0.3333333333333333,0.2,0.4285714285714285,0.375,0.3580246913580247,0.4140625,-0.3333333333333333,-0.2,-0.4285714285714285,-0.375,-0.6913580246913582,-0.9140625,-1.2188235294117644,1.160876369408155,-2.3796998988199194
1145,2024-06-22,Belgium,Romania,2.0,0.0,UEFA Euro,Cologne,Germany,1,2024,0,0,1156,2024-04-04 00:00:00,3.0,4.0,1.0,1795.23,1798.46,2024-04-04 00:00:00,46.0,45.0,-1.0,1468.17,1472.73,43.0,327.05999999999995,1990.0,1629.0,361.0,1,-0.6666666666666666,-0.25,-0.25,-0.5,-0.185185185185185,0.03125,,,,,,,,,,,,,-0.020968858131487855,0.0,0.0
1150,2024-06-23,Germany,Switzerland,1.0,1.0,UEFA Euro,Frankfurt,Germany,0,2024,0,0,1161,2024-04-04 00:00:00,16.0,16.0,0.0,1644.21,1631.22,2024-04-04 00:00:00,19.0,19.0,0.0,1616.41,1613.44,3.0,27.799999999999955,1885.0,1791.0,94.0,0,1.0,0.4,0.4,0.8125,0.5061728395061726,0.26171875,0.0,0.0,0.1666666666666666,0.1875,0.2386831275720165,0.310546875,1.0,0.4,0.2333333333333333,0.625,0.2674897119341561,-0.048828125,-0.5661057698063959,0.22805671275346748,-0.7941624825598634
1151,2024-06-23,Scotland,Hungary,0.0,1.0,UEFA Euro,Stuttgart,Germany,1,2024,0,0,1162,2024-04-04 00:00:00,39.0,34.0,-5.0,1497.46,1506.89,2024-04-04 00:00:00,26.0,27.0,1.0,1532.2,1525.13,-13.0,-34.74000000000001,1800.0,1791.0,9.0,-1,-0.6666666666666666,-0.6666666666666666,-0.6666666666666666,-0.5,-0.6666666666666667,-0.75,-1.0,-1.0,-1.0,-1.0,-1.0,-1.0,0.3333333333333333,0.3333333333333333,0.3333333333333333,0.5,0.3333333333333332,0.25,-1.7314878892733565,-1.856470588235294,0.12498269896193759
1152,2024-06-23,United States,Bolivia,2.0,0.0,Copa América,Arlington,United States,0,2024,0,0,1163,2024-04-04 00:00:00,11.0,13.0,2.0,1681.13,1661.7,2024-04-04 00:00:00,85.0,86.0,1.0,1283.88,1284.55,74.0,397.25,1774.0,1590.0,184.0,1,0.0,-0.2,0.0,-0.26171875,-0.1005436163186505,0.0011520385742187,-0.3333333333333333,-0.6,-0.7142857142857143,-0.5,-0.5555555555555556,-0.625,0.3333333333333333,0.3999999999999999,0.7142857142857143,0.23828125,0.455011939236905,0.6261520385742188,-0.17583791671880983,-1.812066565675929,1.6362286489571192
1153,2024-06-23,Uruguay,Panama,3.0,1.0,Copa América,Miami Gardens,United States,1,2024,0,0,1164,2024-04-04 00:00:00,15.0,11.0,-4.0,1659.39,1665.99,2024-04-04 00:00:00,45.0,44.0,-1.0,1475.62,1475.62,30.0,183.7700000000002,2006.0,1765.0,241.0,1,1.0,0.4,0.5714285714285714,0.865234375,0.7175227353553828,0.6445579528808594,1.0,0.4,0.2857142857142857,0.796875,0.5317786922725193,0.3243408203125,0.0,0.0,0.2857142857142857,0.068359375,0.1857440430828635,0.3202171325683594,0.690141831564605,-0.548946565901674,1.239088397466279
1155,2024-06-24,Brazil,Costa Rica,0.0,0.0,Copa América,Inglewood,United States,1,2024,0,0,1166,2024-04-04 00:00:00,5.0,5.0,0.0,1788.65,1784.09,2024-04-04 00:00:00,52.0,54.0,2.0,1445.38,1437.57,47.0,343.27,2011.0,1714.0,297.0,0,-1.0,-0.4,-0.1428571428571428,-0.82427978515625,-0.5648744535036709,-0.3740877844393253,0.3333333333333333,0.2,0.4285714285714285,0.68701171875,0.5662359509334055,0.5464684963226318,-1.3333333333333333,-0.6000000000000001,-0.5714285714285714,-1.51129150390625,-1.1311104044370763,-0.9205562807619572,-0.18347437443617837,0.3891913555739588,-0.5726657300101372
1156,2024-06-24,Colombia,Paraguay,2.0,1.0,Copa América,Houston,United States,1,2024,0,0,1167,2024-04-04 00:00:00,12.0,14.0,2.0,1664.28,1655.29,2024-04-04 00:00:00,56.0,56.0,0.0,1430.73,1430.73,44.0,233.54999999999995,1984.0,1706.0,278.0,1,0.6666666666666666,0.4,0.5714285714285714,0.7734375,0.6092059137326626,0.474578857421875,0.0,-0.4,-0.4285714285714285,-0.4765625,-0.3985672915714068,-0.405181884765625,0.6666666666666666,0.8,1.0,1.25,1.0077732053040696,0.8797607421875,-0.5384297877624556,-0.37780662285198624,-0.1606231649104694
1157,2024-06-24,Croatia,Italy,1.0,1.0,UEFA Euro,Leipzig,Germany,1,2024,0,0,1168,2024-04-04 00:00:00,10.0,10.0,0.0,1721.07,1717.57,2024-04-04 00:00:00,9.0,9.0,0.0,1724.6,1718.82,-1.0,-3.5299999999999727,1951.0,1956.0,-5.0,0,0.0,-0.2,-0.1428571428571428,-0.18359375,-0.1533302850175278,-0.1189727783203125,-1.0,-1.0,-1.0,-1.0,-1.0,-1.0,1.0,0.8,0.8571428571428572,0.81640625,0.8466697149824722,0.8810272216796875,-0.3021295451720681,-2.1470588235294117,1.8449292783573437
1154,2024-06-24,Albania,Spain,0.0,1.0,UEFA Euro,Düsseldorf,Germany,1,2024,0,0,1165,2024-04-04 00:00:00,66.0,64.0,-2.0,1375.1,1382.69,2024-04-04 00:00:00,8.0,8.0,0.0,1727.5,1732.64,-58.0,-352.4000000000001,1616.0,2033.0,-417.0,-1,0.0,0.0,0.0,0.0,0.0,0.0,0.6666666666666666,0.2,0.3333333333333333,0.71875,0.588477366255144,0.5693359375,-0.6666666666666666,-0.2,-0.3333333333333333,-0.71875,-0.588477366255144,-0.5693359375,1.12,4.949528987778345,-3.829528987778345
1162,2024-06-25,Peru,Canada,0.0,1.0,Copa América,Kansas City,United States,1,2024,0,0,1173,2024-04-04 00:00:00,32.0,33.0,1.0,1515.82,1512.68,2024-04-04 00:00:00,49.0,50.0,1.0,1461.16,1453.76,17.0,54.659999999999854,1798.0,1705.0,93.0,-1,-0.6666666666666666,-0.8,-0.5714285714285714,-0.4658203125,-0.5111348202340429,-0.4480390548706054,-1.0,-1.0,-0.7142857142857143,-0.953125,-0.7951531778692271,-0.6143798828125,0.3333333333333333,0.1999999999999999,0.1428571428571429,0.4873046875,0.2840183576351842,0.1663408279418945,0.1505416288027194,0.6673624526871609,-0.5168208238844415
1158,2024-06-25,Chile,Argentina,0.0,1.0,Copa América,East Rutherford,United States,1,2024,0,0,1169,2024-04-04 00:00:00,42.0,42.0,0.0,1491.71,1489.82,2024-04-04 00:00:00,1.0,1.0,0.0,1858.0,1855.2,-41.0,-366.29,1739.0,2139.0,-400.0,-1,-0.6666666666666666,-0.2,-0.4285714285714285,-0.58984375,-0.488390997307321,-0.4724044799804687,0.3333333333333333,0.6,0.7142857142857143,0.744964599609375,0.6709564010694333,0.6502747377380729,-1.0,-0.8,-1.1428571428571428,-1.334808349609375,-1.1593473983767544,-1.1226792177185416,-0.7672203918517897,0.5587319044866184,-1.325952296338408
1159,2024-06-25,England,Slovenia,0.0,0.0,UEFA Euro,Cologne,Germany,1,2024,0,0,1170,2024-04-04 00:00:00,4.0,3.0,-1.0,1794.9,1800.05,2024-04-04 00:00:00,57.0,55.0,-2.0,1427.84,1431.4,53.0,367.0600000000002,2014.0,1716.0,298.0,0,0.0,0.4,0.4285714285714285,0.234375,0.3264746227709191,0.409423828125,,,,,,,,,,,,,2.7612683870525654,0.0,0.0
1160,2024-06-25,France,Poland,1.0,1.0,UEFA Euro,Dortmund,Germany,1,2024,0,0,1171,2024-04-04 00:00:00,2.0,2.0,0.0,1840.59,1845.44,2024-04-04 00:00:00,28.0,30.0,2.0,1531.49,1520.24,26.0,309.0999999999999,2109.0,1714.0,395.0,0,0.3333333333333333,0.6,0.4285714285714285,0.359375,0.4599908550525835,0.5203857421875,-1.0,-0.6,-0.2857142857142857,-0.890625,-0.6488340192043894,-0.426513671875,1.3333333333333333,1.2,0.7142857142857142,1.25,1.1088248742569728,0.9468994140625,1.5437906497328275,1.3259217869040583,0.21786886282876927
1161,2024-06-25,Netherlands,Austria,2.0,3.0,UEFA Euro,Berlin,Germany,1,2024,0,0,1172,2024-04-04 00:00:00,7.0,6.0,-1.0,1742.29,1745.48,2024-04-04 00:00:00,25.0,25.0,0.0,1554.86,1546.1,18.0,187.4300000000001,1970.0,1835.0,135.0,-1,0.3333333333333333,0.6,0.5714285714285714,0.359375,0.4746227709190672,0.550048828125,-0.3333333333333333,-0.3333333333333333,-0.3333333333333333,0.0,-0.3333333333333335,-0.5,0.6666666666666666,0.9333333333333332,0.9047619047619048,0.359375,0.8079561042524007,1.050048828125,1.4117315534136847,-0.6244290657439445,2.0361606191576294
1163,2024-06-26,Czech Republic,Turkey,1.0,2.0,UEFA Euro,Hamburg,Germany,1,2024,0,0,1174,2022-03-31 00:00:00,33.0,31.0,-2.0,1500.62,1510.42,2022-03-31 00:00:00,43.0,39.0,-4.0,1461.81,1472.72,10.0,38.809999999999945,1753.0,1765.0,-12.0,-1,-0.6666666666666666,-0.6666666666666666,-0.6666666666666666,-0.5,-0.6666666666666667,-0.75,-0.3333333333333333,-0.3333333333333333,-0.3333333333333333,-0.5,-0.5555555555555556,-0.625,-0.3333333333333333,-0.3333333333333333,-0.3333333333333333,0.0,-0.1111111111111111,-0.125,-0.7126643598615917,-1.280069204152249,0.5674048442906573
1164,2024-06-26,Ecuador,Jamaica,3.0,1.0,Copa América,Las Vegas,United States,1,2024,0,0,1175,2024-04-04 00:00:00,31.0,31.0,0.0,1518.22,1519.2,2024-04-04 00:00:00,55.0,57.0,2.0,1435.33,1421.54,24.0,82.8900000000001,1883.0,1610.0,273.0,1,0.0,0.2,0.1428571428571428,-0.214111328125,-0.0453277033574752,0.0062745213508605,0.3333333333333333,0.2,0.0,-0.109375,-0.017832647462277,-0.073486328125,-0.3333333333333333,0.0,0.1428571428571428,-0.104736328125,-0.0274950558951981,0.0797608494758606,0.48411832662470783,-0.4356290014671684,0.9197473280918762
1165,2024-06-26,Georgia,Portugal,2.0,0.0,UEFA Euro,Gelsenkirchen,Germany,1,2024,0,0,1176,2024-04-04 00:00:00,75.0,77.0,2.0,1333.76,1312.45,2024-04-04 00:00:00,6.0,7.0,1.0,1748.11,1745.06,-69.0,-414.3499999999999,1650.0,2032.0,-382.0,1,-0.5,-0.5,-0.5,-0.5,-0.6666666666666667,-0.75,0.3333333333333333,0.2,0.4285714285714285,0.6875,0.5720164609053497,0.560546875,-0.8333333333333333,-0.7,-0.9285714285714286,-1.1875,-1.2386831275720165,-1.310546875,-1.2305882352941175,1.2255307006194398,-2.4561189359135573
1166,2024-06-26,Ukraine,Belgium,0.0,0.0,UEFA Euro,Stuttgart,Germany,1,2024,0,0,1177,2024-04-04 00:00:00,22.0,24.0,2.0,1568.86,1553.35,2024-04-04 00:00:00,3.0,4.0,1.0,1795.23,1798.46,-19.0,-226.3700000000001,1857.0,1990.0,-133.0,0,0.0,0.0,0.0,0.0,0.3333333333333335,0.5,0.0,0.0,0.0,0.25,0.2098765432098766,0.2734375,0.0,0.0,0.0,-0.25,0.1234567901234569,0.2265625,1.608235294117647,0.04732342764095261,1.5609118664766943
1167,2024-06-26,Venezuela,Mexico,1.0,0.0,Copa América,Inglewood,United States,1,2024,0,0,1178,2024-04-04 00:00:00,54.0,52.0,-2.0,1442.29,1447.2,2024-04-04 00:00:00,14.0,15.0,1.0,1661.11,1652.7,-40.0,-218.8199999999999,1750.0,1794.0,-44.0,1,0.3333333333333333,0.4,0.2857142857142857,0.564453125,0.4228860776643126,0.3494434356689453,0.3333333333333333,0.4,0.4285714285714285,0.677734375,0.5626682924350962,0.5437583923339844,0.0,0.0,-0.1428571428571428,-0.11328125,-0.1397822147707835,-0.194314956665039,1.66527698673564,-0.013418537668648244,1.6786955244042883
1168,2024-06-27,United States,Panama,1.0,2.0,Copa América,Atlanta,United States,0,2024,0,0,1179,2024-04-04 00:00:00,11.0,13.0,2.0,1681.13,1661.7,2024-04-04 00:00:00,45.0,44.0,-1.0,1475.62,1475.62,34.0,205.51000000000025,1774.0,1765.0,9.0,-1,0.3333333333333333,0.2,0.1428571428571428,0.369140625,0.2663042557875662,0.250864028930664,0.3333333333333333,0.2,0.0,-0.1015625,0.0211857948483463,-0.006744384765625,0.0,0.0,0.1428571428571428,0.470703125,0.2451184609392199,0.257608413696289,-0.13490627455887985,-0.5990085326133403,0.4641022580544605
1169,2024-06-27,Uruguay,Bolivia,5.0,0.0,Copa América,East Rutherford,United States,1,2024,0,0,1180,2024-04-04 00:00:00,15.0,11.0,-4.0,1659.39,1665.99,2024-04-04 00:00:00,85.0,86.0,1.0,1283.88,1284.55,70.0,375.51,2006.0,1590.0,416.0,1,1.0,0.8,0.5714285714285714,0.9326171875,0.8116818235702552,0.7334184646606445,-0.3333333333333333,-0.6,-0.7142857142857143,-0.75,-0.7037037037037037,-0.71875,1.3333333333333333,1.4,1.2857142857142856,1.6826171875,1.515385527273959,1.4521684646606443,0.7318981944137459,-1.736062650047933,2.467960844461679
1170,2024-06-28,Colombia,Costa Rica,3.0,0.0,Copa América,Glendale,United States,1,2024,0,0,1181,2024-04-04 00:00:00,12.0,14.0,2.0,1664.28,1655.29,2024-04-04 00:00:00,52.0,54.0,2.0,1445.38,1437.57,40.0,218.89999999999984,1984.0,1714.0,270.0,1,1.0,0.6,0.5714285714285714,0.88671875,0.7394706091551084,0.6059341430664062,0.6666666666666666,0.4,0.2857142857142857,0.343505859375,0.3774906339556037,0.4098513722419739,0.3333333333333333,0.1999999999999999,0.2857142857142857,0.543212890625,0.3619799751995047,0.1960827708244323,-0.4996986237764288,0.42159186406960825,-0.9212904878460371
1171,2024-06-28,Paraguay,Brazil,1.0,4.0,Copa América,Las Vegas,United States,1,2024,0,0,1182,2024-04-04 00:00:00,56.0,56.0,0.0,1430.73,1430.73,2024-04-04 00:00:00,5.0,5.0,0.0,1788.65,1784.09,-51.0,-357.9200000000001,1706.0,2011.0,-305.0,-1,-0.6666666666666666,-0.4,-0.4285714285714285,-0.73828125,-0.5990448610476045,-0.5538864135742188,-0.6666666666666666,-0.6,-0.1428571428571428,-0.412139892578125,-0.3765829690024473,-0.280565838329494,0.0,0.1999999999999999,-0.2857142857142857,-0.326141357421875,-0.2224618920451571,-0.2733205752447247,-0.3626415273901047,-0.22797588182228554,-0.13466564556781915
1173,2024-06-29,Canada,Chile,0.0,0.0,Copa América,Orlando,United States,1,2024,0,0,1184,2024-04-04 00:00:00,49.0,50.0,1.0,1461.16,1453.76,2024-04-04 00:00:00,42.0,42.0,0.0,1491.71,1489.82,-7.0,-30.549999999999955,1705.0,1739.0,-34.0,0,-0.3333333333333333,-0.6,-0.4285714285714285,0.0234375,-0.1967687852461515,-0.210784912109375,-0.6666666666666666,-0.4,-0.4285714285714285,-0.794921875,-0.6589273315382139,-0.6043033599853516,0.3333333333333333,-0.1999999999999999,0.0,0.818359375,0.4621585462920624,0.3935184478759765,0.706929367234975,-0.732678015860508,1.439607383095483
1172,2024-06-29,Argentina,Peru,2.0,0.0,Copa América,Miami Gardens,United States,1,2024,0,0,1183,2024-04-04 00:00:00,1.0,1.0,0.0,1858.0,1855.2,2024-04-04 00:00:00,32.0,33.0,1.0,1515.82,1512.68,31.0,342.18000000000006,2139.0,1798.0,341.0,1,1.0,0.6,0.7142857142857143,0.8724822998046875,0.7806376007129555,0.7377060533035547,-0.6666666666666666,-0.8,-0.7142857142857143,-0.73291015625,-0.6740898801560286,-0.5860292911529541,1.6666666666666663,1.4,1.4285714285714286,1.6053924560546875,1.454727480868984,1.3237353444565088,0.5364535571638761,0.06286270946138295,0.47359084770249316
1174,2024-06-29,Germany,Denmark,2.0,0.0,UEFA Euro,Dortmund,Germany,0,2024,0,0,1185,2024-04-04 00:00:00,16.0,16.0,0.0,1644.21,1631.22,2024-04-04 00:00:00,21.0,21.0,0.0,1602.72,1601.31,5.0,41.49000000000001,1885.0,1877.0,8.0,1,0.6666666666666666,0.6,0.3333333333333333,0.40625,0.3374485596707818,0.1962890625,-0.6666666666666666,-0.5,-0.5,-0.375,-0.3703703703703703,-0.328125,1.3333333333333333,1.1,0.8333333333333333,0.78125,0.7078189300411522,0.5244140625,-0.5363348421707256,-0.5136372888255647,-0.02269755334516088
1175,2024-06-29,Switzerland,Italy,2.0,0.0,UEFA Euro,Berlin,Germany,1,2024,0,0,1186,2024-04-04 00:00:00,19.0,19.0,0.0,1616.41,1613.44,2024-04-04 00:00:00,9.0,9.0,0.0,1724.6,1718.82,-10.0,-108.18999999999984,1791.0,1956.0,-165.0,1,0.3333333333333333,0.2,0.1428571428571428,0.09375,0.159122085048011,0.23291015625,-0.6666666666666666,-0.6666666666666666,-0.6666666666666666,-0.5,-0.6666666666666667,-0.75,1.0,0.8666666666666667,0.8095238095238095,0.59375,0.8257887517146778,0.98291015625,0.2181710237679694,-2.0219377162629755,2.2401087400309447
1178,2024-06-30,Spain,Georgia,4.0,1.0,UEFA Euro,Cologne,Germany,1,2024,0,0,1189,2024-04-04 00:00:00,8.0,8.0,0.0,1727.5,1732.64,2024-04-04 00:00:00,75.0,77.0,2.0,1333.76,1312.45,67.0,393.74,2033.0,1650.0,383.0,1,1.0,0.4,0.4285714285714285,0.859375,0.7256515775034293,0.677001953125,0.0,0.0,0.0,0.25,-0.1111111111111112,-0.3125,1.0,0.4,0.4285714285714285,0.609375,0.8367626886145406,0.989501953125,4.648968459085501,-0.9593771626297577,5.608345621715259
1177,2024-06-30,Mexico,Ecuador,0.0,0.0,Copa América,Glendale,United States,1,2024,0,0,1188,2024-04-04 00:00:00,14.0,15.0,1.0,1661.11,1652.7,2024-04-04 00:00:00,31.0,31.0,0.0,1518.22,1519.2,17.0,142.88999999999987,1794.0,1883.0,-89.0,0,0.3333333333333333,0.0,0.2857142857142857,-0.1611328125,0.0417788616233975,0.1578187942504882,0.3333333333333333,0.2,0.4285714285714285,0.3929443359375,0.3031148644283498,0.2547058910131454,0.0,-0.2,-0.1428571428571428,-0.5540771484375,-0.2613360028049522,-0.0968870967626571,-0.1185115648646101,0.5450525427056074,-0.6635641075702176
1176,2024-06-30,England,Slovakia,2.0,1.0,UEFA Euro,Gelsenkirchen,Germany,1,2024,0,0,1187,2024-04-04 00:00:00,4.0,3.0,-1.0,1794.9,1800.05,2024-04-04 00:00:00,48.0,48.0,0.0,1461.55,1465.73,44.0,333.35000000000014,2014.0,1567.0,447.0,1,0.3333333333333333,0.2,0.2857142857142857,0.1171875,0.2176497485139461,0.30706787109375,1.0,1.0,1.0,1.0,1.0,1.0,-0.6666666666666667,-0.8,-0.7142857142857143,-0.8828125,-0.7823502514860539,-0.69293212890625,2.536487893696532,1.9,0.6364878936965321
1179,2024-07-01,Bolivia,Panama,1.0,3.0,Copa América,Orlando,United States,1,2024,0,0,1190,2024-04-04 00:00:00,85.0,86.0,1.0,1283.88,1284.55,2024-04-04 00:00:00,45.0,44.0,-1.0,1475.62,1475.62,-40.0,-191.73999999999972,1590.0,1765.0,-175.0,-1,-1.0,-0.6,-0.7142857142857143,-0.875,-0.8024691358024691,-0.7890625,0.3333333333333333,0.6,0.2857142857142857,0.44921875,0.3474571965655641,0.2449417114257812,-1.3333333333333333,-1.2,-1.0,-1.32421875,-1.149926332368033,-1.0340042114257812,-1.845706023574525,-0.46494920716549676,-1.3807568164090283
1180,2024-07-01,France,Belgium,1.0,0.0,UEFA Euro,Düsseldorf,Germany,1,2024,0,0,1191,2024-04-04 00:00:00,2.0,2.0,0.0,1840.59,1845.44,2024-04-04 00:00:00,3.0,4.0,1.0,1795.23,1798.46,1.0,45.3599999999999,2109.0,1990.0,119.0,1,0.3333333333333333,0.4,0.5714285714285714,0.1796875,0.3066605700350557,0.390289306640625,0.0,-0.2,0.0,0.125,0.139917695473251,0.205078125,0.3333333333333333,0.6000000000000001,0.5714285714285714,0.0546875,0.1667428745618046,0.185211181640625,1.4223911997485437,0.022186755426778927,1.4002044443217647
1181,2024-07-01,Portugal,Slovenia,0.0,0.0,UEFA Euro,Frankfurt,Germany,1,2024,0,0,1192,2024-04-04 00:00:00,6.0,7.0,1.0,1748.11,1745.06,2024-04-04 00:00:00,57.0,55.0,-2.0,1427.84,1431.4,51.0,320.27,2032.0,1716.0,316.0,0,0.3333333333333333,0.2,0.1428571428571428,-0.15625,0.0480109739368999,0.17041015625,0.0,0.0,0.0,0.0,0.0,0.0,0.3333333333333333,0.2,0.1428571428571428,-0.15625,0.0480109739368999,0.17041015625,0.9546171299947669,1.06,-0.10538287000523316
1182,2024-07-01,United States,Uruguay,0.0,1.0,Copa América,Kansas City,United States,0,2024,0,0,1193,2024-04-04 00:00:00,11.0,13.0,2.0,1681.13,1661.7,2024-04-04 00:00:00,15.0,11.0,-4.0,1659.39,1665.99,4.0,21.74000000000001,1774.0,2006.0,-232.0,-1,-0.3333333333333333,0.0,-0.1428571428571428,-0.3154296875,-0.1557971628082891,-0.0618519783020019,1.0,1.0,0.5714285714285714,0.96630859375,0.8744545490468368,0.8000638484954834,-1.3333333333333333,-1.0,-0.7142857142857142,-1.28173828125,-1.030251711855126,-0.8619158267974854,-0.22579414076129867,0.9006100653305844,-1.126404206091883
1184,2024-07-02,Brazil,Colombia,1.0,1.0,Copa América,Santa Clara,United States,1,2024,0,0,1195,2024-04-04 00:00:00,5.0,5.0,0.0,1788.65,1784.09,2024-04-04 00:00:00,12.0,14.0,2.0,1664.28,1655.29,7.0,124.37000000000012,2011.0,1984.0,27.0,0,0.0,-0.4,-0.1428571428571428,0.2939300537109375,0.082278020665035,0.0395756212528795,1.0,0.8,0.5714285714285714,0.943359375,0.8263137394367389,0.7044506072998047,-1.0,-1.2000000000000002,-0.7142857142857142,-0.6494293212890625,-0.7440357187717039,-0.6648749860469252,-0.0980949475974452,-0.3408928223778154,0.24279787478037018
1183,2024-07-02,Austria,Turkey,1.0,2.0,UEFA Euro,Leipzig,Germany,1,2024,0,0,1194,2024-04-04 00:00:00,25.0,25.0,0.0,1554.86,1546.1,2022-03-31 00:00:00,43.0,39.0,-4.0,1461.81,1472.72,18.0,93.04999999999995,1835.0,1765.0,70.0,-1,0.3333333333333333,0.0,0.0,0.5,0.1111111111111109,-0.125,0.3333333333333333,0.0,0.0,0.25,-0.0370370370370371,-0.21875,0.0,0.0,0.0,0.25,0.148148148148148,0.09375,-0.5076979442295949,-1.1341827803785873,0.6264848361489924
1186,2024-07-02,Romania,Netherlands,0.0,3.0,UEFA Euro,Munich,Germany,1,2024,0,0,1197,2024-04-04 00:00:00,46.0,45.0,-1.0,1468.17,1472.73,2024-04-04 00:00:00,7.0,6.0,-1.0,1742.29,1745.48,-39.0,-274.1199999999999,1629.0,1970.0,-341.0,-1,-1.0,-1.0,-1.0,-1.0,-1.0,-1.0,0.0,0.2,0.2857142857142857,-0.3203125,-0.0169181527206217,0.16253662109375,-1.0,-1.2,-1.2857142857142856,-0.6796875,-0.9830818472793784,-1.16253662109375,-1.1400000000000001,1.2486885208599385,-2.3886885208599384
1185,2024-07-02,Costa Rica,Paraguay,2.0,1.0,Copa América,Austin,United States,1,2024,0,0,1196,2024-04-04 00:00:00,52.0,54.0,2.0,1445.38,1437.57,2024-04-04 00:00:00,56.0,56.0,0.0,1430.73,1430.73,4.0,14.650000000000093,1714.0,1706.0,8.0,1,0.0,0.0,0.0,-0.3282470703125,-0.081672910696264,0.0573885291814804,-1.0,-0.4,-0.5714285714285714,-0.869140625,-0.7326965740317363,-0.6654148101806641,1.0,0.4,0.5714285714285714,0.5408935546875,0.6510236633354722,0.7228033393621445,0.2673805779478665,-0.4577802610730397,0.7251608390209062
1187,2024-07-04,Argentina,Ecuador,1.0,1.0,Copa América,Houston,United States,1,2024,0,0,1198,2024-04-04 00:00:00,1.0,1.0,0.0,1858.0,1855.2,2024-04-04 00:00:00,31.0,31.0,0.0,1518.22,1519.2,30.0,339.78,2139.0,1883.0,256.0,0,1.0,0.6,0.7142857142857143,0.9362411499023438,0.8537584004753037,0.803279539977666,0.0,0.2,0.2857142857142857,0.19647216796875,0.2020765762855665,0.191029418259859,1.0,0.3999999999999999,0.4285714285714286,0.7397689819335938,0.6516818241897372,0.6122501217178069,0.5860739361542363,0.532990628428807,0.05308330772542935
1188,2024-07-05,Germany,Spain,1.0,2.0,UEFA Euro,Stuttgart,Germany,0,2024,0,0,1199,2024-04-04 00:00:00,16.0,16.0,0.0,1644.21,1631.22,2024-04-04 00:00:00,8.0,8.0,0.0,1727.5,1732.64,-8.0,-83.28999999999996,1885.0,2033.0,-148.0,-1,0.6666666666666666,0.8,0.4285714285714285,0.703125,0.5582990397805212,0.397216796875,1.0,0.8,0.4285714285714285,0.9296875,0.8171010516689529,0.75775146484375,-0.3333333333333333,0.0,0.0,-0.2265625,-0.2588020118884316,-0.36053466796875,-0.3930210279253888,4.473146785021648,-4.866167812947038
1189,2024-07-05,Portugal,France,0.0,0.0,UEFA Euro,Hamburg,Germany,1,2024,0,0,1200,2024-04-04 00:00:00,6.0,7.0,1.0,1748.11,1745.06,2024-04-04 00:00:00,2.0,2.0,0.0,1840.59,1845.44,-4.0,-92.48000000000002,2032.0,2109.0,-77.0,0,0.0,0.0,0.0,-0.078125,0.0320073159579333,0.1278076171875,0.3333333333333333,0.4,0.5714285714285714,0.58984375,0.5377737133567038,0.5427169799804688,-0.3333333333333333,-0.4,-0.5714285714285714,-0.66796875,-0.5057663973987705,-0.4149093627929687,0.8384631811715453,1.3963681879986294,-0.5579050068270841
1190,2024-07-05,Venezuela,Canada,1.0,1.0,Copa América,Arlington,United States,1,2024,0,0,1201,2024-04-04 00:00:00,54.0,52.0,-2.0,1442.29,1447.2,2024-04-04 00:00:00,49.0,50.0,1.0,1461.16,1453.76,-5.0,-18.87000000000012,1750.0,1705.0,45.0,0,0.6666666666666666,0.6,0.5714285714285714,0.7822265625,0.6152573851095418,0.512082576751709,0.0,-0.4,-0.5714285714285714,0.01171875,-0.131179190164101,-0.1580886840820312,0.6666666666666666,1.0,1.1428571428571428,0.7705078125,0.7464365752736428,0.6701712608337402,1.6732018698688378,0.6735805809270352,0.9996212889418026
1192,2024-07-06,England,Switzerland,1.0,1.0,UEFA Euro,Düsseldorf,Germany,1,2024,0,0,1203,2024-04-04 00:00:00,4.0,3.0,-1.0,1794.9,1800.05,2024-04-04 00:00:00,19.0,19.0,0.0,1616.41,1613.44,15.0,178.49,2014.0,1791.0,223.0,0,0.3333333333333333,0.2,0.4285714285714285,0.55859375,0.478433165675964,0.4803009033203125,0.3333333333333333,0.2,0.1428571428571428,0.546875,0.4394147233653406,0.4246826171875,0.0,0.0,0.2857142857142857,0.01171875,0.0390184423106234,0.0556182861328125,2.3943415470085005,0.3347491988404418,2.0595923481680587
1191,2024-07-06,Colombia,Panama,5.0,0.0,Copa América,Glendale,United States,1,2024,0,0,1202,2024-04-04 00:00:00,12.0,14.0,2.0,1664.28,1655.29,2024-04-04 00:00:00,45.0,44.0,-1.0,1475.62,1475.62,33.0,188.66000000000008,1984.0,1765.0,219.0,1,0.6666666666666666,0.8,0.5714285714285714,0.4716796875,0.5508758262911594,0.5283379554748535,0.3333333333333333,0.6,0.4285714285714285,0.724609375,0.5649714643770427,0.4337062835693359,0.3333333333333333,0.2,0.1428571428571428,-0.2529296875,-0.0140956380858833,0.0946316719055175,-0.3126050092967674,-0.3670110185087029,0.0544060092119355
1193,2024-07-06,Netherlands,Turkey,2.0,1.0,UEFA Euro,Berlin,Germany,1,2024,0,0,1204,2024-04-04 00:00:00,7.0,6.0,-1.0,1742.29,1745.48,2022-03-31 00:00:00,43.0,39.0,-4.0,1461.81,1472.72,36.0,280.48,1970.0,1765.0,205.0,1,0.0,0.2,0.4285714285714285,0.33984375,0.3220545648529188,0.3719024658203125,0.3333333333333333,0.2,0.2,0.625,0.3086419753086418,0.0859375,-0.3333333333333333,0.0,0.2285714285714285,-0.28515625,0.0134125895442769,0.2859649658203125,1.3058244902211187,-0.9874661462386704,2.293290636459789
1194,2024-07-06,Uruguay,Brazil,0.0,0.0,Copa América,Las Vegas,United States,1,2024,0,0,1205,2024-04-04 00:00:00,15.0,11.0,-4.0,1659.39,1665.99,2024-04-04 00:00:00,5.0,5.0,0.0,1788.65,1784.09,-10.0,-129.26,2006.0,2011.0,-5.0,0,1.0,1.0,0.8571428571428571,0.983154296875,0.9163030326978912,0.8500478863716125,0.3333333333333333,-0.2,-0.2857142857142857,0.1469650268554687,0.05485201377669,0.0296817159396596,0.6666666666666667,1.2,1.1428571428571428,0.8361892700195312,0.8614510189212012,0.8203661704319529,0.9111624144287853,-0.10055995067994843,1.0117223651087337
1195,2024-07-09,Argentina,Canada,2.0,0.0,Copa América,East Rutherford,United States,1,2024,0,0,1206,2024-04-04 00:00:00,1.0,1.0,0.0,1858.0,1855.2,2024-04-04 00:00:00,49.0,50.0,1.0,1461.16,1453.76,48.0,396.8399999999999,2139.0,1705.0,434.0,1,0.6666666666666666,0.8,0.5714285714285714,0.4681205749511719,0.5691722669835358,0.6024596549832495,0.3333333333333333,-0.2,-0.4285714285714285,0.005859375,-0.087452793442734,-0.1185665130615234,0.3333333333333333,1.0,1.0,0.4622611999511719,0.6566250604262699,0.7210261680447729,0.5163048810863401,0.6280758408725038,-0.11177095978616369
1196,2024-07-09,Spain,France,2.0,1.0,UEFA Euro,Munich,Germany,1,2024,0,0,1207,2024-04-04 00:00:00,8.0,8.0,0.0,1727.5,1732.64,2024-04-04 00:00:00,2.0,2.0,0.0,1840.59,1845.44,-6.0,-113.08999999999992,2033.0,2109.0,-76.0,1,1.0,1.0,0.5714285714285714,0.96484375,0.8780673677793019,0.8183135986328125,0.3333333333333333,0.4,0.4285714285714285,0.294921875,0.3585158089044692,0.4070377349853515,0.6666666666666667,0.6,0.1428571428571428,0.669921875,0.5195515588748327,0.4112758636474609,4.25943226825567,1.3095230004692984,2.949909267786371
1197,2024-07-10,Netherlands,England,1.0,2.0,UEFA Euro,Dortmund,Germany,1,2024,0,0,1208,2024-04-04 00:00:00,7.0,6.0,-1.0,1742.29,1745.48,2024-04-04 00:00:00,4.0,3.0,-1.0,1794.9,1800.05,-3.0,-52.61000000000013,1970.0,2014.0,-44.0,-1,0.3333333333333333,0.4,0.4285714285714285,0.669921875,0.5480363765686125,0.5289268493652344,0.3333333333333333,0.4,0.2857142857142857,0.279296875,0.318955443783976,0.3602256774902344,0.0,0.0,0.1428571428571428,0.390625,0.2290809327846364,0.168701171875,1.245481873149288,2.2358508677727063,-0.9903689946234182
1198,2024-07-10,Uruguay,Colombia,0.0,1.0,Copa América,Charlotte,United States,1,2024,0,0,1209,2024-04-04 00:00:00,15.0,11.0,-4.0,1659.39,1665.99,2024-04-04 00:00:00,12.0,14.0,2.0,1664.28,1655.29,-3.0,-4.889999999999873,2006.0,1984.0,22.0,-1,0.6666666666666666,0.8,0.8571428571428571,0.4915771484375,0.6108686884652609,0.6375359147787094,0.6666666666666666,0.8,0.7142857142857143,0.73583984375,0.7005838841941062,0.6462534666061401,0.0,0.0,0.1428571428571428,-0.2442626953125,-0.0897151957288453,-0.0087175518274307,0.869329331227092,-0.03892236169107516,0.9082516929181672
1199,2024-07-13,Canada,Uruguay,2.0,2.0,Copa América,Charlotte,United States,1,2024,0,0,1210,2024-04-04 00:00:00,49.0,50.0,1.0,1461.16,1453.76,2024-04-04 00:00:00,15.0,11.0,-4.0,1659.39,1665.99,-34.0,-198.23,1705.0,2006.0,-301.0,0,-0.3333333333333333,-0.2,-0.4285714285714285,-0.4970703125,-0.3916351956284893,-0.3389248847961426,0.0,0.4,0.5714285714285714,-0.25421142578125,0.0739124589768407,0.228151936084032,-0.3333333333333333,-0.6000000000000001,-1.0,-0.24285888671875,-0.46554765460533,-0.5670768208801746,0.529953732585886,0.7628981940960866,-0.23294446151020065
1200,2024-07-14,Argentina,Colombia,1.0,0.0,Copa América,Miami Gardens,United States,1,2024,0,0,1211,2024-04-04 00:00:00,1.0,1.0,0.0,1858.0,1855.2,2024-04-04 00:00:00,12.0,14.0,2.0,1664.28,1655.29,11.0,193.72000000000003,2139.0,1984.0,155.0,1,0.6666666666666666,0.8,0.5714285714285714,0.7340602874755859,0.7127815113223572,0.7018447412374371,0.6666666666666666,0.8,0.8571428571428571,0.867919921875,0.8003892561294041,0.7346900999546051,0.0,0.0,-0.2857142857142857,-0.133859634399414,-0.0876077448070469,-0.0328453587171679,0.5471104763165554,0.01866130664369397,0.5284491696728615
1201,2024-07-14,Spain,England,2.0,1.0,UEFA Euro,Berlin,Germany,1,2024,0,0,1212,2024-04-04 00:00:00,8.0,8.0,0.0,1727.5,1732.64,2024-04-04 00:00:00,4.0,3.0,-1.0,1794.9,1800.05,-4.0,-67.40000000000009,2033.0,2014.0,19.0,1,1.0,1.0,0.8571428571428571,0.982421875,0.9187115785195348,0.8637351989746094,0.6666666666666666,0.4,0.2857142857142857,0.6396484375,0.545970295855984,0.5201692581176758,0.3333333333333333,0.6,0.5714285714285714,0.3427734375,0.3727412826635506,0.3435659408569336,4.074759781887688,2.1596243461390174,1.9151354357486707
460,2024-09-05,Japan,China PR,7.0,0.0,FIFA World Cup qualification,Saitama,Japan,0,2024,0,1,461,2024-07-18,18.0,17.0,-1.0,1628.81,1628.81,2024-07-18,87.0,88.0,1.0,1267.51,1267.51,69.0,361.3,1905.0,1400.0,505.0,1,1.0,0.6,0.4285714285714285,0.858612060546875,0.7318809021481566,0.6657022004947066,0.0,-0.2,-0.1428571428571428,-0.419921875,-0.3111822384799065,-0.3117637634277344,1.0,0.8,0.5714285714285714,1.278533935546875,1.043063140628063,0.977465963922441,0.8264682606423541,-0.7920185071254843,1.6184867677678385
457,2024-09-05,Jordan,Kuwait,1.0,1.0,FIFA World Cup qualification,Amman,Jordan,0,2024,0,1,458,2024-07-18,68.0,68.0,0.0,1374.13,1374.13,2024-07-18,136.0,137.0,1.0,1098.42,1098.42,68.0,275.71000000000004,1503.0,1340.0,163.0,0,1.0,0.6,0.7142857142857143,0.931884765625,0.8182150041114629,0.7201753258705139,0.0,0.0,-0.1666666666666666,0.3125,0.0205761316872426,-0.154296875,1.0,0.6,0.8809523809523809,0.619384765625,0.7976388724242203,0.8744722008705139,0.3959601055051002,-0.000610230466870941,0.3965703359719711
458,2024-09-05,Saudi Arabia,Indonesia,1.0,1.0,FIFA World Cup qualification,Jeddah,Saudi Arabia,0,2024,0,1,459,2024-07-18,56.0,56.0,0.0,1431.3,1431.3,2024-07-18,133.0,134.0,1.0,1108.73,1108.73,77.0,322.56999999999994,1586.0,1297.0,289.0,0,0.0,0.2,0.2857142857142857,-0.17340087890625,0.0535131816428016,0.1605367227457463,0.3333333333333333,0.2,-0.1428571428571428,0.3828125,0.2320276380633033,0.1757278442382812,-0.3333333333333333,0.0,0.4285714285714285,-0.55621337890625,-0.1785144564205016,-0.0151911214925348,0.1980461997672159,3.1752395057674017,-2.977193306000186
467,2024-09-05,Qatar,United Arab Emirates,1.0,3.0,FIFA World Cup qualification,Al Rayyan,Qatar,0,2024,0,1,468,2024-07-18,34.0,35.0,1.0,1504.06,1504.06,2024-07-18,69.0,69.0,0.0,1368.84,1368.84,35.0,135.22000000000003,1534.0,1504.0,30.0,-1,0.6666666666666666,0.8,0.7142857142857143,0.741943359375,0.738237483872465,0.7204908430576324,0.6666666666666666,0.4,0.5714285714285714,0.4267578125,0.4670584316979683,0.4593558311462402,0.0,0.4,0.1428571428571429,0.315185546875,0.2711790521744966,0.2611350119113922,-0.5497749341416223,1.1341460368239151,-1.6839209709655374
466,2024-09-05,Uzbekistan,North Korea,1.0,0.0,FIFA World Cup qualification,Tashkent,Uzbekistan,0,2024,0,1,467,2024-07-18,61.0,62.0,1.0,1397.41,1397.41,2024-07-18,110.0,110.0,0.0,1183.96,1183.96,49.0,213.45000000000005,1643.0,1370.0,273.0,1,0.6666666666666666,0.6,0.5714285714285714,0.4580078125,0.5498823011397315,0.5826044082641602,0.3333333333333333,0.2,0.2,0.625,0.3086419753086418,0.0859375,0.3333333333333333,0.3999999999999999,0.3714285714285714,-0.1669921875,0.2412403258310896,0.4966669082641601,0.68767522523299,0.03825457070676831,0.6494206545262217
465,2024-09-05,Iraq,Oman,1.0,0.0,FIFA World Cup qualification,Basra,Iraq,0,2024,0,1,466,2024-07-18,55.0,55.0,0.0,1433.07,1433.07,2024-07-18,76.0,76.0,0.0,1326.18,1326.18,21.0,106.88999999999989,1621.0,1526.0,95.0,1,1.0,0.6,0.7142857142857143,0.9366455078125,0.8496866695142703,0.7722848802804947,0.6666666666666666,0.4,0.2857142857142857,0.4033203125,0.4038341038798286,0.3417463302612304,0.3333333333333333,0.1999999999999999,0.4285714285714286,0.5333251953125,0.4458525656344417,0.4305385500192642,0.4346992389308162,-0.0023748964013599293,0.4370741353321761
464,2024-09-05,Argentina,Chile,3.0,0.0,FIFA World Cup qualification,Buenos Aires,Argentina,0,2024,0,1,465,2024-07-18,1.0,1.0,0.0,1901.48,1860.14,2024-07-18,43.0,40.0,-3.0,1489.5,1496.13,42.0,411.98,2139.0,1739.0,400.0,1,0.6666666666666666,0.8,0.8571428571428571,0.867030143737793,0.8085210075482381,0.7763835559280778,-0.6666666666666666,-0.6,-0.2857142857142857,-0.3974609375,-0.4392848876921427,-0.4532275199890136,1.3333333333333333,1.4,1.1428571428571428,1.264491081237793,1.2478058952403808,1.2296110759170915,0.5608098600626404,-0.697814603162831,1.2586244632254715
463,2024-09-05,Iran,Kyrgyzstan,1.0,0.0,FIFA World Cup qualification,Fuladshahr,Iran,0,2024,0,1,464,2024-07-18,20.0,20.0,0.0,1611.16,1611.16,2024-07-18,102.0,101.0,-1.0,1213.58,1213.58,82.0,397.58000000000015,1827.0,1266.0,561.0,1,0.6666666666666666,0.4,0.4285714285714285,0.4288787841796875,0.4914982335898089,0.5034654195187613,0.3333333333333333,0.2,0.1428571428571428,0.15625,0.1371742112482852,0.04833984375,0.3333333333333333,0.2,0.2857142857142857,0.2726287841796875,0.3543240223415236,0.4551255757687613,-0.23969423362622477,-1.048978167602545,0.8092839339763201
462,2024-09-05,Bolivia,Venezuela,4.0,0.0,FIFA World Cup qualification,El Alto,Bolivia,0,2024,0,1,463,2024-07-18,89.0,84.0,-5.0,1258.56,1282.43,2024-07-18,37.0,54.0,17.0,1501.46,1442.29,-52.0,-242.9000000000001,1590.0,1750.0,-160.0,1,-1.0,-0.6,-0.7142857142857143,-0.9375,-0.8683127572016461,-0.841796875,0.6666666666666666,0.4,0.4285714285714285,0.39111328125,0.4101715900730279,0.3840619325637817,-1.6666666666666663,-1.0,-1.1428571428571428,-1.32861328125,-1.278484347274674,-1.2258588075637815,-1.8077233163054354,1.5806605834059648,-3.3883838997114
461,2024-09-05,South Korea,Palestine,0.0,0.0,FIFA World Cup qualification,Seoul,South Korea,0,2024,0,1,462,2024-07-18,23.0,22.0,-1.0,1572.87,1572.87,2024-07-18,96.0,95.0,-1.0,1231.25,1231.25,73.0,341.6199999999999,1799.0,1417.0,382.0,0,1.0,0.4,0.4285714285714285,0.860992431640625,0.6985700567839611,0.6003349825041369,0.0,0.0,-0.2857142857142857,-0.3671875,-0.2254229538180155,-0.18682861328125,1.0,0.4,0.7142857142857142,1.228179931640625,0.9239930106019768,0.7871635957853869,0.003379432339448391,-0.28763942417876853,0.2910188565182169
459,2024-09-05,Australia,Bahrain,0.0,1.0,FIFA World Cup qualification,Robina,Australia,0,2024,0,1,460,2024-07-18,24.0,23.0,-1.0,1571.29,1571.29,2024-07-18,80.0,81.0,1.0,1302.86,1302.86,56.0,268.43000000000006,1784.0,1461.0,323.0,-1,1.0,0.6,0.5714285714285714,0.9291105270385742,0.8270186043544824,0.7563004397061377,0.3333333333333333,0.2,0.1428571428571428,0.1640625,0.2152110958695321,0.248565673828125,0.6666666666666667,0.3999999999999999,0.4285714285714285,0.7650480270385742,0.6118075084849502,0.5077347658780127,1.1979065858244038,0.3892978127677992,0.8086087730566046
469,2024-09-06,Uruguay,Paraguay,0.0,0.0,FIFA World Cup qualification,Montevideo,Uruguay,0,2024,0,1,472,2024-07-18,11.0,14.0,3.0,1713.15,1663.44,2024-07-18,62.0,58.0,-4.0,1396.8,1427.11,51.0,316.35000000000014,2006.0,1706.0,300.0,0,-0.3333333333333333,0.2,0.4285714285714285,-0.127105712890625,0.0492749726512271,0.171113952063024,-1.0,-0.8,-0.5714285714285714,-0.9345703125,-0.8217977160211575,-0.749061107635498,0.6666666666666667,1.0,1.0,0.807464599609375,0.8710726886723846,0.920175059698522,0.6780218297374933,-0.48496965748050797,1.1629914872180012
470,2024-09-06,Brazil,Ecuador,1.0,0.0,FIFA World Cup qualification,Curitiba,Brazil,0,2024,0,1,473,2024-07-18,5.0,4.0,-1.0,1785.61,1791.85,2024-07-18,27.0,30.0,3.0,1530.44,1517.54,22.0,255.16999999999985,2011.0,1883.0,128.0,1,0.3333333333333333,0.0,-0.2857142857142857,0.0734825134277343,0.03656800918446,0.0222612869547447,0.3333333333333333,0.2,0.1428571428571428,0.098236083984375,0.134717717523711,0.1432720636948943,0.0,-0.2,-0.4285714285714285,-0.0247535705566406,-0.098149708339251,-0.1210107767401496,-0.10640936534583381,0.5369323561682888,-0.6433417215141226
468,2024-09-06,Peru,Colombia,1.0,1.0,FIFA World Cup qualification,Lima,Peru,0,2024,0,1,471,2024-07-18,42.0,31.0,-11.0,1489.68,1515.01,2024-07-18,9.0,12.0,3.0,1727.32,1669.44,-33.0,-237.63999999999987,1798.0,1984.0,-186.0,0,-0.6666666666666666,-0.8,-0.8571428571428571,-0.866455078125,-0.7827265867706856,-0.6895219683647156,0.3333333333333333,0.4,0.5714285714285714,-0.0660400390625,0.2002595040862695,0.3010175749659538,-1.0,-1.2000000000000002,-1.4285714285714284,-0.8004150390625,-0.9829860908569552,-0.9905395433306694,-0.022011567565757215,-0.028318770217699796,0.006307202651942581
471,2024-09-09,Samoa,Tonga,2.0,1.0,FIFA World Cup qualification,Apia,Samoa,0,2024,0,1,474,2024-07-18,192.0,181.0,-11.0,876.45,920.54,2024-07-18,200.0,200.0,0.0,833.12,833.12,8.0,43.33000000000004,677.0,546.0,131.0,1,,,,,,,,,,,,,,,,,,,0.0,0.0,0.0
476,2024-09-10,Kuwait,Iraq,0.0,0.0,FIFA World Cup qualification,Kuwait City,Kuwait,0,2024,0,1,479,2024-07-18,136.0,137.0,1.0,1098.42,1098.42,2024-07-18,55.0,55.0,0.0,1433.07,1433.07,-81.0,-334.64999999999986,1340.0,1621.0,-281.0,0,0.3333333333333333,-0.2,-0.1428571428571428,0.15625,0.0137174211248284,-0.11572265625,1.0,1.0,0.7142857142857143,0.96832275390625,0.8997911130095135,0.829213660210371,-0.6666666666666667,-1.2,-0.8571428571428572,-0.81207275390625,-0.8860736918846851,-0.944936316460371,0.07942566544294499,0.4432463425231211,-0.3638206770801761
477,2024-09-10,Oman,South Korea,1.0,3.0,FIFA World Cup qualification,Muscat,Oman,0,2024,0,1,480,2024-07-18,76.0,76.0,0.0,1326.18,1326.18,2024-07-18,23.0,22.0,-1.0,1572.87,1572.87,-53.0,-246.68999999999983,1526.0,1799.0,-273.0,-1,0.0,0.4,0.0,-0.29833984375,-0.0641105974134475,0.0063097476959228,0.6666666666666666,0.6,0.4285714285714285,0.4304962158203125,0.4657133711893074,0.4502512368781026,-0.6666666666666666,-0.1999999999999999,-0.4285714285714285,-0.7288360595703125,-0.5298239686027549,-0.4439414891821798,-0.03635284367186817,-0.08270171073934268,0.046348867067474514
478,2024-09-10,United Arab Emirates,Iran,0.0,1.0,FIFA World Cup qualification,Al Ain,United Arab Emirates,0,2024,0,1,481,2024-07-18,69.0,69.0,0.0,1368.84,1368.84,2024-07-18,20.0,20.0,0.0,1611.16,1611.16,-49.0,-242.32000000000016,1504.0,1827.0,-323.0,-1,0.6666666666666666,0.8,0.5714285714285714,0.71337890625,0.6447056211319788,0.5945168733596802,0.6666666666666666,0.8,0.5714285714285714,0.7144393920898438,0.660998822393206,0.627599064639071,0.0,0.0,0.0,-0.0010604858398437,-0.0162932012612271,-0.0330821912793908,1.2262550934813319,-0.26324163164821157,1.4894967251295435
479,2024-09-10,Kyrgyzstan,Uzbekistan,2.0,3.0,FIFA World Cup qualification,Bishkek,Kyrgyzstan,0,2024,0,1,482,2024-07-18,102.0,101.0,-1.0,1213.58,1213.58,2024-07-18,61.0,62.0,1.0,1397.41,1397.41,-41.0,-183.83000000000013,1266.0,1643.0,-377.0,-1,-0.3333333333333333,0.2,0.1428571428571428,-0.421875,-0.2418838591678097,-0.2137451171875,0.6666666666666666,0.8,0.7142857142857143,0.72900390625,0.6999215340931543,0.6869533061981201,-1.0,-0.6000000000000001,-0.5714285714285714,-1.15087890625,-0.941805393260964,-0.9006984233856201,-0.9496265106847482,0.6484002119839906,-1.5980267226687388
480,2024-09-10,Venezuela,Uruguay,0.0,0.0,FIFA World Cup qualification,Maturín,Venezuela,0,2024,0,1,483,2024-07-18,37.0,54.0,17.0,1501.46,1442.29,2024-07-18,11.0,14.0,3.0,1713.15,1663.44,-26.0,-211.69000000000003,1750.0,2006.0,-256.0,0,0.0,0.2,0.2857142857142857,-0.304443359375,-0.0598856066179813,0.0380464494228363,-0.3333333333333333,0.0,0.2857142857142857,-0.0635528564453125,0.0328499817674847,0.128335464047268,0.3333333333333333,0.2,0.0,-0.2408905029296875,-0.092735588385466,-0.0902890146244317,1.1912099608526727,0.5781381926941114,0.6130717681585613
481,2024-09-10,Chile,Bolivia,1.0,2.0,FIFA World Cup qualification,Santiago,Chile,0,2024,0,1,484,2024-07-18,43.0,40.0,-3.0,1489.5,1496.13,2024-07-18,89.0,84.0,-5.0,1258.56,1282.43,46.0,230.94000000000003,1739.0,1590.0,149.0,-1,-0.6666666666666666,-0.6,-0.4285714285714285,-0.69873046875,-0.6261899251280951,-0.5899206399917603,-0.3333333333333333,-0.6,-0.4285714285714285,0.03125,-0.2455418381344309,-0.38134765625,-0.3333333333333333,0.0,0.0,-0.72998046875,-0.3806480869936642,-0.2085729837417602,-0.783825508859135,-1.4049160624051158,0.6210905535459808
482,2024-09-10,Ecuador,Peru,1.0,0.0,FIFA World Cup qualification,Quito,Ecuador,0,2024,0,1,485,2024-07-18,27.0,30.0,3.0,1530.44,1517.54,2024-07-18,42.0,31.0,-11.0,1489.68,1515.01,15.0,40.75999999999999,1883.0,1798.0,85.0,1,-0.3333333333333333,-0.2,0.0,-0.4508819580078125,-0.2435215216508592,-0.1425459522288292,-0.6666666666666666,-0.6,-0.7142857142857143,-0.4332275390625,-0.5218177245137905,-0.5171414762735367,0.3333333333333333,0.3999999999999999,0.7142857142857143,-0.0176544189453125,0.2782962028629313,0.3745955240447074,0.4724069234525071,0.01810675993811086,0.4543001635143963
483,2024-09-10,Colombia,Argentina,2.0,1.0,FIFA World Cup qualification,Barranquilla,Colombia,0,2024,0,1,486,2024-07-18,9.0,12.0,3.0,1727.32,1669.44,2024-07-18,1.0,1.0,0.0,1901.48,1860.14,-8.0,-174.16000000000008,1984.0,2139.0,-155.0,1,0.0,0.2,0.4285714285714285,-0.03302001953125,0.133506336057513,0.2257631812244653,1.0,0.8,0.8571428571428571,0.9335150718688964,0.872347338365492,0.8322876669460584,-1.0,-0.6000000000000001,-0.4285714285714285,-0.9665350914001464,-0.738841002307979,-0.606524485721593,-0.06547648961665864,0.6548798682942498,-0.7203563579109085
484,2024-09-10,North Korea,Qatar,2.0,2.0,FIFA World Cup qualification,Vientiane,Laos,1,2024,0,1,487,2024-07-18,110.0,110.0,0.0,1183.96,1183.96,2024-07-18,34.0,35.0,1.0,1504.06,1504.06,-76.0,-320.0999999999999,1370.0,1534.0,-164.0,0,0.3333333333333333,0.2,0.0,-0.1875,-0.1275720164609053,-0.185546875,0.0,0.4,0.5714285714285714,-0.1290283203125,0.1588249892483101,0.2903681322932243,0.3333333333333333,-0.2,-0.5714285714285714,-0.0584716796875,-0.2863970057092155,-0.4759150072932243,0.034827831253429004,-0.6762587615450563,0.7110865927984853
485,2024-09-10,Paraguay,Brazil,1.0,0.0,FIFA World Cup qualification,Asunción,Paraguay,0,2024,0,1,488,2024-07-18,62.0,58.0,-4.0,1396.8,1427.11,2024-07-18,5.0,4.0,-1.0,1785.61,1791.85,-57.0,-388.81,1706.0,2011.0,-305.0,1,-0.6666666666666666,-0.8,-0.4285714285714285,-0.46728515625,-0.547865144014105,-0.5617958307266235,0.3333333333333333,0.4,0.0,0.5367412567138672,0.3577120061229732,0.2666959652160585,-1.0,-1.2000000000000002,-0.4285714285714285,-1.0040264129638672,-0.9055771501370784,-0.8284917959426821,-0.39644203056988986,-0.0672088144431377,-0.32923321612675216
474,2024-09-10,Bahrain,Japan,0.0,5.0,FIFA World Cup qualification,Riffa,Bahrain,0,2024,0,1,477,2024-07-18,80.0,81.0,1.0,1302.86,1302.86,2024-07-18,18.0,17.0,-1.0,1628.81,1628.81,-62.0,-325.95000000000005,1461.0,1905.0,-444.0,-1,0.3333333333333333,0.6,0.4285714285714285,0.58203125,0.4768073972463547,0.4364242553710937,1.0,0.6,0.7142857142857143,0.9293060302734376,0.8212539347654377,0.74927665037103,-0.6666666666666667,0.0,-0.2857142857142857,-0.3472747802734375,-0.344446537519083,-0.3128523949999362,0.49110382378145806,1.1084407158986862,-0.6173368921172282
475,2024-09-10,Palestine,Jordan,1.0,3.0,FIFA World Cup qualification,Kuala Lumpur,Malaysia,1,2024,0,1,478,2024-07-18,96.0,95.0,-1.0,1231.25,1231.25,2024-07-18,68.0,68.0,0.0,1374.13,1374.13,-28.0,-142.8800000000001,1417.0,1503.0,-86.0,-1,-0.3333333333333333,0.2,-0.1428571428571428,-0.18359375,-0.1502819692120103,-0.1401214599609375,0.6666666666666666,0.8,0.5714285714285714,0.4659423828125,0.545476669407642,0.5401314944028854,-1.0,-0.6000000000000001,-0.7142857142857142,-0.6495361328125,-0.6957586386196524,-0.6802529543638229,-0.1848371051094292,0.29266833459303543,-0.4775054397024646
472,2024-09-10,China PR,Saudi Arabia,1.0,2.0,FIFA World Cup qualification,Dalian,China PR,0,2024,0,1,475,2024-07-18,87.0,88.0,1.0,1267.51,1267.51,2024-07-18,56.0,56.0,0.0,1431.3,1431.3,-31.0,-163.78999999999996,1400.0,1586.0,-186.0,-1,-0.6666666666666666,-0.2,-0.4285714285714285,-0.7099609375,-0.5407881589866043,-0.4838228225708008,0.0,0.2,0.1428571428571428,-0.086700439453125,0.0356754544285344,0.1204025420593097,-0.6666666666666666,-0.4,-0.5714285714285714,-0.623260498046875,-0.5764636134151387,-0.6042253646301106,-1.076017418471044,0.09580818801620321,-1.1718256064872472
473,2024-09-10,Indonesia,Australia,0.0,0.0,FIFA World Cup qualification,Jakarta,Indonesia,0,2024,0,1,476,2024-07-18,133.0,134.0,1.0,1108.73,1108.73,2024-07-18,24.0,23.0,-1.0,1571.29,1571.29,-109.0,-462.56,1297.0,1784.0,-487.0,0,0.0,0.4,0.0,0.19140625,0.1546850920422022,0.1317958831787109,0.3333333333333333,0.6,0.4285714285714285,-0.0354447364807128,0.2180124029029884,0.3172253297796032,-0.3333333333333333,-0.1999999999999999,-0.4285714285714285,0.2268509864807129,-0.0633273108607861,-0.1854294466008923,3.0790489466046136,1.002735610187674,2.0763133364169395
490,2024-10-10,Iraq,Palestine,1.0,0.0,FIFA World Cup qualification,Basra,Iraq,0,2024,0,1,493,2024-09-19,55.0,55.0,0.0,1435.9,1433.07,2024-09-19,98.0,96.0,-2.0,1228.99,1231.25,43.0,206.91000000000008,1621.0,1417.0,204.0,1,0.6666666666666666,0.8,0.5714285714285714,0.484161376953125,0.5998607420063424,0.6219102451577783,-0.6666666666666666,-0.2,-0.1428571428571428,-0.591796875,-0.4335213128080069,-0.3550910949707031,1.3333333333333333,1.0,0.7142857142857142,1.075958251953125,1.0333820548143493,0.9770013401284814,0.3218789106099963,-0.2586702165735804,0.5805491271835768
499,2024-10-10,Bolivia,Colombia,1.0,0.0,FIFA World Cup qualification,El Alto,Bolivia,0,2024,0,1,502,2024-09-19,83.0,89.0,6.0,1293.76,1258.56,2024-09-19,9.0,9.0,0.0,1738.72,1727.32,-74.0,-444.96,1590.0,1984.0,-394.0,1,0.3333333333333333,-0.2,-0.1428571428571428,0.515625,0.169638774577046,-0.0360107421875,0.0,0.4,0.4285714285714285,0.483489990234375,0.4223375573716753,0.419322385918349,0.3333333333333333,-0.6000000000000001,-0.5714285714285714,0.032135009765625,-0.2526987827946293,-0.455333128105849,-1.2093327646165795,0.006610362713733033,-1.2159431273303125
498,2024-10-10,Ecuador,Paraguay,0.0,0.0,FIFA World Cup qualification,Quito,Ecuador,0,2024,0,1,501,2024-09-19,27.0,27.0,0.0,1535.43,1530.44,2024-09-19,57.0,62.0,5.0,1423.98,1396.8,30.0,111.45000000000005,1883.0,1706.0,177.0,0,0.0,0.2,0.1428571428571428,0.2745590209960937,0.1709856522327604,0.143090535828378,0.0,-0.4,-0.4285714285714285,0.266357421875,-0.0319100960094034,-0.1713468730449676,0.0,0.6000000000000001,0.5714285714285714,0.0082015991210937,0.2028957482421639,0.3144374088733457,0.4857947514847126,-0.24723955818342574,0.7330343096681383
497,2024-10-10,Venezuela,Argentina,1.0,1.0,FIFA World Cup qualification,Maturín,Venezuela,0,2024,0,1,500,2024-09-19,40.0,37.0,-3.0,1488.56,1501.46,2024-09-19,1.0,1.0,0.0,1889.02,1901.48,-39.0,-400.46,1750.0,2139.0,-389.0,0,-0.3333333333333333,0.2,0.1428571428571428,-0.1522216796875,-0.0399237377453208,0.0285348370671272,0.3333333333333333,0.4,0.5714285714285714,-0.0332424640655517,0.2482315589103281,0.3742157502095438,-0.6666666666666666,-0.2,-0.4285714285714285,-0.1189792156219482,-0.288155296655649,-0.3456809131424165,1.151727021978986,0.5481222289828234,0.6036047929961625
496,2024-10-10,Chile,Brazil,1.0,2.0,FIFA World Cup qualification,Santiago,Chile,0,2024,0,1,499,2024-09-19,49.0,43.0,-6.0,1467.98,1489.5,2024-09-19,5.0,5.0,0.0,1772.02,1785.61,-44.0,-304.04,1739.0,2011.0,-272.0,-1,-0.6666666666666666,-0.8,-0.7142857142857143,-0.849365234375,-0.7507932834187301,-0.6924404799938202,0.0,0.2,0.0,-0.2316293716430664,-0.0948586625846843,-0.049978026087956,-0.6666666666666666,-1.0,-0.7142857142857143,-0.6177358627319336,-0.6559346208340457,-0.6424624539058641,-0.8506593024556565,-0.1891377077111884,-0.661521594744468
491,2024-10-10,Oman,Kuwait,4.0,0.0,FIFA World Cup qualification,Muscat,Oman,0,2024,0,1,494,2024-09-19,78.0,76.0,-2.0,1309.27,1326.18,2024-09-19,134.0,136.0,2.0,1111.62,1098.42,56.0,197.6500000000001,1526.0,1340.0,186.0,1,-0.6666666666666666,0.0,0.0,-0.649169921875,-0.3760737316089649,-0.2452676892280578,0.3333333333333333,0.0,0.0,0.078125,0.0091449474165522,-0.0867919921875,-1.0,0.0,0.0,-0.727294921875,-0.3852186790255172,-0.1584756970405578,-0.08950855874999357,0.17004768512277177,-0.2595562438727653
495,2024-10-10,Papua New Guinea,New Caledonia,1.0,3.0,FIFA World Cup qualification,Suva,Fiji,1,2024,0,1,498,2024-09-19,168.0,168.0,0.0,984.23,984.23,2024-09-19,160.0,160.0,0.0,1008.92,1008.92,-8.0,-24.68999999999994,1173.0,1180.0,-7.0,-1,0.3333333333333333,0.0,0.0,-0.25,-0.2592592592592593,-0.34375,-1.0,-1.0,-1.0,-1.0,-1.0,-1.0,1.3333333333333333,1.0,1.0,0.75,0.7407407407407407,0.65625,0.15822918786891924,-1.417439446366782,1.5756686342357014
493,2024-10-10,Qatar,Kyrgyzstan,3.0,1.0,FIFA World Cup qualification,Doha,Qatar,0,2024,0,1,496,2024-09-19,44.0,34.0,-10.0,1481.69,1504.06,2024-09-19,106.0,102.0,-4.0,1201.11,1213.58,62.0,280.5800000000001,1534.0,1266.0,268.0,1,0.0,0.2,0.4285714285714285,-0.06451416015625,0.1058833261655401,0.2177760992199182,-0.6666666666666666,-0.2,-0.1428571428571428,-0.7109375,-0.4945892394452064,-0.410308837890625,0.6666666666666666,0.4,0.5714285714285714,0.64642333984375,0.6004725656107466,0.6280849371105433,-0.7258905991012294,-0.9043543629974101,0.17846376389618068
492,2024-10-10,Jordan,South Korea,0.0,2.0,FIFA World Cup qualification,Amman,Jordan,0,2024,0,1,495,2024-09-19,68.0,68.0,0.0,1377.52,1374.13,2024-09-19,23.0,23.0,0.0,1572.61,1572.87,-45.0,-195.08999999999992,1503.0,1799.0,-296.0,-1,0.6666666666666666,0.8,0.5714285714285714,0.73297119140625,0.6969844462717613,0.6550986208021641,0.6666666666666666,0.8,0.4285714285714285,0.7152481079101562,0.6438089141262049,0.587688427658577,0.0,0.0,0.1428571428571428,0.0177230834960937,0.0531755321455563,0.0674101931435871,0.360158432558151,-0.022542786578204875,0.38270121913635585
486,2024-10-10,United Arab Emirates,North Korea,1.0,1.0,FIFA World Cup qualification,Al Ain,United Arab Emirates,0,2024,0,1,489,2024-09-19,69.0,69.0,0.0,1377.22,1368.84,2024-09-19,111.0,110.0,-1.0,1183.02,1183.96,42.0,194.20000000000005,1504.0,1370.0,134.0,0,0.0,0.4,0.2857142857142857,-0.143310546875,0.096470414087986,0.1958876550197601,0.0,0.0,0.0,-0.09375,-0.0850480109739369,-0.13916015625,0.0,0.4,0.2857142857142857,-0.049560546875,0.1815184250619229,0.3350478112697601,1.152945970335371,0.1221909000032273,1.0307550703321438
487,2024-10-10,Saudi Arabia,Japan,0.0,2.0,FIFA World Cup qualification,Jeddah,Saudi Arabia,0,2024,0,1,490,2024-09-19,56.0,56.0,0.0,1433.16,1431.3,2024-09-19,16.0,18.0,2.0,1639.6,1628.81,-40.0,-206.43999999999983,1586.0,1905.0,-319.0,-1,0.0,0.2,0.2857142857142857,0.4566497802734375,0.3571169696190229,0.3403019065444823,1.0,1.0,0.7142857142857143,0.9646530151367188,0.8808359565102918,0.8119574877782725,-1.0,-0.8,-0.4285714285714286,-0.5080032348632812,-0.5237189868912688,-0.4716555812337901,0.11252535342701478,1.2644147914340576,-1.1518894380070428
488,2024-10-10,Australia,China PR,3.0,1.0,FIFA World Cup qualification,Adelaide,Australia,0,2024,0,1,491,2024-09-19,25.0,24.0,-1.0,1544.3,1571.29,2024-09-19,91.0,87.0,-4.0,1253.77,1267.51,66.0,290.53,1784.0,1400.0,384.0,1,0.0,0.4,0.2857142857142857,-0.0177223682403564,0.1453416019353256,0.2379189973347024,-1.0,-0.4,-0.4285714285714285,-0.85498046875,-0.6938587726577361,-0.6128671169281006,1.0,0.8,0.7142857142857142,0.8372581005096436,0.8392003745930617,0.850786114262803,0.8155158684119286,-1.0350752173845121,1.8505910857964407
500,2024-10-10,Uzbekistan,Iran,0.0,0.0,FIFA World Cup qualification,Tashkent,Uzbekistan,0,2024,0,1,503,2024-09-19,60.0,61.0,1.0,1413.06,1397.41,2024-09-19,19.0,20.0,1.0,1622.92,1611.16,-41.0,-209.86000000000013,1643.0,1827.0,-184.0,0,0.6666666666666666,0.8,0.7142857142857143,0.864501953125,0.7999476893954361,0.7652149796485901,0.6666666666666666,0.8,0.5714285714285714,0.8572196960449219,0.773999214928804,0.7206992984793033,0.0,0.0,0.1428571428571429,0.0072822570800781,0.0259484744666321,0.0445156811692868,0.6208472583378735,-0.24658035919831675,0.8674276175361902
494,2024-10-10,Fiji,Solomon Islands,1.0,0.0,FIFA World Cup qualification,Suva,Fiji,0,2024,0,1,497,2024-09-19,150.0,153.0,3.0,1038.29,1033.09,2024-09-19,144.0,141.0,-3.0,1064.11,1075.06,-6.0,-25.819999999999936,1221.0,1253.0,-32.0,1,-0.3333333333333333,-0.3333333333333333,-0.3333333333333333,-0.5,-0.1111111111111109,0.125,0.3333333333333333,0.3333333333333333,0.3333333333333333,0.0,0.3333333333333335,0.5,-0.6666666666666666,-0.6666666666666666,-0.6666666666666666,-0.5,-0.4444444444444444,-0.375,0.8179238754325259,1.2426989619377162,-0.42477508650519036
489,2024-10-10,Bahrain,Indonesia,2.0,2.0,FIFA World Cup qualification,Riffa,Bahrain,0,2024,0,1,492,2024-09-19,76.0,80.0,4.0,1315.49,1302.86,2024-09-19,129.0,133.0,4.0,1124.17,1108.73,53.0,191.32,1461.0,1297.0,164.0,0,0.0,0.2,0.1428571428571428,-0.208984375,-0.0154617351690967,0.0773181915283203,0.3333333333333333,0.2,0.1428571428571428,0.095703125,0.1031233946948014,0.0988469123840332,-0.3333333333333333,0.0,0.0,-0.3046875,-0.1185851298638982,-0.0215287208557128,0.24103889297078404,3.026163714451401,-2.785124821480617
501,2024-10-11,New Zealand,Tahiti,3.0,0.0,FIFA World Cup qualification,Port Vila,Vanuatu,1,2024,0,1,504,2024-09-19,95.0,94.0,-1.0,1247.08,1245.73,2024-09-19,158.0,158.0,0.0,1016.83,1016.83,63.0,230.2499999999999,1525.0,1147.0,378.0,1,0.3333333333333333,0.6,0.6666666666666666,0.0,0.3333333333333335,0.5,-1.0,-1.0,-1.0,-1.0,-1.0,-1.0,1.3333333333333333,1.6,1.6666666666666663,1.0,1.3333333333333337,1.5,0.5996259623328265,-1.5647058823529412,2.164331844685768
502,2024-10-11,Peru,Uruguay,1.0,0.0,FIFA World Cup qualification,Lima,Peru,0,2024,0,1,505,2024-09-19,43.0,42.0,-1.0,1483.2,1489.68,2024-09-19,11.0,11.0,0.0,1701.34,1713.15,-32.0,-218.13999999999987,1798.0,2006.0,-208.0,1,-0.6666666666666666,-0.6,-0.7142857142857143,-0.71661376953125,-0.6812118163425269,-0.6378561072051525,0.0,-0.2,0.1428571428571428,-0.0317764282226562,0.0218999878449898,0.096251598035451,-0.6666666666666666,-0.3999999999999999,-0.8571428571428572,-0.6848373413085938,-0.7031118041875167,-0.7341077052406035,-0.02413481417589566,0.5135418284179871,-0.5376766425938828
503,2024-10-12,Vanuatu,Samoa,4.0,1.0,FIFA World Cup qualification,Port Vila,Vanuatu,0,2024,0,1,506,2024-09-19,162.0,162.0,0.0,1005.49,1005.49,2024-09-19,185.0,192.0,7.0,900.79,876.45,23.0,104.70000000000005,1081.0,739.0,342.0,1,,,,,,,1.0,1.0,1.0,1.0,1.0,1.0,,,,,,,0.0,0.84,0.0
504,2024-10-15,Jordan,Oman,4.0,0.0,FIFA World Cup qualification,Amman,Jordan,0,2024,0,1,507,2024-09-19,68.0,68.0,0.0,1377.52,1374.13,2024-09-19,78.0,76.0,-2.0,1309.27,1326.18,10.0,68.25,1503.0,1526.0,-23.0,1,0.0,0.4,0.5714285714285714,-0.133514404296875,0.1313229641811743,0.241323965601623,-0.3333333333333333,0.0,0.2857142857142857,0.1754150390625,0.0826175122606899,0.0660492330789566,0.3333333333333333,0.4,0.2857142857142857,-0.308929443359375,0.0487054519204843,0.1752747325226664,0.27426676005473033,0.0851684152941237,0.18909834476060663
505,2024-10-15,China PR,Indonesia,2.0,1.0,FIFA World Cup qualification,Qingdao,China PR,0,2024,0,1,508,2024-09-19,91.0,87.0,-4.0,1253.77,1267.51,2024-09-19,129.0,133.0,4.0,1124.17,1108.73,38.0,129.5999999999999,1400.0,1297.0,103.0,1,-1.0,-0.8,-0.4285714285714285,-0.927490234375,-0.7959058484384907,-0.7096503376960754,0.0,0.0,0.2857142857142857,0.0478515625,0.0687489297965343,0.0741351842880249,-1.0,-0.8,-0.7142857142857142,-0.975341796875,-0.864654778235025,-0.7837855219841003,-1.0141884398913055,2.910507025366025,-3.9246954652573303
506,2024-10-15,Japan,Australia,1.0,1.0,FIFA World Cup qualification,Saitama,Japan,0,2024,0,1,509,2024-09-19,16.0,18.0,2.0,1639.6,1628.81,2024-09-19,25.0,24.0,-1.0,1544.3,1571.29,9.0,95.29999999999995,1905.0,1784.0,121.0,0,1.0,1.0,0.7142857142857143,0.9823265075683594,0.9205573043401946,0.8589681158337044,0.0,0.4,0.5714285714285714,0.4911388158798218,0.4302277346235503,0.4284392480010268,1.0,0.6,0.1428571428571429,0.4911876916885376,0.4903295697166442,0.4305288678326775,1.2606256860555836,0.8075443467406387,0.4530813393149449
507,2024-10-15,South Korea,Iraq,3.0,2.0,FIFA World Cup qualification,Yongin,South Korea,0,2024,0,1,510,2024-09-19,23.0,23.0,0.0,1572.61,1572.87,2024-09-19,55.0,55.0,0.0,1435.9,1433.07,32.0,136.7099999999998,1799.0,1621.0,178.0,1,0.6666666666666666,0.8,0.7142857142857143,0.8576240539550781,0.7625392760841365,0.6907663207439327,0.6666666666666666,0.8,0.8571428571428571,0.7420806884765625,0.7332404946708949,0.7164326838683337,0.0,0.0,-0.1428571428571428,0.1155433654785156,0.0292987814132416,-0.0256663631244009,0.04348914204404247,0.3111801511623494,-0.26769100911830696
508,2024-10-15,Palestine,Kuwait,2.0,2.0,FIFA World Cup qualification,Al Rayyan,Qatar,1,2024,0,1,511,2024-09-19,98.0,96.0,-2.0,1228.99,1231.25,2024-09-19,134.0,136.0,2.0,1111.62,1098.42,36.0,117.37000000000012,1417.0,1340.0,77.0,0,-0.6666666666666666,-0.6,-0.1428571428571428,-0.7958984375,-0.6223475418720046,-0.5163183212280273,-0.3333333333333333,0.0,-0.2857142857142857,-0.4609375,-0.3272367017222984,-0.315093994140625,-0.3333333333333333,-0.6,0.1428571428571428,-0.3349609375,-0.2951108401497062,-0.2012243270874023,-0.25168961559866393,-0.009366884590332442,-0.2423227310083315
509,2024-10-15,Saudi Arabia,Bahrain,0.0,0.0,FIFA World Cup qualification,Jeddah,Saudi Arabia,0,2024,0,1,512,2024-09-19,56.0,56.0,0.0,1433.16,1431.3,2024-09-19,76.0,80.0,4.0,1315.49,1302.86,20.0,117.67000000000009,1586.0,1461.0,125.0,0,0.0,0.0,0.1428571428571428,-0.2716751098632812,-0.0952553535873179,0.0052264299083617,0.0,0.0,0.2857142857142857,-0.1044921875,-0.0103078234460645,0.0579886436462402,0.0,0.0,-0.1428571428571428,-0.1671829223632812,-0.0849475301412534,-0.0527622137378784,0.03531797969601391,0.16450719338426734,-0.12918921368825342
510,2024-10-15,Kyrgyzstan,North Korea,1.0,0.0,FIFA World Cup qualification,Bishkek,Kyrgyzstan,0,2024,0,1,513,2024-09-19,106.0,102.0,-4.0,1201.11,1213.58,2024-09-19,111.0,110.0,-1.0,1183.02,1183.96,5.0,18.08999999999992,1266.0,1370.0,-104.0,1,-1.0,-0.6,-0.1428571428571428,-0.85546875,-0.6630594929634709,-0.5577316284179688,-0.3333333333333333,0.2,0.1428571428571428,-0.046875,-0.0566986739826246,-0.1043701171875,-0.6666666666666667,-0.8,-0.2857142857142857,-0.80859375,-0.6063608189808463,-0.4533615112304687,-0.8958629298799153,0.1644149647089198,-1.0602778945888351
511,2024-10-15,Brazil,Peru,4.0,0.0,FIFA World Cup qualification,Brasília,Brazil,0,2024,0,1,514,2024-09-19,5.0,5.0,0.0,1772.02,1785.61,2024-09-19,43.0,42.0,-1.0,1483.2,1489.68,38.0,288.81999999999994,2011.0,1798.0,213.0,1,0.3333333333333333,0.2,0.2857142857142857,0.3841853141784668,0.2700942249435437,0.2125164804340329,0.0,-0.4,-0.4285714285714285,0.141693115234375,-0.1208078775616847,-0.2283920804038643,0.3333333333333333,0.6000000000000001,0.7142857142857142,0.2424921989440918,0.3909021025052284,0.4409085608378973,-0.1709531366693538,0.07375546901092174,-0.24470860568027553
512,2024-10-15,Uzbekistan,United Arab Emirates,1.0,0.0,FIFA World Cup qualification,Tashkent,Uzbekistan,0,2024,0,1,515,2024-09-19,60.0,61.0,1.0,1413.06,1397.41,2024-09-19,69.0,69.0,0.0,1377.22,1368.84,9.0,35.83999999999992,1643.0,1504.0,139.0,1,0.6666666666666666,0.6,0.7142857142857143,0.4322509765625,0.5332984595969575,0.5739112347364426,0.0,0.2,0.4285714285714285,-0.0716552734375,0.0643136093919906,0.1469157412648201,0.6666666666666666,0.3999999999999999,0.2857142857142857,0.50390625,0.4689848502049669,0.4269954934716224,0.6325621254944691,1.0357138544332904,-0.40315172893882134
513,2024-10-15,Argentina,Bolivia,6.0,0.0,FIFA World Cup qualification,Buenos Aires,Argentina,0,2024,0,1,516,2024-09-19,1.0,1.0,0.0,1889.02,1901.48,2024-09-19,83.0,89.0,6.0,1293.76,1258.56,82.0,595.26,2139.0,1590.0,549.0,1,0.0,0.4,0.4285714285714285,-0.0166212320327758,0.1654877059402188,0.2806618126571578,1.0,0.2,-0.1428571428571428,0.7578125,0.4464258497180306,0.222991943359375,-1.0,0.2,0.5714285714285714,-0.7744337320327759,-0.2809381437778118,0.0576698692977828,0.4699973919838337,-0.9923131902273689,1.4623105822112026
514,2024-10-15,Uruguay,Ecuador,0.0,0.0,FIFA World Cup qualification,Montevideo,Uruguay,0,2024,0,1,517,2024-09-19,11.0,11.0,0.0,1701.34,1713.15,2024-09-19,27.0,27.0,0.0,1535.43,1530.44,16.0,165.90999999999983,2006.0,1883.0,123.0,0,-0.3333333333333333,-0.4,-0.1428571428571428,-0.5158882141113281,-0.3187333414366733,-0.1778113014734117,0.0,0.0,0.0,0.1372795104980468,0.1139904348218403,0.1073179018712835,-0.3333333333333333,-0.4,-0.1428571428571428,-0.653167724609375,-0.4327237762585136,-0.2851292033446952,0.3868628973345761,0.42192447198561184,-0.035061574651035765
515,2024-10-15,Paraguay,Venezuela,2.0,1.0,FIFA World Cup qualification,Asunción,Paraguay,0,2024,0,1,518,2024-09-19,57.0,62.0,5.0,1423.98,1396.8,2024-09-19,40.0,37.0,-3.0,1488.56,1501.46,-17.0,-64.57999999999993,1706.0,1750.0,-44.0,1,0.3333333333333333,-0.2,-0.4285714285714285,0.1331787109375,-0.0212733973396023,-0.1285101547837257,-0.3333333333333333,0.0,0.1428571428571428,-0.07611083984375,-0.0266158251635472,0.0214011278003454,0.6666666666666666,-0.2,-0.5714285714285714,0.20928955078125,0.0053424278239449,-0.1499112825840711,-0.1974019371138125,1.1298607265684573,-1.3272626636822697
516,2024-10-15,Colombia,Chile,4.0,0.0,FIFA World Cup qualification,Barranquilla,Colombia,0,2024,0,1,519,2024-09-19,9.0,9.0,0.0,1738.72,1727.32,2024-09-19,49.0,43.0,-6.0,1467.98,1489.5,40.0,270.74,1984.0,1739.0,245.0,1,0.0,0.0,0.1428571428571428,-0.2582550048828125,-0.0517749617522163,0.0644917894387617,-1.0,-0.8,-0.7142857142857143,-0.9246826171875,-0.8338621889458201,-0.7693303599953651,1.0,0.8,0.8571428571428572,0.6664276123046875,0.7820872271936038,0.8338221494341269,-0.13966083509295713,-0.8076793434876767,0.6680185083947195
517,2024-10-15,Iran,Qatar,4.0,1.0,FIFA World Cup qualification,Dubai,United Arab Emirates,1,2024,0,1,520,2024-09-19,19.0,20.0,1.0,1622.92,1611.16,2024-09-19,44.0,34.0,-10.0,1481.69,1504.06,25.0,141.23000000000002,1827.0,1534.0,293.0,1,0.6666666666666666,0.6,0.7142857142857143,0.4286098480224609,0.5159994766192028,0.5405244738594774,0.0,0.2,0.4285714285714285,0.467742919921875,0.4039222174436933,0.4133320744149387,0.6666666666666666,0.3999999999999999,0.2857142857142857,-0.039133071899414,0.1120772591755094,0.1271923994445387,-0.2803109263042981,-0.6384852697423337,0.35817434343803556
528,2024-11-14,Ecuador,Bolivia,4.0,0.0,FIFA World Cup qualification,Guayaquil,Ecuador,0,2024,0,1,531,2024-10-24,27.0,27.0,0.0,1536.32,1535.43,2024-10-24,79.0,83.0,4.0,1312.36,1293.76,52.0,223.96000000000004,1883.0,1590.0,293.0,1,0.3333333333333333,0.0,0.1428571428571428,0.0686397552490234,0.0759936232145602,0.0804884264034626,0.3333333333333333,0.2,-0.1428571428571428,-0.12109375,-0.0357161001879794,-0.0827560424804687,0.0,-0.2,0.2857142857142857,0.1897335052490234,0.1117097234025396,0.1632444688839314,0.41592891480998756,-1.1904124143316412,1.6063413291416289
526,2024-11-14,Solomon Islands,New Caledonia,2.0,3.0,FIFA World Cup qualification,Port Moresby,Papua New Guinea,1,2024,0,1,529,2024-10-24,147.0,144.0,-3.0,1050.99,1064.11,2024-10-24,155.0,160.0,5.0,1020.83,1008.92,8.0,30.159999999999968,1253.0,1180.0,73.0,-1,-0.3333333333333333,0.0,0.0,-0.5,-0.1111111111111109,0.125,-0.3333333333333333,-0.5,-0.5,0.0,-0.3333333333333335,-0.5,0.0,0.5,0.5,-0.5,0.2222222222222225,0.625,1.103716670059027,-1.2258253612863832,2.3295420313454103
518,2024-11-14,United Arab Emirates,Kyrgyzstan,3.0,0.0,FIFA World Cup qualification,Abu Dhabi,United Arab Emirates,0,2024,0,1,521,2024-10-24,68.0,69.0,1.0,1361.34,1377.22,2024-10-24,103.0,106.0,3.0,1207.08,1201.11,35.0,154.26,1504.0,1266.0,238.0,1,-0.6666666666666666,-0.2,0.1428571428571428,-0.53582763671875,-0.2904575937386728,-0.1398131940513849,-0.3333333333333333,-0.4,-0.1428571428571428,0.072265625,-0.108706328642314,-0.1682987213134765,-0.3333333333333333,0.2,0.2857142857142857,-0.60809326171875,-0.1817512650963587,0.0284855272620916,0.9265542159372145,-0.7902239340046262,1.7167781499418409
519,2024-11-14,Australia,Saudi Arabia,0.0,0.0,FIFA World Cup qualification,Melbourne,Australia,0,2024,0,1,522,2024-10-24,24.0,25.0,1.0,1552.77,1544.3,2024-10-24,59.0,56.0,-3.0,1422.67,1433.16,35.0,130.0999999999999,1784.0,1586.0,198.0,0,0.3333333333333333,0.2,0.4285714285714285,0.2455694079399109,0.2868184897490336,0.3213294360007701,0.0,-0.2,0.0,-0.1358375549316406,-0.0635035690582119,0.0039198224312713,0.3333333333333333,0.4,0.4285714285714285,0.3814069628715515,0.3503220588072456,0.3174096135694988,0.770629973402954,0.009711039713895447,0.7609189336890586
520,2024-11-14,Oman,Palestine,1.0,0.0,FIFA World Cup qualification,Muscat,Oman,0,2024,0,1,523,2024-10-24,80.0,78.0,-2.0,1305.99,1309.27,2024-10-24,100.0,98.0,-2.0,1218.43,1228.99,20.0,87.55999999999995,1526.0,1417.0,109.0,1,-0.3333333333333333,-0.4,0.0,-0.41229248046875,-0.2782549918262066,-0.2004630751907825,-0.6666666666666666,-0.6,-0.2857142857142857,-0.39794921875,-0.4148983612480031,-0.3872387409210205,0.3333333333333333,0.1999999999999999,0.2857142857142857,-0.01434326171875,0.1366433694217965,0.1867756657302379,-0.14337090325258944,-0.2792372852693307,0.13586638201674128
521,2024-11-14,Iraq,Jordan,0.0,0.0,FIFA World Cup qualification,Basra,Iraq,0,2024,0,1,524,2024-10-24,56.0,55.0,-1.0,1434.4,1435.9,2024-10-24,64.0,68.0,4.0,1380.75,1377.52,8.0,53.65000000000009,1621.0,1503.0,118.0,0,0.0,0.4,0.5714285714285714,-0.1289596557617187,0.15549366311393,0.2873245129012503,0.3333333333333333,0.4,0.5714285714285714,0.4332427978515625,0.4208819761207828,0.4309929742012173,-0.3333333333333333,0.0,0.0,-0.5622024536132812,-0.2653883130068527,-0.143668461299967,0.2716989657998583,0.48166283299268736,-0.20996386719282906
522,2024-11-14,Kuwait,South Korea,1.0,3.0,FIFA World Cup qualification,Kuwait City,Kuwait,0,2024,0,1,525,2024-10-24,135.0,134.0,-1.0,1106.42,1111.62,2024-10-24,22.0,23.0,1.0,1589.93,1572.61,-113.0,-483.51,1340.0,1799.0,-459.0,-1,-0.3333333333333333,0.0,-0.1428571428571428,-0.23046875,-0.2181578011481989,-0.2363204956054687,1.0,0.8,0.8571428571428571,0.9288120269775392,0.8416928507227577,0.7680747405579496,-1.3333333333333333,-0.8,-1.0,-1.159280776977539,-1.0598506518709567,-1.0043952361634183,0.03353704979733417,0.06210742780615762,-0.02857037800882345
523,2024-11-14,Qatar,Uzbekistan,3.0,2.0,FIFA World Cup qualification,Al Rayyan,Qatar,0,2024,0,1,526,2024-10-24,46.0,44.0,-2.0,1478.6,1481.69,2024-10-24,58.0,60.0,2.0,1429.26,1413.06,12.0,49.33999999999992,1534.0,1643.0,-109.0,1,0.0,0.0,0.1428571428571428,-0.2661285400390625,-0.0640518550375376,0.059999055811204,0.6666666666666666,0.6,0.7142857142857143,0.71612548828125,0.688865639731305,0.6804334260523319,-0.6666666666666666,-0.6,-0.5714285714285714,-0.9822540283203124,-0.7529174947688426,-0.6204343702411279,-0.7479861362280787,0.6435878828183238,-1.3915740190464025
524,2024-11-14,Bahrain,China PR,0.0,1.0,FIFA World Cup qualification,Riffa,Bahrain,0,2024,0,1,527,2024-10-24,76.0,76.0,0.0,1313.8,1315.49,2024-10-24,92.0,91.0,-1.0,1257.29,1253.77,16.0,56.50999999999999,1461.0,1400.0,61.0,-1,-0.3333333333333333,0.0,0.1428571428571428,-0.05224609375,-0.0068718822973763,0.0434914827346801,-0.3333333333333333,-0.6,-0.2857142857142857,0.0362548828125,-0.1972705656256605,-0.2822377532720566,0.0,0.6,0.4285714285714285,-0.0885009765625,0.1903986833282842,0.3257292360067367,0.1783597114204869,-0.9404126493094639,1.1187723607299507
525,2024-11-14,Papua New Guinea,Fiji,3.0,3.0,FIFA World Cup qualification,Port Moresby,Papua New Guinea,0,2024,0,1,528,2024-10-24,171.0,168.0,-3.0,972.32,984.23,2024-10-24,146.0,150.0,4.0,1051.41,1038.29,-25.0,-79.09000000000003,1173.0,1221.0,-48.0,0,-0.3333333333333333,-0.2,-0.2,-0.625,-0.5061728395061729,-0.5078125,-0.3333333333333333,0.0,0.0,0.25,0.2592592592592593,0.34375,0.0,-0.2,-0.2,-0.875,-0.7654320987654322,-0.8515625,0.04068629446486516,0.8356930592306127,-0.7950067647657475
527,2024-11-14,Paraguay,Argentina,2.0,1.0,FIFA World Cup qualification,Asunción,Paraguay,0,2024,0,1,530,2024-10-24,55.0,57.0,2.0,1440.78,1423.98,2024-10-24,1.0,1.0,0.0,1883.5,1889.02,-54.0,-442.72,1706.0,2139.0,-433.0,1,0.6666666666666666,0.2,-0.1428571428571428,0.56658935546875,0.319151068440265,0.1536173839122057,0.0,0.4,0.4285714285714285,0.491689383983612,0.4436584706268124,0.4604963594928684,0.6666666666666666,-0.2,-0.5714285714285714,0.0748999714851379,-0.1245074021865474,-0.3068789755806627,-0.1069665290482941,0.6988210748083141,-0.8057876038566082
529,2024-11-14,North Korea,Iran,2.0,3.0,FIFA World Cup qualification,Vientiane,Laos,1,2024,0,1,532,2024-10-24,111.0,111.0,0.0,1175.14,1183.02,2024-10-24,19.0,19.0,0.0,1627.58,1622.92,-92.0,-452.4399999999998,1370.0,1827.0,-457.0,-1,-0.3333333333333333,-0.2,-0.1428571428571428,-0.5234375,-0.3711324493217496,-0.328277587890625,0.6666666666666666,0.6,0.7142857142857143,0.7143049240112305,0.6773329844128018,0.6553933553946081,-1.0,-0.8,-0.8571428571428572,-1.2377424240112305,-1.0484654337345514,-0.9836709432852332,0.10180231972604217,-0.11676322475698644,0.21856554448302862
530,2024-11-14,Venezuela,Brazil,1.0,1.0,FIFA World Cup qualification,Maturín,Venezuela,0,2024,0,1,533,2024-10-24,44.0,40.0,-4.0,1482.47,1488.56,2024-10-24,5.0,5.0,0.0,1784.37,1772.02,-39.0,-301.89999999999986,1750.0,2011.0,-261.0,0,-0.3333333333333333,-0.4,0.0,-0.538055419921875,-0.3510772167756981,-0.2339491541497409,0.3333333333333333,0.4,0.4285714285714285,0.6920926570892334,0.5133961499623624,0.4093873603255247,-0.6666666666666666,-0.8,-0.4285714285714285,-1.2301480770111084,-0.8644733667380604,-0.6433365144752656,0.984574801476195,0.029691165487667037,0.954883635988528
535,2024-11-15,Indonesia,Japan,0.0,4.0,FIFA World Cup qualification,Jakarta,Indonesia,0,2024,0,1,538,2024-10-24,130.0,129.0,-1.0,1118.87,1124.17,2024-10-24,15.0,16.0,1.0,1645.09,1639.6,-115.0,-526.22,1297.0,1905.0,-608.0,-1,-0.3333333333333333,0.0,0.0,-0.47607421875,-0.287500713468977,-0.1943986117839813,0.6666666666666666,0.8,0.8571428571428571,0.4911632537841797,0.6137048695601298,0.6442260868752783,-1.0,-0.8,-0.8571428571428571,-0.9672374725341796,-0.9012055830291068,-0.8386246986592596,2.725183082697435,1.1758829986405492,1.5493000840568858
534,2024-11-15,New Zealand,Vanuatu,8.0,1.0,FIFA World Cup qualification,Hamilton,New Zealand,0,2024,0,1,537,2024-10-24,91.0,95.0,4.0,1258.11,1247.08,2024-10-24,157.0,162.0,5.0,1015.52,1005.49,66.0,242.58999999999992,1525.0,1097.0,428.0,1,0.3333333333333333,0.6,0.7142857142857143,0.5,0.5555555555555556,0.625,1.0,1.0,1.0,1.0,1.0,1.0,-0.6666666666666667,-0.4,-0.2857142857142857,-0.5,-0.4444444444444444,-0.375,0.6667067880779542,2.54,-1.8732932119220458
533,2024-11-15,Samoa,Tahiti,0.0,3.0,FIFA World Cup qualification,Hamilton,New Zealand,1,2024,0,1,536,2024-10-24,186.0,185.0,-1.0,890.77,900.79,2024-10-24,159.0,158.0,-1.0,1009.52,1016.83,-27.0,-118.75,734.0,1147.0,-413.0,-1,0.0,0.0,0.0,0.0,0.3333333333333335,0.5,-1.0,-1.0,-1.0,-1.0,-1.0,-1.0,1.0,1.0,1.0,1.0,1.3333333333333337,1.5,0.6411764705882352,-1.5750173010380621,2.2161937716262976
531,2024-11-15,Peru,Chile,0.0,0.0,FIFA World Cup qualification,Lima,Peru,0,2024,0,1,534,2024-10-24,38.0,43.0,5.0,1494.24,1483.2,2024-10-24,53.0,49.0,-4.0,1455.22,1467.98,15.0,39.01999999999998,1798.0,1739.0,59.0,0,-0.3333333333333333,-0.4,-0.4285714285714285,-0.4291534423828125,-0.4138719183744564,-0.4212940603028983,-1.0,-0.8,-0.8571428571428571,-0.96234130859375,-0.8892414592972134,-0.8269977699965239,0.6666666666666667,0.4,0.4285714285714285,0.5331878662109375,0.475369540922757,0.4057037096936255,-0.12117132328383838,-0.9484040879884016,0.8272327647045632
532,2024-11-15,Uruguay,Colombia,3.0,2.0,FIFA World Cup qualification,Montevideo,Uruguay,0,2024,0,1,535,2024-10-24,14.0,11.0,-3.0,1680.36,1701.34,2024-10-24,10.0,9.0,-1.0,1724.37,1738.72,-4.0,-44.00999999999999,2006.0,1984.0,22.0,1,-0.3333333333333333,-0.2,-0.2857142857142857,-0.257944107055664,-0.2124888942911156,-0.1333584761050588,0.3333333333333333,0.0,0.2857142857142857,0.3708724975585937,0.298816692165189,0.2983688420790713,-0.6666666666666666,-0.2,-0.5714285714285714,-0.6288166046142578,-0.5113055864563046,-0.4317273181841301,0.34528272690313044,0.056789802265452105,0.28849292463767834
536,2024-11-17,Fiji,New Caledonia,1.0,1.0,FIFA World Cup qualification,Port Moresby,Papua New Guinea,1,2024,0,1,539,2024-10-24,146.0,150.0,4.0,1051.41,1038.29,2024-10-24,155.0,160.0,5.0,1020.83,1008.92,9.0,30.58000000000004,1221.0,1180.0,41.0,0,0.0,0.0,0.0,0.125,0.1728395061728395,0.2578125,0.3333333333333333,-0.2,-0.2,0.5,0.1111111111111109,-0.125,-0.3333333333333333,0.2,0.2,-0.375,0.0617283950617286,0.3828125,0.7571228792758707,-1.0854826929754195,1.8426055722512902
537,2024-11-17,Papua New Guinea,Solomon Islands,1.0,2.0,FIFA World Cup qualification,Port Moresby,Papua New Guinea,0,2024,0,1,540,2024-10-24,171.0,168.0,-3.0,972.32,984.23,2024-10-24,147.0,144.0,-3.0,1050.99,1064.11,-24.0,-78.66999999999996,1173.0,1253.0,-80.0,-1,-0.6666666666666666,0.0,-0.1666666666666666,-0.3125,-0.3374485596707819,-0.380859375,-1.0,-0.2,-0.2,-0.75,-0.4074074074074072,-0.15625,0.3333333333333333,0.2,0.0333333333333333,0.4375,0.0699588477366252,-0.224609375,0.06770474773163779,0.9705568659379079,-0.9028521182062701
538,2024-11-18,New Zealand,Samoa,8.0,0.0,FIFA World Cup qualification,Auckland,New Zealand,0,2024,0,1,541,2024-10-24,91.0,95.0,4.0,1258.11,1247.08,2024-10-24,186.0,185.0,-1.0,890.77,900.79,95.0,367.3399999999999,1525.0,734.0,791.0,1,0.3333333333333333,0.6,0.7142857142857143,0.75,0.7037037037037037,0.71875,-0.3333333333333333,-0.3333333333333333,-0.3333333333333333,-0.5,-0.1111111111111109,0.125,0.6666666666666666,0.9333333333333332,1.0476190476190477,1.25,0.8148148148148147,0.59375,0.9616063887792511,0.4587543252595155,0.5028520635197355
539,2024-11-18,Tahiti,Vanuatu,2.0,0.0,FIFA World Cup qualification,Auckland,New Zealand,1,2024,0,1,542,2024-10-24,159.0,158.0,-1.0,1009.52,1016.83,2024-10-24,157.0,162.0,5.0,1015.52,1005.49,-2.0,-6.0,1147.0,1097.0,50.0,1,-0.3333333333333333,-0.5,-0.5,0.0,-0.3333333333333335,-0.5,0.0,0.0,0.0,0.0,0.3333333333333335,0.5,-0.3333333333333333,-0.5,-0.5,0.0,-0.666666666666667,-1.0,-1.3376633421534703,2.0564705882352943,-3.3941339303887643
553,2024-11-19,Indonesia,Saudi Arabia,2.0,0.0,FIFA World Cup qualification,Jakarta,Indonesia,0,2024,0,1,556,2024-10-24,130.0,129.0,-1.0,1118.87,1124.17,2024-10-24,59.0,56.0,-3.0,1422.67,1433.16,-71.0,-303.8000000000002,1297.0,1586.0,-289.0,1,-0.6666666666666666,-0.4,-0.2857142857142857,-0.738037109375,-0.5250004756459846,-0.395798958837986,-0.3333333333333333,0.0,0.0,-0.0679187774658203,-0.0423357127054746,0.0029398668234534,-0.3333333333333333,-0.4,-0.2857142857142857,-0.6701183319091797,-0.48266476294051,-0.3987388256614395,2.4648781954799386,0.0503162726719016,2.414561922808037
552,2024-11-19,Bahrain,Australia,2.0,2.0,FIFA World Cup qualification,Riffa,Bahrain,0,2024,0,1,555,2024-10-24,76.0,76.0,0.0,1313.8,1315.49,2024-10-24,24.0,25.0,1.0,1552.77,1544.3,-52.0,-238.97000000000003,1461.0,1784.0,-323.0,0,-0.3333333333333333,-0.2,-0.1428571428571428,-0.526123046875,-0.3379145881982508,-0.2173813879489898,0.3333333333333333,0.0,0.2857142857142857,0.1227847039699554,0.1912123264993557,0.2409970770005776,-0.6666666666666666,-0.2,-0.4285714285714285,-0.6489077508449554,-0.5291269146976065,-0.4583784649495674,0.09022090486634061,0.6841223279086627,-0.5939014230423221
551,2024-11-19,Kuwait,Jordan,1.0,1.0,FIFA World Cup qualification,Kuwait City,Kuwait,0,2024,0,1,554,2024-10-24,135.0,134.0,-1.0,1106.42,1111.62,2024-10-24,64.0,68.0,4.0,1380.75,1377.52,-71.0,-274.3299999999999,1340.0,1503.0,-163.0,0,-0.6666666666666666,-0.4,-0.1428571428571428,-0.615234375,-0.4787718674321325,-0.4272403717041015,0.0,0.2,0.4285714285714285,0.2166213989257812,0.2805879840805219,0.3232447306509129,-0.6666666666666666,-0.6000000000000001,-0.5714285714285714,-0.8318557739257812,-0.7593598515126545,-0.7504851023550145,0.04685839980925568,0.4627414898754704,-0.41588309006621477
550,2024-11-19,Oman,Iraq,0.0,1.0,FIFA World Cup qualification,Muscat,Oman,0,2024,0,1,553,2024-10-24,80.0,78.0,-2.0,1305.99,1309.27,2024-10-24,56.0,55.0,-1.0,1434.4,1435.9,-24.0,-128.41000000000008,1526.0,1621.0,-95.0,-1,0.3333333333333333,-0.2,0.0,0.293853759765625,0.1478300054491955,0.099652693606913,0.0,0.2,0.4285714285714285,-0.0644798278808593,0.1036624420759533,0.2154933846759377,0.3333333333333333,-0.4,-0.4285714285714285,0.3583335876464844,0.0441675633732421,-0.1158406910690246,-0.09964320306126066,0.24630490898810192,-0.3459481120493626
548,2024-11-19,United Arab Emirates,Qatar,5.0,0.0,FIFA World Cup qualification,Abu Dhabi,United Arab Emirates,0,2024,0,1,551,2024-10-24,68.0,69.0,1.0,1361.34,1377.22,2024-10-24,46.0,44.0,-2.0,1478.6,1481.69,-22.0,-117.26,1504.0,1534.0,-30.0,1,0.0,0.0,0.1428571428571428,0.232086181640625,0.1396949375075513,0.1451401044614613,0.3333333333333333,0.0,0.1428571428571428,0.3669357299804687,0.2906320966416414,0.294999291858403,-0.3333333333333333,0.0,0.0,-0.1348495483398437,-0.1509371591340901,-0.1498591873969417,1.007345144411496,-0.659281069391133,1.6666262138026289
549,2024-11-19,Palestine,South Korea,1.0,1.0,FIFA World Cup qualification,Amman,Jordan,1,2024,0,1,552,2024-10-24,100.0,98.0,-2.0,1218.43,1228.99,2024-10-24,22.0,23.0,1.0,1589.93,1572.61,-78.0,-371.5,1417.0,1799.0,-382.0,0,-0.6666666666666666,-0.6,-0.5714285714285714,-0.698974609375,-0.609932240832002,-0.5404290556907654,1.0,0.8,0.8571428571428571,0.9644060134887696,0.8944619004818385,0.8260560554184622,-1.6666666666666663,-1.4,-1.4285714285714284,-1.6633806228637695,-1.5043941413138406,-1.3664851111092275,-0.2981056802534877,0.04315993205285424,-0.34126561230634195
547,2024-11-19,Kyrgyzstan,Iran,2.0,3.0,FIFA World Cup qualification,Bishkek,Kyrgyzstan,0,2024,0,1,550,2024-10-24,103.0,106.0,3.0,1207.08,1201.11,2024-10-24,19.0,19.0,0.0,1627.58,1622.92,-84.0,-420.5,1266.0,1827.0,-561.0,-1,-0.3333333333333333,-0.6,-0.4285714285714285,-0.4638671875,-0.4058042190948759,-0.3762240409851074,0.6666666666666666,0.8,0.7142857142857143,0.8571524620056152,0.7848886562752011,0.7415450165459561,-1.0,-1.4,-1.1428571428571428,-1.3210196495056152,-1.1906928753700772,-1.1177690575310637,-0.8790342908278834,-0.1593065644771637,-0.7197277263507197
544,2024-11-19,Chile,Venezuela,4.0,2.0,FIFA World Cup qualification,Santiago,Chile,0,2024,0,1,547,2024-10-24,53.0,49.0,-4.0,1455.22,1467.98,2024-10-24,44.0,40.0,-4.0,1482.47,1488.56,-9.0,-27.25,1739.0,1750.0,-11.0,1,-0.6666666666666666,-0.8,-0.7142857142857143,-0.481170654296875,-0.5928276395314757,-0.6202483274973929,-0.3333333333333333,-0.4,-0.1428571428571428,-0.2690277099609375,-0.2340514778504654,-0.1754618656123057,-0.3333333333333333,-0.4,-0.5714285714285714,-0.2121429443359375,-0.3587761616810102,-0.4447864618850872,-0.8749685534008484,0.9725409896246542,-1.8475095430255026
543,2024-11-19,Argentina,Peru,1.0,0.0,FIFA World Cup qualification,Buenos Aires,Argentina,0,2024,0,1,546,2024-10-24,1.0,1.0,0.0,1883.5,1889.02,2024-10-24,38.0,43.0,5.0,1494.24,1483.2,37.0,389.26,2139.0,1798.0,341.0,1,0.0,0.0,0.2857142857142857,-0.2541553080081939,-0.0375610195821249,0.0953722696196512,0.0,-0.2,-0.4285714285714285,-0.2145767211914062,-0.2759146122496376,-0.3159705452271737,0.0,0.2,0.7142857142857142,-0.0395785868167877,0.2383535926675127,0.411342814846825,0.5353610115842957,-0.13169065720831846,0.6670516687926142
542,2024-11-19,Colombia,Ecuador,0.0,1.0,FIFA World Cup qualification,Barranquilla,Colombia,0,2024,0,1,545,2024-10-24,10.0,9.0,-1.0,1724.37,1738.72,2024-10-24,27.0,27.0,0.0,1536.32,1535.43,17.0,188.04999999999995,1984.0,1883.0,101.0,-1,-0.3333333333333333,0.0,0.0,-0.3145637512207031,-0.1341222052232072,-0.0262233684406965,0.3333333333333333,0.2,0.1428571428571428,0.5343198776245117,0.3839957488097067,0.310366319802597,-0.6666666666666666,-0.2,-0.1428571428571428,-0.8488836288452148,-0.5181179540329139,-0.3365896882432935,-0.010080186103103912,0.5655801551152824,-0.5756603412183863
541,2024-11-19,Bolivia,Paraguay,2.0,2.0,FIFA World Cup qualification,El Alto,Bolivia,0,2024,0,1,544,2024-10-24,79.0,83.0,4.0,1312.36,1293.76,2024-10-24,55.0,57.0,2.0,1440.78,1423.98,-24.0,-128.42000000000007,1590.0,1706.0,-116.0,0,-0.3333333333333333,0.2,-0.1428571428571428,-0.560546875,-0.3571440667919862,-0.3120670318603515,0.6666666666666666,0.6,0.1428571428571428,0.783294677734375,0.54610071229351,0.3652130379341542,-1.0,-0.3999999999999999,-0.2857142857142857,-1.343841552734375,-0.9032447790854964,-0.6772800697945058,-1.2945058017238975,0.021678560895723217,-1.3161843626196208
540,2024-11-19,China PR,Japan,1.0,3.0,FIFA World Cup qualification,Xiamen,China PR,0,2024,0,1,543,2024-10-24,92.0,91.0,-1.0,1257.29,1253.77,2024-10-24,15.0,16.0,1.0,1645.09,1639.6,-77.0,-387.8,1400.0,1905.0,-505.0,-1,0.3333333333333333,-0.2,-0.2857142857142857,0.51812744140625,0.2018196229162262,0.0383216850459575,0.6666666666666666,0.8,0.8571428571428571,0.7455816268920898,0.7424699130400865,0.7331695651564587,-0.3333333333333333,-1.0,-1.1428571428571428,-0.2274541854858398,-0.5406502901238602,-0.6948478801105011,-0.8074471993500837,1.2067134104852228,-2.0141606098353066
546,2024-11-19,North Korea,Uzbekistan,0.0,1.0,FIFA World Cup qualification,Vientiane,Laos,1,2024,0,1,549,2024-10-24,111.0,111.0,0.0,1175.14,1183.02,2024-10-24,58.0,60.0,2.0,1429.26,1413.06,-53.0,-254.1199999999999,1370.0,1643.0,-273.0,-1,-0.6666666666666666,-0.6,-0.1428571428571428,-0.76171875,-0.5807549662144997,-0.4962081909179687,0.0,0.4,0.4285714285714285,-0.141937255859375,0.1259104264875367,0.2603250695392489,-0.6666666666666666,-1.0,-0.5714285714285714,-0.619781494140625,-0.7066653927020365,-0.7565332604572177,0.1452257126833338,0.5610238897113636,-0.4157981770280298
545,2024-11-19,Brazil,Uruguay,1.0,1.0,FIFA World Cup qualification,Salvador,Brazil,0,2024,0,1,548,2024-10-24,5.0,5.0,0.0,1784.37,1772.02,2024-10-24,14.0,11.0,-3.0,1680.36,1701.34,9.0,104.01,2011.0,2006.0,5.0,0,0.6666666666666666,0.4,0.2857142857142857,0.3460463285446167,0.3422640999749083,0.3070405202441435,0.0,0.0,-0.1428571428571428,0.3710279464721679,0.1916740704725895,0.1499811429212059,0.6666666666666666,0.4,0.4285714285714285,-0.0249816179275512,0.1505900295023188,0.1570593773229376,-0.01793772659984279,0.3885013900264757,-0.4064391166263185
554,2025-03-19,Liberia,Tunisia,0.0,1.0,FIFA World Cup qualification,Monrovia,Liberia,0,2025,0,1,557,2024-12-19,145.0,145.0,0.0,1063.04,1063.04,2024-12-19,52.0,52.0,0.0,1464.42,1464.42,-93.0,-401.3800000000001,1270.0,1598.0,-328.0,-1,0.6666666666666666,0.25,0.25,0.5,0.185185185185185,-0.03125,0.3333333333333333,0.0,0.2857142857142857,0.24462890625,0.2476022738177897,0.2627971172332763,0.3333333333333333,0.25,-0.0357142857142857,0.25537109375,-0.0624170886326047,-0.2940471172332763,-0.08057805821290448,0.1894958334702091,-0.2700738916831136
555,2025-03-19,Central African Republic,Madagascar,1.0,4.0,FIFA World Cup qualification,Casablanca,Morocco,1,2025,0,1,558,2024-12-19,135.0,135.0,0.0,1102.23,1102.23,2024-12-19,116.0,115.0,-1.0,1162.02,1162.02,-19.0,-59.78999999999997,1328.0,1325.0,3.0,-1,0.0,-0.25,-0.25,-0.375,-0.4074074074074074,-0.484375,0.6666666666666666,0.25,0.25,0.25,0.0740740740740739,-0.09375,-0.6666666666666666,-0.5,-0.5,-0.625,-0.4814814814814814,-0.390625,-1.5867372277630776,0.17195603500915935,-1.758693262772237
556,2025-03-19,Eswatini,Cameroon,0.0,0.0,FIFA World Cup qualification,Mbombela,South Africa,1,2025,0,1,559,2024-12-19,159.0,159.0,0.0,1015.25,1015.25,2024-12-19,49.0,49.0,0.0,1471.49,1471.49,-110.0,-456.24,1269.0,1625.0,-356.0,0,-1.0,-1.0,-1.0,-1.0,-1.0,-1.0,0.0,0.2,0.2857142857142857,0.16796875,0.1512980744805161,0.1018753051757812,-1.0,-1.2,-1.2857142857142856,-1.16796875,-1.151298074480516,-1.1018753051757812,-0.6249745572969672,-0.5879643444360341,-0.03701021286093309
557,2025-03-20,Cape Verde,Mauritius,1.0,0.0,FIFA World Cup qualification,Praia,Cape Verde,0,2025,0,1,560,2024-12-19,72.0,72.0,0.0,1328.51,1328.51,2024-12-19,179.0,179.0,0.0,923.46,923.46,107.0,405.05,1472.0,1029.0,443.0,1,0.0,0.2,0.4285714285714285,0.33984375,0.302545343697607,0.3051605224609375,0.0,-0.25,-0.25,0.125,-0.1851851851851853,-0.359375,0.0,0.45,0.6785714285714286,0.21484375,0.4877305288827923,0.6645355224609375,-0.4272918869198392,-0.08217789537960503,-0.3451139915402342
558,2025-03-20,Comoros,Mali,0.0,3.0,FIFA World Cup qualification,Berkane,Morocco,1,2025,0,1,561,2024-12-19,103.0,103.0,0.0,1208.99,1208.99,2024-12-19,51.0,51.0,0.0,1466.1,1466.1,-52.0,-257.1099999999999,1340.0,1631.0,-291.0,-1,0.3333333333333333,0.5,0.5,0.5,0.5555555555555556,0.625,-0.6666666666666666,-0.2,0.0,-0.33984375,-0.3142813595488492,-0.3046417236328125,1.0,0.7,0.5,0.83984375,0.8698369151044048,0.9296417236328124,1.8087889273356401,-0.6787625963756614,2.4875515237113017
559,2025-03-20,Malawi,Namibia,0.0,1.0,FIFA World Cup qualification,Lilongwe,Malawi,0,2025,0,1,562,2024-12-19,131.0,131.0,0.0,1129.31,1129.31,2024-12-19,111.0,111.0,0.0,1179.26,1179.26,-20.0,-49.950000000000045,1354.0,1414.0,-60.0,-1,-0.3333333333333333,0.0,0.0,-0.25,0.0370370370370371,0.21875,-0.3333333333333333,0.2,0.3333333333333333,0.0,0.1481481481481482,0.28125,0.0,-0.2,-0.3333333333333333,-0.25,-0.111111111111111,-0.0625,0.44582129045389773,2.579772146068231,-2.133950855614333
560,2025-03-20,Mozambique,Uganda,3.0,1.0,FIFA World Cup qualification,Cairo,Egypt,1,2025,0,1,563,2024-12-19,96.0,96.0,0.0,1232.7,1232.7,2024-12-19,88.0,88.0,0.0,1270.42,1270.42,-8.0,-37.72000000000003,1311.0,1389.0,-78.0,1,0.6666666666666666,0.2,0.1428571428571428,0.6875,0.5006858710562414,0.45068359375,0.3333333333333333,0.0,0.0,-0.25,-0.2592592592592593,-0.34375,0.3333333333333333,0.2,0.1428571428571428,0.9375,0.7599451303155007,0.79443359375,0.2651487728528089,-0.7309301852228781,0.996078958075687
562,2025-03-20,Gambia,Kenya,3.0,3.0,FIFA World Cup qualification,Ebimpé,Ivory Coast,1,2025,0,1,565,2022-03-31,123.0,125.0,2.0,1138.19,1135.18,2024-12-19,108.0,108.0,0.0,1189.65,1189.65,-15.0,-51.46000000000004,1443.0,1371.0,72.0,0,-0.3333333333333333,-0.6,-0.6,-0.5,-0.5555555555555556,-0.625,0.3333333333333333,0.0,0.0,0.0,-0.1481481481481482,-0.28125,-0.6666666666666666,-0.6,-0.6,-0.5,-0.4074074074074073,-0.34375,-1.0336875755797938,-0.21693873397109714,-0.8167488416086968
561,2025-03-20,Gabon,Seychelles,3.0,0.0,FIFA World Cup qualification,Franceville,Gabon,0,2025,0,1,564,2024-12-19,84.0,84.0,0.0,1297.87,1297.87,2024-12-19,201.0,201.0,0.0,831.19,831.19,117.0,466.67999999999984,1494.0,859.0,635.0,1,0.3333333333333333,0.5,0.5,0.5,0.5555555555555556,0.625,-1.0,-1.0,-1.0,-1.0,-1.0,-1.0,1.3333333333333333,1.5,1.5,1.5,1.5555555555555556,1.625,0.4357866883777733,-5.481013637288826,5.9168003256666
564,2025-03-20,Zimbabwe,Benin,2.0,2.0,FIFA World Cup qualification,Durban,South Africa,1,2025,0,1,567,2024-12-19,121.0,121.0,0.0,1151.06,1151.06,2024-12-19,94.0,94.0,0.0,1250.99,1250.99,-27.0,-99.93000000000006,1333.0,1476.0,-143.0,0,-0.6666666666666666,-0.5,-0.5,-0.75,-0.5555555555555555,-0.4375,0.6666666666666666,0.25,0.25,0.625,0.2592592592592591,0.015625,-1.3333333333333333,-0.75,-0.75,-1.375,-0.8148148148148145,-0.453125,-0.3456828821493996,-0.25732139222471007,-0.0883614899246895
565,2025-03-20,Sierra Leone,Guinea-Bissau,3.0,1.0,FIFA World Cup qualification,Monrovia,Liberia,1,2025,0,1,568,2024-12-19,129.0,129.0,0.0,1132.06,1132.06,2024-12-19,120.0,120.0,0.0,1151.72,1151.72,-9.0,-19.66000000000008,1333.0,1411.0,-78.0,1,0.0,0.0,0.0,0.125,0.074074074074074,0.046875,-0.3333333333333333,0.0,0.0,-0.0625,-0.0493827160493827,-0.03515625,0.3333333333333333,0.0,0.0,0.1875,0.1234567901234567,0.08203125,-0.306126602890291,0.8360548844003305,-1.1421814872906215
566,2025-03-20,Australia,Indonesia,5.0,1.0,FIFA World Cup qualification,Sydney,Australia,0,2025,0,1,569,2024-12-19,26.0,26.0,0.0,1544.15,1544.15,2024-12-19,127.0,125.0,-2.0,1133.41,1135.11,101.0,410.74,1719.0,1397.0,322.0,1,0.0,0.2,0.1428571428571428,0.0613923519849777,0.1274748843329038,0.1807478077504332,-0.3333333333333333,-0.2,0.0,0.1309814453125,-0.0166669837639898,-0.0468492191284894,0.3333333333333333,0.4,0.1428571428571428,-0.0695890933275222,0.1441418680968937,0.2275970268789227,0.5827033674434472,2.521061831039942,-1.938358463596495
567,2025-03-20,Saudi Arabia,China PR,1.0,0.0,FIFA World Cup qualification,Riyadh,Saudi Arabia,0,2025,0,1,570,2024-12-19,59.0,59.0,0.0,1406.56,1406.56,2024-12-19,90.0,90.0,0.0,1266.38,1266.38,31.0,140.17999999999984,1536.0,1400.0,136.0,1,-0.3333333333333333,-0.2,-0.2857142857142857,-0.5339593887329102,-0.3615571418036497,-0.2477950998824098,0.3333333333333333,-0.2,-0.4285714285714285,-0.240936279296875,-0.1987869180558491,-0.2212587362155318,-0.6666666666666666,0.0,0.1428571428571428,-0.2930231094360351,-0.1627702237478006,-0.026536363666878,-0.15381997866173966,-0.7870091288000788,0.6331891501383391
568,2025-03-20,Jordan,Palestine,3.0,1.0,FIFA World Cup qualification,Amman,Jordan,0,2025,0,1,571,2024-12-19,64.0,64.0,0.0,1375.91,1375.91,2024-12-19,101.0,101.0,0.0,1215.87,1215.87,37.0,160.0400000000002,1617.0,1417.0,200.0,1,0.3333333333333333,0.2,0.2857142857142857,0.1083106994628906,0.1870586560536813,0.2424335479881847,-0.3333333333333333,-0.6,-0.5714285714285714,-0.3494873046875,-0.4066214938880014,-0.405321791768074,0.6666666666666666,0.8,0.8571428571428571,0.4577980041503906,0.5936801499416827,0.6477553397562588,0.351991990471031,-0.1888053461209296,0.5407973365919606
569,2025-03-20,Iraq,Kuwait,2.0,2.0,FIFA World Cup qualification,Basra,Iraq,0,2025,0,1,572,2024-12-19,56.0,56.0,0.0,1442.86,1442.86,2024-12-19,134.0,134.0,0.0,1108.72,1109.16,78.0,334.1399999999999,1584.0,1345.0,239.0,0,0.0,0.2,0.4285714285714285,0.4677600860595703,0.4024416280506355,0.4116200385069533,-0.3333333333333333,-0.4,-0.1428571428571428,-0.3076171875,-0.3191812449547551,-0.3204302787780761,0.3333333333333333,0.6000000000000001,0.5714285714285714,0.7753772735595703,0.7216228730053906,0.7320503172850295,0.26240462022409594,0.12763143511459357,0.13477318510950237
570,2025-03-20,South Korea,Oman,1.0,1.0,FIFA World Cup qualification,Goyang,South Korea,0,2025,0,1,573,2024-12-19,23.0,23.0,0.0,1585.45,1585.45,2024-12-19,80.0,80.0,0.0,1306.67,1306.67,57.0,278.78,1774.0,1526.0,248.0,0,0.6666666666666666,0.8,0.7142857142857143,0.4822030067443847,0.596307933654559,0.6195420415638466,-0.3333333333333333,-0.2,-0.2857142857142857,-0.3530731201171875,-0.2347799963672029,-0.1752604797948151,1.0,1.0,1.0,0.8352761268615723,0.831087930021762,0.7948025213586618,-0.05114359336201954,-0.1243700734694218,0.07322648010740226
571,2025-03-20,Qatar,North Korea,5.0,1.0,FIFA World Cup qualification,Al Rayyan,Qatar,0,2025,0,1,574,2024-12-19,48.0,48.0,0.0,1474.6,1474.6,2024-12-19,115.0,114.0,-1.0,1164.41,1164.41,67.0,310.1899999999998,1524.0,1370.0,154.0,1,-0.3333333333333333,0.0,0.0,-0.3165321350097656,-0.1395786022389055,-0.0287505311061977,-1.0,-0.6,-0.4285714285714285,-0.880859375,-0.7205033108096665,-0.6221561431884766,0.6666666666666667,0.6,0.4285714285714285,0.5643272399902344,0.5809247085707608,0.5934056120822788,-0.9404998300151839,0.14021243546666712,-1.080712265481851
572,2025-03-20,Uzbekistan,Kyrgyzstan,1.0,0.0,FIFA World Cup qualification,Tashkent,Uzbekistan,0,2025,0,1,575,2024-12-19,58.0,58.0,0.0,1424.93,1424.93,2024-12-19,107.0,107.0,0.0,1194.19,1194.19,49.0,230.74,1684.0,1266.0,418.0,1,0.3333333333333333,0.4,0.4285714285714285,0.4290313720703125,0.4172736176583578,0.4452438021544367,-0.3333333333333333,-0.6,-0.5714285714285714,-0.73193359375,-0.603869479396584,-0.5321680307388306,0.6666666666666666,1.0,1.0,1.1609649658203125,1.0211430970549418,0.9774118328932672,0.5244930726695187,-0.7873263913674197,1.3118194640369385
573,2025-03-20,Iran,United Arab Emirates,2.0,0.0,FIFA World Cup qualification,Tehran,Iran,0,2025,0,1,576,2024-12-19,18.0,18.0,0.0,1635.31,1635.31,2024-12-19,63.0,63.0,0.0,1385.57,1385.57,45.0,249.74,1838.0,1504.0,334.0,1,1.0,0.8,0.7142857142857143,0.9285762310028076,0.8565924375168007,0.806158762409467,0.3333333333333333,0.0,0.1428571428571428,0.6160430908203125,0.4264632916717009,0.358855078346096,0.6666666666666667,0.8,0.5714285714285714,0.3125331401824951,0.4301291458450998,0.447303684063371,-0.18993559009615407,1.268089547681408,-1.4580251377775622
574,2025-03-20,Brazil,Colombia,2.0,1.0,FIFA World Cup qualification,Brasília,Brazil,0,2025,0,1,577,2024-12-19,5.0,5.0,0.0,1775.85,1775.85,2024-12-19,12.0,12.0,0.0,1694.44,1694.44,7.0,81.40999999999985,1996.0,1977.0,19.0,1,0.3333333333333333,0.2,0.2857142857142857,0.1730231642723083,0.2281760666499389,0.2302803901831076,-0.3333333333333333,-0.2,-0.2857142857142857,-0.6572818756103516,-0.4227481368154714,-0.2696675263305224,0.6666666666666666,0.4,0.5714285714285714,0.8303050398826599,0.6509242034654104,0.49994791651363,-0.027470801505734388,-0.08831076339115662,0.060839961885422233
575,2025-03-20,Peru,Bolivia,3.0,1.0,FIFA World Cup qualification,Lima,Peru,0,2025,0,1,578,2024-12-19,40.0,40.0,0.0,1488.42,1488.42,2024-12-19,79.0,79.0,0.0,1308.58,1308.58,39.0,179.84000000000017,1798.0,1590.0,208.0,1,-0.6666666666666666,-0.4,-0.4285714285714285,-0.6072883605957031,-0.5172764081664251,-0.4869779089203803,-0.6666666666666666,0.0,0.0,-0.2802734375,-0.2380960445279908,-0.2340502738952636,0.0,-0.4,-0.4285714285714285,-0.3270149230957031,-0.2791803636384342,-0.2529276350251166,-0.13923826560782915,-1.1901231075048446,1.0508848418970156
577,2025-03-20,Japan,Bahrain,2.0,0.0,FIFA World Cup qualification,Saitama,Japan,0,2025,0,1,580,2024-12-19,15.0,15.0,0.0,1652.79,1652.79,2024-12-19,81.0,81.0,0.0,1305.52,1305.52,66.0,347.27,1889.0,1461.0,428.0,1,0.6666666666666666,0.8,0.8571428571428571,0.8727908134460449,0.8283132753600576,0.799877173867344,-0.3333333333333333,-0.4,-0.1428571428571428,-0.2630615234375,-0.2252763921321672,-0.1630360409617424,1.0,1.2000000000000002,1.0,1.135852336883545,1.053589667492225,0.9629132148290864,1.1627890922213862,0.1460902634036147,1.0166988288177714
563,2025-03-20,Libya,Angola,1.0,1.0,FIFA World Cup qualification,Benghazi,Libya,0,2025,0,1,566,2024-12-19,118.0,118.0,0.0,1158.03,1158.03,2024-12-19,85.0,85.0,0.0,1296.48,1296.48,-33.0,-138.45000000000005,1347.0,1581.0,-234.0,0,0.0,0.25,0.25,-0.125,0.1851851851851853,0.359375,0.3333333333333333,0.2,0.2,0.25,0.2222222222222222,0.1875,-0.3333333333333333,0.0499999999999999,0.0499999999999999,-0.375,-0.0370370370370368,0.171875,0.5645064115611642,0.7319440619724379,-0.16743765041127368
576,2025-03-20,Paraguay,Chile,1.0,0.0,FIFA World Cup qualification,Asunción,Paraguay,0,2025,0,1,579,2024-12-19,53.0,53.0,0.0,1458.26,1458.26,2024-12-19,50.0,50.0,0.0,1469.44,1469.44,-3.0,-11.180000000000064,1775.0,1739.0,36.0,1,0.6666666666666666,0.6,0.2857142857142857,0.3916473388671875,0.3640671415290067,0.2739097784506157,0.0,-0.4,-0.4285714285714285,0.2594146728515625,-0.0618850930209838,-0.2151862456230446,0.6666666666666666,1.0,0.7142857142857142,0.132232666015625,0.4259522345499906,0.4890960240736604,-0.007831942686378147,-0.6952645208478574,0.6874325781614793
590,2025-03-21,South Africa,Lesotho,0.0,3.0,FIFA World Cup qualification,Polokwane,South Africa,0,2025,0,1,593,2024-12-19,57.0,57.0,0.0,1428.87,1428.87,2024-12-19,149.0,150.0,1.0,1046.76,1046.76,92.0,382.1099999999999,1576.0,1203.0,373.0,-1,0.3333333333333333,0.2,0.2857142857142857,0.517578125,0.3924029196091381,0.3552112579345703,0.0,0.0,0.0,-0.25,-0.111111111111111,-0.0625,0.3333333333333333,0.2,0.2857142857142857,0.767578125,0.5035140307202493,0.4177112579345703,0.41066885207160087,2.049680439649909,-1.639011587578308
578,2025-03-21,Malta,Finland,0.0,1.0,FIFA World Cup qualification,Ta' Qali,Malta,0,2025,0,1,581,2024-12-19,168.0,169.0,1.0,983.95,983.95,2024-12-19,69.0,69.0,0.0,1361.53,1361.53,-99.0,-377.5799999999999,1258.0,1621.0,-363.0,-1,,,,,,,,,,,,,,,,,,,0.0,0.0,0.0
598,2025-03-21,Burundi,Ivory Coast,0.0,1.0,FIFA World Cup qualification,Meknes,Morocco,1,2025,0,1,601,2024-12-19,139.0,139.0,0.0,1087.26,1087.26,2024-12-19,46.0,46.0,0.0,1478.47,1478.47,-93.0,-391.21,1311.0,1579.0,-268.0,-1,0.0,0.25,0.25,0.5,0.4814814814814815,0.53125,0.6666666666666666,0.8,0.4285714285714285,0.4609375,0.525224813290657,0.534942626953125,-0.6666666666666666,-0.55,-0.1785714285714285,0.0390625,-0.0437433318091754,-0.003692626953125,1.2438957866883775,3.27696310618951,-2.033067319501132
597,2025-03-21,Ecuador,Venezuela,2.0,1.0,FIFA World Cup qualification,Quito,Ecuador,0,2025,0,1,600,2024-12-19,24.0,24.0,0.0,1560.13,1560.13,2024-12-19,47.0,47.0,0.0,1475.71,1475.71,23.0,84.42000000000007,1910.0,1750.0,160.0,1,0.6666666666666666,0.6,0.2857142857142857,0.7671599388122559,0.5893304992064711,0.4827747398519477,-0.6666666666666666,-0.4,-0.4285714285714285,-0.6345138549804688,-0.4893676519003102,-0.3815963992092293,1.3333333333333333,1.0,0.7142857142857142,1.4016737937927246,1.0786981511067812,0.864371139061177,0.6111342636379128,0.7870974019996746,-0.1759631383617618
596,2025-03-21,Uruguay,Argentina,0.0,1.0,FIFA World Cup qualification,Montevideo,Uruguay,0,2025,0,1,599,2024-12-19,11.0,11.0,0.0,1695.91,1695.91,2024-12-19,1.0,1.0,0.0,1867.25,1867.25,-10.0,-171.33999999999992,1948.0,2108.0,-160.0,-1,0.3333333333333333,0.0,0.0,0.1855139732360839,0.127782713648393,0.1124858571909044,0.3333333333333333,0.0,0.2857142857142857,0.372922345995903,0.3082926536119166,0.3215292022147384,0.0,0.0,-0.2857142857142857,-0.187408372759819,-0.1805099399635236,-0.209043345023834,0.37623660237785944,0.5191633050205136,-0.1429267026426541
595,2025-03-21,New Caledonia,Tahiti,3.0,0.0,FIFA World Cup qualification,Wellington,New Zealand,1,2025,0,1,598,2024-12-19,152.0,152.0,0.0,1034.43,1034.43,2024-12-19,153.0,153.0,0.0,1031.47,1031.47,1.0,2.9600000000000364,1180.0,1147.0,33.0,1,0.6666666666666666,0.0,-0.1666666666666666,0.25,0.0740740740740739,-0.09375,0.3333333333333333,-0.2,-0.2,0.5,0.1111111111111109,-0.125,0.3333333333333333,0.2,0.0333333333333333,-0.25,-0.0370370370370369,0.03125,-1.0110425345651008,-1.138977263203266,0.12793472863816513
594,2025-03-21,New Zealand,Fiji,7.0,0.0,FIFA World Cup qualification,Wellington,New Zealand,0,2025,0,1,597,2024-12-19,89.0,89.0,0.0,1269.83,1269.83,2024-12-19,148.0,147.0,-1.0,1048.48,1049.15,59.0,221.3499999999999,1583.0,1221.0,362.0,1,1.0,0.6,0.7142857142857143,0.875,0.8024691358024691,0.7890625,0.3333333333333333,-0.2,0.0,0.0625,0.1152263374485597,0.193359375,0.6666666666666667,0.8,0.7142857142857143,0.8125,0.6872427983539094,0.595703125,1.2638648364981186,0.7019980040243489,0.5618668324737698
592,2025-03-21,DR Congo,South Sudan,1.0,0.0,FIFA World Cup qualification,Kinshasa,DR Congo,0,2025,0,1,595,2024-12-19,61.0,61.0,0.0,1395.77,1395.77,2024-12-19,170.0,170.0,0.0,973.55,973.55,109.0,422.22,1540.0,1136.0,404.0,1,0.3333333333333333,0.2,0.1428571428571428,0.468017578125,0.2936675943331432,0.2083812355995178,-0.3333333333333333,-0.5,-0.5,-0.625,-0.6296296296296297,-0.671875,0.6666666666666666,0.7,0.6428571428571428,1.093017578125,0.9232972239627728,0.8802562355995178,0.40611767704330265,-0.884567474048443,1.2906851510917456
591,2025-03-21,Rwanda,Nigeria,0.0,2.0,FIFA World Cup qualification,Kigali,Rwanda,0,2025,0,1,594,2024-12-19,124.0,124.0,0.0,1136.06,1136.06,2024-12-19,44.0,44.0,0.0,1482.23,1482.23,-80.0,-346.1700000000001,1271.0,1657.0,-386.0,-1,0.3333333333333333,0.25,0.25,0.375,0.2592592592592592,0.203125,-0.6666666666666666,-0.2,-0.1428571428571428,-0.59375,-0.4156378600823044,-0.3115234375,1.0,0.45,0.3928571428571428,0.96875,0.6748971193415636,0.5146484375,0.4534581721962141,-0.7685091716909656,1.2219673438871796
589,2025-03-21,Morocco,Niger,2.0,1.0,FIFA World Cup qualification,Oujda,Morocco,0,2025,0,1,592,2024-12-19,14.0,14.0,0.0,1688.18,1688.18,2024-12-19,122.0,122.0,0.0,1145.96,1145.96,108.0,542.22,1802.0,1239.0,563.0,1,0.3333333333333333,0.4,0.5714285714285714,0.706451416015625,0.5630524331922981,0.4894688809290528,0.0,0.0,0.0,0.0,-0.3333333333333335,-0.5,0.3333333333333333,0.4,0.5714285714285714,0.706451416015625,0.8963857665256316,0.9894688809290528,-0.20313328742898537,-0.6752941176470588,0.4721608302180734
588,2025-03-21,Burkina Faso,Djibouti,4.0,1.0,FIFA World Cup qualification,El Jadida,Morocco,1,2025,0,1,591,2024-12-19,66.0,66.0,0.0,1373.76,1373.76,2024-12-19,191.0,191.0,0.0,877.37,877.37,125.0,496.39,1549.0,752.0,797.0,1,-0.3333333333333333,0.0,0.0,-0.1875,-0.1234567901234567,-0.08203125,-0.6666666666666666,-0.75,-0.75,-0.5,-0.6666666666666667,-0.75,0.3333333333333333,0.75,0.75,0.3125,0.54320987654321,0.66796875,-0.8646524826091643,-2.3311907185019334,1.4665382358927692
593,2025-03-21,Ethiopia,Egypt,0.0,2.0,FIFA World Cup qualification,Casablanca,Morocco,1,2025,0,1,596,2024-12-19,146.0,146.0,0.0,1059.94,1059.94,2024-12-19,33.0,33.0,0.0,1513.48,1513.48,-113.0,-453.54,1276.0,1657.0,-381.0,-1,-0.3333333333333333,-0.25,-0.25,-0.125,-0.1481481481481481,-0.140625,0.3333333333333333,0.2,0.2857142857142857,0.26171875,0.2840014225473759,0.3154220581054687,-0.6666666666666666,-0.45,-0.5357142857142857,-0.38671875,-0.432149570695524,-0.4560470581054687,0.2613189497252188,0.6376597921593863,-0.3763408424341675
586,2025-03-21,Cyprus,San Marino,2.0,0.0,FIFA World Cup qualification,Larnaca,Cyprus,0,2025,0,1,589,2024-12-19,130.0,130.0,0.0,1131.32,1131.32,2024-12-19,210.0,210.0,0.0,747.42,747.42,80.0,383.9,1299.0,777.0,522.0,1,,,,,,,,,,,,,,,,,,,0.0,0.0,0.0
587,2025-03-21,Botswana,Algeria,1.0,3.0,FIFA World Cup qualification,Francistown,Botswana,0,2025,0,1,590,2024-12-19,136.0,136.0,0.0,1098.85,1098.85,2024-12-19,37.0,37.0,0.0,1495.85,1495.85,-99.0,-397.0,1326.0,1685.0,-359.0,-1,0.3333333333333333,0.0,0.0,0.25,-0.0370370370370371,-0.21875,-0.3333333333333333,-0.2,0.1428571428571428,0.1484375,0.0556317634506935,0.092437744140625,0.6666666666666666,0.2,-0.1428571428571428,0.1015625,-0.0926688004877306,-0.311187744140625,-0.06741705678811319,0.29561817035375326,-0.3630352271418664
580,2025-03-21,Ghana,Chad,5.0,0.0,FIFA World Cup qualification,Accra,Ghana,0,2025,0,1,583,2024-12-19,77.0,77.0,0.0,1320.52,1320.52,2024-12-19,176.0,176.0,0.0,935.41,935.41,99.0,385.11,1429.0,1178.0,251.0,1,0.6666666666666666,0.2,0.1428571428571428,0.7080078125,0.4599061796135412,0.3164529800415039,-1.0,-1.0,-1.0,-1.0,-1.0,-1.0,1.6666666666666663,1.2,1.1428571428571428,1.7080078125,1.459906179613541,1.316452980041504,0.21506784883880573,0.4007938123346225,-0.1857259634958168
581,2025-03-21,Poland,Lithuania,1.0,0.0,FIFA World Cup qualification,Warsaw,Poland,0,2025,0,1,584,2024-12-19,35.0,35.0,0.0,1510.62,1510.62,2024-12-19,142.0,142.0,0.0,1069.96,1069.96,107.0,440.6599999999999,1728.0,1308.0,420.0,1,-0.6666666666666666,-0.8,-0.4285714285714285,-0.4453125,-0.4325560128029263,-0.31988525390625,,,,,,,,,,,,,1.2785146229685254,0.0,0.0
582,2025-03-21,Guinea,Somalia,0.0,0.0,FIFA World Cup qualification,Ebimpé,Ivory Coast,1,2025,0,1,585,2024-12-19,78.0,78.0,0.0,1311.88,1311.88,2024-12-19,202.0,202.0,0.0,829.81,829.81,124.0,482.07000000000016,1466.0,857.0,609.0,0,-0.3333333333333333,-0.6,-0.3333333333333333,-0.4375,-0.2921810699588476,-0.150390625,-1.0,-1.0,-1.0,-1.0,-1.0,-1.0,0.6666666666666667,0.4,0.6666666666666667,0.5625,0.7078189300411524,0.849609375,0.34714160651389525,1.0967189090168938,-0.7495773025029986
579,2025-03-21,Equatorial Guinea,São Tomé and Príncipe,2.0,0.0,FIFA World Cup qualification,Malabo,Equatorial Guinea,0,2025,0,1,582,2024-12-19,93.0,93.0,0.0,1256.2,1256.2,2024-12-19,189.0,189.0,0.0,878.09,878.09,96.0,378.11,1522.0,1062.0,460.0,1,0.3333333333333333,-0.2,-0.2,0.25,-0.0370370370370371,-0.21875,-1.0,-1.0,-1.0,-1.0,-1.0,-1.0,1.3333333333333333,0.8,0.8,1.25,0.9629629629629628,0.78125,-2.680426719028747,-0.8536291471605943,-1.8267975718681526
584,2025-03-21,England,Albania,2.0,0.0,FIFA World Cup qualification,London,England,0,2025,0,1,587,2024-12-19,4.0,4.0,0.0,1813.81,1813.81,2024-12-19,65.0,65.0,0.0,1375.57,1375.57,61.0,438.24,2006.0,1616.0,390.0,1,0.0,0.2,0.2857142857142857,-0.18017578125,0.0306468639039894,0.1401269435882568,-0.5,-0.5,-0.5,-0.5,-0.3333333333333332,-0.25,0.5,0.7,0.7857142857142857,0.31982421875,0.3639801972373227,0.3901269435882568,1.96905820813084,1.063529411764706,0.905528796366134
585,2025-03-21,Andorra,Latvia,0.0,1.0,FIFA World Cup qualification,Andorra la Vella,Andorra,0,2025,0,1,588,2024-12-19,171.0,171.0,0.0,971.54,971.54,2024-12-19,140.0,140.0,0.0,1084.11,1084.11,-31.0,-112.56999999999994,1115.0,1349.0,-234.0,-1,,,,,,,,,,,,,,,,,,,0.0,0.0,0.0
583,2025-03-21,Romania,Bosnia and Herzegovina,0.0,1.0,FIFA World Cup qualification,Bucharest,Romania,0,2025,0,1,586,2024-12-19,38.0,38.0,0.0,1494.2,1494.2,2024-12-19,74.0,74.0,0.0,1326.69,1326.69,36.0,167.51,1723.0,1485.0,238.0,-1,-1.0,-1.0,-1.0,-1.0,-1.0,-1.0,,,,,,,,,,,,,-1.203529411764706,0.0,0.0
599,2025-03-22,Czech Republic,Faroe Islands,2.0,1.0,FIFA World Cup qualification,Hradec Králové,Czech Republic,0,2025,0,1,602,2022-03-31,33.0,31.0,-2.0,1500.62,1510.42,2024-12-19,137.0,137.0,0.0,1096.88,1096.88,104.0,403.7399999999998,1753.0,1248.0,505.0,1,-0.6666666666666666,-0.75,-0.75,-0.75,-0.7777777777777778,-0.8125,,,,,,,,,,,,,-0.7413311622226745,0.0,0.0
600,2025-03-22,Montenegro,Gibraltar,3.0,1.0,FIFA World Cup qualification,Nikšić,Montenegro,0,2025,0,1,603,2024-12-19,73.0,73.0,0.0,1326.76,1326.76,2024-12-19,196.0,197.0,1.0,848.58,848.58,123.0,478.18,1516.0,1051.0,465.0,1,,,,,,,,,,,,,,,,,,,0.0,0.0,0.0
601,2025-03-22,Wales,Kazakhstan,3.0,1.0,FIFA World Cup qualification,Cardiff,Wales,0,2025,0,1,604,2024-12-19,29.0,29.0,0.0,1534.39,1534.39,2024-12-19,110.0,110.0,0.0,1180.18,1180.18,81.0,354.21000000000004,1701.0,1425.0,276.0,1,-0.6666666666666666,0.0,0.0,-0.625,-0.2592592592592591,-0.015625,,,,,,,,,,,,,0.39584751140431745,0.0,0.0
602,2025-03-22,Liechtenstein,North Macedonia,0.0,3.0,FIFA World Cup qualification,Vaduz,Liechtenstein,0,2025,0,1,605,2024-12-19,204.0,204.0,0.0,821.71,821.71,2024-12-19,67.0,67.0,0.0,1368.96,1368.96,-137.0,-547.25,977.0,1551.0,-574.0,-1,,,,,,,0.0,0.0,0.0,0.0,0.3333333333333335,0.5,,,,,,,0.0,2.041176470588235,0.0
603,2025-03-22,Israel,Estonia,2.0,1.0,FIFA World Cup qualification,Debrecen,Hungary,1,2025,0,1,606,2024-12-19,76.0,76.0,0.0,1322.25,1322.25,2024-12-19,123.0,123.0,0.0,1142.53,1142.53,47.0,179.72000000000003,1556.0,1357.0,199.0,1,,,,,,,,,,,,,,,,,,,0.0,0.0,0.0
604,2025-03-22,Sudan,Senegal,0.0,0.0,FIFA World Cup qualification,Benghazi,Libya,1,2025,0,1,607,2024-12-19,113.0,113.0,0.0,1165.41,1165.41,2024-12-19,17.0,17.0,0.0,1637.25,1637.25,-96.0,-471.8399999999999,1383.0,1771.0,-388.0,0,1.0,0.75,0.75,0.875,0.7037037037037036,0.578125,0.3333333333333333,0.6,0.5714285714285714,0.612548828125,0.556369694221309,0.508691817522049,0.6666666666666667,0.15,0.1785714285714286,0.262451171875,0.1473340094823946,0.069433182477951,0.5677590067168736,-0.6903842231932671,1.2581432299101407
605,2025-03-22,Togo,Mauritania,2.0,2.0,FIFA World Cup qualification,Lomé,Togo,0,2025,0,1,608,2024-12-19,119.0,119.0,0.0,1152.18,1152.18,2024-12-19,109.0,109.0,0.0,1183.16,1183.16,-10.0,-30.98000000000001,1368.0,1372.0,-4.0,0,-0.3333333333333333,-0.25,-0.25,-0.5,-0.3333333333333332,-0.25,-1.0,-0.4,-0.5,-0.84375,-0.7366255144032922,-0.7099609375,0.6666666666666667,0.15,0.25,0.34375,0.4032921810699589,0.4599609375,-0.1400366374923672,-1.0048289933422871,0.86479235584992
607,2025-03-23,Kenya,Gabon,1.0,2.0,FIFA World Cup qualification,Nairobi,Kenya,0,2025,0,1,611,2024-12-19,108.0,108.0,0.0,1189.65,1189.65,2024-12-19,84.0,84.0,0.0,1297.87,1297.87,-24.0,-108.2199999999998,1371.0,1494.0,-123.0,-1,0.0,0.0,0.0,0.0,-0.0987654320987655,-0.2109375,0.3333333333333333,0.6,0.6,0.75,0.7037037037037037,0.71875,-0.3333333333333333,-0.6,-0.6,-0.75,-0.8024691358024693,-0.9296875,-0.22182469079632672,0.4489757067084925,-0.6708003975048192
606,2025-03-23,Eswatini,Mauritius,3.0,3.0,FIFA World Cup qualification,Mbombela,South Africa,1,2025,0,1,610,2024-12-19,159.0,159.0,0.0,1015.25,1015.25,2024-12-19,179.0,179.0,0.0,923.46,923.46,20.0,91.78999999999996,1233.0,1029.0,204.0,0,-0.6666666666666666,-0.8,-0.8,-0.5,-0.6666666666666667,-0.75,-0.3333333333333333,-0.4,-0.4,-0.4375,-0.4567901234567901,-0.51953125,-0.3333333333333333,-0.4,-0.4,-0.0625,-0.2098765432098766,-0.23046875,-0.45879958333832205,-0.010285078004334147,-0.4485145053339879
619,2025-03-24,Ethiopia,Djibouti,6.0,1.0,FIFA World Cup qualification,El Jadida,Morocco,1,2025,0,1,623,2024-12-19,146.0,146.0,0.0,1059.94,1059.94,2024-12-19,191.0,191.0,0.0,877.37,877.37,45.0,182.57000000000005,1276.0,752.0,524.0,1,-0.3333333333333333,-0.4,-0.4,-0.5625,-0.4320987654320987,-0.35546875,-0.6666666666666666,-0.8,-0.8,-0.75,-0.7777777777777778,-0.8125,0.3333333333333333,0.4,0.4,0.1875,0.345679012345679,0.45703125,0.2612413644472647,-2.223473617413584,2.484714981860849
617,2025-03-24,Namibia,Equatorial Guinea,1.0,1.0,FIFA World Cup qualification,Johannesburg,South Africa,1,2025,0,1,621,2024-12-19,111.0,111.0,0.0,1179.26,1179.26,2024-12-19,93.0,93.0,0.0,1256.2,1256.2,-18.0,-76.94000000000005,1414.0,1522.0,-108.0,0,0.3333333333333333,0.2,0.4285714285714285,0.5,0.4320987654320988,0.4609375,0.3333333333333333,0.2,0.0,0.625,0.3086419753086418,0.0859375,0.0,0.0,0.4285714285714285,-0.125,0.123456790123457,0.375,2.463314961005394,-2.518048676732938,4.9813636377383315
622,2025-03-24,Central African Republic,Mali,0.0,0.0,FIFA World Cup qualification,Casablanca,Morocco,1,2025,0,1,626,2024-12-19,135.0,135.0,0.0,1102.23,1102.23,2024-12-19,51.0,51.0,0.0,1466.1,1466.1,-84.0,-363.8699999999999,1250.0,1631.0,-381.0,0,-0.3333333333333333,-0.4,-0.4,-0.6875,-0.6049382716049383,-0.61328125,0.0,-0.2,0.0,0.330078125,0.1238124269674337,0.0215187072753906,-0.3333333333333333,-0.2,-0.4,-1.017578125,-0.7287506985723721,-0.6347999572753906,-1.6475173908358376,-0.5235412671770932,-1.1239761236587444
621,2025-03-24,New Zealand,New Caledonia,3.0,0.0,FIFA World Cup qualification,Auckland,New Zealand,0,2025,0,1,625,2024-12-19,89.0,89.0,0.0,1269.83,1269.83,2024-12-19,152.0,152.0,0.0,1034.43,1034.43,63.0,235.39999999999984,1583.0,1180.0,403.0,1,1.0,0.6,0.7142857142857143,0.9375,0.8683127572016461,0.841796875,0.6666666666666666,0.4,0.0,0.625,0.3827160493827159,0.1796875,0.3333333333333333,0.1999999999999999,0.7142857142857143,0.3125,0.4855967078189302,0.662109375,1.531872787292347,-0.7762753266495067,2.308148113941854
620,2025-03-24,Guinea-Bissau,Burkina Faso,1.0,2.0,FIFA World Cup qualification,Bissau,Guinea-Bissau,0,2025,0,1,624,2024-12-19,120.0,120.0,0.0,1151.72,1151.72,2024-12-19,66.0,66.0,0.0,1373.76,1373.76,-54.0,-222.04,1411.0,1549.0,-138.0,-1,-0.3333333333333333,-0.2,-0.1666666666666666,-0.53125,-0.3662551440329217,-0.2763671875,0.0,0.2,0.1666666666666666,0.40625,0.2510288065843621,0.1884765625,-0.3333333333333333,-0.4,-0.3333333333333333,-0.9375,-0.6172839506172838,-0.46484375,0.6586398912003111,-0.7843788071615664,1.4430186983618776
618,2025-03-24,Ivory Coast,Gambia,1.0,0.0,FIFA World Cup qualification,Abidjan,Ivory Coast,0,2025,0,1,622,2024-12-19,46.0,46.0,0.0,1478.47,1478.47,2022-03-31,123.0,125.0,2.0,1138.19,1135.18,77.0,340.28,1579.0,1443.0,136.0,1,0.6666666666666666,0.8,0.7142857142857143,0.73046875,0.6834832088604379,0.6512069702148438,0.0,-0.4,-0.5,-0.25,-0.3703703703703704,-0.46875,0.6666666666666666,1.2000000000000002,1.2142857142857144,0.98046875,1.0538535792308084,1.1199569702148438,3.0336123352371858,-0.9552353652515706,3.9888477004887566
616,2025-03-24,Tunisia,Malawi,2.0,0.0,FIFA World Cup qualification,Radès,Tunisia,0,2025,0,1,620,2024-12-19,52.0,52.0,0.0,1464.42,1464.42,2024-12-19,131.0,131.0,0.0,1129.31,1129.31,79.0,335.1100000000001,1598.0,1354.0,244.0,1,0.6666666666666666,0.4,0.2857142857142857,0.622314453125,0.4984015158785264,0.4470978379249573,-0.3333333333333333,-0.2,-0.2,-0.625,-0.3086419753086418,-0.0859375,1.0,0.6000000000000001,0.4857142857142857,1.247314453125,0.8070434911871682,0.5330353379249573,0.12776078444254974,0.3843023910154332,-0.25654160657288344
614,2025-03-24,Madagascar,Ghana,0.0,3.0,FIFA World Cup qualification,Al Hoceima,Morocco,1,2025,0,1,618,2024-12-19,116.0,115.0,-1.0,1162.02,1162.02,2024-12-19,77.0,77.0,0.0,1320.52,1320.52,-39.0,-158.5,1323.0,1429.0,-106.0,-1,0.6666666666666666,0.4,0.4,0.625,0.3827160493827159,0.1796875,1.0,0.6,0.1428571428571428,0.85400390625,0.639937453075694,0.4873397350311279,-0.3333333333333333,-0.1999999999999999,0.2571428571428572,-0.22900390625,-0.2572214036929781,-0.3076522350311279,0.3159586211850911,0.38006385773064066,-0.06410523654554956
615,2025-03-24,Liberia,São Tomé and Príncipe,2.0,1.0,FIFA World Cup qualification,Monrovia,Liberia,0,2025,0,1,619,2024-12-19,145.0,145.0,0.0,1063.04,1063.04,2024-12-19,189.0,189.0,0.0,878.09,878.09,44.0,184.95,1256.0,1062.0,194.0,1,0.0,0.0,0.0,-0.25,-0.2098765432098766,-0.2734375,-1.0,-1.0,-1.0,-1.0,-1.0,-1.0,1.0,1.0,1.0,0.75,0.7901234567901234,0.7265625,-0.025249937141557148,-0.8081215502687947,0.7828716131272376
612,2025-03-24,Poland,Malta,2.0,0.0,FIFA World Cup qualification,Warsaw,Poland,0,2025,0,1,616,2024-12-19,35.0,35.0,0.0,1510.62,1510.62,2024-12-19,168.0,169.0,1.0,983.95,983.95,133.0,526.6699999999998,1728.0,1258.0,470.0,1,0.0,-0.4,-0.2857142857142857,0.27734375,0.0449626581313823,0.0100860595703125,-1.0,-1.0,-1.0,-1.0,-1.0,-1.0,1.0,0.6,0.7142857142857143,1.27734375,1.0449626581313824,1.0100860595703125,1.136249056911553,0.98,0.1562490569115531
611,2025-03-24,Bosnia and Herzegovina,Cyprus,2.0,1.0,FIFA World Cup qualification,Zenica,Bosnia and Herzegovina,0,2025,0,1,615,2024-12-19,74.0,74.0,0.0,1326.69,1326.69,2024-12-19,130.0,130.0,0.0,1131.32,1131.32,56.0,195.3700000000001,1485.0,1299.0,186.0,1,1.0,1.0,1.0,1.0,1.0,1.0,1.0,1.0,1.0,1.0,1.0,1.0,0.0,0.0,0.0,0.0,0.0,0.0,1.72,0.3999999999999999,1.32
610,2025-03-24,San Marino,Romania,1.0,5.0,FIFA World Cup qualification,Serravalle,San Marino,0,2025,0,1,614,2024-12-19,210.0,210.0,0.0,747.42,747.42,2024-12-19,38.0,38.0,0.0,1494.2,1494.2,-172.0,-746.7800000000001,777.0,1723.0,-946.0,-1,-1.0,-1.0,-1.0,-1.0,-1.0,-1.0,-1.0,-1.0,-1.0,-1.0,-1.0,-1.0,0.0,0.0,0.0,0.0,0.0,0.0,-0.3999999999999999,-1.2339100346020762,0.8339100346020762
609,2025-03-24,England,Latvia,3.0,0.0,FIFA World Cup qualification,London,England,0,2025,0,1,613,2024-12-19,4.0,4.0,0.0,1813.81,1813.81,2024-12-19,140.0,140.0,0.0,1084.11,1084.11,136.0,729.7,2006.0,1349.0,657.0,1,0.3333333333333333,0.4,0.2857142857142857,0.409912109375,0.3537645759359929,0.3550952076911926,1.0,1.0,1.0,1.0,1.0,1.0,-0.6666666666666667,-0.6,-0.7142857142857143,-0.590087890625,-0.6462354240640071,-0.6449047923088074,1.8991136076525554,0.38,1.5191136076525553
608,2025-03-24,Albania,Andorra,3.0,0.0,FIFA World Cup qualification,Tirana,Albania,0,2025,0,1,612,2024-12-19,65.0,65.0,0.0,1375.57,1375.57,2024-12-19,171.0,171.0,0.0,971.54,971.54,106.0,404.03,1616.0,1115.0,501.0,1,-0.6666666666666666,-0.6666666666666666,-0.6666666666666666,-0.75,-0.5555555555555555,-0.4375,-1.0,-1.0,-1.0,-1.0,-1.0,-1.0,0.3333333333333333,0.3333333333333333,0.3333333333333333,0.25,0.4444444444444445,0.5625,0.9550865051903115,-0.38,1.3350865051903114
613,2025-03-24,Lithuania,Finland,2.0,2.0,FIFA World Cup qualification,Kaunas,Lithuania,0,2025,0,1,617,2024-12-19,142.0,142.0,0.0,1069.96,1069.96,2024-12-19,69.0,69.0,0.0,1361.53,1361.53,-73.0,-291.56999999999994,1308.0,1621.0,-313.0,0,-1.0,-1.0,-1.0,-1.0,-1.0,-1.0,1.0,1.0,1.0,1.0,1.0,1.0,-2.0,-2.0,-2.0,-2.0,-2.0,-2.0,1.1400000000000001,-0.98,2.12
645,2025-03-25,Chile,Ecuador,0.0,0.0,FIFA World Cup qualification,Santiago,Chile,0,2025,0,1,650,2024-12-19,50.0,50.0,0.0,1469.44,1469.44,2024-12-19,24.0,24.0,0.0,1560.13,1560.13,-26.0,-90.69000000000004,1739.0,1910.0,-171.0,0,0.0,-0.4,-0.5714285714285714,-0.3702926635742187,-0.3745900620139892,-0.4113896842172835,1.0,0.6,0.4285714285714285,0.8835799694061279,0.726220332804314,0.6120810548889608,-1.0,-1.0,-1.0,-1.253872632980347,-1.1008103948183032,-1.0234707391062443,-0.7167195490332776,0.6069498951886237,-1.3236694442219012
646,2025-03-25,Iran,Uzbekistan,2.0,2.0,FIFA World Cup qualification,Tehran,Iran,0,2025,0,1,651,2024-12-19,18.0,18.0,0.0,1635.31,1635.31,2024-12-19,58.0,58.0,0.0,1424.93,1424.93,40.0,210.37999999999988,1838.0,1684.0,154.0,0,1.0,0.8,0.8571428571428571,0.9642881155014038,0.9043949583445338,0.8546190718071003,0.3333333333333333,0.4,0.5714285714285714,0.7145156860351562,0.6115157451055718,0.5839328516158275,0.6666666666666667,0.4,0.2857142857142857,0.2497724294662475,0.2928792132389619,0.2706862201912727,-0.11405702597285088,0.4948170095713117,-0.6088740355441625
644,2025-03-25,Argentina,Brazil,4.0,1.0,FIFA World Cup qualification,Buenos Aires,Argentina,0,2025,0,1,649,2024-12-19,1.0,1.0,0.0,1867.25,1867.25,2024-12-19,5.0,5.0,0.0,1775.85,1775.85,4.0,91.40000000000008,2108.0,1996.0,112.0,1,0.3333333333333333,0.4,0.2857142857142857,0.6864611729979515,0.538861769074611,0.4911469016610538,0.3333333333333333,0.6,0.4285714285714285,0.5865115821361542,0.4854507110999592,0.4227102926373307,0.0,-0.1999999999999999,-0.1428571428571428,0.0999495908617973,0.0534110579746518,0.0684366090237231,0.5356831106075421,0.024733363288720573,0.5109497473188216
636,2025-03-25,Benin,South Africa,0.0,2.0,FIFA World Cup qualification,Abidjan,Ivory Coast,1,2025,0,1,641,2024-12-19,94.0,94.0,0.0,1250.99,1250.99,2024-12-19,57.0,57.0,0.0,1428.87,1428.87,-37.0,-177.87999999999988,1476.0,1576.0,-100.0,-1,0.6666666666666666,0.2,0.2,0.3125,0.1728395061728394,0.01171875,0.0,0.0,0.1428571428571428,-0.2412109375,-0.0717313869272411,0.0164084434509277,0.6666666666666666,0.2,0.0571428571428571,0.5537109375,0.2445708931000805,-0.0046896934509277,-0.2739495456232566,0.10180597842033023,-0.3757555240435868
642,2025-03-25,Colombia,Paraguay,2.0,2.0,FIFA World Cup qualification,Barranquilla,Colombia,0,2025,0,1,647,2024-12-19,12.0,12.0,0.0,1694.44,1694.44,2024-12-19,53.0,53.0,0.0,1458.26,1458.26,41.0,236.1800000000001,1977.0,1775.0,202.0,0,-1.0,-0.6,-0.2857142857142857,-0.8286409378051758,-0.6151654245436475,-0.4522506447478918,0.6666666666666666,0.6,0.5714285714285714,0.6958236694335938,0.5760447610193378,0.4554323338379618,-1.6666666666666663,-1.2,-0.8571428571428571,-1.5244646072387695,-1.1912101855629853,-0.9076829785858536,-0.13370424789755916,0.054981701001055865,-0.18868594889861504
647,2025-03-25,Senegal,Togo,2.0,0.0,FIFA World Cup qualification,Diamniadio,Senegal,0,2025,0,1,652,2024-12-19,17.0,17.0,0.0,1637.25,1637.25,2024-12-19,119.0,119.0,0.0,1152.18,1152.18,102.0,485.07,1771.0,1368.0,403.0,1,0.3333333333333333,0.4,0.5714285714285714,0.3062744140625,0.3709131294808727,0.3815188631415367,-0.3333333333333333,-0.2,-0.2,-0.25,-0.2222222222222222,-0.1875,0.6666666666666666,0.6000000000000001,0.7714285714285714,0.5562744140625,0.5931353517030948,0.5690188631415367,-0.7627145630054278,-0.12003448234575735,-0.6426800806596705
643,2025-03-25,Venezuela,Peru,1.0,0.0,FIFA World Cup qualification,Maturín,Venezuela,0,2025,0,1,648,2024-12-19,47.0,47.0,0.0,1475.71,1475.71,2024-12-19,40.0,40.0,0.0,1488.42,1488.42,-7.0,-12.710000000000036,1750.0,1798.0,-48.0,1,-0.6666666666666666,-0.6,-0.5714285714285714,-0.8172569274902344,-0.6595784346002068,-0.536197299406922,0.0,0.0,-0.1428571428571428,0.1963558197021484,-0.0115176054442834,-0.1152334316902852,-0.6666666666666666,-0.6,-0.4285714285714285,-1.0136127471923828,-0.6480608291559233,-0.4209638677166367,0.7090328489408703,-0.059283073513250975,0.7683159224541213
648,2025-03-25,Kyrgyzstan,Qatar,3.0,1.0,FIFA World Cup qualification,Bishkek,Kyrgyzstan,0,2025,0,1,653,2024-12-19,107.0,107.0,0.0,1194.19,1194.19,2024-12-19,48.0,48.0,0.0,1474.6,1474.6,-59.0,-280.40999999999985,1266.0,1524.0,-258.0,1,-1.0,-0.6,-0.7142857142857143,-0.865966796875,-0.7359129862643893,-0.6491260230541229,0.3333333333333333,0.2,0.0,0.3417339324951172,0.2402809318407295,0.2284371016703517,-1.3333333333333333,-0.8,-0.7142857142857143,-1.2077007293701172,-0.9761939181051188,-0.8775631247244746,-0.742189544816395,-0.7287057223672319,-0.01348382244916313
656,2025-03-25,North Korea,United Arab Emirates,1.0,2.0,FIFA World Cup qualification,Riyadh,Saudi Arabia,1,2025,0,1,661,2024-12-19,115.0,114.0,-1.0,1164.41,1164.41,2024-12-19,63.0,63.0,0.0,1385.57,1385.57,-52.0,-221.15999999999983,1370.0,1504.0,-134.0,-1,-1.0,-0.8,-0.7142857142857143,-0.9404296875,-0.8136688738731109,-0.7166171073913574,0.3333333333333333,0.0,0.0,-0.1919784545898437,-0.0490244722188659,0.0191413087595719,-1.3333333333333333,-0.8,-0.7142857142857143,-0.7484512329101562,-0.764644401654245,-0.7357584161509294,-0.02450594309019566,1.128790162523678,-1.1532961056138737
650,2025-03-25,Kuwait,Oman,0.0,1.0,FIFA World Cup qualification,Kuwait City,Kuwait,0,2025,0,1,655,2024-12-19,134.0,134.0,0.0,1108.72,1109.16,2024-12-19,80.0,80.0,0.0,1306.67,1306.67,-54.0,-197.95000000000005,1345.0,1526.0,-181.0,-1,-0.3333333333333333,-0.4,-0.2857142857142857,-0.15380859375,-0.2127874966365034,-0.2403227090835571,0.0,0.0,-0.2857142857142857,-0.1765365600585937,-0.1565199975781353,-0.1314453598461114,-0.3333333333333333,-0.4,0.0,0.0227279663085937,-0.0562674990583681,-0.1088773492374457,0.21188840951961746,-0.04999536326533818,0.26188377278495567
651,2025-03-25,Palestine,Iraq,2.0,1.0,FIFA World Cup qualification,Amman,Jordan,1,2025,0,1,656,2024-12-19,101.0,101.0,0.0,1215.87,1215.87,2024-12-19,56.0,56.0,0.0,1442.86,1442.86,-45.0,-226.99,1417.0,1584.0,-167.0,1,-0.6666666666666666,-0.6,-0.5714285714285714,-0.67474365234375,-0.6044143292586676,-0.5539913438260555,0.3333333333333333,0.2,0.2857142857142857,0.2338800430297851,0.2682944187004237,0.3087150288802149,-1.0,-0.8,-0.8571428571428571,-0.9086236953735352,-0.8727087479590914,-0.8627063727062705,-0.2518167963491102,0.15520434844620795,-0.40702114479531815
652,2025-03-25,China PR,Australia,0.0,2.0,FIFA World Cup qualification,Hangzhou,China PR,0,2025,0,1,657,2024-12-19,90.0,90.0,0.0,1266.38,1266.38,2024-12-19,26.0,26.0,0.0,1544.15,1544.15,-64.0,-277.77,1400.0,1719.0,-319.0,-1,-0.3333333333333333,-0.2,-0.4285714285714285,-0.6204681396484375,-0.465857945370566,-0.4159440521616488,0.3333333333333333,0.4,0.1428571428571428,0.5306961759924889,0.4183165895552692,0.3855608558128249,-0.6666666666666666,-0.6000000000000001,-0.5714285714285714,-1.1511643156409264,-0.8841745349258352,-0.8015049079744738,-0.7630674153412506,0.6648972870055974,-1.427964702346848
653,2025-03-25,Japan,Saudi Arabia,0.0,0.0,FIFA World Cup qualification,Saitama,Japan,0,2025,0,1,658,2024-12-19,15.0,15.0,0.0,1652.79,1652.79,2024-12-19,59.0,59.0,0.0,1406.56,1406.56,44.0,246.23,1889.0,1536.0,353.0,0,1.0,0.8,0.8571428571428571,0.9363954067230223,0.8855421835733718,0.849907880400508,0.0,-0.2,0.0,0.2330203056335449,0.0922952387975667,0.0641536750881925,1.0,1.0,0.8571428571428571,0.7033751010894775,0.793246944775805,0.7857542053123154,1.1343897338554223,-0.12241880344634322,1.2568085373017654
654,2025-03-25,Indonesia,Bahrain,1.0,0.0,FIFA World Cup qualification,Jakarta,Indonesia,0,2025,0,1,659,2024-12-19,127.0,125.0,-2.0,1133.41,1135.11,2024-12-19,81.0,81.0,0.0,1305.52,1305.52,-46.0,-172.1099999999999,1397.0,1461.0,-64.0,1,-0.3333333333333333,-0.4,-0.2857142857142857,-0.43450927734375,-0.3444446558426598,-0.2851369143463671,-0.6666666666666666,-0.4,-0.2857142857142857,-0.63153076171875,-0.4835175947547781,-0.3722770307213068,0.3333333333333333,0.0,0.0,0.197021484375,0.1390729389121183,0.0871401163749396,2.2562934880375924,0.09749671849751972,2.1587967695400727
655,2025-03-25,Egypt,Sierra Leone,1.0,0.0,FIFA World Cup qualification,Cairo,Egypt,0,2025,0,1,660,2024-12-19,33.0,33.0,0.0,1513.48,1513.48,2024-12-19,129.0,129.0,0.0,1132.06,1132.06,96.0,381.4200000000001,1657.0,1333.0,324.0,1,0.6666666666666666,0.4,0.2857142857142857,0.630859375,0.5226676150315839,0.4865665435791015,0.6666666666666666,0.2,0.2,0.5625,0.382716049382716,0.28515625,0.0,0.2,0.0857142857142856,0.068359375,0.1399515656488679,0.2014102935791015,0.5848562749735401,-0.1598838615438033,0.7447401365173434
641,2025-03-25,Bolivia,Uruguay,0.0,0.0,FIFA World Cup qualification,El Alto,Bolivia,0,2025,0,1,646,2024-12-19,79.0,79.0,0.0,1308.58,1308.58,2024-12-19,11.0,11.0,0.0,1695.91,1695.91,-68.0,-387.33000000000015,1590.0,1948.0,-358.0,0,-0.6666666666666666,-0.4,0.0,-0.64013671875,-0.4920640296853272,-0.4255377054214477,0.0,-0.2,-0.1428571428571428,-0.407243013381958,-0.2481448575677379,-0.1656356071068216,-0.6666666666666666,-0.2,0.1428571428571428,-0.232893705368042,-0.2439191721175893,-0.2599020983146261,-1.1918805717692655,0.3070462140026912,-1.4989267857719568
649,2025-03-25,South Korea,Jordan,1.0,1.0,FIFA World Cup qualification,Suwon,South Korea,0,2025,0,1,654,2024-12-19,23.0,23.0,0.0,1585.45,1585.45,2024-12-19,64.0,64.0,0.0,1375.91,1375.91,41.0,209.54,1774.0,1617.0,157.0,0,0.3333333333333333,0.6,0.5714285714285714,0.2411015033721923,0.3975386224363727,0.4646565311728849,0.3333333333333333,0.2,0.2857142857142857,0.5541553497314453,0.4580391040357874,0.4318251609911385,0.0,0.3999999999999999,0.2857142857142857,-0.3130538463592529,-0.0605004815994147,0.0328313701817464,-0.1151939702230772,0.40540422632567624,-0.5205981965487534
640,2025-03-25,Mauritania,DR Congo,0.0,2.0,FIFA World Cup qualification,Nouadhibou,Mauritania,0,2025,0,1,645,2024-12-19,109.0,109.0,0.0,1183.16,1183.16,2024-12-19,61.0,61.0,0.0,1395.77,1395.77,-48.0,-212.6099999999999,1372.0,1540.0,-168.0,-1,-0.6666666666666666,-0.4,-0.4285714285714285,-0.421875,-0.4910836762688615,-0.532470703125,0.6666666666666666,0.2,0.2857142857142857,0.7340087890625,0.5291117295554287,0.4062859266996383,-1.3333333333333333,-0.6000000000000001,-0.7142857142857142,-1.1558837890625,-1.0201954058242904,-0.9387566298246384,-0.9574861113809761,0.31281663721722597,-1.2703027485982021
634,2025-03-25,Gibraltar,Czech Republic,0.0,4.0,FIFA World Cup qualification,Faro-Loulé,Portugal,1,2025,0,1,639,2024-12-19,196.0,197.0,1.0,848.58,848.58,2022-03-31,33.0,31.0,-2.0,1500.62,1510.42,-163.0,-652.0399999999998,1051.0,1753.0,-702.0,-1,-1.0,-1.0,-1.0,-1.0,-1.0,-1.0,0.0,-0.4,-0.4,0.125,-0.1851851851851853,-0.359375,-1.0,-0.6,-0.6,-1.125,-0.8148148148148147,-0.640625,0.45999999999999996,-0.7612528585625171,1.221252858562517
638,2025-03-25,Sudan,South Sudan,1.0,1.0,FIFA World Cup qualification,Benghazi,Libya,1,2025,0,1,643,2024-12-19,113.0,113.0,0.0,1165.41,1165.41,2024-12-19,170.0,170.0,0.0,973.55,973.55,57.0,191.86000000000013,1383.0,1136.0,247.0,0,0.6666666666666666,0.6,0.6,0.4375,0.4691358024691358,0.43359375,-0.6666666666666666,-0.6,-0.6,-0.8125,-0.7530864197530864,-0.75390625,1.3333333333333333,1.2,1.2,1.25,1.2222222222222223,1.1875,0.6473025945570575,-0.7631223285161817,1.410424923073239
623,2025-03-25,Nigeria,Zimbabwe,1.0,1.0,FIFA World Cup qualification,Uyo,Nigeria,0,2025,0,1,627,2024-12-19,44.0,44.0,0.0,1482.23,1482.23,2024-12-19,121.0,121.0,0.0,1151.06,1151.06,77.0,331.1700000000001,1657.0,1333.0,324.0,0,0.0,-0.2,0.0,0.203125,0.0562414266117969,0.016357421875,-0.6666666666666666,-0.4,-0.4,-0.375,-0.3703703703703703,-0.328125,0.6666666666666666,0.2,0.4,0.578125,0.4266117969821673,0.344482421875,-0.6997733380620852,-0.2935838890817878,-0.4061894489802974
624,2025-03-25,Rwanda,Lesotho,1.0,1.0,FIFA World Cup qualification,Kigali,Rwanda,0,2025,0,1,628,2024-12-19,124.0,124.0,0.0,1136.06,1136.06,2024-12-19,149.0,150.0,1.0,1046.76,1046.76,25.0,89.29999999999995,1271.0,1203.0,68.0,0,-0.3333333333333333,0.0,0.0,-0.3125,-0.1604938271604938,-0.09765625,0.3333333333333333,0.2,0.2,0.375,0.2592592592592592,0.203125,-0.6666666666666666,-0.2,-0.2,-0.6875,-0.4197530864197529,-0.30078125,0.40325475030231916,2.213816884376385,-1.8105621340740659
625,2025-03-25,Angola,Cape Verde,1.0,2.0,FIFA World Cup qualification,Luanda,Angola,0,2025,0,1,629,2024-12-19,85.0,85.0,0.0,1296.48,1296.48,2024-12-19,72.0,72.0,0.0,1328.51,1328.51,-13.0,-32.02999999999997,1581.0,1472.0,109.0,-1,0.3333333333333333,0.2,0.1666666666666666,0.125,0.1481481481481481,0.140625,0.3333333333333333,0.4,0.4285714285714285,0.669921875,0.535030229131738,0.4788703918457031,0.0,-0.2,-0.2619047619047618,-0.544921875,-0.3868820809835899,-0.3382453918457031,0.650064999503471,-0.46921589357161336,1.1192808930750844
626,2025-03-25,Cameroon,Libya,3.0,1.0,FIFA World Cup qualification,Yaounde,Cameroon,0,2025,0,1,630,2024-12-19,49.0,49.0,0.0,1471.49,1471.49,2024-12-19,118.0,118.0,0.0,1158.03,1158.03,69.0,313.46000000000004,1578.0,1347.0,231.0,1,0.3333333333333333,0.0,0.2857142857142857,0.083984375,0.1008653829870107,0.0764064788818359,0.0,0.2,0.2,-0.0625,0.1234567901234569,0.26953125,0.3333333333333333,-0.2,0.0857142857142856,0.146484375,-0.0225914071364461,-0.193124771118164,-0.6827899712339144,0.570123681469331,-1.2529136527032454
627,2025-03-25,Morocco,Tanzania,2.0,0.0,FIFA World Cup qualification,Oujda,Morocco,0,2025,0,1,631,2024-12-19,14.0,14.0,0.0,1688.18,1688.18,2024-12-19,106.0,106.0,0.0,1199.33,1199.33,92.0,488.85000000000014,1802.0,1313.0,489.0,1,1.0,0.6,0.5714285714285714,0.8532257080078125,0.7087016221281988,0.6171016606967896,0.0,0.0,0.0,0.375,0.2839506172839506,0.3203125,1.0,0.6,0.5714285714285714,0.4782257080078125,0.4247510048442481,0.2967891606967896,-0.25941956463904503,0.7828495827396702,-1.0422691473787151
639,2025-03-25,Comoros,Chad,1.0,0.0,FIFA World Cup qualification,Berkane,Morocco,1,2025,0,1,644,2024-12-19,103.0,103.0,0.0,1208.99,1208.99,2024-12-19,176.0,176.0,0.0,935.41,935.41,73.0,273.58000000000004,1340.0,1178.0,162.0,1,-0.3333333333333333,0.2,0.2,-0.25,0.0370370370370371,0.21875,-1.0,-1.0,-1.0,-1.0,-1.0,-1.0,0.6666666666666667,1.2,1.2,0.75,1.0370370370370372,1.21875,1.587095461021779,0.19957064690317414,1.3875248141186047
629,2025-03-25,Uganda,Guinea,1.0,0.0,FIFA World Cup qualification,Kira,Uganda,0,2025,0,1,633,2024-12-19,88.0,88.0,0.0,1270.42,1270.42,2024-12-19,78.0,78.0,0.0,1311.88,1311.88,-10.0,-41.46000000000004,1389.0,1466.0,-77.0,1,-0.3333333333333333,-0.2,-0.2,-0.625,-0.5061728395061729,-0.5078125,0.0,-0.4,-0.2857142857142857,-0.21875,-0.1947873799725651,-0.11279296875,-0.3333333333333333,0.2,0.0857142857142856,-0.40625,-0.3113854595336077,-0.39501953125,-0.8149931155038853,0.1808391590719014,-0.9958322745757867
628,2025-03-25,Burundi,Seychelles,5.0,0.0,FIFA World Cup qualification,Meknes,Morocco,1,2025,0,1,632,2024-12-19,139.0,139.0,0.0,1087.26,1087.26,2024-12-19,201.0,201.0,0.0,831.19,831.19,62.0,256.06999999999994,1311.0,859.0,452.0,1,0.0,0.0,0.0,-0.25,-0.0123456790123455,0.1484375,-1.0,-1.0,-1.0,-1.0,-1.0,-1.0,1.0,1.0,1.0,0.75,0.9876543209876544,1.1484375,1.221313681589061,-5.1974245998012485,6.4187382813903096
631,2025-03-25,Algeria,Mozambique,5.0,1.0,FIFA World Cup qualification,Tizi Ouzou,Algeria,0,2025,0,1,635,2024-12-19,37.0,37.0,0.0,1495.85,1495.85,2024-12-19,96.0,96.0,0.0,1232.7,1232.7,59.0,263.14999999999986,1685.0,1311.0,374.0,1,0.3333333333333333,0.0,0.1428571428571428,0.57421875,0.3704211756337956,0.3193283081054687,1.0,0.4,0.1428571428571428,0.84375,0.6671239140374943,0.5880126953125,-0.6666666666666667,-0.4,0.0,-0.26953125,-0.2967027384036986,-0.2686843872070312,0.27940533680353247,0.37661060974382016,-0.09720527294028769
632,2025-03-25,Liechtenstein,Kazakhstan,0.0,2.0,FIFA World Cup qualification,Vaduz,Liechtenstein,0,2025,0,1,637,2024-12-19,204.0,204.0,0.0,821.71,821.71,2024-12-19,110.0,110.0,0.0,1180.18,1180.18,-94.0,-358.47,977.0,1425.0,-448.0,-1,-1.0,-1.0,-1.0,-1.0,-1.0,-1.0,-1.0,-1.0,-1.0,-1.0,-1.0,-1.0,0.0,0.0,0.0,0.0,0.0,0.0,-0.2599999999999998,-0.3799999999999999,0.1200000000000001
633,2025-03-25,North Macedonia,Wales,1.0,1.0,FIFA World Cup qualification,Skopje,North Macedonia,0,2025,0,1,638,2024-12-19,67.0,67.0,0.0,1368.96,1368.96,2024-12-19,29.0,29.0,0.0,1534.39,1534.39,-38.0,-165.43000000000006,1551.0,1701.0,-150.0,0,0.3333333333333333,0.3333333333333333,0.3333333333333333,0.5,0.5555555555555556,0.625,-0.3333333333333333,0.0,0.1666666666666666,0.1875,0.1604938271604938,0.23828125,0.6666666666666666,0.3333333333333333,0.1666666666666666,0.3125,0.3950617283950617,0.38671875,1.936401384083045,0.3949153048511223,1.5414860792319227
635,2025-03-25,Montenegro,Faroe Islands,1.0,0.0,FIFA World Cup qualification,Nikšić,Montenegro,0,2025,0,1,640,2024-12-19,73.0,73.0,0.0,1326.76,1326.76,2024-12-19,137.0,137.0,0.0,1096.88,1096.88,64.0,229.87999999999988,1516.0,1248.0,268.0,1,1.0,1.0,1.0,1.0,1.0,1.0,-1.0,-1.0,-1.0,-1.0,-1.0,-1.0,2.0,2.0,2.0,2.0,2.0,2.0,-0.45999999999999996,1.08,-1.54
637,2025-03-25,Botswana,Somalia,2.0,0.0,FIFA World Cup qualification,Francistown,Botswana,0,2025,0,1,642,2024-12-19,136.0,136.0,0.0,1098.85,1098.85,2024-12-19,202.0,202.0,0.0,829.81,829.81,66.0,269.04,1326.0,857.0,469.0,1,-0.3333333333333333,-0.2,-0.2,-0.375,-0.3580246913580247,-0.4140625,-0.6666666666666666,-0.8,-0.8,-0.5,-0.6666666666666667,-0.75,0.3333333333333333,0.6000000000000001,0.6000000000000001,0.125,0.308641975308642,0.3359375,-0.0646278181535183,1.1780883849570767,-1.242716203110595
630,2025-03-25,Israel,Norway,2.0,4.0,FIFA World Cup qualification,Debrecen,Hungary,1,2025,0,1,634,2024-12-19,76.0,76.0,0.0,1322.25,1322.25,2024-12-19,43.0,43.0,0.0,1484.44,1484.44,-33.0,-162.19000000000003,1556.0,1806.0,-250.0,-1,1.0,1.0,1.0,1.0,1.0,1.0,,,,,,,,,,,,,0.06000000000000005,0.0,0.0
660,2025-06-04,Grenada,Bahamas,6.0,0.0,FIFA World Cup qualification,St. George's,Grenada,0,2025,0,1,665,2025-04-03,174.0,174.0,0.0,955.5,955.0,2025-04-03,204.0,205.0,1.0,818.58,819.0,30.0,136.91999999999996,1072.0,806.0,266.0,1,-0.5,-0.5,-0.5,-0.5,-0.3333333333333332,-0.25,-1.0,-1.0,-1.0,-1.0,-1.0,-1.0,0.5,0.5,0.5,0.5,0.6666666666666667,0.75,1.3976470588235295,-3.723529411764706,5.121176470588235
662,2025-06-04,Barbados,Aruba,1.0,1.0,FIFA World Cup qualification,Wildey,Barbados,0,2025,0,1,667,2025-04-03,176.0,177.0,1.0,933.3,933.0,2025-04-03,195.0,195.0,0.0,860.78,858.0,19.0,72.51999999999998,955.0,943.0,12.0,0,-1.0,-1.0,-1.0,-1.0,-1.0,-1.0,-0.5,-0.5,-0.5,-0.5,-0.6666666666666667,-0.75,-0.5,-0.5,-0.5,-0.5,-0.3333333333333332,-0.25,-1.2200000000000002,0.07058823529411767,-1.2905882352941178
657,2025-06-04,Saint Vincent and the Grenadines,Anguilla,6.0,0.0,FIFA World Cup qualification,Kingstown,Saint Vincent and the Grenadines,0,2025,0,1,662,2025-04-03,172.0,173.0,1.0,966.08,962.0,2025-04-03,209.0,209.0,0.0,769.31,769.0,37.0,196.7700000000001,1037.0,622.0,415.0,1,-1.0,-1.0,-1.0,-1.0,-1.0,-1.0,-0.6666666666666666,-0.5,-0.5,-0.75,-0.5555555555555555,-0.4375,-0.3333333333333333,-0.5,-0.5,-0.25,-0.4444444444444445,-0.5625,-2.2870588235294114,-0.509273356401384,-1.7777854671280273
658,2025-06-04,Dominica,British Virgin Islands,3.0,0.0,FIFA World Cup qualification,Roseau,Dominica,0,2025,0,1,663,2025-04-03,184.0,183.0,-1.0,900.0,900.0,2025-04-03,207.0,207.0,0.0,780.3,780.0,23.0,119.70000000000005,999.0,626.0,373.0,1,-1.0,-1.0,-1.0,-1.0,-1.0,-1.0,-0.6666666666666666,-0.5,-0.5,-0.75,-0.5555555555555555,-0.4375,-0.3333333333333333,-0.5,-0.5,-0.25,-0.4444444444444445,-0.5625,-4.203529411764706,-0.24242214532871975,-3.9611072664359868
659,2025-06-04,Montserrat,Belize,1.0,0.0,FIFA World Cup qualification,Couva,Trinidad and Tobago,1,2025,0,1,664,2025-04-03,180.0,181.0,1.0,914.26,914.0,2025-04-03,179.0,178.0,-1.0,919.26,925.0,-1.0,-5.0,1003.0,1057.0,-54.0,1,-1.0,-1.0,-1.0,-1.0,-1.0,-1.0,-1.0,-1.0,-1.0,-1.0,-1.0,-1.0,0.0,0.0,0.0,0.0,0.0,0.0,-2.035294117647059,-2.964705882352941,0.9294117647058817
661,2025-06-04,Bermuda,Cayman Islands,5.0,0.0,FIFA World Cup qualification,Devonshire Parish,Bermuda,0,2025,0,1,666,2025-04-03,168.0,166.0,-2.0,977.52,988.0,2025-04-03,191.0,194.0,3.0,866.71,867.0,23.0,110.80999999999996,1145.0,821.0,324.0,1,-0.5,-0.5,-0.5,-0.5,-0.3333333333333332,-0.25,0.0,0.0,0.0,0.0,0.3333333333333335,0.5,-0.5,-0.5,-0.5,-0.5,-0.6666666666666667,-0.75,0.33647058823529413,1.8129411764705883,-1.4764705882352942
665,2025-06-05,Australia,Japan,1.0,0.0,FIFA World Cup qualification,Perth,Australia,0,2025,0,1,670,2025-04-03,26.0,26.0,0.0,1554.59,1544.0,2025-04-03,15.0,15.0,0.0,1652.63,1653.0,-11.0,-98.0400000000002,1719.0,1889.0,-170.0,1,0.6666666666666666,0.4,0.4285714285714285,0.7653480879962444,0.6122110597035127,0.5391706418596187,0.6666666666666666,0.6,0.7142857142857143,0.4681977033615112,0.5903614557155813,0.637430910300381,0.0,-0.1999999999999999,-0.2857142857142857,0.2971503846347332,0.0218496039879314,-0.0982602684407623,0.6681386230640917,1.015896220099221,-0.3477575970351293
663,2025-06-05,Iraq,South Korea,0.0,2.0,FIFA World Cup qualification,Basra,Iraq,0,2025,0,1,668,2025-04-03,59.0,56.0,-3.0,1413.39,1443.0,2025-04-03,23.0,23.0,0.0,1574.9,1585.0,-36.0,-161.51,1584.0,1774.0,-190.0,-1,0.0,-0.2,0.0,-0.3830599784851074,-0.1544703875330507,-0.0184637283398387,0.0,0.4,0.5714285714285714,0.1205507516860961,0.2650257482909152,0.3484923983796637,0.0,-0.6000000000000001,-0.5714285714285714,-0.5036107301712036,-0.4194961358239659,-0.3669561267195025,0.034309975008195714,-0.15665314844524914,0.19096312345344485
664,2025-06-05,Indonesia,China PR,1.0,0.0,FIFA World Cup qualification,Jakarta,Indonesia,0,2025,0,1,669,2025-04-03,123.0,127.0,4.0,1142.83,1133.0,2025-04-03,94.0,90.0,-4.0,1252.74,1266.0,-29.0,-109.91000000000008,1397.0,1400.0,-3.0,1,0.3333333333333333,-0.2,-0.1428571428571428,0.282745361328125,0.10370356277156,0.0361473142402246,-1.0,-0.2,-0.4285714285714285,-0.8102340698242188,-0.6439052969137107,-0.5619580391212367,1.3333333333333333,0.0,0.2857142857142857,1.0929794311523438,0.7476088596852707,0.5981053533614613,2.236511518153028,-0.7605340379682358,2.997045556121264
666,2025-06-05,Bahrain,Saudi Arabia,0.0,2.0,FIFA World Cup qualification,Riffa,Bahrain,0,2025,0,1,671,2025-04-03,85.0,81.0,-4.0,1286.02,1306.0,2025-04-03,58.0,59.0,1.0,1421.84,1407.0,-27.0,-135.81999999999994,1461.0,1536.0,-75.0,-1,-0.6666666666666666,-0.6,-0.5714285714285714,-0.815765380859375,-0.6556783965031854,-0.5292077730409801,0.0,0.0,0.0,0.1165101528167724,0.0615301591983778,0.0481152563161444,-0.6666666666666666,-0.6,-0.5714285714285714,-0.9322755336761476,-0.7172085557015633,-0.5773230293571245,-0.021179559061157913,-0.06345299147891126,0.042273432417753345
667,2025-06-05,Kuwait,Palestine,0.0,2.0,FIFA World Cup qualification,Kuwait City,Kuwait,0,2025,0,1,672,2025-04-03,134.0,134.0,0.0,1111.92,1109.0,2025-04-03,101.0,101.0,0.0,1224.64,1216.0,-33.0,-112.72000000000004,1345.0,1417.0,-72.0,-1,-0.3333333333333333,-0.4,-0.4285714285714285,-0.576904296875,-0.4751916644243356,-0.4302420318126678,0.0,-0.2,-0.4285714285714285,0.162628173828125,-0.0696095528391118,-0.1654935078695416,-0.3333333333333333,-0.2,0.0,-0.739532470703125,-0.4055821115852237,-0.2647485239431262,0.20413026778316937,-0.12523933774033902,0.32936960552350836
668,2025-06-05,Oman,Jordan,0.0,3.0,FIFA World Cup qualification,Muscat,Oman,0,2025,0,1,673,2025-04-03,77.0,80.0,3.0,1322.85,1307.0,2025-04-03,62.0,64.0,2.0,1388.46,1376.0,-15.0,-65.61000000000013,1526.0,1617.0,-91.0,-1,0.0,0.0,0.0,0.4117317199707031,0.228986668281243,0.1514159801154164,0.3333333333333333,0.4,0.2857142857142857,0.2770776748657226,0.305359402690525,0.3238688707433539,-0.3333333333333333,-0.4,-0.2857142857142857,0.1346540451049804,-0.076372734409282,-0.1724528906279374,-0.05176034189678888,0.42979221301240117,-0.48155255490919
669,2025-06-05,Qatar,Iran,1.0,0.0,FIFA World Cup qualification,Al Rayyan,Qatar,0,2025,0,1,674,2025-04-03,55.0,48.0,-7.0,1456.6,1475.0,2025-04-03,17.0,18.0,1.0,1637.39,1635.0,-38.0,-180.7900000000002,1524.0,1838.0,-314.0,1,-0.3333333333333333,-0.2,0.0,-0.3291330337524414,-0.1731460454395135,-0.0786721737472362,0.6666666666666666,0.8,0.7142857142857143,0.4821440577507019,0.6029299722296892,0.6409643038553252,-1.0,-1.0,-0.7142857142857143,-0.8112770915031433,-0.7760760176692028,-0.7196364776025614,-0.8728995034044534,-0.15440661268033024,-0.7184928907241233
670,2025-06-05,North Korea,Kyrgyzstan,2.0,2.0,FIFA World Cup qualification,Riyadh,Saudi Arabia,1,2025,0,1,675,2025-04-03,118.0,115.0,-3.0,1154.3,1164.0,2025-04-03,103.0,107.0,4.0,1205.67,1194.0,-15.0,-51.37000000000012,1370.0,1266.0,104.0,0,-1.0,-1.0,-0.7142857142857143,-0.97021484375,-0.8757792492487406,-0.7874628305435181,-0.3333333333333333,-0.2,-0.4285714285714285,0.0670166015625,-0.1572753241762596,-0.2368445172905922,-0.6666666666666667,-0.8,-0.2857142857142857,-1.0372314453125,-0.718503925072481,-0.5506183132529259,-0.020711475849595914,-0.5114725127683718,0.4907610369187759
671,2025-06-05,United Arab Emirates,Uzbekistan,0.0,0.0,FIFA World Cup qualification,Abu Dhabi,United Arab Emirates,0,2025,0,1,676,2025-04-03,65.0,63.0,-2.0,1382.73,1386.0,2025-04-03,57.0,58.0,1.0,1436.79,1425.0,-8.0,-54.059999999999945,1504.0,1684.0,-180.0,0,0.3333333333333333,0.2,0.0,0.4040107727050781,0.3006503518540893,0.264355981569679,0.6666666666666666,0.4,0.4285714285714285,0.3572578430175781,0.4076771634037145,0.4379496387118706,-0.3333333333333333,-0.2,-0.4285714285714285,0.0467529296875,-0.1070268115496252,-0.1735936571421916,1.0600378000222852,0.5127689501847639,0.5472688498375213
672,2025-06-05,Chile,Argentina,0.0,1.0,FIFA World Cup qualification,Santiago,Chile,0,2025,0,1,677,2025-04-03,52.0,50.0,-2.0,1461.91,1469.0,2025-04-03,1.0,1.0,0.0,1886.16,1867.0,-51.0,-424.25,1739.0,2108.0,-369.0,-1,0.0,-0.2,-0.4285714285714285,-0.1851463317871093,-0.2497267080093261,-0.3085422631629626,1.0,0.6,0.2857142857142857,0.8432305864989758,0.6925745127164074,0.6183601762457904,-1.0,-0.8,-0.7142857142857142,-1.0283769182860851,-0.9423012207257336,-0.926902439408753,-0.6439713402666142,0.6759370452776867,-1.3199083855443008
673,2025-06-05,Paraguay,Uruguay,2.0,0.0,FIFA World Cup qualification,Asunción,Paraguay,0,2025,0,1,678,2025-04-03,48.0,53.0,5.0,1475.93,1458.0,2025-04-03,13.0,11.0,-2.0,1679.49,1696.0,-35.0,-203.56,1775.0,1948.0,-173.0,1,0.3333333333333333,0.6,0.5714285714285714,0.3479118347167969,0.3840298406795585,0.3415742503784713,-0.3333333333333333,0.0,-0.1428571428571428,-0.203621506690979,-0.1654299050451586,-0.1242267053301162,0.6666666666666666,0.6,0.7142857142857142,0.5515333414077759,0.5494597457247171,0.4658009557085876,0.09998277741275846,0.2089846720025329,-0.10900189458977444
674,2025-06-05,Ecuador,Brazil,0.0,0.0,FIFA World Cup qualification,Guayaquil,Ecuador,0,2025,0,1,679,2025-04-03,24.0,24.0,0.0,1567.95,1560.0,2025-04-03,5.0,5.0,0.0,1776.04,1776.0,-19.0,-208.08999999999992,1910.0,1996.0,-86.0,0,0.6666666666666666,0.6,0.5714285714285714,0.4417899847030639,0.4841468885362093,0.4590607911667206,0.0,0.2,0.1428571428571428,-0.2067442089319229,-0.0096995259333604,0.067032719477998,0.6666666666666666,0.3999999999999999,0.4285714285714285,0.6485341936349869,0.4938464144695698,0.3920280716887225,0.5406587248834105,-0.14848624631649826,0.6891449711999087
687,2025-06-06,Venezuela,Bolivia,2.0,0.0,FIFA World Cup qualification,Maturín,Venezuela,0,2025,0,1,692,2025-04-03,47.0,47.0,0.0,1476.84,1476.0,2025-04-03,80.0,79.0,-1.0,1308.12,1309.0,33.0,168.72000000000003,1750.0,1590.0,160.0,1,-0.3333333333333333,-0.4,-0.2857142857142857,0.0913715362548828,-0.1063856230668046,-0.1521479745551914,-0.3333333333333333,-0.6,-0.1428571428571428,-0.320068359375,-0.3280426864568848,-0.3191532790660858,0.0,0.1999999999999999,-0.1428571428571428,0.4114398956298828,0.2216570633900801,0.1670053045108943,0.7343838578267013,-1.041769949900485,1.7761538077271863
688,2025-06-06,Colombia,Peru,0.0,0.0,FIFA World Cup qualification,Barranquilla,Colombia,0,2025,0,1,693,2025-04-03,14.0,12.0,-2.0,1679.04,1694.0,2025-04-03,42.0,40.0,-2.0,1483.47,1488.0,28.0,195.57,1977.0,1798.0,179.0,0,-0.6666666666666666,-0.4,-0.2857142857142857,-0.4143204689025879,-0.4101102830290984,-0.3391879835609188,-0.3333333333333333,-0.4,-0.2857142857142857,-0.4018220901489258,-0.3410117369628556,-0.3364250737677139,-0.3333333333333333,0.0,0.0,-0.0124983787536621,-0.0690985460662428,-0.0027629097932049,-0.17407458625652628,-0.12285465742423621,-0.05121992883229007
686,2025-06-06,Norway,Italy,3.0,0.0,FIFA World Cup qualification,Oslo,Norway,0,2025,0,1,691,2025-04-03,38.0,43.0,5.0,1497.18,1484.0,2025-04-03,9.0,9.0,0.0,1731.51,1732.0,-29.0,-234.33,1806.0,1943.0,-137.0,1,1.0,1.0,1.0,1.0,1.0,1.0,-0.6666666666666666,-0.75,-0.75,-0.75,-0.7777777777777778,-0.8125,1.6666666666666663,1.75,1.75,1.75,1.7777777777777777,1.8125,1.3399999999999999,-2.0324119682475064,3.372411968247506
684,2025-06-06,Wales,Liechtenstein,3.0,0.0,FIFA World Cup qualification,Cardiff,Wales,0,2025,0,1,689,2025-04-03,28.0,29.0,1.0,1535.66,1534.0,2025-04-03,205.0,204.0,-1.0,813.95,822.0,177.0,721.71,1701.0,977.0,724.0,1,0.0,-0.2,0.1428571428571428,0.09375,0.1069958847736625,0.1787109375,-1.0,-1.0,-1.0,-1.0,-1.0,-1.0,1.0,0.8,1.1428571428571428,1.09375,1.1069958847736625,1.1787109375,0.3269791104481151,-0.2517647058823527,0.5787438163304679
683,2025-06-06,North Macedonia,Belgium,1.0,1.0,FIFA World Cup qualification,Skopje,North Macedonia,0,2025,0,1,688,2025-04-03,67.0,67.0,0.0,1375.58,1369.0,2025-04-03,8.0,8.0,0.0,1735.75,1741.0,-59.0,-360.1700000000001,1551.0,1851.0,-300.0,0,0.0,0.25,0.25,0.25,0.3703703703703704,0.46875,0.0,-0.2,-0.1428571428571428,-0.4375,-0.2400548696844991,-0.09619140625,0.0,0.45,0.3928571428571428,0.6875,0.6104252400548695,0.56494140625,1.8672013026663952,-0.036765406657149245,1.9039667093235444
682,2025-06-06,Czech Republic,Montenegro,2.0,0.0,FIFA World Cup qualification,Plzeň,Czech Republic,0,2025,0,1,687,2022-03-31,33.0,31.0,-2.0,1500.62,1510.42,2025-04-03,73.0,73.0,0.0,1337.36,1327.0,40.0,163.26,1753.0,1516.0,237.0,1,0.3333333333333333,0.0,-0.1666666666666666,0.5625,0.2098765432098763,-0.01953125,1.0,1.0,1.0,1.0,1.0,1.0,-0.6666666666666667,-1.0,-1.1666666666666667,-0.4375,-0.7901234567901236,-1.01953125,-0.672943866882369,-0.44941176470588234,-0.2235321021764866
681,2025-06-06,Gibraltar,Croatia,0.0,7.0,FIFA World Cup qualification,Faro-Loulé,Portugal,1,2025,0,1,686,2025-04-03,196.0,196.0,0.0,843.19,849.0,2025-04-03,11.0,13.0,2.0,1707.99,1692.0,-185.0,-864.8,1051.0,1886.0,-835.0,-1,-1.0,-1.0,-1.0,-1.0,-1.0,-1.0,-0.3333333333333333,-0.2,-0.1428571428571428,-0.091796875,-0.1022201900116852,-0.0892295837402343,-0.6666666666666667,-0.8,-0.8571428571428572,-0.908203125,-0.8977798099883147,-0.9107704162597656,0.38941176470588235,-0.28318074839724056,0.672592513103123
685,2025-06-06,Estonia,Israel,1.0,3.0,FIFA World Cup qualification,Tallinn,Estonia,0,2025,0,1,690,2025-04-03,121.0,123.0,2.0,1144.48,1143.0,2025-04-03,78.0,76.0,-2.0,1321.77,1322.0,-43.0,-177.28999999999996,1357.0,1556.0,-199.0,-1,-1.0,-1.0,-1.0,-1.0,-1.0,-1.0,0.0,0.0,0.0,0.0,0.3333333333333335,0.5,-1.0,-1.0,-1.0,-1.0,-1.3333333333333337,-1.5,-0.06000000000000005,-0.022352941176470527,-0.037647058823529526
679,2025-06-06,Suriname,Puerto Rico,1.0,0.0,FIFA World Cup qualification,Paramaribo,Suriname,0,2025,0,1,684,2025-04-03,137.0,138.0,1.0,1096.6,1097.0,2025-04-03,156.0,157.0,1.0,1021.19,1023.0,19.0,75.40999999999985,1338.0,1141.0,197.0,1,1.0,1.0,1.0,1.0,1.0,1.0,0.5,0.5,0.5,0.5,0.3333333333333332,0.25,0.5,0.5,0.5,0.5,0.6666666666666667,0.75,2.4364705882352937,1.9,0.5364705882352938
678,2025-06-06,Guatemala,Dominican Republic,4.0,2.0,FIFA World Cup qualification,Guatemala City,Guatemala,0,2025,0,1,683,2025-04-03,106.0,105.0,-1.0,1197.12,1201.0,2025-04-03,141.0,141.0,0.0,1085.0,1083.0,35.0,112.11999999999988,1503.0,1251.0,252.0,1,1.0,1.0,1.0,1.0,1.0,1.0,0.0,0.0,0.0,0.0,-0.3333333333333335,-0.5,1.0,1.0,1.0,1.0,1.3333333333333337,1.5,4.351764705882353,1.0152941176470587,3.336470588235294
677,2025-06-06,Antigua and Barbuda,Cuba,0.0,1.0,FIFA World Cup qualification,Piggotts,Antigua and Barbuda,0,2025,0,1,682,2025-04-03,159.0,161.0,2.0,1010.97,1011.0,2025-04-03,167.0,163.0,-4.0,979.68,994.0,8.0,31.29000000000008,933.0,1305.0,-372.0,-1,-0.5,-0.5,-0.5,-0.5,-0.3333333333333332,-0.25,0.0,0.0,0.0,0.0,-0.3333333333333335,-0.5,-0.5,-0.5,-0.5,-0.5,2.220446049250313e-16,0.25,-0.6494117647058824,-0.1,-0.5494117647058824
676,2025-06-06,Curaçao,Saint Lucia,4.0,0.0,FIFA World Cup qualification,Willemstad,Curaçao,0,2025,0,1,681,2025-04-03,91.0,91.0,0.0,1258.95,1265.0,2025-04-03,165.0,167.0,2.0,985.72,986.0,74.0,273.23,1335.0,1140.0,195.0,1,1.0,1.0,1.0,1.0,1.0,1.0,-0.5,-0.5,-0.5,-0.5,-0.6666666666666667,-0.75,1.5,1.5,1.5,1.5,1.6666666666666667,1.75,1.2023529411764706,0.4376470588235294,0.7647058823529412
675,2025-06-06,Trinidad and Tobago,Saint Kitts and Nevis,6.0,2.0,FIFA World Cup qualification,Port of Spain,Trinidad and Tobago,0,2025,0,1,680,2025-04-03,100.0,102.0,2.0,1228.7,1215.0,2025-04-03,145.0,144.0,-1.0,1064.99,1065.0,45.0,163.71000000000004,1373.0,1131.0,242.0,1,0.5,0.5,0.5,0.5,0.3333333333333332,0.25,0.0,0.0,0.0,0.0,-0.3333333333333335,-0.5,0.5,0.5,0.5,0.5,0.6666666666666667,0.75,-1.1976470588235295,-1.98,0.7823529411764705
680,2025-06-06,Nicaragua,Guyana,1.0,0.0,FIFA World Cup qualification,Managua,Nicaragua,0,2025,0,1,685,2025-04-03,133.0,133.0,0.0,1114.28,1114.0,2025-04-03,152.0,154.0,2.0,1037.92,1031.0,19.0,76.3599999999999,1344.0,1251.0,93.0,1,1.0,1.0,1.0,1.0,1.0,1.0,0.0,0.0,0.0,0.0,-0.3333333333333335,-0.5,1.0,1.0,1.0,1.0,1.3333333333333337,1.5,2.250588235294118,0.25411764705882367,1.9964705882352942
700,2025-06-07,Albania,Serbia,0.0,0.0,FIFA World Cup qualification,Tirana,Albania,0,2025,0,1,705,2025-04-03,66.0,65.0,-1.0,1375.94,1376.0,2025-04-03,30.0,32.0,2.0,1523.91,1514.0,-36.0,-147.97000000000003,1616.0,1812.0,-196.0,0,-0.3333333333333333,-0.25,-0.25,0.125,-0.0370370370370371,-0.078125,-0.6666666666666666,-0.75,-0.75,-0.875,-0.8518518518518519,-0.859375,0.3333333333333333,0.5,0.5,1.0,0.8148148148148148,0.78125,0.9506696519438226,-1.347628740077346,2.2982983920211684
699,2025-06-07,Malta,Lithuania,0.0,0.0,FIFA World Cup qualification,Ta' Qali,Malta,0,2025,0,1,704,2025-04-03,169.0,168.0,-1.0,976.36,984.0,2025-04-03,143.0,142.0,-1.0,1072.57,1070.0,-26.0,-96.20999999999992,1258.0,1308.0,-50.0,0,-1.0,-1.0,-1.0,-1.0,-1.0,-1.0,-0.5,-0.5,-0.5,-0.5,-0.6666666666666667,-0.75,-0.5,-0.5,-0.5,-0.5,-0.3333333333333332,-0.25,0.9611764705882353,1.1588235294117648,-0.1976470588235295
698,2025-06-07,Finland,Netherlands,0.0,2.0,FIFA World Cup qualification,Helsinki,Finland,0,2025,0,1,703,2025-04-03,69.0,69.0,0.0,1359.79,1362.0,2025-04-03,7.0,7.0,0.0,1752.5,1748.0,-62.0,-392.71,1621.0,1938.0,-317.0,-1,0.5,0.5,0.5,0.5,0.6666666666666667,0.75,0.3333333333333333,0.0,0.1428571428571428,-0.1650390625,0.0320242510457417,0.1466951370239257,0.1666666666666666,0.5,0.3571428571428571,0.6650390625,0.6346424156209249,0.6033048629760742,-1.0082352941176471,1.1169241159052123,-2.1251594100228592
697,2025-06-07,Bosnia and Herzegovina,San Marino,1.0,0.0,FIFA World Cup qualification,Zenica,Bosnia and Herzegovina,0,2025,0,1,702,2024-12-19,74.0,74.0,0.0,1326.69,1326.69,2025-04-03,210.0,210.0,0.0,741.35,747.0,136.0,585.34,1485.0,777.0,708.0,1,1.0,1.0,1.0,1.0,1.0,1.0,-1.0,-1.0,-1.0,-1.0,-1.0,-1.0,2.0,2.0,2.0,2.0,2.0,2.0,1.6117647058823528,-0.40941176470588225,2.021176470588235
696,2025-06-07,Austria,Romania,2.0,1.0,FIFA World Cup qualification,Vienna,Austria,0,2025,0,1,701,2025-04-03,22.0,22.0,0.0,1580.21,1590.0,2025-04-03,45.0,38.0,-7.0,1479.22,1494.0,23.0,100.99,1871.0,1723.0,148.0,1,0.3333333333333333,-0.2,-0.2,-0.25,-0.2592592592592593,-0.34375,-0.3333333333333333,-0.5,-0.5,0.0,-0.3333333333333335,-0.5,0.6666666666666666,0.3,0.3,-0.25,0.0740740740740741,0.15625,-0.5578333592749128,-1.1283859149196012,0.5705525556446883
695,2025-06-07,Andorra,England,0.0,1.0,FIFA World Cup qualification,Barcelona,Spain,1,2025,0,1,700,2025-04-03,173.0,171.0,-2.0,957.4,972.0,2025-04-03,4.0,4.0,0.0,1819.2,1814.0,-169.0,-861.8000000000001,1115.0,2006.0,-891.0,-1,-1.0,-1.0,-1.0,-1.0,-1.0,-1.0,0.3333333333333333,0.4,0.4285714285714285,0.7049560546875,0.5691763839573286,0.5163214057683945,-1.3333333333333333,-1.4,-1.4285714285714286,-1.7049560546875,-1.5691763839573287,-1.5163214057683945,-0.40941176470588236,1.8038716307318168,-2.213283395437699
693,2025-06-07,Bahamas,Costa Rica,0.0,8.0,FIFA World Cup qualification,Wildey,Barbados,1,2025,0,1,698,2025-04-03,204.0,205.0,1.0,818.58,819.0,2025-04-03,54.0,54.0,0.0,1459.13,1455.0,-150.0,-640.5500000000001,806.0,1661.0,-855.0,-1,-1.0,-1.0,-1.0,-1.0,-1.0,-1.0,0.0,0.4,0.2857142857142857,0.33587646484375,0.2788847262024905,0.2930413968861103,-1.0,-1.4,-1.2857142857142856,-1.33587646484375,-1.2788847262024905,-1.2930413968861103,-3.8221453287197233,0.3057699557156391,-4.127915284435362
692,2025-06-07,Aruba,Haiti,0.0,5.0,FIFA World Cup qualification,Oranjestad,Aruba,0,2025,0,1,697,2025-04-03,195.0,195.0,0.0,860.78,858.0,2025-04-03,83.0,86.0,3.0,1291.54,1288.0,-112.0,-430.76,943.0,1538.0,-595.0,-1,-0.3333333333333333,-0.3333333333333333,-0.3333333333333333,-0.25,-0.4444444444444445,-0.5625,1.0,1.0,1.0,1.0,1.0,1.0,-1.3333333333333333,-1.3333333333333333,-1.3333333333333333,-1.25,-1.4444444444444446,-1.5625,0.08878892733564016,-0.4552941176470588,0.544083044982699
691,2025-06-07,Belize,Panama,0.0,2.0,FIFA World Cup qualification,Belmopan,Belize,0,2025,0,1,696,2025-04-03,179.0,178.0,-1.0,919.26,925.0,2025-04-03,35.0,36.0,1.0,1507.98,1504.0,-144.0,-588.72,1057.0,1726.0,-669.0,-1,-1.0,-1.0,-1.0,-1.0,-1.0,-1.0,0.3333333333333333,0.2,0.4285714285714285,-0.1376953125,0.0433143095846952,0.0752797126770019,-1.3333333333333333,-1.2,-1.4285714285714286,-0.8623046875,-1.0433143095846953,-1.075279712677002,-2.850311418685121,-0.6007162527140733,-2.249595165971048
690,2025-06-07,British Virgin Islands,Jamaica,0.0,1.0,FIFA World Cup qualification,Road Town,British Virgin Islands,0,2025,0,1,695,2025-04-03,207.0,207.0,0.0,780.3,780.0,2025-04-03,63.0,62.0,-1.0,1387.49,1391.0,-144.0,-607.19,626.0,1610.0,-984.0,-1,-1.0,-0.6,-0.6,-0.875,-0.7037037037037036,-0.578125,-0.3333333333333333,0.2,0.0,-0.5546875,-0.3452217649748513,-0.30511474609375,-0.6666666666666667,-0.8,-0.6,-0.3203125,-0.3584819387288523,-0.27301025390625,-0.37757378383879503,-0.49941553079262907,0.12184174695383404
689,2025-06-07,Anguilla,El Salvador,0.0,3.0,FIFA World Cup qualification,The Valley,Anguilla,0,2025,0,1,694,2025-04-03,209.0,209.0,0.0,769.31,769.0,2025-04-03,81.0,83.0,2.0,1300.81,1301.0,-128.0,-531.5,622.0,1483.0,-861.0,-1,-1.0,-0.6,-0.6,-0.875,-0.7037037037037036,-0.578125,0.0,-0.2,-0.1428571428571428,0.296875,0.0132601737540007,-0.1444091796875,-1.0,-0.3999999999999999,-0.4571428571428571,-1.171875,-0.7169638774577044,-0.4337158203125,-0.7887278648483614,-0.0022247741684343417,-0.7865030906799271
694,2025-06-07,Cayman Islands,Honduras,0.0,1.0,FIFA World Cup qualification,George Town,Cayman Islands,0,2025,0,1,699,2025-04-03,191.0,194.0,3.0,866.71,867.0,2025-04-03,75.0,75.0,0.0,1333.51,1326.0,-116.0,-466.8,821.0,1538.0,-717.0,-1,-0.3333333333333333,-0.3333333333333333,-0.3333333333333333,-0.5,-0.1111111111111109,0.125,0.3333333333333333,0.0,-0.2857142857142857,0.53125,0.1769547325102878,-0.0458984375,-0.6666666666666666,-0.3333333333333333,-0.0476190476190476,-1.03125,-0.2880658436213987,0.1708984375,1.4392387543252596,-0.7889772178504852,2.228215972175745
704,2025-06-09,Estonia,Norway,0.0,1.0,FIFA World Cup qualification,Tallinn,Estonia,0,2025,0,1,709,2025-04-03,121.0,123.0,2.0,1144.48,1143.0,2025-04-03,38.0,43.0,5.0,1497.18,1484.0,-83.0,-352.70000000000005,1357.0,1806.0,-449.0,-1,-1.0,-1.0,-1.0,-1.0,-1.0,-1.0,1.0,1.0,1.0,1.0,1.0,1.0,-2.0,-2.0,-2.0,-2.0,-2.0,-2.0,-0.12352941176470594,1.4717647058823529,-1.5952941176470588
701,2025-06-09,Faroe Islands,Gibraltar,2.0,1.0,FIFA World Cup qualification,Tórshavn,Faroe Islands,0,2025,0,1,706,2025-04-03,140.0,137.0,-3.0,1085.12,1097.0,2025-04-03,196.0,196.0,0.0,843.19,849.0,56.0,241.92999999999984,1248.0,1051.0,197.0,1,-1.0,-1.0,-1.0,-1.0,-1.0,-1.0,-1.0,-1.0,-1.0,-1.0,-1.0,-1.0,0.0,0.0,0.0,0.0,0.0,0.0,1.0329411764705883,0.17238754325259514,0.860553633217993
702,2025-06-09,Croatia,Czech Republic,5.0,1.0,FIFA World Cup qualification,Osijek,Croatia,0,2025,0,1,707,2025-04-03,11.0,13.0,2.0,1707.99,1692.0,2022-03-31,33.0,31.0,-2.0,1500.62,1510.42,22.0,207.3700000000001,1886.0,1753.0,133.0,1,0.3333333333333333,0.2,0.0,0.4541015625,0.2651865399922097,0.1830778121948242,1.0,0.4,0.0,0.78125,0.4732510288065842,0.2353515625,-0.6666666666666667,-0.2,0.0,-0.3271484375,-0.2080644888143744,-0.0522737503051757,-0.07240541025622643,-0.5627706982422296,0.49036528798600315
703,2025-06-09,Belgium,Wales,4.0,3.0,FIFA World Cup qualification,Brussels,Belgium,0,2025,0,1,708,2025-04-03,8.0,8.0,0.0,1735.75,1741.0,2025-04-03,28.0,29.0,1.0,1535.66,1534.0,20.0,200.08999999999992,1851.0,1701.0,150.0,1,-0.3333333333333333,-0.2,-0.2857142857142857,-0.21875,-0.1600365797896661,-0.0721435546875,0.6666666666666666,0.0,0.1428571428571428,0.546875,0.4046639231824416,0.384033203125,-1.0,-0.2,-0.4285714285714285,-0.765625,-0.5647005029721078,-0.4561767578125,-0.10401450038319929,0.27598033924528476,-0.379994839628484
705,2025-06-09,Kazakhstan,North Macedonia,0.0,1.0,FIFA World Cup qualification,Astana,Kazakhstan,0,2025,0,1,711,2025-04-03,110.0,110.0,0.0,1183.3,1180.0,2025-04-03,67.0,67.0,0.0,1375.58,1369.0,-43.0,-192.28,1425.0,1551.0,-126.0,-1,0.0,0.0,0.0,0.0,-0.3333333333333335,-0.5,0.3333333333333333,0.2,0.2,0.125,0.2469135802469136,0.3515625,-0.3333333333333333,-0.2,-0.2,-0.125,-0.580246913580247,-0.8515625,-0.35058823529411753,1.8267776966271954,-2.177365931921313
707,2025-06-10,Serbia,Andorra,3.0,0.0,FIFA World Cup qualification,Leskovac,Serbia,0,2025,0,1,713,2025-04-03,30.0,32.0,2.0,1523.91,1514.0,2025-04-03,173.0,171.0,-2.0,957.4,972.0,143.0,566.5100000000001,1838.0,1066.0,772.0,1,-0.6666666666666666,-0.6,-0.6,-0.4375,-0.5679012345679013,-0.64453125,-1.0,-1.0,-1.0,-1.0,-1.0,-1.0,0.3333333333333333,0.4,0.4,0.5625,0.4320987654320987,0.35546875,-1.3107094024257373,-0.2453287197231834,-1.0653806827025538
724,2025-06-10,Finland,Poland,2.0,1.0,FIFA World Cup qualification,Helsinki,Finland,0,2025,0,1,730,2025-04-03,69.0,69.0,0.0,1359.79,1362.0,2025-04-03,33.0,35.0,2.0,1517.35,1511.0,-36.0,-157.55999999999997,1532.0,1728.0,-196.0,1,0.0,0.0,0.0,-0.25,0.1111111111111112,0.3125,0.6666666666666666,0.0,-0.2857142857142857,0.638671875,0.3633084387542548,0.2575645446777344,-0.6666666666666666,0.0,0.2857142857142857,-0.888671875,-0.2521973276431435,0.0549354553222656,-0.9936332179930796,1.0305873476814618,-2.0242205656745416
708,2025-06-10,Latvia,Albania,1.0,1.0,FIFA World Cup qualification,Riga,Latvia,0,2025,0,1,714,2025-04-03,138.0,140.0,2.0,1092.49,1084.0,2025-04-03,66.0,65.0,-1.0,1375.94,1376.0,-72.0,-283.45000000000005,1289.0,1639.0,-350.0,0,0.0,0.0,0.0,0.0,0.3333333333333335,0.5,0.0,-0.2,-0.2,0.0625,-0.0246913580246914,-0.05859375,0.0,0.2,0.2,-0.0625,0.3580246913580249,0.55859375,0.3411764705882353,0.9371008488883036,-0.5959243783000683
706,2025-06-10,Romania,Cyprus,2.0,0.0,FIFA World Cup qualification,Bucharest,Romania,0,2025,0,1,712,2025-04-03,45.0,38.0,-7.0,1479.22,1494.0,2025-04-03,129.0,130.0,1.0,1128.2,1131.0,84.0,351.02,1677.0,1299.0,378.0,1,-0.3333333333333333,-0.6,-0.6,-0.5,-0.5555555555555556,-0.625,0.0,0.0,0.0,0.0,0.3333333333333335,0.5,-0.3333333333333333,-0.6,-0.6,-0.5,-0.8888888888888891,-1.125,-1.09377497874786,0.3835294117647058,-1.4773043905125656
709,2025-06-10,Cuba,Bermuda,1.0,2.0,FIFA World Cup qualification,Santiago de Cuba,Cuba,0,2025,0,1,715,2025-04-03,167.0,163.0,-4.0,979.68,994.0,2025-04-03,168.0,166.0,-2.0,977.52,988.0,1.0,2.159999999999968,1305.0,1145.0,160.0,-1,0.3333333333333333,0.3333333333333333,0.3333333333333333,0.5,0.1111111111111109,-0.125,0.0,0.0,0.0,0.25,0.111111111111111,0.0625,0.3333333333333333,0.3333333333333333,0.3333333333333333,0.25,-1.52655665885959e-16,-0.1875,-0.02588235294117648,0.5837370242214532,-0.6096193771626297
710,2025-06-10,Honduras,Antigua and Barbuda,2.0,0.0,FIFA World Cup qualification,Tegucigalpa,Honduras,0,2025,0,1,716,2025-04-03,75.0,75.0,0.0,1333.51,1326.0,2025-04-03,159.0,161.0,2.0,1010.97,1011.0,84.0,322.54,1561.0,933.0,628.0,1,1.0,0.2,0.0,0.765625,0.4513031550068585,0.215576171875,-0.6666666666666666,-0.6666666666666666,-0.6666666666666666,-0.75,-0.5555555555555555,-0.4375,1.6666666666666663,0.8666666666666667,0.6666666666666666,1.515625,1.006858710562414,0.653076171875,-0.8202138520945743,-0.6794463667820069,-0.14076748531256744
711,2025-06-10,Saint Kitts and Nevis,Grenada,2.0,3.0,FIFA World Cup qualification,Basseterre,Saint Kitts and Nevis,0,2025,0,1,717,2025-04-03,145.0,144.0,-1.0,1064.99,1065.0,2025-04-03,174.0,174.0,0.0,955.5,955.0,29.0,109.49,1131.0,1072.0,59.0,-1,-0.3333333333333333,-0.3333333333333333,-0.3333333333333333,-0.5,-0.5555555555555556,-0.625,0.0,0.0,0.0,0.25,0.111111111111111,0.0625,-0.3333333333333333,-0.3333333333333333,-0.3333333333333333,-0.75,-0.6666666666666666,-0.6875,-2.0458823529411765,1.6330795847750865,-3.678961937716263
737,2025-06-10,Kyrgyzstan,United Arab Emirates,1.0,1.0,FIFA World Cup qualification,Bishkek,Kyrgyzstan,0,2025,0,1,743,2025-04-03,103.0,107.0,4.0,1205.67,1194.0,2025-04-03,65.0,63.0,-2.0,1382.73,1386.0,-38.0,-177.05999999999997,1266.0,1504.0,-238.0,0,0.0,-0.4,-0.2857142857142857,0.03350830078125,-0.1048502161175064,-0.1776333879679441,0.0,0.4,0.1428571428571428,0.202005386352539,0.2004335679027262,0.1982669861772592,0.0,-0.8,-0.4285714285714285,-0.168497085571289,-0.3052837840202326,-0.3759003741452034,-0.4990329531937617,1.0070944000209743,-1.506127353214736
736,2025-06-10,Saudi Arabia,Australia,1.0,2.0,FIFA World Cup qualification,Jeddah,Saudi Arabia,0,2025,0,1,742,2025-04-03,58.0,59.0,1.0,1421.84,1407.0,2025-04-03,26.0,26.0,0.0,1554.59,1544.0,-32.0,-132.75,1536.0,1719.0,-183.0,-1,0.6666666666666666,0.2,0.0,0.5582550764083862,0.3743534394655851,0.2860864422371083,1.0,0.6,0.5714285714285714,0.8826740439981222,0.7414740398023418,0.654377981394714,-0.3333333333333333,-0.3999999999999999,-0.5714285714285714,-0.324418967589736,-0.3671206003367567,-0.3682915391576057,0.026161890372789397,0.700601057001498,-0.6744391666287086
735,2025-06-10,Japan,Indonesia,6.0,0.0,FIFA World Cup qualification,Suita,Japan,0,2025,0,1,741,2025-04-03,15.0,15.0,0.0,1652.63,1653.0,2025-04-03,123.0,127.0,4.0,1142.83,1133.0,108.0,509.8000000000002,1889.0,1397.0,492.0,1,0.0,0.4,0.4285714285714285,-0.2659011483192444,0.0602409704770543,0.2280731827252857,0.3333333333333333,0.2,0.0,0.6413726806640625,0.4024690418477066,0.2771104856801685,-0.3333333333333333,0.2,0.4285714285714285,-0.9072738289833068,-0.3422280713706522,-0.0490373029548827,0.8843729130345609,2.197893193555791,-1.3135202805212303
723,2025-06-10,Netherlands,Malta,8.0,0.0,FIFA World Cup qualification,Groningen,Netherlands,0,2025,0,1,729,2025-04-03,7.0,7.0,0.0,1752.5,1748.0,2025-04-03,169.0,168.0,-1.0,976.36,984.0,162.0,776.14,1938.0,1252.0,686.0,1,0.3333333333333333,0.2,0.2857142857142857,0.41748046875,0.3546828340304944,0.3600213527679443,-0.6666666666666666,-0.6666666666666666,-0.6666666666666666,-0.5,-0.6666666666666667,-0.75,1.0,0.8666666666666667,0.9523809523809524,0.91748046875,1.0213495006971611,1.1100213527679443,1.0959285796754938,0.9352249134948097,0.1607036661806841
734,2025-06-10,China PR,Bahrain,1.0,0.0,FIFA World Cup qualification,Chongqing,China PR,0,2025,0,1,740,2025-04-03,94.0,90.0,-4.0,1252.74,1266.0,2025-04-03,85.0,81.0,-4.0,1286.02,1306.0,-9.0,-33.27999999999997,1400.0,1461.0,-61.0,1,-1.0,-0.6,-0.4285714285714285,-0.9051170349121094,-0.762603531275807,-0.6714685293409275,-1.0,-0.8,-0.5714285714285714,-0.9078826904296876,-0.7704522643354569,-0.6469058297807351,0.0,0.2,0.1428571428571428,0.0027656555175781,0.0078487330596498,-0.0245626995601924,-0.8087379180877513,-0.10581605558697214,-0.7029218625007791
733,2025-06-10,Palestine,Oman,1.0,1.0,FIFA World Cup qualification,Amman,Jordan,1,2025,0,1,739,2025-04-03,101.0,101.0,0.0,1224.64,1216.0,2025-04-03,77.0,80.0,3.0,1322.85,1307.0,-24.0,-98.2099999999998,1417.0,1526.0,-109.0,0,0.3333333333333333,0.0,-0.1428571428571428,0.5813140869140625,0.2869269647739254,0.1258798690978437,0.0,0.0,0.0,-0.2941341400146484,-0.1806755544791712,-0.1364380149134376,0.3333333333333333,0.0,-0.1428571428571428,0.8754482269287109,0.4676025192530966,0.2623178840112814,-0.03904878846149555,-0.20753914531462486,0.1684903568531293
732,2025-06-10,Jordan,Iraq,0.0,1.0,FIFA World Cup qualification,Amman,Jordan,0,2025,0,1,738,2025-04-03,62.0,64.0,2.0,1388.46,1376.0,2025-04-03,59.0,56.0,-3.0,1413.39,1443.0,-3.0,-24.930000000000064,1617.0,1584.0,33.0,-1,0.6666666666666666,0.4,0.2857142857142857,0.6385388374328613,0.53690626846035,0.4929016530575154,-0.6666666666666666,-0.2,-0.1428571428571428,-0.6915299892425537,-0.4363135916887004,-0.2638477962548791,1.3333333333333333,0.6000000000000001,0.4285714285714285,1.330068826675415,0.9732198601490504,0.7567494493123945,0.5633338475410835,-0.04300237646287463,0.6063362240039581
731,2025-06-10,South Korea,Kuwait,4.0,0.0,FIFA World Cup qualification,Seoul,South Korea,0,2025,0,1,737,2025-04-03,23.0,23.0,0.0,1574.9,1585.0,2025-04-03,134.0,134.0,0.0,1111.92,1109.0,111.0,462.98,1774.0,1345.0,429.0,1,0.3333333333333333,0.4,0.5714285714285714,0.5602753758430481,0.5100171655272767,0.5113692987847478,-0.6666666666666666,-0.6,-0.5714285714285714,-0.7884521484375,-0.6501277762828903,-0.5726815238595009,1.0,1.0,1.1428571428571428,1.348727524280548,1.160144941810167,1.084050822644249,-0.07214413971317564,0.11329907556063,-0.18544321527380564
730,2025-06-10,Bolivia,Chile,2.0,0.0,FIFA World Cup qualification,El Alto,Bolivia,0,2025,0,1,736,2025-04-03,80.0,79.0,-1.0,1308.12,1309.0,2025-04-03,52.0,50.0,-2.0,1461.91,1469.0,-28.0,-153.7900000000002,1590.0,1739.0,-149.0,1,-0.6666666666666666,-0.6,-0.4285714285714285,-0.6600341796875,-0.5520284576379232,-0.4893649592995643,-0.6666666666666666,-0.2,-0.4285714285714285,-0.5925731658935547,-0.4998178053395507,-0.4814066973722219,0.0,-0.3999999999999999,0.0,-0.0674610137939453,-0.0522106522983724,-0.0079582619273423,-1.059312894023986,-0.6049142026038721,-0.4543986914201139
729,2025-06-10,Iran,North Korea,3.0,0.0,FIFA World Cup qualification,Tehran,Iran,0,2025,0,1,735,2025-04-03,17.0,18.0,1.0,1637.39,1635.0,2025-04-03,118.0,115.0,-3.0,1154.3,1164.0,101.0,483.09000000000015,1838.0,1370.0,468.0,1,0.0,0.4,0.4285714285714285,-0.258927971124649,0.0686199814864596,0.2307232278914939,-0.6666666666666666,-0.8,-0.7142857142857143,-0.485107421875,-0.5838528328324938,-0.5905971229076385,0.6666666666666666,1.2000000000000002,1.1428571428571428,0.2261794507503509,0.6524728143189534,0.8213203507991325,-0.24885328252266375,-0.0018460949172667447,-0.247007187605397
728,2025-06-10,Uzbekistan,Qatar,3.0,0.0,FIFA World Cup qualification,Tashkent,Uzbekistan,0,2025,0,1,734,2025-04-03,57.0,58.0,1.0,1436.79,1425.0,2025-04-03,55.0,48.0,-7.0,1456.6,1475.0,-2.0,-19.809999999999945,1684.0,1524.0,160.0,1,0.3333333333333333,0.2,0.2857142857142857,0.178628921508789,0.2717847756024764,0.328462229033903,0.3333333333333333,0.2,0.1428571428571428,0.3354334831237793,0.2179026363736575,0.1909958696895728,0.0,0.0,0.1428571428571428,-0.1568045616149902,0.0538821392288189,0.1374663593443301,0.47319430605624835,-0.7180230620277209,1.1912173680839693
727,2025-06-10,Brazil,Paraguay,1.0,0.0,FIFA World Cup qualification,São Paulo,Brazil,0,2025,0,1,733,2025-04-03,5.0,5.0,0.0,1776.04,1776.0,2025-04-03,48.0,53.0,5.0,1475.93,1458.0,43.0,300.1099999999999,1996.0,1775.0,221.0,1,0.0,0.0,0.2857142857142857,-0.1033721044659614,-0.0064663506222402,0.0502745396084985,0.6666666666666666,0.6,0.5714285714285714,0.6739559173583984,0.5893532271197056,0.5061806877838535,-0.6666666666666666,-0.6,-0.2857142857142857,-0.7773280218243599,-0.5958195777419459,-0.4559061481753549,-0.16210470241552777,0.25292496697671385,-0.4150296693922416
726,2025-06-10,Argentina,Colombia,1.0,1.0,FIFA World Cup qualification,Buenos Aires,Argentina,0,2025,0,1,732,2025-04-03,1.0,1.0,0.0,1886.16,1867.0,2025-04-03,14.0,12.0,-2.0,1679.04,1694.0,13.0,207.1200000000001,2108.0,1977.0,131.0,0,1.0,0.6,0.5714285714285714,0.921615293249488,0.7950496751442715,0.7137701321843428,-0.3333333333333333,-0.6,-0.4285714285714285,-0.2071602344512939,-0.2734068553527323,-0.2543909876706891,1.3333333333333333,1.2,1.0,1.1287755277007818,1.0684565304970035,0.968161119855032,0.6349995720260581,-0.19677608118261297,0.8317756532086711
725,2025-06-10,Peru,Ecuador,0.0,0.0,FIFA World Cup qualification,Lima,Peru,0,2025,0,1,731,2025-04-03,42.0,40.0,-2.0,1483.47,1488.0,2025-04-03,24.0,24.0,0.0,1567.95,1560.0,-18.0,-84.48000000000002,1798.0,1910.0,-112.0,0,0.0,-0.2,-0.1428571428571428,-0.2009110450744629,-0.227341157975237,-0.2523188053257854,0.3333333333333333,0.6,0.4285714285714285,0.2208949923515319,0.3227645923574729,0.3442955933750404,-0.3333333333333333,-0.8,-0.5714285714285714,-0.4218060374259949,-0.55010575033271,-0.5966143987008259,-0.08268673639928113,0.5312082116549746,-0.6138949480542557
722,2025-06-10,Uruguay,Venezuela,2.0,0.0,FIFA World Cup qualification,Montevideo,Uruguay,0,2025,0,1,728,2025-04-03,13.0,11.0,-2.0,1679.49,1696.0,2025-04-03,47.0,47.0,0.0,1476.84,1476.0,34.0,202.6500000000001,1948.0,1750.0,198.0,1,-0.6666666666666666,-0.2,-0.2857142857142857,-0.6018107533454895,-0.4436199366967723,-0.3431700289975872,0.3333333333333333,0.0,-0.1428571428571428,0.5456857681274414,0.2624095846221301,0.1358890190836064,-1.0,-0.2,-0.1428571428571428,-1.147496521472931,-0.7060295213189025,-0.4790590480811936,0.03786792659061919,0.7700083367780719,-0.7321404101874527
721,2025-06-10,San Marino,Austria,0.0,4.0,FIFA World Cup qualification,Serravalle,San Marino,0,2025,0,1,727,2025-04-03,210.0,210.0,0.0,741.35,747.0,2025-04-03,22.0,22.0,0.0,1580.21,1590.0,-188.0,-838.86,845.0,1871.0,-1026.0,-1,-1.0,-1.0,-1.0,-1.0,-1.0,-1.0,0.3333333333333333,0.2,0.0,0.375,0.1604938271604937,-0.0078125,-1.3333333333333333,-1.2,-1.0,-1.375,-1.1604938271604937,-0.9921875,-0.28415224913494797,-0.49325492637638857,0.2091026772414406
720,2025-06-10,Saint Lucia,Barbados,2.0,1.0,FIFA World Cup qualification,Gros Islet,Saint Lucia,0,2025,0,1,726,2025-04-03,165.0,167.0,2.0,985.72,986.0,2025-04-03,176.0,177.0,1.0,933.3,933.0,11.0,52.42000000000007,1140.0,955.0,185.0,1,-0.6666666666666666,-0.6666666666666666,-0.6666666666666666,-0.75,-0.7777777777777778,-0.8125,-0.6666666666666666,-0.6666666666666666,-0.6666666666666666,-0.5,-0.6666666666666667,-0.75,0.0,0.0,0.0,-0.25,-0.111111111111111,-0.0625,0.2636678200692041,-1.170588235294118,1.434256055363322
719,2025-06-10,Puerto Rico,Saint Vincent and the Grenadines,2.0,1.0,FIFA World Cup qualification,Mayagüez,Puerto Rico,0,2025,0,1,725,2025-04-03,156.0,157.0,1.0,1021.19,1023.0,2025-04-03,172.0,173.0,1.0,966.08,962.0,16.0,55.110000000000014,1141.0,1037.0,104.0,1,0.0,0.0,0.0,-0.25,-0.111111111111111,-0.0625,-0.3333333333333333,-0.3333333333333333,-0.3333333333333333,0.0,-0.3333333333333335,-0.5,0.3333333333333333,0.3333333333333333,0.3333333333333333,-0.25,0.2222222222222224,0.4375,1.751764705882353,-1.8431141868512106,3.5948788927335635
718,2025-06-10,El Salvador,Suriname,1.0,1.0,FIFA World Cup qualification,San Salvador,El Salvador,0,2025,0,1,724,2025-04-03,81.0,83.0,2.0,1300.81,1301.0,2025-04-03,137.0,138.0,1.0,1096.6,1097.0,56.0,204.21000000000004,1394.0,1338.0,56.0,0,0.6666666666666666,0.0,-0.1428571428571428,0.6484375,0.3421734491693338,0.141693115234375,1.0,1.0,1.0,1.0,1.0,1.0,-0.3333333333333333,-1.0,-1.1428571428571428,-0.3515625,-0.6578265508306662,-0.858306884765625,0.023788447841473558,2.3296193771626297,-2.3058309293211563
717,2025-06-10,Jamaica,Guatemala,3.0,0.0,FIFA World Cup qualification,Kingston,Jamaica,0,2025,0,1,723,2025-04-03,63.0,62.0,-1.0,1387.49,1391.0,2025-04-03,106.0,105.0,-1.0,1197.12,1201.0,43.0,190.3700000000001,1569.0,1503.0,66.0,1,-0.3333333333333333,0.2,0.1428571428571428,0.22265625,0.1031854900167657,0.0211639404296875,1.0,1.0,1.0,1.0,1.0,1.0,-1.3333333333333333,-0.8,-0.8571428571428572,-0.77734375,-0.8968145099832343,-0.9788360595703124,-0.5806263819224744,4.172249134948096,-4.752875516870571
716,2025-06-10,Dominican Republic,Dominica,5.0,0.0,FIFA World Cup qualification,Santo Domingo,Dominican Republic,0,2025,0,1,722,2025-04-03,141.0,141.0,0.0,1085.0,1083.0,2025-04-03,184.0,183.0,-1.0,900.0,900.0,43.0,185.0,1251.0,999.0,252.0,1,-0.3333333333333333,-0.3333333333333333,-0.3333333333333333,-0.5,-0.5555555555555556,-0.625,-0.3333333333333333,-0.3333333333333333,-0.3333333333333333,0.0,-0.3333333333333335,-0.5,0.0,0.0,0.0,-0.5,-0.2222222222222221,-0.125,0.8791003460207611,-3.8068512110726647,4.685951557093426
715,2025-06-10,Panama,Nicaragua,3.0,0.0,FIFA World Cup qualification,Panama City,Panama,0,2025,0,1,721,2025-04-03,35.0,36.0,1.0,1507.98,1504.0,2025-04-03,133.0,133.0,0.0,1114.28,1114.0,98.0,393.7000000000001,1726.0,1344.0,382.0,1,0.3333333333333333,0.2,0.4285714285714285,0.43115234375,0.3622095397231301,0.3064597845077514,1.0,1.0,1.0,1.0,1.0,1.0,-0.6666666666666667,-0.8,-0.5714285714285714,-0.56884765625,-0.6377904602768699,-0.6935402154922485,-0.6171447084367748,2.154671280276817,-2.7718159887135916
714,2025-06-10,Guyana,Montserrat,3.0,0.0,FIFA World Cup qualification,Leonora,Guyana,0,2025,0,1,720,2025-04-03,152.0,154.0,2.0,1037.92,1031.0,2025-04-03,180.0,181.0,1.0,914.26,914.0,28.0,123.66000000000008,1251.0,1003.0,248.0,1,-0.3333333333333333,-0.3333333333333333,-0.3333333333333333,-0.5,-0.5555555555555556,-0.625,-0.3333333333333333,-0.3333333333333333,-0.3333333333333333,0.0,-0.3333333333333335,-0.5,0.0,0.0,0.0,-0.5,-0.2222222222222221,-0.125,0.2026989619377164,-1.8555709342560556,2.0582698961937718
713,2025-06-10,Haiti,Curaçao,1.0,5.0,FIFA World Cup qualification,Oranjestad,Aruba,1,2025,0,1,719,2025-04-03,83.0,86.0,3.0,1291.54,1288.0,2025-04-03,91.0,91.0,0.0,1258.95,1265.0,8.0,32.58999999999992,1538.0,1335.0,203.0,-1,1.0,1.0,1.0,1.0,1.0,1.0,1.0,1.0,1.0,1.0,1.0,1.0,0.0,0.0,0.0,0.0,0.0,0.0,-0.26615916955017305,1.2798615916955016,-1.5460207612456747
712,2025-06-10,Costa Rica,Trinidad and Tobago,2.0,1.0,FIFA World Cup qualification,San José,Costa Rica,0,2025,0,1,718,2025-04-03,54.0,54.0,0.0,1459.13,1455.0,2025-04-03,100.0,102.0,2.0,1228.7,1215.0,46.0,230.4300000000001,1653.0,1373.0,280.0,1,0.3333333333333333,0.4,0.2857142857142857,0.667938232421875,0.5192564841349937,0.4697810476645827,0.6666666666666666,0.6666666666666666,0.6666666666666666,0.75,0.5555555555555555,0.4375,-0.3333333333333333,-0.2666666666666666,-0.3809523809523809,-0.082061767578125,-0.0362990714205617,0.0322810476645827,0.5819011347911898,-0.9448442906574395,1.5267454254486292
738,2025-09-03,Seychelles,Gabon,0.0,4.0,FIFA World Cup qualification,Saint Pierre,Mauritius,1,2025,0,1,744,2025-07-10,203.0,203.0,0.0,820.71,821.0,2025-07-10,80.0,79.0,-1.0,1306.59,1310.0,-123.0,-485.8799999999999,859.0,1494.0,-635.0,-1,-1.0,-1.0,-1.0,-1.0,-1.0,-1.0,1.0,0.6,0.6666666666666666,0.875,0.8024691358024691,0.7890625,-2.0,-1.6,-1.6666666666666663,-1.875,-1.8024691358024687,-1.7890625,-5.112870211577645,0.4531536063138753,-5.56602381789152
756,2025-09-04,Uruguay,Peru,3.0,0.0,FIFA World Cup qualification,Montevideo,Uruguay,0,2025,0,1,762,2025-07-10,16.0,13.0,-3.0,1670.75,1679.0,2025-07-10,42.0,42.0,0.0,1489.98,1483.0,26.0,180.77,1948.0,1744.0,204.0,1,0.0,-0.2,0.0,0.1990946233272552,0.0375867088688183,-0.0073775217481903,-0.3333333333333333,-0.2,-0.2857142857142857,-0.1004555225372314,-0.1515607719834914,-0.189239103994339,0.3333333333333333,0.0,0.2857142857142857,0.2995501458644867,0.1891474808523097,0.1818615822461486,0.11328746032058276,-0.05664634014049989,0.16993380046108264
745,2025-09-04,Netherlands,Poland,1.0,1.0,FIFA World Cup qualification,Rotterdam,Netherlands,0,2025,0,1,751,2025-07-10,7.0,6.0,-1.0,1758.18,1752.0,2025-07-10,37.0,34.0,-3.0,1502.39,1517.0,30.0,255.79,1938.0,1682.0,256.0,0,0.3333333333333333,0.6,0.2857142857142857,0.708740234375,0.5697885560203296,0.5200160145759583,0.3333333333333333,0.0,-0.2857142857142857,-0.1806640625,-0.0911277074971633,-0.0568265914916992,0.0,0.6,0.5714285714285714,0.889404296875,0.660916263517493,0.5768426060676575,1.311462192635759,0.8687880919354934,0.4426741007002656
741,2025-09-04,Slovakia,Germany,2.0,0.0,FIFA World Cup qualification,Bratislava,Slovakia,0,2025,0,1,747,2025-07-10,52.0,46.0,-6.0,1466.56,1478.0,2025-07-10,9.0,10.0,1.0,1716.98,1717.0,-43.0,-250.42000000000007,1665.0,1971.0,-306.0,1,0.0,0.0,0.0,0.0,0.3333333333333335,0.5,0.0,0.4,0.4285714285714285,-0.1484375,0.0388660265203475,0.04791259765625,0.0,-0.4,-0.4285714285714285,0.1484375,0.2944673068129859,0.45208740234375,1.7811764705882351,-0.41931390863566,2.2004903792238952
742,2025-09-04,Georgia,Turkey,2.0,3.0,FIFA World Cup qualification,Tbilisi,Georgia,0,2025,0,1,748,2025-07-10,67.0,68.0,1.0,1375.23,1373.0,2022-03-31,43.0,39.0,-4.0,1461.81,1472.72,-24.0,-86.57999999999993,1650.0,1774.0,-124.0,-1,0.0,-0.25,-0.25,-0.375,-0.4074074074074074,-0.484375,0.3333333333333333,0.2,0.0,-0.1875,-0.1275720164609053,-0.185546875,-0.3333333333333333,-0.45,-0.25,-0.1875,-0.279835390946502,-0.298828125,-1.0005902707103602,-0.9458504905775721,-0.05473978013278813
743,2025-09-04,Bulgaria,Spain,0.0,3.0,FIFA World Cup qualification,Sofia,Bulgaria,0,2025,0,1,749,2025-07-10,84.0,85.0,1.0,1284.42,1289.0,2025-07-10,2.0,2.0,0.0,1867.09,1855.0,-82.0,-582.6699999999998,1451.0,2178.0,-727.0,-1,,,,,,,1.0,1.0,1.0,0.9912109375,0.9458077190130232,0.897801399230957,,,,,,,0.0,3.898597441776648,0.0
744,2025-09-04,Liechtenstein,Belgium,0.0,6.0,FIFA World Cup qualification,Vaduz,Liechtenstein,0,2025,0,1,750,2025-07-10,204.0,205.0,1.0,811.65,814.0,2025-07-10,8.0,8.0,0.0,1736.38,1736.0,-196.0,-924.73,977.0,1851.0,-874.0,-1,-1.0,-1.0,-1.0,-1.0,-1.0,-1.0,0.0,0.2,0.0,0.390625,0.2266422801402224,0.195892333984375,-1.0,-1.2,-1.0,-1.390625,-1.2266422801402226,-1.195892333984375,-0.2051903114186849,-0.06260188271359933,-0.1425884287050856
746,2025-09-04,Kazakhstan,Wales,0.0,1.0,FIFA World Cup qualification,Astana,Kazakhstan,0,2025,0,1,752,2025-07-10,114.0,113.0,-1.0,1165.49,1178.0,2025-07-10,31.0,29.0,-2.0,1528.94,1536.0,-83.0,-363.4500000000001,1425.0,1701.0,-276.0,-1,-0.3333333333333333,-0.3333333333333333,-0.3333333333333333,-0.5,-0.5555555555555556,-0.625,0.0,0.0,-0.1428571428571428,-0.2265625,-0.0635573845450388,0.03802490234375,-0.3333333333333333,-0.3333333333333333,-0.1904761904761904,-0.2734375,-0.4919981710105168,-0.66302490234375,-0.33820069204152237,0.22445208399556216,-0.5626527760370845
747,2025-09-04,Suriname,Panama,0.0,0.0,FIFA World Cup qualification,Paramaribo,Suriname,0,2025,0,1,753,2025-07-10,136.0,137.0,1.0,1099.98,1097.0,2025-07-10,30.0,33.0,3.0,1545.08,1518.0,-106.0,-445.0999999999999,1411.0,1726.0,-315.0,0,0.6666666666666666,0.75,0.75,0.5,0.6666666666666667,0.75,0.3333333333333333,0.6,0.4285714285714285,0.715576171875,0.57480635981542,0.4798448383808136,0.3333333333333333,0.15,0.3214285714285714,-0.215576171875,0.0918603068512466,0.2701551616191864,2.258465296153063,-0.519665607940494,2.7781309040935573
748,2025-09-04,Guatemala,El Salvador,0.0,1.0,FIFA World Cup qualification,Guatemala City,Guatemala,0,2025,0,1,754,2025-07-10,100.0,106.0,6.0,1235.64,1197.0,2025-07-10,87.0,81.0,-6.0,1272.7,1301.0,-13.0,-37.059999999999945,1481.0,1389.0,92.0,-1,0.3333333333333333,0.5,0.5,0.0,0.3333333333333335,0.5,0.6666666666666666,0.2,0.0,0.32421875,0.2281156327795558,0.1062698364257812,-0.3333333333333333,0.3,0.5,-0.32421875,0.1052177005537776,0.3937301635742187,3.8009403623040905,-0.04349322556096607,3.8444335878650566
749,2025-09-04,Lithuania,Malta,1.0,1.0,FIFA World Cup qualification,Kaunas,Lithuania,0,2025,0,1,755,2025-07-10,143.0,143.0,0.0,1069.2,1073.0,2025-07-10,168.0,169.0,1.0,977.43,976.0,25.0,91.7700000000001,1293.0,1251.0,42.0,0,-0.3333333333333333,-0.3333333333333333,-0.3333333333333333,-0.25,-0.4444444444444445,-0.5625,-0.6666666666666666,-0.75,-0.75,-0.75,-0.7777777777777778,-0.8125,0.3333333333333333,0.4166666666666667,0.4166666666666667,0.5,0.3333333333333332,0.25,1.0600692041522493,0.6002116832892328,0.45985752086301646
750,2025-09-04,Madagascar,Central African Republic,2.0,0.0,FIFA World Cup qualification,Casablanca,Morocco,1,2025,0,1,756,2025-07-10,115.0,115.0,0.0,1162.86,1163.0,2025-07-10,134.0,135.0,1.0,1107.54,1102.0,19.0,55.319999999999936,1325.0,1250.0,75.0,1,0.0,0.4,0.1666666666666666,-0.1875,-0.0781893004115226,-0.115234375,-0.6666666666666666,-0.2,-0.3333333333333333,-0.34375,-0.4032921810699589,-0.4599609375,0.6666666666666666,0.6000000000000001,0.5,0.15625,0.3251028806584363,0.3447265625,0.16678458464479165,-1.4517810737278471,1.6185656583726389
751,2025-09-04,São Tomé and Príncipe,Equatorial Guinea,2.0,3.0,FIFA World Cup qualification,Oujda,Morocco,1,2025,0,1,757,2025-07-10,193.0,194.0,1.0,865.08,865.0,2025-07-10,93.0,92.0,-1.0,1251.59,1256.0,-100.0,-386.5099999999999,1062.0,1522.0,-460.0,-1,-1.0,-1.0,-1.0,-1.0,-1.0,-1.0,0.6666666666666666,0.4,0.0,0.3125,0.2057613168724278,0.064453125,-1.6666666666666663,-1.4,-1.0,-1.3125,-1.205761316872428,-1.064453125,-0.7676438120176892,-2.391104636925118,1.6234608249074287
752,2025-09-04,Tunisia,Liberia,3.0,0.0,FIFA World Cup qualification,Radès,Tunisia,0,2025,0,1,758,2025-07-10,49.0,49.0,0.0,1471.09,1474.0,2025-07-10,144.0,144.0,0.0,1068.31,1068.0,95.0,402.78,1598.0,1256.0,342.0,1,0.6666666666666666,0.6,0.2857142857142857,0.8111572265625,0.6656010105856842,0.585323378443718,0.3333333333333333,0.4,0.1666666666666666,0.375,0.1934156378600821,0.044921875,0.3333333333333333,0.1999999999999999,0.119047619047619,0.4361572265625,0.472185372725602,0.540401503443718,0.14495132653416445,-0.016705823192053788,0.16165714972621825
753,2025-09-04,Chad,Ghana,1.0,1.0,FIFA World Cup qualification,N'Djamena,Chad,0,2025,0,1,759,2025-07-10,175.0,177.0,2.0,924.6,925.0,2025-07-10,76.0,76.0,0.0,1333.33,1333.0,-99.0,-408.7299999999999,1150.0,1429.0,-279.0,0,-1.0,-1.0,-1.0,-1.0,-1.0,-1.0,1.0,0.8,0.4285714285714285,0.927001953125,0.7599583020504627,0.615504801273346,-2.0,-1.8,-1.4285714285714286,-1.927001953125,-1.7599583020504626,-1.615504801273346,0.21489002061475213,0.48829539551119117,-0.273405374896439
754,2025-09-04,Colombia,Bolivia,3.0,0.0,FIFA World Cup qualification,Barranquilla,Colombia,0,2025,0,1,760,2025-07-10,14.0,14.0,0.0,1679.46,1679.0,2025-07-10,78.0,80.0,2.0,1315.71,1308.0,64.0,363.75,1977.0,1663.0,314.0,1,0.0,-0.4,-0.2857142857142857,-0.1035801172256469,-0.1822712369018215,-0.1907932407530168,0.0,-0.2,-0.4285714285714285,0.16998291015625,-0.0346856384252822,-0.1170237194746732,0.0,-0.2,0.1428571428571428,-0.273563027381897,-0.1475855984765393,-0.0737695212783435,-0.16990689993657693,-0.8464121355519868,0.6765052356154099
755,2025-09-04,Argentina,Venezuela,3.0,0.0,FIFA World Cup qualification,Buenos Aires,Argentina,0,2025,0,1,761,2025-07-10,1.0,1.0,0.0,1885.36,1886.0,2025-07-10,46.0,47.0,1.0,1477.02,1477.0,45.0,408.3399999999999,2108.0,1745.0,363.0,1,0.6666666666666666,0.8,0.5714285714285714,0.4608076466247439,0.5300331167628477,0.5353275991382571,0.3333333333333333,-0.2,-0.2857142857142857,-0.2271571159362793,-0.1583936102519131,-0.1480832356872952,0.3333333333333333,1.0,0.8571428571428571,0.6879647625610232,0.6884267270147608,0.6834108348255523,0.5823525383774665,0.6470666699087736,-0.06471413153130712
740,2025-09-04,Luxembourg,Northern Ireland,1.0,3.0,FIFA World Cup qualification,Luxembourg,Luxembourg,0,2025,0,1,746,2025-07-10,92.0,91.0,-1.0,1260.17,1262.0,2025-07-10,71.0,71.0,0.0,1351.01,1349.0,-21.0,-90.83999999999992,1455.0,1561.0,-106.0,-1,,,,,,,,,,,,,,,,,,,0.0,0.0,0.0
739,2025-09-04,Mali,Comoros,3.0,0.0,FIFA World Cup qualification,Berkane,Morocco,1,2025,0,1,745,2025-07-10,54.0,53.0,-1.0,1454.72,1460.0,2025-07-10,107.0,105.0,-2.0,1198.51,1203.0,53.0,256.21000000000004,1631.0,1340.0,291.0,1,0.3333333333333333,-0.2,0.0,0.1650390625,0.0825416179782891,0.0161390304565429,0.3333333333333333,0.2,0.3333333333333333,0.375,0.3580246913580247,0.4140625,0.0,-0.4,-0.3333333333333333,-0.2099609375,-0.2754830733797355,-0.397923469543457,-0.5915682514607936,1.4666780809616742,-2.058246332422468
757,2025-09-04,Brazil,Chile,3.0,0.0,FIFA World Cup qualification,Rio de Janeiro,Brazil,0,2025,0,1,763,2025-07-10,5.0,5.0,0.0,1777.68,1776.0,2025-07-10,57.0,52.0,-5.0,1441.62,1462.0,52.0,336.0600000000002,1996.0,1689.0,307.0,1,0.0,0.2,0.2857142857142857,0.4483139477670192,0.3290224329185064,0.2877059047063739,-0.6666666666666666,-0.4,-0.4285714285714285,-0.7962865829467773,-0.6665452035597005,-0.6110550230291665,0.6666666666666666,0.6000000000000001,0.7142857142857142,1.2446005307137966,0.9955676364782068,0.8987609277355404,-0.14433383756755555,-0.7199192495095267,0.5755854119419711
758,2025-09-04,Paraguay,Ecuador,0.0,0.0,FIFA World Cup qualification,Asunción,Paraguay,0,2025,0,1,764,2025-07-10,43.0,48.0,5.0,1486.68,1476.0,2025-07-10,25.0,24.0,-1.0,1570.68,1568.0,-18.0,-84.0,1775.0,1910.0,-135.0,0,0.0,0.2,0.4285714285714285,-0.1630220413208007,0.0595688180798038,0.1296355158378901,0.0,0.4,0.4285714285714285,0.1104474961757659,0.215176394904982,0.2582216950312803,0.0,-0.2,0.0,-0.2734695374965668,-0.1556075768251781,-0.1285861791933902,0.22981173362514243,0.4787841992046819,-0.24897246557953948
759,2025-09-04,Angola,Libya,0.0,1.0,FIFA World Cup qualification,Luanda,Angola,0,2025,0,1,765,2025-07-10,85.0,87.0,2.0,1279.55,1280.0,2025-07-10,117.0,117.0,0.0,1155.19,1155.0,32.0,124.3599999999999,1543.0,1347.0,196.0,-1,-0.3333333333333333,0.0,0.0,-0.4375,-0.2345679012345678,-0.14453125,-0.6666666666666666,-0.2,0.0,-0.53125,-0.251028806584362,-0.0478515625,0.3333333333333333,0.2,0.0,0.09375,0.0164609053497941,-0.0966796875,0.5682964701209138,0.500116406088782,0.06818006403213173
760,2025-09-04,Cameroon,Eswatini,3.0,0.0,FIFA World Cup qualification,Yaoundé,Cameroon,0,2025,0,1,766,2025-07-10,51.0,50.0,-1.0,1466.97,1466.0,2025-07-10,155.0,155.0,0.0,1022.87,1023.0,104.0,444.1,1578.0,1233.0,345.0,1,0.3333333333333333,0.2,0.2857142857142857,0.5419921875,0.4005769219913404,0.3073048591613769,-0.3333333333333333,-0.6,-0.6666666666666666,-0.25,-0.4444444444444445,-0.5625,0.6666666666666666,0.8,0.9523809523809524,0.7919921875,0.845021366435785,0.869804859161377,-0.606155267043684,-0.45534078431842073,-0.15081448272526332
761,2025-09-04,Mauritius,Cape Verde,0.0,2.0,FIFA World Cup qualification,Saint Pierre,Mauritius,0,2025,0,1,767,2025-07-10,177.0,178.0,1.0,921.61,922.0,2025-07-10,73.0,72.0,-1.0,1343.68,1344.0,-104.0,-422.0700000000001,1094.0,1472.0,-378.0,-1,0.0,-0.2,-0.3333333333333333,-0.21875,-0.3045267489711935,-0.3896484375,1.0,0.4,0.4285714285714285,0.8349609375,0.690020152754492,0.6091527938842773,-1.0,-0.6000000000000001,-0.7619047619047619,-1.0537109375,-0.9945469017256856,-0.9988012313842772,0.013849338348861978,-0.39808554689093023,0.4119348852397922
762,2025-09-04,Algeria,Botswana,3.0,1.0,FIFA World Cup qualification,Tizi Ouzou,Algeria,0,2025,0,1,768,2025-07-10,36.0,36.0,0.0,1503.8,1507.0,2025-07-10,135.0,136.0,1.0,1101.2,1101.0,99.0,402.5999999999999,1685.0,1326.0,359.0,1,1.0,0.2,0.1428571428571428,0.787109375,0.5802807837558637,0.4894962310791015,0.3333333333333333,0.2,0.0,0.3125,0.0946502057613167,-0.060546875,0.6666666666666667,0.0,0.1428571428571428,0.474609375,0.4856305779945469,0.5500431060791016,0.4288520816974423,-0.02082618179154664,0.449678263488989
763,2025-09-04,Guinea-Bissau,Sierra Leone,1.0,1.0,FIFA World Cup qualification,Bissau,Guinea-Bissau,0,2025,0,1,769,2025-07-10,131.0,128.0,-3.0,1119.53,1128.0,2025-07-10,124.0,124.0,0.0,1140.06,1140.0,-7.0,-20.529999999999973,1411.0,1333.0,78.0,0,-0.6666666666666666,-0.6,-0.2857142857142857,-0.765625,-0.5775034293552811,-0.457275390625,0.0,0.0,0.0,-0.21875,-0.0781893004115225,-0.0361328125,-0.6666666666666666,-0.6,-0.2857142857142857,-0.546875,-0.4993141289437585,-0.421142578125,0.6246022505414693,-0.09636128145299133,0.7209635319944607
786,2025-09-05,Morocco,Niger,5.0,0.0,FIFA World Cup qualification,Rabat,Morocco,0,2025,0,1,793,2025-07-10,12.0,12.0,0.0,1698.72,1694.0,2025-07-10,121.0,122.0,1.0,1148.22,1143.0,109.0,550.5,1802.0,1337.0,465.0,1,1.0,0.6,0.5714285714285714,0.9266128540039062,0.8058010814187991,0.7128262455225922,-0.3333333333333333,-0.3333333333333333,-0.3333333333333333,-0.5,-0.5555555555555556,-0.625,1.3333333333333333,0.9333333333333332,0.9047619047619048,1.4266128540039062,1.3613566369743548,1.3378262455225922,-0.23474782554263063,-0.5673356401384083,0.3325878145957777
779,2025-09-05,Djibouti,Burkina Faso,0.0,6.0,FIFA World Cup qualification,Bissau,Guinea-Bissau,1,2025,0,1,786,2025-07-10,191.0,192.0,1.0,865.75,866.0,2025-07-10,63.0,64.0,1.0,1388.03,1385.0,-128.0,-522.28,752.0,1549.0,-797.0,-1,-0.6666666666666666,-0.8,-0.8333333333333334,-0.875,-0.8518518518518519,-0.859375,0.6666666666666666,0.2,0.2857142857142857,0.703125,0.5006858710562414,0.391357421875,-1.3333333333333333,-1.0,-1.119047619047619,-1.578125,-1.3525377229080933,-1.250732421875,-2.3338575222716087,-0.7429447596814743,-1.5909127625901345
780,2025-09-05,Egypt,Ethiopia,2.0,0.0,FIFA World Cup qualification,Cairo,Egypt,0,2025,0,1,787,2025-07-10,34.0,32.0,-2.0,1518.79,1519.0,2025-07-10,146.0,147.0,1.0,1060.62,1061.0,112.0,458.1700000000001,1657.0,1276.0,381.0,1,0.6666666666666666,0.6,0.4285714285714285,0.8154296875,0.6817784100210559,0.6149249076843262,0.0,-0.2,-0.1666666666666666,0.21875,0.045267489711934,-0.0166015625,0.6666666666666666,0.8,0.5952380952380952,0.5966796875,0.6365109203091218,0.6315264701843262,0.4963353176221554,0.48705069595036676,0.009284621671788618
781,2025-09-05,South Sudan,DR Congo,1.0,4.0,FIFA World Cup qualification,Juba,South Sudan,0,2025,0,1,788,2025-07-10,169.0,170.0,1.0,975.6,976.0,2025-07-10,61.0,61.0,0.0,1412.1,1407.0,-108.0,-436.4999999999999,1136.0,1540.0,-404.0,-1,-0.6666666666666666,-0.4,-0.5,-0.40625,-0.5020576131687243,-0.5654296875,1.0,0.6,0.4285714285714285,0.86700439453125,0.6860744863702858,0.5547144450247288,-1.6666666666666663,-1.0,-0.9285714285714286,-1.27325439453125,-1.18813209953901,-1.1201441325247288,-0.651173956250524,0.35559212914562444,-1.0067660853961484
782,2025-09-05,Mauritania,Togo,2.0,0.0,FIFA World Cup qualification,Nouadhibou,Mauritania,0,2025,0,1,789,2025-07-10,111.0,110.0,-1.0,1173.04,1180.0,2025-07-10,120.0,120.0,0.0,1149.49,1149.0,9.0,23.549999999999955,1331.0,1368.0,-37.0,1,-0.6666666666666666,-0.8,-0.4285714285714285,-0.7109375,-0.6607224508459076,-0.64935302734375,-0.6666666666666666,-0.4,-0.3333333333333333,-0.625,-0.4814814814814814,-0.390625,0.0,-0.4,-0.0952380952380952,-0.0859375,-0.1792409693644262,-0.25872802734375,-0.9623398695350363,-0.11062068926659516,-0.8517191802684411
784,2025-09-05,Senegal,Sudan,2.0,0.0,FIFA World Cup qualification,Diamniadio,Senegal,0,2025,0,1,791,2025-07-10,18.0,19.0,1.0,1635.1,1630.0,2025-07-10,110.0,114.0,4.0,1173.59,1174.0,92.0,461.51,1771.0,1383.0,388.0,1,0.6666666666666666,0.4,0.5714285714285714,0.65313720703125,0.5806087529872485,0.5361391473561525,0.3333333333333333,0.6,0.5,0.21875,0.3127572016460905,0.3251953125,0.3333333333333333,-0.1999999999999999,0.0714285714285714,0.43438720703125,0.2678515513411579,0.2109438348561525,-0.7202019416521673,0.5421671478184071,-1.2623690894705746
788,2025-09-05,Ivory Coast,Burundi,1.0,0.0,FIFA World Cup qualification,Abidjan,Ivory Coast,0,2025,0,1,795,2025-07-10,45.0,41.0,-4.0,1480.96,1487.0,2025-07-10,139.0,140.0,1.0,1092.51,1086.0,94.0,388.4500000000001,1579.0,1291.0,288.0,1,0.6666666666666666,0.8,0.8571428571428571,0.865234375,0.7889888059069585,0.7384052276611328,0.3333333333333333,0.0,0.1666666666666666,0.375,0.3251028806584362,0.361328125,0.3333333333333333,0.8,0.6904761904761905,0.490234375,0.4638859252485223,0.3770771026611328,2.8233998449291158,1.3706481709073517,1.452751674021764
787,2025-09-05,Kenya,Gambia,1.0,3.0,FIFA World Cup qualification,Nairobi,Kenya,0,2025,0,1,794,2025-07-10,109.0,111.0,2.0,1179.05,1179.0,2022-03-31,123.0,125.0,2.0,1138.19,1135.18,14.0,40.8599999999999,1376.0,1443.0,-67.0,-1,-0.3333333333333333,0.0,-0.1666666666666666,-0.5,-0.3991769547325102,-0.408203125,-0.6666666666666666,-0.4,-0.5714285714285714,-0.625,-0.5802469135802469,-0.6015625,0.3333333333333333,0.4,0.4047619047619047,0.125,0.1810699588477367,0.193359375,-0.239364414867131,-0.8672803437661841,0.6279159288990531
778,2025-09-05,Namibia,Malawi,1.0,2.0,FIFA World Cup qualification,Francistown,Botswana,1,2025,0,1,785,2025-07-10,108.0,108.0,0.0,1192.29,1192.0,2025-07-10,129.0,132.0,3.0,1121.1,1118.0,21.0,71.19000000000005,1380.0,1256.0,124.0,-1,0.3333333333333333,0.0,0.2857142857142857,0.25,0.2880658436213992,0.345703125,-1.0,-0.6,-0.3333333333333333,-0.8125,-0.5390946502057612,-0.314453125,1.3333333333333333,0.6,0.6190476190476191,1.0625,0.8271604938271604,0.66015625,2.339590551534488,0.3369904856615841,2.002600065872904
789,2025-09-05,Somalia,Guinea,0.0,3.0,FIFA World Cup qualification,Kampala,Uganda,1,2025,0,1,796,2025-07-10,200.0,201.0,1.0,832.13,832.0,2025-07-10,81.0,82.0,1.0,1292.63,1293.0,-119.0,-460.5000000000001,857.0,1466.0,-609.0,-1,-0.6666666666666666,-0.8,-0.8333333333333334,-0.75,-0.7777777777777778,-0.8125,-0.6666666666666666,-0.4,-0.5714285714285714,-0.609375,-0.4631915866483767,-0.3345947265625,0.0,-0.4,-0.261904761904762,-0.140625,-0.3145861911294011,-0.4779052734375,1.0687890681948957,0.09961332618531896,0.9691757420095768
790,2025-09-05,South Africa,Lesotho,3.0,0.0,FIFA World Cup qualification,Bloemfontein,South Africa,0,2025,0,1,797,2025-07-10,56.0,56.0,0.0,1443.31,1445.0,2025-07-10,148.0,148.0,0.0,1046.35,1046.0,92.0,396.96,1576.0,1221.0,355.0,1,0.3333333333333333,0.2,0.1428571428571428,0.37939453125,0.2855124087151724,0.2623063325881958,0.0,0.2,0.1666666666666666,0.1875,0.1728395061728394,0.15234375,0.3333333333333333,0.0,-0.0238095238095238,0.19189453125,0.112672902542333,0.1099625825881958,0.16993503851325198,2.1130041264718917,-1.9430690879586399
785,2025-09-05,Congo,Tanzania,1.0,1.0,FIFA World Cup qualification,Brazzaville,Congo,0,2025,0,1,792,2025-07-10,132.0,125.0,-7.0,1116.26,1136.0,2025-07-10,103.0,107.0,4.0,1209.14,1196.0,-29.0,-92.88000000000012,1261.0,1383.0,-122.0,0,-1.0,-1.0,-1.0,-1.0,-1.0,-1.0,0.0,-0.4,-0.1666666666666666,-0.3125,-0.1440329218106995,-0.009765625,-1.0,-0.6,-0.8333333333333334,-0.6875,-0.8559670781893005,-0.990234375,-1.6494117647058821,0.7273878425785131,-2.3767996072843953
777,2025-09-05,Uganda,Mozambique,4.0,0.0,FIFA World Cup qualification,Kampala,Uganda,0,2025,0,1,784,2025-07-10,88.0,89.0,1.0,1269.37,1274.0,2025-07-10,99.0,96.0,-3.0,1236.18,1239.0,11.0,33.18999999999983,1389.0,1432.0,-43.0,1,-0.3333333333333333,0.2,0.0,0.1875,-0.0041152263374486,-0.130859375,0.3333333333333333,0.4,0.1428571428571428,-0.078125,0.1114159426916629,0.191009521484375,-0.6666666666666666,-0.2,-0.1428571428571428,0.265625,-0.1155311690291116,-0.321868896484375,-0.6964641087095391,0.1885746915235954,-0.8850388002331345
783,2025-09-05,Benin,Zimbabwe,1.0,0.0,FIFA World Cup qualification,Ebimpé,Ivory Coast,1,2025,0,1,790,2025-07-10,96.0,95.0,-1.0,1238.97,1240.0,2025-07-10,116.0,116.0,0.0,1157.45,1161.0,20.0,81.51999999999998,1476.0,1398.0,78.0,1,0.0,0.2,0.0,-0.34375,-0.2181069958847736,-0.2412109375,-0.3333333333333333,-0.4,-0.3333333333333333,-0.1875,-0.2469135802469136,-0.24609375,0.3333333333333333,0.6000000000000001,0.3333333333333333,-0.15625,0.0288065843621399,0.0048828125,-0.3319525135277709,-0.18572601325344734,-0.14622650027432355
775,2025-09-05,Slovenia,Sweden,2.0,2.0,FIFA World Cup qualification,Ljubljana,Slovenia,0,2025,0,1,782,2025-07-10,50.0,51.0,1.0,1469.76,1463.0,2025-07-10,29.0,28.0,-1.0,1545.43,1536.0,-21.0,-75.67000000000007,1752.0,1744.0,8.0,0,0.0,0.0,0.0,0.0,0.0,0.0,0.0,0.0,0.0,0.0,0.3333333333333335,0.5,0.0,0.0,0.0,0.0,-0.3333333333333335,-0.5,1.0576470588235294,0.5470588235294117,0.5105882352941177
764,2025-09-05,Ukraine,France,0.0,2.0,FIFA World Cup qualification,Wrocław,Poland,1,2025,0,1,770,2025-07-10,26.0,25.0,-1.0,1557.21,1560.0,2025-07-10,3.0,3.0,0.0,1862.03,1853.0,-23.0,-304.81999999999994,1799.0,2055.0,-256.0,-1,0.0,0.0,0.0,0.0,0.2222222222222223,0.375,0.0,0.0,0.1428571428571428,-0.3525390625,-0.094322794063687,0.0552783012390136,0.0,0.0,-0.1428571428571428,0.3525390625,0.3165450162859094,0.3197216987609863,1.5359861591695503,1.1666098827946336,0.36937627637491666
765,2025-09-05,Denmark,Scotland,0.0,0.0,FIFA World Cup qualification,Copenhagen,Denmark,0,2025,0,1,771,2025-07-10,21.0,21.0,0.0,1621.25,1618.0,2025-07-10,47.0,44.0,-3.0,1474.69,1480.0,26.0,146.55999999999997,1864.0,1759.0,105.0,0,-0.6666666666666666,-0.6,-0.6,-0.6875,-0.5802469135802468,-0.49609375,-0.6666666666666666,-0.75,-0.75,-0.75,-0.7777777777777778,-0.8125,0.0,0.15,0.15,0.0625,0.1975308641975309,0.31640625,-0.5951880365417079,-1.6731650722572766,1.0779770357155687
766,2025-09-05,Greece,Belarus,5.0,1.0,FIFA World Cup qualification,Athens,Greece,0,2025,0,1,772,2025-07-10,39.0,40.0,1.0,1497.82,1490.0,2025-07-10,97.0,98.0,1.0,1237.24,1235.0,58.0,260.5799999999999,1838.0,1492.0,346.0,1,,,,,,,,,,,,,,,,,,,0.0,0.0,0.0
767,2025-09-05,Iceland,Azerbaijan,5.0,0.0,FIFA World Cup qualification,Reykjavík,Iceland,0,2025,0,1,773,2025-07-10,74.0,74.0,0.0,1337.93,1337.0,2025-07-10,122.0,119.0,-3.0,1148.01,1151.0,48.0,189.92000000000007,1550.0,1365.0,185.0,1,,,,,,,,,,,,,,,,,,,0.0,0.0,0.0
769,2025-09-05,Nicaragua,Costa Rica,1.0,1.0,FIFA World Cup qualification,Managua,Nicaragua,0,2025,0,1,775,2025-07-10,130.0,133.0,3.0,1120.02,1114.0,2025-07-10,40.0,54.0,14.0,1493.85,1459.0,-90.0,-373.8299999999999,1325.0,1658.0,-333.0,0,0.3333333333333333,0.5,0.5,0.0,0.3333333333333335,0.5,1.0,0.4,0.5714285714285714,0.8339691162109375,0.6795043227566624,0.602335785748437,-0.6666666666666667,0.0999999999999999,-0.0714285714285714,-0.8339691162109375,-0.3461709894233289,-0.102335785748437,1.9667494402605332,0.5523775386270022,1.414371901633531
768,2025-09-05,Italy,Estonia,5.0,0.0,FIFA World Cup qualification,Bergamo,Italy,0,2025,0,1,774,2025-07-10,11.0,9.0,-2.0,1702.57,1718.0,2025-07-10,126.0,121.0,-5.0,1131.34,1144.0,115.0,571.23,1943.0,1357.0,586.0,1,-0.6666666666666666,-0.8,-0.8,-0.875,-0.8518518518518519,-0.859375,-1.0,-1.0,-1.0,-1.0,-1.0,-1.0,0.3333333333333333,0.1999999999999999,0.1999999999999999,0.125,0.1481481481481481,0.140625,-2.123446558350594,-0.07743944636678207,-2.046007111983812
770,2025-09-05,Faroe Islands,Croatia,0.0,1.0,FIFA World Cup qualification,Tórshavn,Faroe Islands,0,2025,0,1,776,2025-07-10,141.0,141.0,0.0,1089.74,1085.0,2025-07-10,10.0,11.0,1.0,1707.51,1699.0,-131.0,-617.77,1248.0,1886.0,-638.0,-1,-0.3333333333333333,-0.3333333333333333,-0.3333333333333333,0.0,-0.3333333333333335,-0.5,0.6666666666666666,0.2,0.1428571428571428,0.72705078125,0.5101243599948064,0.3873083591461181,-1.0,-0.5333333333333333,-0.4761904761904761,-0.72705078125,-0.8434576933281399,-0.8873083591461182,0.965121107266436,0.14126549622943396,0.823855611037002
771,2025-09-05,Montenegro,Czech Republic,0.0,2.0,FIFA World Cup qualification,Podgorica,Montenegro,0,2025,0,1,777,2025-07-10,77.0,73.0,-4.0,1327.28,1337.0,2022-03-31,33.0,31.0,-2.0,1500.62,1510.42,-44.0,-173.33999999999992,1516.0,1753.0,-237.0,-1,0.3333333333333333,0.3333333333333333,0.3333333333333333,0.0,0.3333333333333335,0.5,0.3333333333333333,0.2,0.0,-0.109375,-0.017832647462277,-0.073486328125,0.0,0.1333333333333333,0.3333333333333333,0.109375,0.3511659807956105,0.573486328125,-0.4935640138408305,-0.7390783042279807,0.24551429038715022
772,2025-09-05,Bermuda,Jamaica,0.0,4.0,FIFA World Cup qualification,Devonshire Parish,Bermuda,0,2025,0,1,778,2025-07-10,162.0,168.0,6.0,1000.04,978.0,2025-04-03,63.0,62.0,-1.0,1387.49,1391.0,-99.0,-387.4500000000001,1169.0,1588.0,-419.0,-1,0.3333333333333333,0.25,0.25,0.625,0.4074074074074073,0.296875,0.3333333333333333,0.2,0.4285714285714285,0.611328125,0.402123660011177,0.2658729553222656,0.0,0.0499999999999999,-0.1785714285714285,0.013671875,0.0052837473962302,0.0310020446777343,0.6093995522084266,-0.42058953592703474,1.0299890881354612
773,2025-09-05,Trinidad and Tobago,Curaçao,0.0,0.0,FIFA World Cup qualification,Port of Spain,Trinidad and Tobago,0,2025,0,1,779,2025-07-10,101.0,100.0,-1.0,1229.11,1230.0,2025-07-10,86.0,90.0,4.0,1277.22,1265.0,-15.0,-48.11000000000013,1395.0,1335.0,60.0,0,0.3333333333333333,0.25,0.25,-0.125,0.0370370370370371,0.078125,1.0,1.0,1.0,1.0,1.0,1.0,-0.6666666666666667,-0.75,-0.75,-1.125,-0.9629629629629628,-0.921875,-0.8939710970893548,1.4492814980663544,-2.3432525951557093
774,2025-09-05,Switzerland,Kosovo,4.0,0.0,FIFA World Cup qualification,Basel,Switzerland,0,2025,0,1,780,2025-07-10,19.0,20.0,1.0,1635.09,1625.0,2025-07-10,95.0,97.0,2.0,1247.71,1238.0,76.0,387.3799999999999,1814.0,1527.0,287.0,1,0.3333333333333333,0.4,0.2857142857142857,0.2734375,0.2929431489102271,0.318511962890625,,,,,,,,,,,,,0.3327051283204158,0.0,0.0
776,2025-09-05,Haiti,Honduras,0.0,0.0,FIFA World Cup qualification,Willemstad,Curaçao,1,2025,0,1,783,2025-07-10,90.0,83.0,-7.0,1261.42,1292.0,2025-07-10,66.0,75.0,9.0,1379.84,1334.0,-24.0,-118.41999999999985,1538.0,1562.0,-24.0,0,0.3333333333333333,0.5,0.5,0.0,0.3333333333333335,0.5,1.0,0.6,0.2857142857142857,0.8828125,0.6342021033379056,0.41168212890625,-0.6666666666666667,-0.0999999999999999,0.2142857142857143,-0.8828125,-0.3008687700045721,0.08831787109375,-0.4952086301648687,-0.7531424490301876,0.25793381886531885
794,2025-09-06,Latvia,Serbia,0.0,1.0,FIFA World Cup qualification,Riga,Latvia,0,2025,0,1,801,2025-07-10,137.0,138.0,1.0,1099.3,1092.0,2025-07-10,32.0,31.0,-1.0,1523.03,1524.0,-105.0,-423.73,1301.0,1838.0,-537.0,-1,0.0,0.0,0.0,0.0,0.2222222222222223,0.375,0.0,-0.2,-0.3333333333333333,0.28125,-0.0452674897119343,-0.2333984375,0.0,0.2,0.3333333333333333,-0.28125,0.2674897119341566,0.6083984375,0.4058131487889273,-1.2253735552242233,1.6311867040131507
796,2025-09-06,Nigeria,Rwanda,1.0,0.0,FIFA World Cup qualification,Uyo,Nigeria,0,2025,0,1,803,2025-07-10,44.0,43.0,-1.0,1484.27,1481.0,2025-07-10,127.0,130.0,3.0,1125.47,1127.0,83.0,358.79999999999995,1657.0,1271.0,386.0,1,0.0,-0.2,0.0,0.1015625,0.0374942844078646,0.01226806640625,0.0,0.0,0.0,-0.15625,-0.1069958847736625,-0.0732421875,0.0,-0.2,0.0,0.2578125,0.1444901691815271,0.08551025390625,-0.7491984358231389,0.3501221179315945,-1.0993205537547335
795,2025-09-06,Republic of Ireland,Hungary,2.0,2.0,FIFA World Cup qualification,Dublin,Republic of Ireland,0,2025,0,1,802,2025-07-10,60.0,60.0,0.0,1412.76,1412.0,2025-07-10,38.0,37.0,-1.0,1500.73,1503.0,-22.0,-87.97000000000003,1633.0,1701.0,-68.0,0,,,,,,,-0.3333333333333333,-0.3333333333333333,-0.3333333333333333,0.0,-0.3333333333333335,-0.5,,,,,,,0.0,-1.7037370242214533,0.0
797,2025-09-06,Armenia,Portugal,0.0,5.0,FIFA World Cup qualification,Yerevan,Armenia,0,2025,0,1,804,2025-07-10,105.0,102.0,-3.0,1204.77,1208.0,2025-07-10,6.0,7.0,1.0,1770.53,1750.0,-99.0,-565.76,1470.0,1993.0,-523.0,-1,,,,,,,-0.3333333333333333,0.2,0.1428571428571428,-0.0390625,0.0213382106386222,0.095855712890625,,,,,,,0.0,0.7938476999261603,0.0
793,2025-09-06,Austria,Cyprus,1.0,0.0,FIFA World Cup qualification,Linz,Austria,0,2025,0,1,800,2025-07-10,22.0,22.0,0.0,1591.25,1580.0,2025-07-10,128.0,129.0,1.0,1124.35,1128.0,106.0,466.9000000000001,1871.0,1299.0,572.0,1,0.3333333333333333,0.6,0.1428571428571428,0.6875,0.4403292181069957,0.244140625,-0.3333333333333333,-0.3333333333333333,-0.3333333333333333,-0.5,-0.1111111111111109,0.125,0.6666666666666666,0.9333333333333332,0.4761904761904761,1.1875,0.5514403292181067,0.119140625,-0.45012228364836565,0.3421453287197231,-0.7922676123680887
791,2025-09-06,San Marino,Bosnia and Herzegovina,0.0,6.0,FIFA World Cup qualification,Serravalle,San Marino,0,2025,0,1,798,2025-07-10,210.0,210.0,0.0,738.24,741.0,2025-07-10,72.0,70.0,-2.0,1349.11,1351.0,-138.0,-610.8699999999999,845.0,1485.0,-640.0,-1,-1.0,-1.0,-1.0,-1.0,-1.0,-1.0,1.0,1.0,1.0,1.0,1.0,1.0,-2.0,-2.0,-2.0,-2.0,-2.0,-2.0,-0.2815550580093628,1.4157785467128026,-1.6973336047221654
792,2025-09-06,England,Andorra,2.0,0.0,FIFA World Cup qualification,London,England,0,2025,0,1,799,2025-07-10,4.0,4.0,0.0,1813.32,1819.0,2025-07-10,174.0,173.0,-1.0,953.95,957.0,170.0,859.3699999999999,2006.0,1066.0,940.0,1,1.0,0.6,0.5714285714285714,0.85247802734375,0.7127842559715524,0.6372410543262959,-1.0,-1.0,-1.0,-1.0,-1.0,-1.0,2.0,1.6,1.5714285714285714,1.85247802734375,1.7127842559715525,1.637241054326296,1.5577615348064158,-0.2391329126806432,1.796894447487059
798,2025-09-07,Belgium,Kazakhstan,6.0,0.0,FIFA World Cup qualification,Anderlecht,Belgium,0,2025,0,1,805,2025-07-10,8.0,8.0,0.0,1736.38,1736.0,2025-07-10,114.0,113.0,-1.0,1165.49,1178.0,106.0,570.8900000000001,1851.0,1425.0,426.0,1,0.6666666666666666,0.2,0.1428571428571428,0.6953125,0.4844281867601482,0.3969192504882812,-0.3333333333333333,-0.5,-0.5,-0.75,-0.7037037037037037,-0.71875,1.0,0.7,0.6428571428571428,1.4453125,1.188131890463852,1.1156692504882812,0.06343352215190652,-0.279483004274374,0.3429165264262805
799,2025-09-07,Poland,Finland,3.0,1.0,FIFA World Cup qualification,Chorzów,Poland,0,2025,0,1,806,2025-07-10,37.0,34.0,-3.0,1502.39,1517.0,2025-07-10,69.0,69.0,0.0,1371.55,1360.0,32.0,130.84000000000017,1682.0,1556.0,126.0,1,0.0,0.2,-0.1428571428571428,-0.09033203125,-0.0607518049981089,-0.0426199436187744,0.0,0.25,0.25,0.375,0.4074074074074074,0.484375,0.0,-0.0499999999999999,-0.3928571428571428,-0.46533203125,-0.4681592124055163,-0.5269949436187744,0.8529770277039938,-0.834007734581722,1.6869847622857157
800,2025-09-07,Lithuania,Netherlands,2.0,3.0,FIFA World Cup qualification,Kaunas,Lithuania,0,2025,0,1,807,2025-07-10,143.0,143.0,0.0,1069.2,1073.0,2025-07-10,7.0,6.0,-1.0,1758.18,1752.0,-136.0,-688.98,1293.0,1938.0,-645.0,-1,0.0,-0.25,-0.25,-0.125,-0.2962962962962964,-0.421875,0.6666666666666666,0.4,0.2857142857142857,0.3543701171875,0.3798590373468865,0.3900120109319687,-0.6666666666666666,-0.65,-0.5357142857142857,-0.4793701171875,-0.6761553336431829,-0.8118870109319687,0.9683004274374111,1.1990232401277732,-0.2307228126903621
801,2025-09-07,Turkey,Spain,0.0,6.0,FIFA World Cup qualification,Konya,Turkey,0,2025,0,1,808,2022-03-31,43.0,39.0,-4.0,1461.81,1472.72,2025-07-10,2.0,2.0,0.0,1867.09,1855.0,-41.0,-405.28,1774.0,2178.0,-404.0,-1,0.3333333333333333,0.2,0.1428571428571428,0.40625,0.2482853223593963,0.11083984375,1.0,1.0,1.0,0.99560546875,0.9638718126753488,0.9233510494232178,-0.6666666666666667,-0.8,-0.8571428571428572,-0.58935546875,-0.7155864903159523,-0.8125112056732178,-0.8596239911318325,3.7492681804956685,-4.608892171627501
802,2025-09-07,North Macedonia,Liechtenstein,5.0,0.0,FIFA World Cup qualification,Skopje,North Macedonia,0,2025,0,1,809,2025-07-10,62.0,67.0,5.0,1390.79,1376.0,2025-07-10,204.0,205.0,1.0,811.65,814.0,142.0,579.14,1551.0,977.0,574.0,1,0.3333333333333333,0.2,0.3333333333333333,0.5625,0.4979423868312757,0.513671875,-1.0,-1.0,-1.0,-1.0,-1.0,-1.0,1.3333333333333333,1.2,1.3333333333333333,1.5625,1.4979423868312756,1.513671875,1.7275554791785368,-0.31547323427640933,2.0430287134549463
803,2025-09-07,Luxembourg,Slovakia,0.0,1.0,FIFA World Cup qualification,Luxembourg,Luxembourg,0,2025,0,1,810,2025-07-10,92.0,91.0,-1.0,1260.17,1262.0,2025-07-10,52.0,46.0,-6.0,1466.56,1478.0,-40.0,-206.38999999999987,1455.0,1665.0,-210.0,-1,-1.0,-1.0,-1.0,-1.0,-1.0,-1.0,0.3333333333333333,0.3333333333333333,0.3333333333333333,0.5,0.5555555555555556,0.625,-1.3333333333333333,-1.3333333333333333,-1.3333333333333333,-1.5,-1.5555555555555556,-1.625,-1.58,1.8446366782006918,-3.4246366782006916
804,2025-09-07,Germany,Northern Ireland,3.0,1.0,FIFA World Cup qualification,Cologne,Germany,0,2025,0,1,811,2025-07-10,9.0,10.0,1.0,1716.98,1717.0,2025-07-10,71.0,71.0,0.0,1351.01,1349.0,62.0,365.97,1971.0,1561.0,410.0,1,-0.3333333333333333,0.0,0.2857142857142857,-0.57421875,-0.3074226489864348,-0.2140655517578125,1.0,1.0,1.0,1.0,1.0,1.0,-1.3333333333333333,-1.0,-0.7142857142857143,-1.57421875,-1.307422648986435,-1.2140655517578125,-0.5628836787159153,1.58,-2.1428836787159153
805,2025-09-07,Central African Republic,Comoros,0.0,2.0,FIFA World Cup qualification,Meknes,Morocco,1,2025,0,1,812,2025-07-10,134.0,135.0,1.0,1107.54,1102.0,2025-07-10,107.0,105.0,-2.0,1198.51,1203.0,-27.0,-90.97000000000004,1250.0,1340.0,-90.0,-1,-0.6666666666666666,-0.4,-0.4285714285714285,-0.671875,-0.6021947873799726,-0.594970703125,-0.3333333333333333,-0.2,0.1428571428571428,-0.3125,-0.0946502057613167,0.060546875,-0.3333333333333333,-0.2,-0.5714285714285714,-0.359375,-0.5075445816186558,-0.655517578125,-1.4616763046850325,1.2662852526698112,-2.7279615573548437
806,2025-09-07,Georgia,Bulgaria,3.0,0.0,FIFA World Cup qualification,Tbilisi,Georgia,0,2025,0,1,813,2025-07-10,67.0,68.0,1.0,1375.23,1373.0,2025-07-10,84.0,85.0,1.0,1284.42,1289.0,17.0,90.80999999999996,1650.0,1451.0,199.0,1,-0.3333333333333333,-0.4,-0.4,-0.6875,-0.6049382716049383,-0.61328125,-1.0,-1.0,-1.0,-1.0,-1.0,-1.0,0.6666666666666667,0.6,0.6,0.3125,0.3950617283950617,0.38671875,-0.9723202547862214,-1.36,0.3876797452137787
818,2025-09-08,Malawi,Liberia,2.0,2.0,FIFA World Cup qualification,Lilongwe,Malawi,0,2025,0,1,825,2025-07-10,129.0,132.0,3.0,1121.1,1118.0,2025-07-10,144.0,144.0,0.0,1068.31,1068.0,15.0,52.78999999999997,1256.0,1256.0,0.0,0,-0.3333333333333333,-0.2,-0.1428571428571428,0.09375,-0.0260631001371742,0.01416015625,-0.3333333333333333,0.0,0.0,-0.3125,-0.2043895747599451,-0.21630859375,0.0,-0.2,-0.1428571428571428,0.40625,0.1783264746227708,0.23046875,0.4006969276814909,-0.08042901006310946,0.48112593774460033
820,2025-09-08,Uganda,Somalia,2.0,0.0,FIFA World Cup qualification,Kampala,Uganda,0,2025,0,1,827,2025-07-10,88.0,89.0,1.0,1269.37,1274.0,2025-07-10,200.0,201.0,1.0,832.13,832.0,112.0,437.2399999999999,1389.0,857.0,532.0,1,0.3333333333333333,0.2,0.1428571428571428,0.59375,0.3305898491083675,0.15185546875,-0.6666666666666666,-0.8,-0.8571428571428571,-0.875,-0.8518518518518519,-0.859375,1.0,1.0,1.0,1.46875,1.1824417009602193,1.01123046875,-0.4331426905501545,0.9694485347716665,-1.402591225321821
819,2025-09-08,Equatorial Guinea,Tunisia,0.0,1.0,FIFA World Cup qualification,Malabo,Equatorial Guinea,0,2025,0,1,826,2025-07-10,93.0,92.0,-1.0,1251.59,1256.0,2025-07-10,49.0,49.0,0.0,1471.09,1474.0,-44.0,-219.5,1522.0,1598.0,-76.0,-1,0.6666666666666666,0.4,0.2857142857142857,0.65625,0.4705075445816185,0.29833984375,1.0,0.8,0.5714285714285714,0.90557861328125,0.7770673403904561,0.6889925338327885,-0.3333333333333333,-0.4,-0.2857142857142857,-0.24932861328125,-0.3065597958088376,-0.3906526900827884,-2.3092749524001106,0.2011306602674489,-2.5104056126675593
822,2025-09-08,Mozambique,Botswana,2.0,0.0,FIFA World Cup qualification,Maputo,Mozambique,0,2025,0,1,829,2025-07-10,99.0,96.0,-3.0,1236.18,1239.0,2025-07-10,135.0,136.0,1.0,1101.2,1101.0,36.0,134.98000000000002,1432.0,1326.0,106.0,1,-0.3333333333333333,0.2,0.0,-0.5390625,-0.2590560382055579,-0.1067428588867187,-0.3333333333333333,-0.2,-0.1428571428571428,-0.34375,-0.2702331961591221,-0.29541015625,0.0,0.4,0.1428571428571428,-0.1953125,0.0111771579535641,0.1886672973632812,-0.044870878566027866,-0.020777582862632135,-0.02409329570339573
821,2025-09-08,Guinea,Algeria,0.0,0.0,FIFA World Cup qualification,Casablanca,Morocco,1,2025,0,1,828,2025-07-10,81.0,82.0,1.0,1292.63,1293.0,2025-07-10,36.0,36.0,0.0,1503.8,1507.0,-45.0,-211.16999999999985,1466.0,1685.0,-219.0,0,0.0,0.0,-0.2857142857142857,0.1953125,0.0245389422344154,-0.000946044921875,1.0,0.6,0.2857142857142857,0.8935546875,0.7201871891705758,0.6171221733093262,-1.0,-0.6,-0.5714285714285714,-0.6982421875,-0.6956482469361603,-0.6180682182312012,0.13022430699794726,0.40480195924465157,-0.2745776522467043
824,2025-09-08,Guinea-Bissau,Djibouti,2.0,0.0,FIFA World Cup qualification,Bissau,Guinea-Bissau,0,2025,0,1,831,2025-07-10,131.0,128.0,-3.0,1119.53,1128.0,2025-07-10,191.0,192.0,1.0,865.75,866.0,60.0,253.78,1411.0,752.0,659.0,1,-0.6666666666666666,-0.4,-0.2857142857142857,-0.3828125,-0.3850022862368541,-0.34295654296875,-1.0,-0.8,-0.8571428571428571,-0.9375,-0.9012345679012346,-0.89453125,0.3333333333333333,0.4,0.5714285714285714,0.5546875,0.5162322816643805,0.55157470703125,0.5960962358037358,-2.398924726843867,2.9950209626476028
825,2025-09-08,Ghana,Mali,1.0,0.0,FIFA World Cup qualification,Accra,Ghana,0,2025,0,1,832,2025-07-10,76.0,76.0,0.0,1333.33,1333.0,2025-07-10,54.0,53.0,-1.0,1454.72,1460.0,-22.0,-121.3900000000001,1429.0,1631.0,-202.0,1,0.6666666666666666,0.8,0.5714285714285714,0.4635009765625,0.5066388680336419,0.4616286009550094,0.6666666666666666,0.2,0.0,0.58251953125,0.3883610786521927,0.2621042728424072,0.0,0.6000000000000001,0.5714285714285714,-0.1190185546875,0.1182777893814491,0.1995243281126022,0.34310154871641524,-0.44265247196309987,0.785754020679515
817,2025-09-08,Madagascar,Chad,3.0,1.0,FIFA World Cup qualification,Casablanca,Morocco,1,2025,0,1,824,2025-07-10,115.0,115.0,0.0,1162.86,1163.0,2025-07-10,175.0,177.0,2.0,924.6,925.0,60.0,238.25999999999988,1325.0,1150.0,175.0,1,0.3333333333333333,0.4,0.2857142857142857,0.40625,0.2812071330589848,0.16357421875,-0.6666666666666666,-0.8,-0.8571428571428571,-0.5,-0.6666666666666667,-0.75,1.0,1.2000000000000002,1.1428571428571428,0.90625,0.9478737997256516,0.91357421875,0.25226784437156863,0.31872001940211964,-0.06645217503055101
823,2025-09-08,Libya,Eswatini,2.0,0.0,FIFA World Cup qualification,Benghazi,Libya,0,2025,0,1,830,2025-07-10,117.0,117.0,0.0,1155.19,1155.0,2025-07-10,155.0,155.0,0.0,1022.87,1023.0,38.0,132.32000000000005,1347.0,1233.0,114.0,1,0.0,0.0,0.1428571428571428,0.234375,0.1659807956104252,0.214111328125,-0.3333333333333333,-0.6,-0.7142857142857143,-0.625,-0.6296296296296297,-0.671875,0.3333333333333333,0.6,0.8571428571428572,0.859375,0.7956104252400549,0.885986328125,0.5671683822012066,-0.48267367935851363,1.0498420615597202
816,2025-09-08,Zambia,Morocco,0.0,2.0,FIFA World Cup qualification,Ndola,Zambia,0,2025,0,1,823,2025-07-10,83.0,88.0,5.0,1285.32,1276.0,2025-07-10,12.0,12.0,0.0,1698.72,1694.0,-71.0,-413.4000000000001,1523.0,1802.0,-279.0,-1,-1.0,-0.8,-0.5,-0.875,-0.6378600823045266,-0.419921875,1.0,1.0,0.7142857142857143,0.9633064270019532,0.8705340542791994,0.7846196841419442,-2.0,-1.8,-1.2142857142857144,-1.838306427001953,-1.508394136583726,-1.2045415591419442,0.9795667732736466,-0.05505677698129943,1.0346235502549461
809,2025-09-08,El Salvador,Suriname,1.0,2.0,FIFA World Cup qualification,San Salvador,El Salvador,0,2025,0,1,816,2025-07-10,87.0,81.0,-6.0,1272.7,1301.0,2025-07-10,136.0,137.0,1.0,1099.98,1097.0,49.0,172.72000000000003,1389.0,1411.0,-22.0,-1,0.6666666666666666,0.6,0.1428571428571428,0.662109375,0.4854104218530372,0.3297023773193359,0.3333333333333333,0.6,0.6,0.25,0.4444444444444445,0.5625,0.3333333333333333,0.0,-0.4571428571428571,0.412109375,0.0409659774085926,-0.232797622680664,0.0025946112367378135,2.2503202787322945,-2.2477256674955566
814,2025-09-08,Belarus,Scotland,0.0,2.0,FIFA World Cup qualification,Zalaegerszeg,Hungary,1,2025,0,1,821,2025-07-10,97.0,98.0,1.0,1237.24,1235.0,2025-07-10,47.0,44.0,-3.0,1474.69,1480.0,-50.0,-237.45000000000005,1492.0,1759.0,-267.0,-1,-1.0,-1.0,-1.0,-1.0,-1.0,-1.0,-0.3333333333333333,-0.6,-0.6,-0.375,-0.5185185185185186,-0.609375,-0.6666666666666667,-0.4,-0.4,-0.625,-0.4814814814814814,-0.390625,-2.84,-1.5441553621244957,-1.2958446378755042
813,2025-09-08,Greece,Denmark,0.0,3.0,FIFA World Cup qualification,Athens,Greece,0,2025,0,1,820,2025-07-10,39.0,40.0,1.0,1497.82,1490.0,2025-07-10,21.0,21.0,0.0,1621.25,1618.0,-18.0,-123.43000000000006,1838.0,1864.0,-26.0,-1,1.0,1.0,1.0,1.0,1.0,1.0,-0.3333333333333333,-0.6,-0.5,-0.34375,-0.3868312757201645,-0.3720703125,1.3333333333333333,1.6,1.5,1.34375,1.3868312757201646,1.3720703125,2.84,-0.590765210862784,3.4307652108627837
812,2025-09-08,Israel,Italy,4.0,5.0,FIFA World Cup qualification,Debrecen,Hungary,1,2025,0,1,819,2025-07-10,75.0,78.0,3.0,1336.52,1322.0,2025-07-10,11.0,9.0,-2.0,1702.57,1718.0,-64.0,-366.05,1629.0,1943.0,-314.0,-1,0.3333333333333333,0.3333333333333333,0.3333333333333333,0.5,0.5555555555555556,0.625,-0.3333333333333333,-0.4,-0.5,0.0625,-0.234567901234568,-0.39453125,0.6666666666666666,0.7333333333333334,0.8333333333333333,0.4375,0.7901234567901236,1.01953125,0.0460207612456748,-1.8397144078593826,1.8857351691050575
811,2025-09-08,Croatia,Montenegro,4.0,0.0,FIFA World Cup qualification,Zagreb,Croatia,0,2025,0,1,818,2025-07-10,10.0,11.0,1.0,1707.51,1699.0,2025-07-10,77.0,73.0,-4.0,1327.28,1337.0,67.0,380.23,1886.0,1516.0,370.0,1,1.0,0.6,0.4285714285714285,0.863525390625,0.6734162399965375,0.5404812693595886,-0.3333333333333333,0.0,0.0,-0.5,-0.1111111111111109,0.125,1.3333333333333333,0.6,0.4285714285714285,1.363525390625,0.7845273511076485,0.4154812693595886,0.03766164351005549,-0.5304131894972522,0.5680748330073078
810,2025-09-08,Gibraltar,Faroe Islands,0.0,1.0,FIFA World Cup qualification,Gibraltar,Gibraltar,0,2025,0,1,817,2025-07-10,199.0,196.0,-3.0,835.17,843.0,2025-07-10,141.0,141.0,0.0,1089.74,1085.0,-58.0,-254.57000000000005,1051.0,1248.0,-197.0,-1,-1.0,-1.0,-1.0,-1.0,-1.0,-1.0,-0.3333333333333333,-0.5,-0.5,-0.5,-0.5555555555555556,-0.625,-0.6666666666666667,-0.5,-0.5,-0.5,-0.4444444444444444,-0.375,0.16930592306126604,1.0036433950742927,-0.8343374720130267
808,2025-09-08,Panama,Guatemala,1.0,1.0,FIFA World Cup qualification,Panama City,Panama,0,2025,0,1,815,2025-07-10,30.0,33.0,3.0,1545.08,1518.0,2025-07-10,100.0,106.0,6.0,1235.64,1197.0,70.0,309.4399999999998,1726.0,1481.0,245.0,0,0.6666666666666666,0.4,0.2857142857142857,0.3577880859375,0.3832042398769467,0.3598836287856102,-0.3333333333333333,0.2,0.2,-0.5,-0.1111111111111109,0.125,1.0,0.2,0.0857142857142856,0.8577880859375,0.4943153509880577,0.2348836287856102,-0.613802925120465,3.5338262233450264,-4.147629148465492
807,2025-09-08,Switzerland,Slovenia,3.0,0.0,FIFA World Cup qualification,Basel,Switzerland,0,2025,0,1,814,2025-07-10,19.0,20.0,1.0,1635.09,1625.0,2025-07-10,50.0,51.0,1.0,1469.76,1463.0,31.0,165.32999999999993,1814.0,1752.0,62.0,1,0.6666666666666666,0.4,0.2857142857142857,0.63671875,0.5286287659401514,0.4888839721679687,0.0,0.0,0.0,0.0,0.0,0.0,0.6666666666666666,0.4,0.2857142857142857,0.63671875,0.5286287659401514,0.4888839721679687,0.45901659136039136,1.0201384083044982,-0.5611218169441068
815,2025-09-08,Kosovo,Sweden,2.0,0.0,FIFA World Cup qualification,Pristina,Kosovo,0,2025,0,1,822,2025-07-10,95.0,97.0,2.0,1247.71,1238.0,2025-07-10,29.0,28.0,-1.0,1545.43,1536.0,-66.0,-297.72,1527.0,1744.0,-217.0,1,-1.0,-1.0,-1.0,-1.0,-1.0,-1.0,0.0,0.0,0.0,0.0,0.2222222222222223,0.375,-1.0,-1.0,-1.0,-1.0,-1.2222222222222223,-1.375,-2.48,0.4901730103806227,-2.9701730103806225
843,2025-09-09,Ecuador,Argentina,1.0,0.0,FIFA World Cup qualification,Guayaquil,Ecuador,0,2025,0,1,851,2025-07-10,25.0,24.0,-1.0,1570.68,1568.0,2025-07-10,1.0,1.0,0.0,1885.36,1886.0,-24.0,-314.67999999999984,1910.0,2108.0,-198.0,1,0.0,0.2,0.4285714285714285,0.0552237480878829,0.1434509299366546,0.1936662712734602,0.6666666666666666,0.8,0.5714285714285714,0.730403823312372,0.6866887445085651,0.6514956993536929,-0.6666666666666666,-0.6000000000000001,-0.1428571428571428,-0.675180075224489,-0.5432378145719104,-0.4578294280802326,0.4294439521926418,0.6716259184729096,-0.24218196628026784
844,2025-09-09,Peru,Paraguay,0.0,1.0,FIFA World Cup qualification,Lima,Peru,0,2025,0,1,852,2025-07-10,42.0,42.0,0.0,1489.98,1483.0,2025-07-10,43.0,48.0,5.0,1486.68,1476.0,1.0,3.2999999999999545,1744.0,1775.0,-31.0,-1,-0.3333333333333333,-0.2,-0.2857142857142857,-0.5502277612686157,-0.4343738479889942,-0.3919293279957543,0.0,0.2,0.2857142857142857,-0.0815110206604003,0.0397125453865359,0.0972266368784176,-0.3333333333333333,-0.4,-0.5714285714285714,-0.4687167406082153,-0.4740863933755301,-0.4891559648741719,-0.19919655542635284,0.23746986694131053,-0.4366664223676634
845,2025-09-09,Bolivia,Brazil,1.0,0.0,FIFA World Cup qualification,El Alto,Bolivia,0,2025,0,1,853,2025-07-10,78.0,80.0,2.0,1315.71,1308.0,2025-07-10,5.0,5.0,0.0,1777.68,1776.0,-73.0,-461.97,1663.0,1996.0,-333.0,1,-0.3333333333333333,-0.4,-0.4285714285714285,-0.415008544921875,-0.3564570922835214,-0.3377677896060049,0.6666666666666666,0.4,0.2857142857142857,0.7241569738835096,0.5526816219456709,0.4657794285297804,-1.0,-0.8,-0.7142857142857142,-1.1391655188053846,-0.9091387142291923,-0.8035472181357854,-0.8977996569901052,-0.020549494181228756,-0.8772501628088765
846,2025-09-09,Venezuela,Colombia,3.0,6.0,FIFA World Cup qualification,Maturín,Venezuela,0,2025,0,1,854,2025-07-10,46.0,47.0,1.0,1477.02,1477.0,2025-07-10,14.0,14.0,0.0,1679.46,1679.0,-32.0,-202.44000000000003,1745.0,1977.0,-232.0,-1,-0.3333333333333333,-0.2,-0.2857142857142857,-0.6135785579681396,-0.4389290735012753,-0.3610624267654714,0.3333333333333333,0.0,-0.2857142857142857,0.4482099413871765,0.2118191753987855,0.1069050694352373,-0.6666666666666666,-0.2,0.0,-1.0617884993553162,-0.6507482489000609,-0.4679674962007087,0.4854745128553163,-0.05873590582266064,0.5442104186779769
847,2025-09-09,Chile,Uruguay,0.0,0.0,FIFA World Cup qualification,Santiago,Chile,0,2025,0,1,855,2025-07-10,57.0,52.0,-5.0,1441.62,1462.0,2025-07-10,16.0,13.0,-3.0,1670.75,1679.0,-41.0,-229.1300000000001,1689.0,1948.0,-259.0,0,-1.0,-0.8,-0.4285714285714285,-0.8981432914733887,-0.7776968023731337,-0.7082912672718749,0.3333333333333333,0.0,0.1428571428571428,0.5995473116636276,0.3583911392458788,0.2444668586888572,-1.3333333333333333,-0.8,-0.5714285714285714,-1.4976906031370163,-1.1360879416190124,-0.952758125960732,-0.7928651760089662,0.2525058450076073,-1.0453710210165736
848,2025-09-09,Burkina Faso,Egypt,0.0,0.0,FIFA World Cup qualification,Ouagadougou,Burkina Faso,0,2025,0,1,856,2025-07-10,63.0,64.0,1.0,1388.03,1385.0,2025-07-10,34.0,32.0,-2.0,1518.79,1519.0,-29.0,-130.76,1549.0,1657.0,-108.0,0,1.0,0.4,0.4285714285714285,0.8515625,0.6671239140374943,0.54351806640625,1.0,0.8,0.5714285714285714,0.90771484375,0.7878522733473705,0.7111936807632446,0.0,-0.4,-0.1428571428571428,-0.05615234375,-0.1207283593098762,-0.1676756143569946,-0.49688918558256406,0.4530214754090874,-0.9499106609916514
849,2025-09-09,Togo,Sudan,1.0,0.0,FIFA World Cup qualification,Lomé,Togo,0,2025,0,1,857,2025-07-10,120.0,120.0,0.0,1149.49,1149.0,2025-07-10,110.0,114.0,4.0,1173.59,1174.0,-10.0,-24.09999999999991,1368.0,1383.0,-15.0,1,-0.6666666666666666,-0.6,-0.4285714285714285,-0.8125,-0.6543209876543209,-0.54296875,-0.3333333333333333,0.2,0.2857142857142857,-0.390625,-0.1248285322359395,-0.006103515625,-0.3333333333333333,-0.8,-0.7142857142857142,-0.421875,-0.5294924554183813,-0.536865234375,-0.2111724134273837,0.5008631979467362,-0.7120356113741199
853,2025-09-09,South Africa,Nigeria,1.0,1.0,FIFA World Cup qualification,Bloemfontein,South Africa,0,2025,0,1,861,2025-07-10,56.0,56.0,0.0,1443.31,1445.0,2025-07-10,44.0,43.0,-1.0,1484.27,1481.0,-12.0,-40.96000000000004,1576.0,1657.0,-81.0,0,0.3333333333333333,0.4,0.2857142857142857,0.689697265625,0.5236749391434483,0.4467297494411468,0.6666666666666666,0.2,0.0,0.55078125,0.3583295229385763,0.2592010498046875,-0.3333333333333333,0.2,0.2857142857142857,0.138916015625,0.1653454162048719,0.1875286996364593,0.22817415389482537,-0.7439514690100131,0.9721256229048385
851,2025-09-09,Mauritania,South Sudan,0.0,0.0,FIFA World Cup qualification,Nouadhibou,Mauritania,0,2025,0,1,859,2025-07-10,111.0,110.0,-1.0,1173.04,1180.0,2025-07-10,169.0,170.0,1.0,975.6,976.0,58.0,197.44,1331.0,1136.0,195.0,0,0.0,-0.4,-0.2857142857142857,0.14453125,-0.1071483005639385,-0.2370147705078125,-0.6666666666666666,-0.6,-0.5714285714285714,-0.703125,-0.6680384087791496,-0.674072265625,0.6666666666666666,0.1999999999999999,0.2857142857142857,0.84765625,0.560890108215211,0.4370574951171875,-0.7986728183859164,-0.6622813705887285,-0.13639144779718793
852,2025-09-09,Zimbabwe,Rwanda,0.0,1.0,FIFA World Cup qualification,Johannesburg,South Africa,1,2025,0,1,860,2025-07-10,116.0,116.0,0.0,1157.45,1161.0,2025-07-10,127.0,130.0,3.0,1125.47,1127.0,11.0,31.98000000000001,1398.0,1271.0,127.0,-1,-0.3333333333333333,-0.6,-0.4285714285714285,-0.59375,-0.4979423868312757,-0.4345703125,-0.6666666666666666,-0.4,-0.1428571428571428,-0.578125,-0.4046639231824416,-0.304931640625,0.3333333333333333,-0.1999999999999999,-0.2857142857142857,-0.015625,-0.093278463648834,-0.129638671875,-0.2100950712973622,0.3683502286415007,-0.578445299938863
854,2025-09-09,Benin,Lesotho,4.0,0.0,FIFA World Cup qualification,Abidjan,Ivory Coast,1,2025,0,1,862,2025-07-10,96.0,95.0,-1.0,1238.97,1240.0,2025-07-10,148.0,148.0,0.0,1046.35,1046.0,52.0,192.6200000000001,1476.0,1221.0,255.0,1,0.0,0.4,0.1428571428571428,0.328125,0.1879286694101508,0.069091796875,0.0,0.0,0.0,-0.40625,-0.2181069958847736,-0.1357421875,0.0,0.4,0.1428571428571428,0.734375,0.4060356652949244,0.204833984375,-0.277131777437902,1.9204744719735451,-2.197606249411447
855,2025-09-09,Cape Verde,Cameroon,1.0,0.0,FIFA World Cup qualification,Praia,Cape Verde,0,2025,0,1,863,2025-07-10,73.0,72.0,-1.0,1343.68,1344.0,2025-07-10,51.0,50.0,-1.0,1466.97,1466.0,-22.0,-123.28999999999996,1472.0,1578.0,-106.0,1,1.0,0.6,0.5714285714285714,0.91748046875,0.7933467685029947,0.706864595413208,0.6666666666666666,0.6,0.2857142857142857,0.77099609375,0.6003846146608935,0.4804786443710327,0.3333333333333333,0.0,0.2857142857142857,0.146484375,0.1929621538421011,0.2263859510421753,-0.37937463236793434,-0.5163814278058203,0.13700679543788596
856,2025-09-09,Tanzania,Niger,0.0,1.0,FIFA World Cup qualification,Unguja,Tanzania,0,2025,0,1,864,2025-07-10,103.0,107.0,4.0,1209.14,1196.0,2025-07-10,121.0,122.0,1.0,1148.22,1143.0,18.0,60.92000000000007,1383.0,1337.0,46.0,-1,0.0,-0.2,-0.1428571428571428,-0.15625,-0.0960219478737996,-0.00732421875,-0.3333333333333333,-0.5,-0.5,-0.75,-0.7037037037037037,-0.71875,0.3333333333333333,0.3,0.3571428571428571,0.59375,0.607681755829904,0.71142578125,0.6504826753680124,-0.6998453083655608,1.3503279837335733
857,2025-09-09,DR Congo,Senegal,2.0,3.0,FIFA World Cup qualification,Kinshasa,DR Congo,0,2025,0,1,865,2025-07-10,61.0,61.0,0.0,1412.1,1407.0,2025-07-10,18.0,19.0,1.0,1635.1,1630.0,-43.0,-223.0,1540.0,1771.0,-231.0,-1,1.0,0.8,0.4285714285714285,0.933502197265625,0.7907163242468571,0.6660358337685466,0.6666666666666666,0.6,0.5714285714285714,0.826568603515625,0.7204058353248323,0.6521043605171144,0.3333333333333333,0.2,-0.1428571428571428,0.10693359375,0.0703104889220248,0.0139314732514321,0.3840867097841171,-0.6684253568490987,1.0525120666332157
850,2025-09-09,Sierra Leone,Ethiopia,2.0,0.0,FIFA World Cup qualification,Monrovia,Liberia,1,2025,0,1,858,2025-07-10,124.0,124.0,0.0,1140.06,1140.0,2025-07-10,146.0,147.0,1.0,1060.62,1061.0,22.0,79.44000000000005,1333.0,1276.0,57.0,1,0.0,0.2,0.0,-0.109375,-0.0521262002743483,-0.027099609375,-0.3333333333333333,-0.2,-0.2857142857142857,-0.390625,-0.3031550068587105,-0.262451171875,0.3333333333333333,0.4,0.2857142857142857,0.28125,0.2510288065843621,0.2353515625,-0.09892826489693302,0.4725183020709335,-0.5714465669678666
842,2025-09-09,Angola,Mauritius,3.0,1.0,FIFA World Cup qualification,Luanda,Angola,0,2025,0,1,850,2025-07-10,85.0,87.0,2.0,1279.55,1280.0,2025-07-10,177.0,178.0,1.0,921.61,922.0,92.0,357.93999999999994,1543.0,1094.0,449.0,1,-0.6666666666666666,-0.2,-0.1428571428571428,-0.71875,-0.4897119341563785,-0.3583984375,-0.6666666666666666,-0.4,-0.4285714285714285,-0.609375,-0.5363511659807956,-0.542236328125,0.0,0.2,0.2857142857142857,-0.109375,0.046639231824417,0.183837890625,0.43839667776085994,0.017740553740105396,0.42065612402075453
839,2025-09-09,Gabon,Ivory Coast,0.0,0.0,FIFA World Cup qualification,Franceville,Gabon,0,2025,0,1,846,2025-07-10,80.0,79.0,-1.0,1306.59,1310.0,2025-07-10,45.0,41.0,-4.0,1480.96,1487.0,-35.0,-174.37000000000012,1494.0,1579.0,-85.0,0,1.0,0.6,0.7142857142857143,0.9375,0.8683127572016461,0.841796875,1.0,0.8,0.8571428571428571,0.9326171875,0.859325870604639,0.8038039207458496,0.0,-0.2,-0.1428571428571428,0.0048828125,0.008986886597007,0.0379929542541503,0.5170857471189415,2.605552795227403,-2.0884670481084613
840,2025-09-09,Kenya,Seychelles,5.0,0.0,FIFA World Cup qualification,Nairobi,Kenya,0,2025,0,1,848,2025-07-10,109.0,111.0,2.0,1179.05,1179.0,2025-07-10,203.0,203.0,0.0,820.71,821.0,94.0,358.3399999999999,1376.0,859.0,517.0,1,-0.6666666666666666,-0.4,-0.2857142857142857,-0.75,-0.5994513031550068,-0.55615234375,-1.0,-1.0,-1.0,-1.0,-1.0,-1.0,0.3333333333333333,0.6,0.7142857142857143,0.25,0.4005486968449931,0.44384765625,-0.359401802227888,-4.90270137560249,4.543299573374602
826,2025-09-09,Namibia,São Tomé and Príncipe,3.0,0.0,FIFA World Cup qualification,Francistown,Botswana,1,2025,0,1,833,2025-07-10,108.0,108.0,0.0,1192.29,1192.0,2025-07-10,193.0,194.0,1.0,865.08,865.0,85.0,327.2099999999999,1380.0,1062.0,318.0,1,0.0,0.0,0.0,-0.375,-0.1412894375857337,0.00927734375,-1.0,-1.0,-1.0,-1.0,-1.0,-1.0,1.0,1.0,1.0,0.625,0.8587105624142662,1.00927734375,2.1184381661501064,-0.6636647642519428,2.7821029304020493
827,2025-09-09,Azerbaijan,Ukraine,1.0,1.0,FIFA World Cup qualification,Baku,Azerbaijan,0,2025,0,1,834,2025-07-10,122.0,119.0,-3.0,1148.01,1151.0,2025-07-10,26.0,25.0,-1.0,1557.21,1560.0,-96.0,-409.2000000000001,1365.0,1799.0,-434.0,0,-1.0,-1.0,-1.0,-1.0,-1.0,-1.0,-0.6666666666666666,-0.25,-0.25,-0.5,-0.185185185185185,0.03125,-0.3333333333333333,-0.75,-0.75,-0.5,-0.814814814814815,-1.03125,-4.04,1.355045796865459,-5.395045796865459
828,2025-09-09,France,Iceland,2.0,1.0,FIFA World Cup qualification,Paris,France,0,2025,0,1,835,2025-07-10,3.0,3.0,0.0,1862.03,1853.0,2025-07-10,74.0,74.0,0.0,1337.93,1337.0,71.0,524.0999999999999,2055.0,1550.0,505.0,1,0.0,0.2,0.2857142857142857,0.32373046875,0.2704514706242085,0.2914587259292602,1.0,1.0,1.0,1.0,1.0,1.0,-1.0,-0.8,-0.7142857142857143,-0.67626953125,-0.7295485293757915,-0.7085412740707397,1.1885740073361257,4.04,-2.8514259926638745
841,2025-09-09,Gambia,Burundi,2.0,0.0,FIFA World Cup qualification,Nairobi,Kenya,1,2025,0,1,849,2022-03-31,123.0,125.0,2.0,1138.19,1135.18,2025-07-10,139.0,140.0,1.0,1092.51,1086.0,16.0,45.680000000000064,1443.0,1291.0,152.0,1,0.0,0.0,-0.2857142857142857,0.1875,-0.0534979423868314,-0.201171875,-0.3333333333333333,0.0,0.0,-0.3125,-0.1165980795610424,0.02099609375,0.3333333333333333,0.0,-0.2857142857142857,0.5,0.063100137174211,-0.22216796875,-0.682146205897585,1.3417865137951546,-2.0239327196927395
830,2025-09-09,Hungary,Portugal,2.0,3.0,FIFA World Cup qualification,Budapest,Hungary,0,2025,0,1,837,2025-07-10,38.0,37.0,-1.0,1500.73,1503.0,2025-07-10,6.0,7.0,1.0,1770.53,1750.0,-32.0,-269.79999999999995,1701.0,1993.0,-292.0,-1,0.0,-0.25,-0.25,0.0,-0.2222222222222223,-0.375,0.3333333333333333,0.2,0.1428571428571428,0.48046875,0.3475588070924147,0.3218917846679687,-0.3333333333333333,-0.45,-0.3928571428571428,-0.48046875,-0.569781029314637,-0.6968917846679688,-1.6293995522084266,0.9247978352246214,-2.554197387433048
831,2025-09-09,Bosnia and Herzegovina,Austria,1.0,2.0,FIFA World Cup qualification,Zenica,Bosnia and Herzegovina,0,2025,0,1,838,2025-07-10,72.0,70.0,-2.0,1349.11,1351.0,2025-07-10,22.0,22.0,0.0,1591.25,1580.0,-50.0,-242.1400000000001,1485.0,1871.0,-386.0,-1,1.0,1.0,1.0,1.0,1.0,1.0,1.0,0.6,0.4285714285714285,0.84375,0.6268861454046638,0.43310546875,0.0,0.4,0.5714285714285714,0.15625,0.3731138545953362,0.56689453125,1.5230856910238142,-0.48952685519846184,2.012612546222276
829,2025-09-09,Armenia,Republic of Ireland,2.0,1.0,FIFA World Cup qualification,Yerevan,Armenia,0,2025,0,1,836,2025-07-10,105.0,102.0,-3.0,1204.77,1208.0,2025-07-10,60.0,60.0,0.0,1412.76,1412.0,-45.0,-207.99,1470.0,1633.0,-163.0,1,-1.0,-1.0,-1.0,-1.0,-1.0,-1.0,0.0,0.0,0.0,0.0,0.0,0.0,-1.0,-1.0,-1.0,-1.0,-1.0,-1.0,-3.02,0.44,-3.46
833,2025-09-09,Jamaica,Trinidad and Tobago,2.0,0.0,FIFA World Cup qualification,Kingston,Jamaica,0,2025,0,1,840,2025-04-03,63.0,62.0,-1.0,1387.49,1391.0,2025-07-10,101.0,100.0,-1.0,1229.11,1230.0,38.0,158.3800000000001,1588.0,1395.0,193.0,1,1.0,0.2,0.4285714285714285,0.8056640625,0.6014157733407847,0.4494047164916992,0.0,0.2,0.2,-0.0625,0.0246913580246914,0.05859375,1.0,0.0,0.2285714285714285,0.8681640625,0.5767244153160933,0.3908109664916992,-0.2770254455783856,-0.8237375031429222,0.5467120575645366
834,2025-09-09,Albania,Latvia,1.0,0.0,FIFA World Cup qualification,Tirana,Albania,0,2025,0,1,841,2025-07-10,68.0,66.0,-2.0,1373.15,1376.0,2025-07-10,137.0,138.0,1.0,1099.3,1092.0,69.0,273.85000000000014,1627.0,1301.0,326.0,1,0.3333333333333333,-0.2,-0.1666666666666666,0.03125,-0.0164609053497942,-0.0439453125,-0.6666666666666666,-0.25,-0.25,-0.5,-0.185185185185185,0.03125,1.0,0.0499999999999999,0.0833333333333333,0.53125,0.1687242798353907,-0.0751953125,0.7972713871889916,0.4466476694484022,0.3506237177405894
835,2025-09-09,Serbia,England,0.0,5.0,FIFA World Cup qualification,Belgrade,Serbia,0,2025,0,1,842,2025-07-10,32.0,31.0,-1.0,1523.03,1524.0,2025-07-10,4.0,4.0,0.0,1813.32,1819.0,-28.0,-290.29,1838.0,2006.0,-168.0,-1,0.6666666666666666,0.0,-0.1428571428571428,0.640625,0.3031550068587104,0.074951171875,1.0,0.6,0.5714285714285714,0.926239013671875,0.8085228373143682,0.7279307907447219,-0.3333333333333333,-0.6,-0.7142857142857142,-0.285614013671875,-0.5053678304556579,-0.6529796188697219,-1.2179986402110337,1.3837755621707444,-2.601774202381778
836,2025-09-09,Curaçao,Bermuda,3.0,2.0,FIFA World Cup qualification,Willemstad,Curaçao,0,2025,0,1,843,2025-07-10,86.0,90.0,4.0,1277.22,1265.0,2025-07-10,162.0,168.0,6.0,1000.04,978.0,76.0,277.18000000000006,1335.0,1169.0,166.0,1,0.6666666666666666,0.8,0.8,0.5,0.6666666666666667,0.75,0.3333333333333333,0.0,0.0,-0.1875,-0.0617283950617283,-0.02734375,0.3333333333333333,0.8,0.8,0.6875,0.7283950617283951,0.77734375,1.3463825864153924,0.45472899031381325,0.8916535961015792
837,2025-09-09,Costa Rica,Haiti,3.0,3.0,FIFA World Cup qualification,San José,Costa Rica,0,2025,0,1,844,2025-07-10,40.0,54.0,14.0,1493.85,1459.0,2025-07-10,90.0,83.0,-7.0,1261.42,1292.0,50.0,232.42999999999984,1658.0,1538.0,120.0,0,0.6666666666666666,0.4,0.4285714285714285,0.4169845581054687,0.453002881837775,0.4517518393113278,0.0,0.4,0.4,0.0,0.2222222222222223,0.375,0.6666666666666666,0.0,0.0285714285714285,0.4169845581054687,0.2307806596155526,0.0767518393113277,0.414002389296002,-0.43784341662575876,0.8518458059217608
838,2025-09-09,Honduras,Nicaragua,2.0,0.0,FIFA World Cup qualification,Tegucigalpa,Honduras,0,2025,0,1,845,2025-07-10,66.0,75.0,9.0,1379.84,1334.0,2025-07-10,130.0,133.0,3.0,1120.02,1114.0,64.0,259.81999999999994,1562.0,1325.0,237.0,1,0.6666666666666666,0.8,0.2857142857142857,0.44140625,0.4228014022252704,0.3087615966796875,0.0,0.4,0.4,0.0,0.2222222222222223,0.375,0.6666666666666666,0.4,-0.1142857142857143,0.44140625,0.2005791800030481,-0.0662384033203125,-0.7370752461460588,1.9569406496569726,-2.694015895803031
832,2025-09-09,Cyprus,Romania,2.0,2.0,FIFA World Cup qualification,Nicosia,Cyprus,0,2025,0,1,839,2025-07-10,128.0,129.0,1.0,1124.35,1128.0,2025-07-10,48.0,45.0,-3.0,1474.46,1479.0,-80.0,-350.1100000000001,1299.0,1681.0,-382.0,0,-1.0,-0.5,-0.5,-0.75,-0.4074074074074072,-0.15625,0.3333333333333333,-0.2,-0.3333333333333333,0.25,-0.0370370370370371,-0.21875,-1.3333333333333333,-0.3,-0.1666666666666666,-1.0,-0.3703703703703701,0.0625,0.387901485853857,-1.010611744703868,1.398513230557725
864,2025-10-08,Ethiopia,Guinea-Bissau,1.0,0.0,FIFA World Cup qualification,Kigali,Rwanda,1,2025,0,1,872,2025-09-18,147.0,146.0,-1.0,1046.41,1061.0,2025-09-18,130.0,131.0,1.0,1126.81,1120.0,-17.0,-80.39999999999986,1250.0,1411.0,-161.0,1,-0.3333333333333333,-0.4,-0.4285714285714285,-0.6953125,-0.5354366712391403,-0.44683837890625,0.0,-0.2,-0.2857142857142857,0.30859375,0.0766651425087638,-0.0072174072265625,-0.3333333333333333,-0.2,-0.1428571428571428,-1.00390625,-0.6121018137479041,-0.4396209716796875,0.3529584019491139,0.6080905748741043,-0.25513217292499046
868,2025-10-08,Saudi Arabia,Indonesia,3.0,2.0,FIFA World Cup qualification,Jeddah,Saudi Arabia,0,2025,0,1,876,2025-09-18,59.0,59.0,0.0,1420.65,1415.0,2025-09-18,119.0,118.0,-1.0,1157.94,1155.0,60.0,262.71000000000004,1536.0,1357.0,179.0,1,0.0,0.0,0.0,-0.2208724617958068,-0.0837643736896098,-0.0354351683221687,0.3333333333333333,0.2,-0.1428571428571428,-0.1793136596679687,-0.0650206387681955,-0.0421671357398736,-0.3333333333333333,-0.2,0.1428571428571428,-0.0415588021278381,-0.0187437349214143,0.0067319674177048,0.0034464850567429636,1.842723005699568,-1.839276520642825
869,2025-10-08,Qatar,Oman,0.0,0.0,FIFA World Cup qualification,Al Rayyan,Qatar,0,2025,0,1,877,2025-09-18,53.0,53.0,0.0,1453.65,1460.0,2025-09-18,78.0,79.0,1.0,1321.97,1314.0,25.0,131.68000000000006,1524.0,1501.0,23.0,0,-0.3333333333333333,-0.2,-0.1428571428571428,-0.3322832584381103,-0.1880649090842282,-0.1067530977328203,0.0,-0.2,-0.1428571428571428,-0.1470670700073242,-0.1204503696527808,-0.1023285111850782,-0.3333333333333333,0.0,0.0,-0.1852161884307861,-0.0676145394314473,-0.0044245865477421,-0.8546099407319726,-0.22356625441376457,-0.6310436863182081
870,2025-10-08,Eswatini,Angola,2.0,2.0,FIFA World Cup qualification,Lobamba,Eswatini,0,2025,0,1,878,2025-09-18,159.0,155.0,-4.0,1010.06,1023.0,2025-09-18,89.0,85.0,-4.0,1268.72,1280.0,-70.0,-258.6600000000001,1233.0,1571.0,-338.0,0,-0.6666666666666666,-0.6,-0.7142857142857143,-0.8125,-0.7530864197530864,-0.75390625,-0.3333333333333333,-0.2,0.0,0.140625,0.0068587105624142,-0.018798828125,-0.3333333333333333,-0.3999999999999999,-0.7142857142857143,-0.953125,-0.7599451303155007,-0.735107421875,-0.5272222864550716,0.4220204025984564,-0.949242689053528
865,2025-10-08,Libya,Cape Verde,3.0,3.0,FIFA World Cup qualification,Tripoli,Libya,0,2025,0,1,873,2025-09-18,112.0,117.0,5.0,1179.56,1155.0,2025-07-10,73.0,72.0,-1.0,1343.68,1344.0,-39.0,-164.12000000000012,1347.0,1472.0,-125.0,0,0.3333333333333333,0.0,0.1428571428571428,0.6171875,0.4439871970736168,0.41058349609375,1.0,1.0,0.5714285714285714,0.958740234375,0.8622311790019964,0.780148446559906,-0.6666666666666667,-1.0,-0.4285714285714285,-0.341552734375,-0.4182439819283796,-0.369564950466156,0.606746712659959,-0.2723525951698205,0.8790993078297795
863,2025-10-08,Mauritius,Cameroon,0.0,2.0,FIFA World Cup qualification,Saint Pierre,Mauritius,0,2025,0,1,871,2025-09-18,179.0,177.0,-2.0,912.24,922.0,2025-09-18,52.0,51.0,-1.0,1455.42,1467.0,-127.0,-543.1800000000001,1084.0,1579.0,-495.0,-1,-0.6666666666666666,-0.4,-0.4285714285714285,-0.8046875,-0.6909007773205303,-0.65667724609375,0.3333333333333333,0.2,0.1428571428571428,-0.114501953125,0.0669230764405958,0.1103589832782745,-1.0,-0.6000000000000001,-0.5714285714285714,-0.690185546875,-0.7578238537611262,-0.7670362293720245,0.0072852270495109665,-0.5707119320525368,0.5779971591020477
866,2025-10-08,Djibouti,Egypt,0.0,3.0,FIFA World Cup qualification,Casablanca,Morocco,1,2025,0,1,874,2025-09-18,193.0,191.0,-2.0,855.91,866.0,2025-09-18,35.0,34.0,-1.0,1519.18,1519.0,-158.0,-663.2700000000001,752.0,1657.0,-905.0,-1,-1.0,-0.8,-0.8571428571428571,-0.96875,-0.934156378600823,-0.9208984375,0.6666666666666666,0.6,0.5714285714285714,0.453857421875,0.5252348488982471,0.5333952605724335,-1.6666666666666663,-1.4,-1.4285714285714284,-1.422607421875,-1.45939122749907,-1.4542936980724337,-2.3048703311471685,0.3922555062673764,-2.697125837414545
861,2025-10-08,Comoros,Madagascar,1.0,2.0,FIFA World Cup qualification,Abidjan,Ivory Coast,1,2025,0,1,869,2025-09-18,105.0,107.0,2.0,1201.83,1199.0,2025-09-18,108.0,115.0,7.0,1187.61,1163.0,3.0,14.220000000000027,1340.0,1325.0,15.0,-1,0.3333333333333333,0.2,0.1428571428571428,0.34375,0.2702331961591221,0.29541015625,0.3333333333333333,0.4,0.5714285714285714,0.703125,0.5208047553726565,0.3726806640625,0.0,-0.2,-0.4285714285714285,-0.359375,-0.2505715592135343,-0.0772705078125,1.2776802378068812,0.28448738293794695,0.9931928548689343
867,2025-10-08,Sierra Leone,Burkina Faso,0.0,1.0,FIFA World Cup qualification,Monrovia,Liberia,1,2025,0,1,875,2025-09-18,122.0,124.0,2.0,1150.1,1140.0,2025-09-18,64.0,63.0,-1.0,1385.36,1388.0,-58.0,-235.26,1353.0,1508.0,-155.0,-1,0.0,0.2,0.1428571428571428,0.4453125,0.2985825331504343,0.22967529296875,0.6666666666666666,0.6,0.2857142857142857,0.42578125,0.4447492760249962,0.4076385498046875,-0.6666666666666666,-0.3999999999999999,-0.1428571428571428,0.01953125,-0.1461667428745619,-0.1779632568359375,-0.0013442493147604873,-0.4335427629012368,0.4321985135864763
858,2025-10-08,Niger,Congo,3.0,1.0,FIFA World Cup qualification,Ouagadougou,Burkina Faso,1,2025,0,1,866,2025-09-18,117.0,121.0,4.0,1158.73,1148.0,2025-09-18,133.0,132.0,-1.0,1119.76,1116.0,16.0,38.97000000000003,1362.0,1261.0,101.0,1,-0.3333333333333333,-0.2,-0.2,0.125,-0.1358024691358026,-0.2890625,-0.6666666666666666,-0.6666666666666666,-0.6666666666666666,-0.5,-0.6666666666666667,-0.75,0.3333333333333333,0.4666666666666666,0.4666666666666666,0.625,0.5308641975308641,0.4609375,-0.5786779372852338,-1.5182698961937713,0.9395919589085375
859,2025-10-08,Chad,Mali,0.0,2.0,FIFA World Cup qualification,N'Djamena,Chad,0,2025,0,1,867,2025-09-18,175.0,175.0,0.0,925.82,925.0,2025-09-18,56.0,54.0,-2.0,1445.83,1455.0,-119.0,-520.0099999999999,1150.0,1631.0,-481.0,-1,-0.6666666666666666,-0.8,-0.8571428571428571,-0.75,-0.7777777777777778,-0.8125,0.0,0.2,-0.1428571428571428,-0.208740234375,-0.0744259475652047,-0.0534217953681945,-0.6666666666666666,-1.0,-0.7142857142857142,-0.541259765625,-0.7033518302125731,-0.7590782046318054,0.2529129594372891,-0.5013199736123293,0.7542329330496184
860,2025-10-08,Central African Republic,Ghana,0.0,5.0,FIFA World Cup qualification,El Jadida,Morocco,1,2025,0,1,868,2025-09-18,140.0,134.0,-6.0,1081.36,1108.0,2025-09-18,75.0,76.0,1.0,1340.84,1333.0,-65.0,-259.48,1250.0,1429.0,-179.0,-1,-0.6666666666666666,-0.8,-0.4285714285714285,-0.8359375,-0.7347965249199817,-0.69622802734375,0.6666666666666666,0.8,0.7142857142857143,0.73175048828125,0.6710925786890946,0.5962214507162571,-1.3333333333333333,-1.6,-1.1428571428571428,-1.56768798828125,-1.4058891036090762,-1.292449478060007,-1.4615776985270894,0.40762498702721434,-1.8692026855543038
862,2025-10-08,Tanzania,Zambia,0.0,1.0,FIFA World Cup qualification,Unguja,Tanzania,0,2025,0,1,870,2025-09-18,107.0,103.0,-4.0,1199.43,1209.0,2025-09-18,85.0,83.0,-2.0,1273.0,1285.0,-22.0,-73.56999999999994,1363.0,1523.0,-160.0,-1,-0.6666666666666666,-0.2,-0.4285714285714285,-0.578125,-0.3973479652491997,-0.2554931640625,-1.0,-0.8,-0.5714285714285714,-0.9375,-0.7585733882030177,-0.56494140625,0.3333333333333333,0.6000000000000001,0.1428571428571428,0.359375,0.3612254229538179,0.3094482421875,0.5322189885816587,0.8878275513163734,-0.35560856273471464
871,2025-10-09,Austria,San Marino,10.0,0.0,FIFA World Cup qualification,Vienna,Austria,0,2025,0,1,879,2025-09-18,22.0,22.0,0.0,1601.86,1591.0,2025-09-18,210.0,210.0,0.0,733.23,738.0,188.0,868.6299999999999,1871.0,841.0,1030.0,1,1.0,0.6,0.7142857142857143,0.921875,0.7512574302697759,0.5748291015625,-1.0,-1.0,-1.0,-1.0,-1.0,-1.0,2.0,1.6,1.7142857142857144,1.921875,1.751257430269776,1.5748291015625,-0.46073115783384644,-0.4555812310676356,-0.005149926766210844
872,2025-10-09,Nicaragua,Haiti,0.0,3.0,FIFA World Cup qualification,Managua,Nicaragua,0,2025,0,1,880,2025-09-18,132.0,130.0,-2.0,1120.77,1120.0,2025-09-18,87.0,90.0,3.0,1269.23,1261.0,-45.0,-148.46000000000004,1331.0,1538.0,-207.0,-1,-0.6666666666666666,0.0,0.1666666666666666,-0.5,-0.185185185185185,0.03125,-0.3333333333333333,0.2,0.3333333333333333,0.0,0.1481481481481482,0.28125,-0.3333333333333333,-0.2,-0.1666666666666666,-0.5,-0.3333333333333332,-0.25,1.7994735526183272,-0.3532643921183612,2.1527379447366886
873,2025-10-09,Liberia,Namibia,3.0,1.0,FIFA World Cup qualification,Monrovia,Liberia,0,2025,0,1,881,2025-09-18,144.0,144.0,0.0,1065.62,1068.0,2025-09-18,109.0,108.0,-1.0,1183.79,1192.0,-35.0,-118.17000000000009,1256.0,1363.0,-107.0,1,0.0,0.0,0.1428571428571428,-0.15625,-0.1362597165066301,-0.1622314453125,0.0,0.2,0.0,0.3125,0.2391403749428441,0.2569580078125,0.0,-0.2,0.1428571428571428,-0.46875,-0.3754000914494741,-0.419189453125,-0.0580508330005736,2.0702947446118647,-2.1283455776124383
874,2025-10-09,Czech Republic,Croatia,0.0,0.0,FIFA World Cup qualification,Prague,Czech Republic,0,2025,0,1,882,2022-03-31,33.0,31.0,-2.0,1500.62,1510.42,2025-09-18,9.0,10.0,1.0,1714.21,1708.0,-24.0,-213.5900000000001,1753.0,1886.0,-133.0,0,0.3333333333333333,0.6,0.2857142857142857,0.4453125,0.3214449016918152,0.19488525390625,1.0,0.8,0.4285714285714285,0.9317626953125,0.782277493331025,0.6553609520196915,-0.6666666666666667,-0.2,-0.1428571428571428,-0.4864501953125,-0.4608325916392098,-0.4604756981134414,-0.6297207569204524,0.19191684095064046,-0.8216375978710928
876,2025-10-09,Cyprus,Bosnia and Herzegovina,2.0,2.0,FIFA World Cup qualification,Larnaca,Cyprus,0,2025,0,1,884,2025-09-18,128.0,128.0,0.0,1128.11,1124.0,2025-09-18,73.0,72.0,-1.0,1344.25,1349.0,-55.0,-216.1400000000001,1311.0,1485.0,-174.0,0,-0.6666666666666666,-0.4,-0.4,-0.375,-0.2716049382716048,-0.1171875,0.3333333333333333,0.6,0.6,0.0,0.3333333333333335,0.5,-1.0,-1.0,-1.0,-0.375,-0.6049382716049383,-0.6171875,0.4592013984506889,1.433492415081237,-0.9742910166305481
877,2025-10-09,Honduras,Costa Rica,0.0,0.0,FIFA World Cup qualification,San Pedro Sula,Honduras,0,2025,0,1,885,2025-09-18,65.0,66.0,1.0,1383.99,1380.0,2025-09-18,47.0,40.0,-7.0,1481.14,1494.0,-18.0,-97.15000000000008,1585.0,1666.0,-81.0,0,0.6666666666666666,0.8,0.5714285714285714,0.720703125,0.6152009348168469,0.4815711975097656,0.3333333333333333,0.6,0.2857142857142857,0.2084922790527343,0.3020019212251834,0.3388138794834958,0.3333333333333333,0.2,0.2857142857142857,0.5122108459472656,0.3131990135916635,0.1427573180262697,-0.6513649375492317,0.33082577816094305,-0.9821907157101748
879,2025-10-09,Scotland,Greece,3.0,1.0,FIFA World Cup qualification,Glasgow,Scotland,0,2025,0,1,887,2025-09-18,43.0,47.0,4.0,1485.08,1475.0,2025-09-18,40.0,39.0,-1.0,1494.71,1498.0,-3.0,-9.63000000000011,1759.0,1838.0,-79.0,1,0.0,-0.2,-0.3333333333333333,0.3125,-0.0123456790123458,-0.20703125,0.0,0.0,0.0,0.0,0.3333333333333335,0.5,0.0,-0.2,-0.3333333333333333,0.3125,-0.3456790123456793,-0.70703125,-1.3944991643524665,2.5176470588235293,-3.912146223175996
880,2025-10-09,Belarus,Denmark,0.0,6.0,FIFA World Cup qualification,Zalaegerszeg,Hungary,1,2025,0,1,888,2025-09-18,100.0,97.0,-3.0,1223.55,1237.0,2025-09-18,20.0,21.0,1.0,1627.64,1621.0,-80.0,-404.09000000000015,1492.0,1864.0,-372.0,-1,-1.0,-1.0,-1.0,-1.0,-1.0,-1.0,0.0,-0.2,-0.2857142857142857,0.328125,0.0754458161865568,-0.029052734375,-1.0,-0.8,-0.7142857142857143,-1.328125,-1.0754458161865568,-0.970947265625,-2.7317647058823527,-0.4007201984590908,-2.331044507423262
881,2025-10-09,Malawi,Equatorial Guinea,3.0,0.0,FIFA World Cup qualification,Lilongwe,Malawi,0,2025,0,1,889,2025-09-18,126.0,129.0,3.0,1133.6,1121.0,2025-09-18,95.0,93.0,-2.0,1248.68,1252.0,-31.0,-115.08000000000015,1256.0,1522.0,-266.0,1,0.0,-0.4,-0.2857142857142857,0.046875,-0.0173754000914494,0.0106201171875,0.0,0.4,0.2857142857142857,-0.171875,-0.0196616369455875,-0.0262451171875,0.0,-0.8,-0.5714285714285714,0.21875,0.002286236854138,0.036865234375,0.35947946134728553,-2.180494072847163,2.5399735341944485
882,2025-10-09,Mozambique,Guinea,1.0,2.0,FIFA World Cup qualification,Maputo,Mozambique,0,2025,0,1,890,2025-09-18,97.0,99.0,2.0,1234.04,1236.0,2025-09-18,81.0,81.0,0.0,1299.48,1293.0,-16.0,-65.44000000000005,1432.0,1466.0,-34.0,-1,-0.3333333333333333,0.2,0.2857142857142857,0.23046875,0.1606293078629612,0.1699428558349609,0.0,-0.2,-0.1428571428571428,0.09765625,0.0163592948229436,-0.0007095336914062,-0.3333333333333333,0.4,0.4285714285714285,0.1328125,0.1442700130400176,0.1706523895263672,0.03306270252609143,0.17550523011571506,-0.14244252758962364
883,2025-10-09,Botswana,Uganda,0.0,1.0,FIFA World Cup qualification,Francistown,Botswana,0,2025,0,1,891,2025-09-18,139.0,135.0,-4.0,1087.27,1101.0,2025-09-18,82.0,88.0,6.0,1287.61,1269.0,-57.0,-200.33999999999992,1326.0,1389.0,-63.0,-1,-0.3333333333333333,-0.2,-0.1428571428571428,-0.671875,-0.5134887974394147,-0.4715576171875,1.0,0.2,0.4285714285714285,0.796875,0.5537265660722449,0.3638916015625,-1.3333333333333333,-0.4,-0.5714285714285714,-1.46875,-1.0672153635116597,-0.83544921875,-0.09484948975306555,-0.4217813558119101,0.32693186605884456
884,2025-10-09,Algeria,Somalia,3.0,0.0,FIFA World Cup qualification,Bir El Djir,Algeria,0,2025,0,1,892,2025-09-18,38.0,36.0,-2.0,1500.73,1504.0,2025-09-18,201.0,200.0,-1.0,824.75,832.0,163.0,675.98,1685.0,857.0,828.0,1,0.6666666666666666,0.8,0.2857142857142857,0.44677734375,0.4801247927803839,0.4628416299819946,-1.0,-0.8,-0.8571428571428571,-0.9375,-0.9012345679012346,-0.89453125,1.6666666666666663,1.6,1.1428571428571428,1.38427734375,1.3813593606816186,1.3573728799819946,0.3280489028184956,0.9265397974321568,-0.5984908946136611
885,2025-10-09,Burundi,Kenya,0.0,1.0,FIFA World Cup qualification,Bujumbura,Burundi,0,2025,0,1,893,2025-09-18,141.0,139.0,-2.0,1077.05,1093.0,2025-09-18,111.0,109.0,-2.0,1181.64,1179.0,-30.0,-104.59000000000016,1268.0,1341.0,-73.0,-1,-0.3333333333333333,-0.2,-0.2857142857142857,-0.65625,-0.4110653863740282,-0.2342529296875,-0.3333333333333333,-0.2,0.0,0.125,-0.0663008687700046,-0.1671142578125,0.0,0.0,-0.2857142857142857,-0.78125,-0.3447645176040235,-0.067138671875,1.1640343659248513,-0.15473110797918865,1.31876547390404
886,2025-10-09,Malta,Netherlands,0.0,4.0,FIFA World Cup qualification,Ta' Qali,Malta,0,2025,0,1,894,2025-09-18,166.0,168.0,2.0,982.43,977.0,2025-09-18,7.0,7.0,0.0,1754.17,1758.0,-159.0,-771.7400000000001,1260.0,1938.0,-678.0,-1,-0.3333333333333333,-0.6,-0.6,-0.375,-0.5185185185185186,-0.609375,0.6666666666666666,0.4,0.5714285714285714,0.67718505859375,0.5865726915645909,0.5425090081989765,-1.0,-1.0,-1.1714285714285713,-1.05218505859375,-1.1050912100831094,-1.1518840081989763,0.5943168783898661,1.0273159907084926,-0.4329991123186264
878,2025-10-09,Finland,Lithuania,2.0,1.0,FIFA World Cup qualification,Helsinki,Finland,0,2025,0,1,886,2025-09-18,71.0,69.0,-2.0,1358.71,1372.0,2025-09-18,145.0,143.0,-2.0,1065.34,1069.0,74.0,293.3700000000001,1556.0,1293.0,263.0,1,-0.3333333333333333,0.0,0.0,-0.3125,-0.0617283950617282,0.11328125,-0.3333333333333333,-0.4,-0.4,-0.5625,-0.5308641975308642,-0.56640625,0.0,0.4,0.4,0.25,0.4691358024691359,0.6796875,-0.8649484560769147,1.0125180493528574,-1.8774665054297721
875,2025-10-09,Faroe Islands,Montenegro,4.0,0.0,FIFA World Cup qualification,Tórshavn,Faroe Islands,0,2025,0,1,883,2025-09-18,136.0,141.0,5.0,1094.46,1090.0,2025-09-18,80.0,77.0,-3.0,1314.05,1327.0,-56.0,-219.58999999999992,1248.0,1516.0,-268.0,1,0.3333333333333333,-0.2,-0.2,0.25,-0.0370370370370371,-0.21875,-1.0,-0.2,-0.2,-0.75,-0.4074074074074072,-0.15625,1.3333333333333333,0.0,0.0,1.0,0.3703703703703701,-0.0625,0.9351937835993342,-0.6556830018797668,1.590876785479101
906,2025-10-10,Togo,DR Congo,0.0,1.0,FIFA World Cup qualification,Lomé,Togo,0,2025,0,1,914,2025-09-18,120.0,120.0,0.0,1151.07,1149.0,2025-09-18,60.0,61.0,1.0,1407.6,1412.0,-60.0,-256.53,1360.0,1540.0,-180.0,-1,-0.3333333333333333,-0.4,-0.2857142857142857,0.09375,-0.102880658436214,-0.1572265625,0.3333333333333333,0.6,0.4285714285714285,-0.0332489013671875,0.1938108828312382,0.2495268753264099,-0.6666666666666666,-1.0,-0.7142857142857142,0.1269989013671875,-0.2966915412674522,-0.4067534378264099,-0.12816227146106698,0.35325807979681606,-0.4814203512578831
887,2025-10-10,Sweden,Switzerland,0.0,2.0,FIFA World Cup qualification,Solna,Sweden,0,2025,0,1,895,2025-09-18,32.0,29.0,-3.0,1524.63,1545.0,2025-09-18,17.0,19.0,2.0,1648.29,1635.0,-15.0,-123.65999999999984,1744.0,1814.0,-70.0,-1,-0.6666666666666666,-0.25,-0.25,-0.5,-0.185185185185185,0.03125,0.6666666666666666,0.6,0.5714285714285714,0.818359375,0.6857525106267676,0.6166629791259766,-1.3333333333333333,-0.85,-0.8214285714285714,-1.318359375,-0.8709376958119526,-0.5854129791259766,0.26604518624058604,0.5720156153980154,-0.30597042915742934
905,2025-10-10,South Sudan,Senegal,0.0,5.0,FIFA World Cup qualification,Juba,South Sudan,0,2025,0,1,913,2025-09-18,169.0,169.0,0.0,976.55,976.0,2025-09-18,18.0,18.0,0.0,1645.22,1635.0,-151.0,-668.6700000000001,1139.0,1771.0,-632.0,-1,-0.3333333333333333,-0.6,-0.4285714285714285,-0.3515625,-0.4453589391860997,-0.50555419921875,1.0,0.8,0.5714285714285714,0.9132843017578124,0.8136038902165548,0.7390782703878358,-1.3333333333333333,-1.4,-1.0,-1.2648468017578125,-1.2589628294026545,-1.2446324696065858,-0.5550883487893915,-0.6208709240932694,0.06578257530387788
907,2025-10-10,Germany,Luxembourg,4.0,0.0,FIFA World Cup qualification,Sinsheim,Germany,0,2025,0,1,915,2025-09-18,12.0,9.0,-3.0,1704.27,1717.0,2025-09-18,96.0,92.0,-4.0,1242.61,1260.0,84.0,461.6600000000001,1971.0,1455.0,516.0,1,-0.3333333333333333,0.0,0.2857142857142857,0.212890625,0.12838490067571,0.0894508361816406,-1.0,-1.0,-1.0,-1.0,-1.0,-1.0,0.6666666666666667,1.0,1.2857142857142856,1.212890625,1.12838490067571,1.0894508361816406,-0.48506699173262613,-1.4988235294117647,1.0137565376791384
903,2025-10-10,Lesotho,Nigeria,1.0,2.0,FIFA World Cup qualification,Polokwane,South Africa,1,2025,0,1,911,2025-09-18,153.0,148.0,-5.0,1034.11,1046.0,2025-09-18,45.0,44.0,-1.0,1483.85,1484.0,-108.0,-449.74,1198.0,1584.0,-386.0,-1,-0.6666666666666666,-0.4,-0.1428571428571428,-0.703125,-0.4787379972565156,-0.351806640625,0.3333333333333333,0.2,0.0,0.275390625,0.2388863486257176,0.1944007873535156,-1.0,-0.6000000000000001,-0.1428571428571428,-0.978515625,-0.7176243458822332,-0.5462074279785156,1.6333877383280424,-0.7143072649506006,2.347695003278643
902,2025-10-10,Rwanda,Benin,0.0,1.0,FIFA World Cup qualification,Kigali,Rwanda,0,2025,0,1,910,2025-09-18,127.0,127.0,0.0,1133.5,1125.0,2025-09-18,93.0,96.0,3.0,1257.3,1239.0,-34.0,-123.79999999999995,1341.0,1445.0,-104.0,-1,0.0,0.0,0.0,0.2109375,0.0635573845450388,0.02130126953125,0.3333333333333333,0.4,0.4285714285714285,0.6640625,0.4586191129401005,0.30181884765625,-0.3333333333333333,-0.4,-0.4285714285714285,-0.453125,-0.3950617283950616,-0.280517578125,0.41844727401553006,-0.08671226111802546,0.5051595351335555
901,2025-10-10,South Africa,Zimbabwe,0.0,0.0,FIFA World Cup qualification,Durban,South Africa,0,2025,0,1,909,2025-09-18,55.0,56.0,1.0,1448.67,1443.0,2025-09-18,125.0,116.0,-9.0,1133.75,1157.0,70.0,314.9200000000001,1576.0,1355.0,221.0,0,0.6666666666666666,0.4,0.2857142857142857,0.3448486328125,0.3491166260956322,0.3350473120808601,-0.6666666666666666,-0.6,-0.5714285714285714,-0.796875,-0.6652949245541837,-0.575927734375,1.3333333333333333,1.0,0.8571428571428571,1.1417236328125,1.014411550649816,0.91097504645586,0.22886979190101212,-0.26950124357398797,0.49837103547500006
900,2025-10-10,Gambia,Gabon,3.0,4.0,FIFA World Cup qualification,Nairobi,Kenya,1,2025,0,1,908,2022-03-31,123.0,125.0,2.0,1138.19,1135.18,2025-09-18,79.0,80.0,1.0,1314.06,1307.0,-44.0,-175.8699999999999,1443.0,1464.0,-21.0,-1,0.3333333333333333,0.0,0.0,0.59375,0.297668038408779,0.09912109375,0.6666666666666666,0.8,0.5714285714285714,0.46875,0.5788751714677641,0.63134765625,-0.3333333333333333,-0.8,-0.5714285714285714,0.125,-0.2812071330589851,-0.5322265625,-0.5431964290800799,0.5278454090531214,-1.0710418381332012
899,2025-10-10,Seychelles,Ivory Coast,0.0,7.0,FIFA World Cup qualification,Saint Pierre,Mauritius,1,2025,0,1,907,2025-09-18,203.0,203.0,0.0,812.33,821.0,2025-09-18,44.0,45.0,1.0,1483.9,1483.0,-159.0,-671.57,845.0,1579.0,-734.0,-1,-1.0,-1.0,-1.0,-1.0,-1.0,-1.0,0.6666666666666666,0.6,0.7142857142857143,0.46630859375,0.5728839137364261,0.6028529405593872,-1.6666666666666663,-1.6,-1.7142857142857144,-1.46630859375,-1.572883913736426,-1.6028529405593872,-4.797836588802343,2.411108513155203,-7.208945101957546
898,2025-10-10,Northern Ireland,Slovakia,2.0,0.0,FIFA World Cup qualification,Belfast,Northern Ireland,0,2025,0,1,906,2025-09-18,72.0,71.0,-1.0,1355.98,1351.0,2025-09-18,42.0,52.0,10.0,1491.86,1467.0,-30.0,-135.87999999999988,1561.0,1665.0,-104.0,1,0.0,0.0,0.0,0.0,0.3333333333333335,0.5,0.3333333333333333,0.5,0.5,0.75,0.7037037037037037,0.71875,-0.3333333333333333,-0.5,-0.5,-0.75,-0.3703703703703702,-0.21875,1.4423529411764706,1.7478933441888862,-0.3055404030124156
897,2025-10-10,Tunisia,São Tomé and Príncipe,6.0,0.0,FIFA World Cup qualification,Radès,Tunisia,0,2025,0,1,905,2025-09-18,46.0,49.0,3.0,1483.02,1471.0,2025-09-18,195.0,193.0,-2.0,854.76,865.0,149.0,628.26,1598.0,1024.0,574.0,1,1.0,0.8,0.7142857142857143,0.952789306640625,0.8513782269269707,0.7667444003745914,-1.0,-1.0,-1.0,-1.0,-1.0,-1.0,2.0,1.8,1.7142857142857144,1.952789306640625,1.8513782269269707,1.7667444003745914,0.19635826848701074,-0.7010962487077108,0.8974545171947216
904,2025-10-10,Sudan,Mauritania,0.0,0.0,FIFA World Cup qualification,Dar es Salaam,Tanzania,1,2025,0,1,912,2025-09-18,116.0,110.0,-6.0,1163.56,1174.0,2025-09-18,110.0,111.0,1.0,1183.29,1173.0,-6.0,-19.73000000000001,1374.0,1341.0,33.0,0,-0.6666666666666666,-0.2,0.1428571428571428,-0.6953125,-0.4165523548239596,-0.25457763671875,0.0,-0.2,-0.4285714285714285,0.072265625,-0.071432200375959,-0.1777610778808593,-0.6666666666666666,0.0,0.5714285714285714,-0.767578125,-0.3451201544480006,-0.0768165588378906,0.4008124215969282,-0.8199273584808625,1.2207397800777908
895,2025-10-10,Belgium,North Macedonia,0.0,0.0,FIFA World Cup qualification,Gent,Belgium,0,2025,0,1,903,2025-09-18,8.0,8.0,0.0,1739.55,1736.0,2025-09-18,63.0,62.0,-1.0,1388.5,1391.0,55.0,351.04999999999995,1851.0,1551.0,300.0,0,1.0,0.4,0.4285714285714285,0.84765625,0.6562854578400988,0.5476894378662109,0.6666666666666666,0.6,0.4285714285714285,0.78125,0.6652949245541837,0.63525390625,0.3333333333333333,-0.1999999999999999,0.0,0.06640625,-0.0090094667140848,-0.087564468383789,0.2879374326135591,1.7529933921680345,-1.4650559595544754
888,2025-10-10,Iceland,Ukraine,3.0,5.0,FIFA World Cup qualification,Reykjavík,Iceland,0,2025,0,1,896,2025-09-18,74.0,74.0,0.0,1343.09,1338.0,2025-09-18,28.0,26.0,-2.0,1543.06,1557.0,-46.0,-199.97000000000003,1562.0,1773.0,-211.0,-1,0.0,0.0,0.0,0.0,0.3333333333333335,0.5,-0.3333333333333333,-0.2,-0.2,-0.25,-0.1234567901234566,0.0234375,0.3333333333333333,0.2,0.2,0.25,0.4567901234567901,0.4765625,3.827058823529412,1.1623960441086671,2.6646627794207447
889,2025-10-10,France,Azerbaijan,3.0,0.0,FIFA World Cup qualification,Paris,France,0,2025,0,1,897,2025-09-18,2.0,3.0,1.0,1870.92,1862.0,2025-09-18,124.0,122.0,-2.0,1148.09,1148.0,122.0,722.8300000000002,2055.0,1367.0,688.0,1,0.3333333333333333,0.4,0.2857142857142857,0.661865234375,0.5136343137494723,0.4685940444469452,-0.5,-0.5,-0.5,-0.5,-0.6666666666666667,-0.75,0.8333333333333333,0.9,0.7857142857142857,1.161865234375,1.180300980416139,1.2185940444469452,1.093952006904589,-3.6894117647058824,4.783363771610471
890,2025-10-10,Kazakhstan,Liechtenstein,4.0,0.0,FIFA World Cup qualification,Astana,Kazakhstan,0,2025,0,1,898,2025-09-18,118.0,114.0,-4.0,1158.05,1165.0,2025-09-18,204.0,204.0,0.0,808.48,812.0,86.0,349.56999999999994,1425.0,977.0,448.0,1,-1.0,-0.6,-0.6,-0.875,-0.8024691358024691,-0.7890625,-1.0,-1.0,-1.0,-1.0,-1.0,-1.0,0.0,0.4,0.4,0.125,0.1975308641975308,0.2109375,-0.491278121669999,-0.42397480873073823,-0.06730331293926078
896,2025-10-10,Kosovo,Slovenia,0.0,0.0,FIFA World Cup qualification,Pristina,Kosovo,0,2025,0,1,904,2025-09-18,91.0,95.0,4.0,1262.1,1248.0,2025-09-18,50.0,50.0,0.0,1462.96,1470.0,-41.0,-200.86000000000013,1527.0,1752.0,-225.0,0,0.0,0.0,0.0,0.0,-0.3333333333333335,-0.5,-0.3333333333333333,-0.25,-0.25,-0.5,-0.3333333333333332,-0.25,0.3333333333333333,0.25,0.25,0.5,-2.220446049250313e-16,-0.25,-2.1388235294117646,0.8201302666395277,-2.958953796051292
892,2025-10-10,Suriname,Guatemala,1.0,1.0,FIFA World Cup qualification,Paramaribo,Suriname,0,2025,0,1,900,2025-09-18,131.0,136.0,5.0,1125.2,1100.0,2025-09-18,98.0,100.0,2.0,1230.73,1236.0,-33.0,-105.52999999999996,1411.0,1481.0,-70.0,0,0.3333333333333333,0.6,0.6666666666666666,0.625,0.6296296296296297,0.671875,-0.6666666666666666,0.0,0.1666666666666666,-0.25,-0.0740740740740739,0.09375,1.0,0.6,0.5,0.875,0.7037037037037036,0.578125,2.234419085865689,3.4083070337364956,-1.1738879478708064
893,2025-10-10,Bermuda,Trinidad and Tobago,0.0,3.0,FIFA World Cup qualification,Devonshire Parish,Bermuda,0,2025,0,1,901,2025-09-18,165.0,162.0,-3.0,988.72,1000.0,2025-09-18,102.0,101.0,-1.0,1220.99,1229.0,-63.0,-232.27,1151.0,1389.0,-238.0,-1,-0.3333333333333333,-0.2,-0.1666666666666666,-0.59375,-0.3744855967078188,-0.2705078125,-0.6666666666666666,0.0,0.0,-0.53125,-0.316872427983539,-0.2060546875,0.3333333333333333,-0.2,-0.1666666666666666,-0.0625,-0.0576131687242798,-0.064453125,0.45856846147182423,-0.8482235323698091,1.3067919938416332
894,2025-10-10,Curaçao,Jamaica,2.0,0.0,FIFA World Cup qualification,Willemstad,Curaçao,0,2025,0,1,902,2025-09-18,84.0,86.0,2.0,1282.42,1277.0,2025-09-18,69.0,70.0,1.0,1377.21,1363.0,-15.0,-94.78999999999996,1335.0,1569.0,-234.0,1,0.6666666666666666,0.8,0.8333333333333334,0.75,0.7777777777777778,0.8125,1.0,0.6,0.4285714285714285,0.90283203125,0.7342771822271897,0.5870535373687744,-0.3333333333333333,0.2,0.4047619047619048,-0.15283203125,0.043500595550588,0.2254464626312255,1.2365953754497812,-0.18778865466201,1.4243840301117912
891,2025-10-10,El Salvador,Panama,0.0,1.0,FIFA World Cup qualification,San Salvador,El Salvador,0,2025,0,1,899,2025-09-18,90.0,87.0,-3.0,1267.75,1273.0,2025-09-18,29.0,30.0,1.0,1529.71,1545.0,-61.0,-261.96000000000004,1389.0,1726.0,-337.0,-1,0.0,0.4,0.1428571428571428,-0.1689453125,-0.0097263854313084,-0.002723217010498,0.3333333333333333,0.2,0.4285714285714285,0.17889404296875,0.2554694932512978,0.2699127215892076,-0.3333333333333333,0.2,-0.2857142857142857,-0.34783935546875,-0.2651958786826063,-0.2726359385997057,-0.11402860118895265,-0.6600498118780848,0.5460212106891321
917,2025-10-11,Iraq,Indonesia,1.0,0.0,FIFA World Cup qualification,Jeddah,Saudi Arabia,1,2025,0,1,925,2025-09-18,58.0,58.0,0.0,1422.19,1417.0,2025-09-18,119.0,118.0,-1.0,1157.94,1155.0,61.0,264.25,1584.0,1357.0,227.0,1,-0.3333333333333333,0.0,-0.1428571428571428,0.1542350053787231,0.0424576055408662,0.0521141528088406,-0.3333333333333333,-0.2,-0.1428571428571428,-0.5896568298339844,-0.3766804258454636,-0.2816253518049052,0.0,0.2,0.0,0.7438918352127075,0.4191380313863298,0.3337395046137459,0.014821292740823874,1.746092240658417,-1.7312709479175932
916,2025-10-11,Spain,Georgia,2.0,0.0,FIFA World Cup qualification,Elche,Spain,0,2025,0,1,924,2025-09-18,1.0,2.0,1.0,1875.37,1867.0,2025-09-18,68.0,67.0,-1.0,1377.32,1375.0,67.0,498.05,2178.0,1650.0,528.0,1,1.0,1.0,1.0,0.997802734375,0.9759145417835658,0.9425132870674132,-0.3333333333333333,0.0,-0.1666666666666666,0.15625,-0.0699588477366256,-0.2099609375,1.3333333333333333,1.0,1.1666666666666667,0.841552734375,1.0458733895201917,1.152474224567413,3.833428875760629,-0.7586543574458554,4.592083233206484
914,2025-10-11,United Arab Emirates,Oman,2.0,1.0,FIFA World Cup qualification,Al Rayyan,Qatar,1,2025,0,1,922,2025-09-18,67.0,65.0,-2.0,1379.86,1380.0,2025-09-18,78.0,79.0,1.0,1321.97,1314.0,11.0,57.88999999999987,1538.0,1501.0,37.0,1,0.3333333333333333,0.2,0.1428571428571428,0.1010026931762695,0.1336223786018175,0.1487002396329444,-0.3333333333333333,0.0,0.0,-0.0735335350036621,-0.0803002464351872,-0.0767463833888086,0.6666666666666666,0.2,0.1428571428571428,0.1745362281799316,0.2139226250370047,0.2254466230217531,0.9031476706079758,-0.18100353356589605,1.084151204173872
915,2025-10-11,Hungary,Armenia,2.0,0.0,FIFA World Cup qualification,Budapest,Hungary,0,2025,0,1,923,2025-09-18,41.0,38.0,-3.0,1492.18,1501.0,2025-09-18,103.0,105.0,2.0,1219.55,1205.0,62.0,272.6300000000001,1695.0,1412.0,283.0,1,0.0,-0.4,-0.4,-0.5,-0.4814814814814815,-0.53125,0.0,0.0,0.0,0.0,-0.3333333333333335,-0.5,0.0,-0.4,-0.4,-0.5,-0.148148148148148,-0.03125,-1.5547289903138133,-2.7305882352941175,1.1758592449803043
912,2025-10-11,Latvia,Andorra,2.0,2.0,FIFA World Cup qualification,Riga,Latvia,0,2025,0,1,920,2025-09-18,137.0,137.0,0.0,1088.8,1099.0,2025-09-18,174.0,174.0,0.0,954.69,954.0,37.0,134.1099999999999,1295.0,1074.0,221.0,0,-0.6666666666666666,-0.4,-0.4,-0.75,-0.4567901234567899,-0.2265625,-1.0,-1.0,-1.0,-1.0,-1.0,-1.0,0.3333333333333333,0.6,0.6,0.25,0.5432098765432101,0.7734375,0.4427272183043785,-0.14271332958178184,0.5854405478861604
911,2025-10-11,Portugal,Republic of Ireland,1.0,0.0,FIFA World Cup qualification,Lisbon,Portugal,0,2025,0,1,919,2025-09-18,5.0,6.0,1.0,1779.56,1771.0,2025-09-18,61.0,60.0,-1.0,1397.52,1413.0,56.0,382.04,1993.0,1603.0,390.0,1,0.6666666666666666,0.2,0.4285714285714285,0.740234375,0.5650392047282764,0.4914188385009765,-0.5,-0.5,-0.5,-0.5,-0.3333333333333332,-0.25,1.1666666666666663,0.7,0.9285714285714286,1.240234375,0.8983725380616097,0.7414188385009766,0.8915744331525848,0.3023529411764706,0.5892214919761142
910,2025-10-11,Estonia,Italy,1.0,3.0,FIFA World Cup qualification,Tallinn,Estonia,0,2025,0,1,918,2025-09-18,129.0,126.0,-3.0,1127.19,1131.0,2025-09-18,10.0,11.0,1.0,1710.07,1703.0,-119.0,-582.8799999999999,1356.0,1943.0,-587.0,-1,-1.0,-1.0,-1.0,-1.0,-1.0,-1.0,0.3333333333333333,0.0,-0.2857142857142857,0.53125,0.1769547325102878,-0.0458984375,-1.3333333333333333,-1.0,-0.7142857142857143,-1.53125,-1.1769547325102878,-0.9541015625,-0.23170771422755962,-1.7479665015147128,1.5162587872871531
909,2025-10-11,Serbia,Albania,0.0,1.0,FIFA World Cup qualification,Leskovac,Serbia,0,2025,0,1,917,2025-09-18,34.0,32.0,-2.0,1520.9,1523.0,2025-09-18,66.0,68.0,2.0,1380.66,1373.0,32.0,140.24,1806.0,1631.0,175.0,-1,0.3333333333333333,0.0,-0.1428571428571428,-0.1796875,-0.1312299954275263,-0.19378662109375,0.3333333333333333,0.2,0.0,0.515625,0.3223593964334704,0.217041015625,0.0,-0.2,-0.1428571428571428,-0.6953125,-0.4535893918609966,-0.41082763671875,-1.407528131963326,0.7280201291190509,-2.135548261082377
908,2025-10-11,Norway,Israel,5.0,0.0,FIFA World Cup qualification,Oslo,Norway,0,2025,0,1,916,2025-09-18,31.0,33.0,2.0,1526.23,1519.0,2025-09-18,76.0,75.0,-1.0,1337.4,1337.0,45.0,188.83,1806.0,1629.0,177.0,1,1.0,1.0,1.0,1.0,1.0,1.0,-0.3333333333333333,0.0,0.0,-0.25,0.0370370370370371,0.21875,1.3333333333333333,1.0,1.0,1.25,0.9629629629629628,0.78125,1.3463667820069203,0.05978424587828217,1.286582536128638
913,2025-10-11,Bulgaria,Turkey,1.0,6.0,FIFA World Cup qualification,Sofia,Bulgaria,0,2025,0,1,921,2025-09-18,86.0,84.0,-2.0,1271.53,1284.0,2022-03-31,43.0,39.0,-4.0,1461.81,1472.72,-43.0,-190.28,1451.0,1774.0,-323.0,-1,-1.0,-1.0,-1.0,-1.0,-1.0,-1.0,-0.3333333333333333,0.2,0.1428571428571428,-0.296875,-0.1678097850937357,-0.1668701171875,-0.6666666666666667,-1.2,-1.1428571428571428,-0.703125,-0.8321902149062643,-0.8331298828125,-1.4364705882352942,-1.1137637563593716,-0.32270683187592253
932,2025-10-12,Mali,Madagascar,4.0,1.0,FIFA World Cup qualification,Bamako,Mali,0,2025,0,1,940,2025-09-18,56.0,54.0,-2.0,1445.83,1455.0,2025-09-18,108.0,115.0,7.0,1187.61,1163.0,52.0,258.22,1631.0,1325.0,306.0,1,0.3333333333333333,0.4,0.1428571428571428,0.3956298828125,0.2837160349565301,0.209933653473854,1.0,0.6,0.5714285714285714,0.8515625,0.680536503581771,0.529510498046875,-0.6666666666666667,-0.1999999999999999,-0.4285714285714285,-0.4559326171875,-0.3968204686252409,-0.3195768445730209,-0.4941835045763099,0.33010577217689124,-0.8242892767532011
931,2025-10-12,Burkina Faso,Ethiopia,3.0,1.0,FIFA World Cup qualification,Ouagadougou,Burkina Faso,0,2025,0,1,939,2025-09-18,64.0,63.0,-1.0,1385.36,1388.0,2025-09-18,147.0,146.0,-1.0,1046.41,1061.0,83.0,338.9499999999998,1508.0,1250.0,258.0,1,0.6666666666666666,0.8,0.4285714285714285,0.712890625,0.6298328506833308,0.5557289123535156,-0.3333333333333333,-0.2,-0.1428571428571428,0.15234375,-0.0236244474927603,-0.0851287841796875,1.0,1.0,0.5714285714285714,0.560546875,0.6534572981760911,0.6408576965332031,-0.41745201214234046,0.41101967242269544,-0.828471684565036
930,2025-10-12,Djibouti,Sierra Leone,1.0,2.0,FIFA World Cup qualification,Casablanca,Morocco,1,2025,0,1,938,2025-09-18,193.0,191.0,-2.0,855.91,866.0,2025-09-18,122.0,124.0,2.0,1150.1,1140.0,-71.0,-294.18999999999994,752.0,1353.0,-601.0,-1,-1.0,-1.0,-0.8571428571428571,-0.984375,-0.9561042524005486,-0.940673828125,0.0,0.0,0.1428571428571428,-0.27734375,-0.1342783112330437,-0.0777435302734375,-1.0,-1.0,-1.0,-0.70703125,-0.821825941167505,-0.8629302978515625,-2.159877958726747,0.00814658888022542,-2.1680245476069726
929,2025-10-12,Egypt,Guinea-Bissau,1.0,0.0,FIFA World Cup qualification,Cairo,Egypt,0,2025,0,1,937,2025-09-18,35.0,34.0,-1.0,1519.18,1519.0,2025-09-18,130.0,131.0,1.0,1126.81,1120.0,95.0,392.3700000000001,1657.0,1411.0,246.0,1,0.6666666666666666,0.8,0.7142857142857143,0.7269287109375,0.6834898992654981,0.6500464454293251,0.0,-0.4,-0.2857142857142857,-0.345703125,-0.2822232383274907,-0.2554130554199219,0.6666666666666666,1.2000000000000002,1.0,1.0726318359375,0.9657131375929888,0.905459500849247,0.35976988825164835,0.49349701164621584,-0.1337271233945675
928,2025-10-12,Zambia,Niger,0.0,1.0,FIFA World Cup qualification,Ndola,Zambia,0,2025,0,1,936,2025-09-18,85.0,83.0,-2.0,1273.0,1285.0,2025-09-18,117.0,121.0,4.0,1158.73,1148.0,32.0,114.26999999999998,1523.0,1362.0,161.0,-1,-0.3333333333333333,-0.6,-0.5714285714285714,0.03125,-0.1723822588020119,-0.1737060546875,0.3333333333333333,0.2,0.0,0.5625,0.2427983539094648,0.033203125,-0.6666666666666666,-0.8,-0.5714285714285714,-0.53125,-0.4151806127114767,-0.2069091796875,0.8685435777095278,-0.44581452920963177,1.3143581069191597
927,2025-10-12,Chad,Central African Republic,2.0,3.0,FIFA World Cup qualification,N'Djamena,Chad,0,2025,0,1,935,2025-09-18,175.0,175.0,0.0,925.82,925.0,2025-09-18,140.0,134.0,-6.0,1081.36,1108.0,-35.0,-155.53999999999985,1150.0,1250.0,-100.0,-1,-0.6666666666666666,-0.8,-0.8571428571428571,-0.875,-0.8518518518518519,-0.859375,-1.0,-0.8,-0.5714285714285714,-0.91796875,-0.8231976832799878,-0.7721710205078125,0.3333333333333333,0.0,-0.2857142857142857,0.04296875,-0.028654168571864,-0.0872039794921875,0.26038866770568386,-1.5932495986137312,1.853638266319415
926,2025-10-12,Ghana,Comoros,1.0,0.0,FIFA World Cup qualification,Accra,Ghana,0,2025,0,1,934,2025-09-18,75.0,76.0,1.0,1340.84,1333.0,2025-09-18,105.0,107.0,2.0,1201.83,1199.0,30.0,139.01,1429.0,1340.0,89.0,1,0.6666666666666666,0.8,0.8571428571428571,0.865875244140625,0.7807283857927296,0.6971660880371928,-0.3333333333333333,-0.2,-0.1428571428571428,-0.328125,-0.1531778692272518,-0.0284423828125,1.0,1.0,1.0,1.194000244140625,0.9339062550199816,0.7256084708496928,0.6012941054373782,1.1401696355829471,-0.538875530145569
924,2025-10-12,Scotland,Belarus,2.0,1.0,FIFA World Cup qualification,Glasgow,Scotland,0,2025,0,1,932,2025-09-18,43.0,47.0,4.0,1485.08,1475.0,2025-09-18,100.0,97.0,-3.0,1223.55,1237.0,57.0,261.53,1759.0,1492.0,267.0,1,0.6666666666666666,0.2,-0.1428571428571428,0.65625,0.325102880658436,0.0947265625,-1.0,-1.0,-1.0,-1.0,-1.0,-1.0,1.6666666666666663,1.2,0.8571428571428572,1.65625,1.325102880658436,1.0947265625,-1.1912933311552627,-2.829896193771626,1.6386028626163633
918,2025-10-12,Croatia,Gibraltar,3.0,0.0,FIFA World Cup qualification,Varaždin,Croatia,0,2025,0,1,926,2025-09-18,9.0,10.0,1.0,1714.21,1708.0,2025-09-18,200.0,199.0,-1.0,827.19,835.0,191.0,887.02,1886.0,1051.0,835.0,1,0.6666666666666666,0.8,0.5714285714285714,0.46588134765625,0.5215183288873501,0.4915207140147686,-1.0,-1.0,-1.0,-1.0,-1.0,-1.0,1.6666666666666663,1.8,1.5714285714285714,1.46588134765625,1.5215183288873502,1.4915207140147686,0.15239232089472043,0.16875851582236803,-0.016366194927647598
925,2025-10-12,Lithuania,Poland,0.0,2.0,FIFA World Cup qualification,Kaunas,Lithuania,0,2025,0,1,933,2025-09-18,145.0,143.0,-2.0,1065.34,1069.0,2025-09-18,36.0,37.0,1.0,1517.31,1502.0,-109.0,-451.97,1293.0,1682.0,-389.0,-1,-0.6666666666666666,-0.4,-0.5,-0.78125,-0.6872427983539094,-0.6748046875,0.0,0.4,0.1428571428571428,0.454833984375,0.2928321300012607,0.2180350422859192,-0.6666666666666666,-0.8,-0.6428571428571428,-1.236083984375,-0.9800749283551702,-0.8928397297859192,0.9811934582144539,0.8828019084272882,0.09839154978716569
919,2025-10-12,Faroe Islands,Czech Republic,2.0,1.0,FIFA World Cup qualification,Tórshavn,Faroe Islands,0,2025,0,1,927,2025-09-18,136.0,141.0,5.0,1094.46,1090.0,2022-03-31,33.0,31.0,-2.0,1500.62,1510.42,-103.0,-406.1599999999999,1248.0,1753.0,-505.0,1,0.3333333333333333,0.2,0.0,0.625,0.3086419753086418,0.0859375,0.0,0.4,0.2857142857142857,0.22265625,0.2142966011278768,0.1461639404296875,0.3333333333333333,-0.2,-0.2857142857142857,0.40234375,0.0943453741807649,-0.0602264404296875,1.1813588551523146,-0.5644430653368964,1.745801920489211
920,2025-10-12,Romania,Austria,1.0,0.0,FIFA World Cup qualification,Bucharest,Romania,0,2025,0,1,928,2025-09-18,51.0,48.0,-3.0,1462.85,1474.0,2025-09-18,22.0,22.0,0.0,1601.86,1591.0,-29.0,-139.01,1650.0,1871.0,-221.0,1,0.0,0.0,-0.2857142857142857,0.125,-0.0246913580246914,-0.1640625,1.0,1.0,0.7142857142857143,0.9609375,0.8341716201798506,0.681121826171875,-1.0,-1.0,-1.0,-0.8359375,-0.858862978204542,-0.845184326171875,-1.0452816420742286,-0.066570501490679,-0.9787111405835496
921,2025-10-12,San Marino,Cyprus,0.0,4.0,FIFA World Cup qualification,Serravalle,San Marino,0,2025,0,1,929,2025-09-18,210.0,210.0,0.0,733.23,738.0,2025-09-18,128.0,128.0,0.0,1128.11,1124.0,-82.0,-394.8799999999999,841.0,1311.0,-470.0,-1,-1.0,-1.0,-1.0,-1.0,-1.0,-1.0,-0.3333333333333333,-0.6,-0.3333333333333333,-0.1875,-0.1810699588477366,-0.087890625,-0.6666666666666667,-0.4,-0.6666666666666667,-0.8125,-0.8189300411522634,-0.912109375,-0.7958411586518923,0.4968954338359425,-1.292736592487835
923,2025-10-12,Denmark,Greece,3.0,1.0,FIFA World Cup qualification,Copenhagen,Denmark,0,2025,0,1,931,2025-09-18,20.0,21.0,1.0,1627.64,1621.0,2025-09-18,40.0,39.0,-1.0,1494.71,1498.0,20.0,132.93000000000006,1864.0,1838.0,26.0,1,0.6666666666666666,0.2,-0.1428571428571428,0.6640625,0.3836305441243711,0.22821044921875,-0.3333333333333333,-0.3333333333333333,-0.3333333333333333,-0.5,-0.1111111111111109,0.125,1.0,0.5333333333333333,0.1904761904761904,1.1640625,0.4947416552354821,0.10321044921875,-0.11832489266737956,2.2483737024221453,-2.3666985950895247
922,2025-10-12,Netherlands,Finland,4.0,0.0,FIFA World Cup qualification,Amsterdam,Netherlands,0,2025,0,1,930,2025-09-18,7.0,7.0,0.0,1754.17,1758.0,2025-09-18,71.0,69.0,-2.0,1358.71,1372.0,64.0,395.46,1938.0,1556.0,382.0,1,0.6666666666666666,0.8,0.5714285714285714,0.838592529296875,0.7243817943763939,0.6568817561492324,0.3333333333333333,0.0,0.1666666666666666,0.34375,0.2921810699588477,0.3349609375,0.3333333333333333,0.8,0.4047619047619047,0.494842529296875,0.4322007244175462,0.3219208186492324,1.0151209324315225,-0.8423044292488608,1.8574253616803833
948,2025-10-13,Mauritius,Libya,0.0,0.0,FIFA World Cup qualification,Saint Pierre,Mauritius,0,2025,0,1,956,2025-09-18,179.0,177.0,-2.0,912.24,922.0,2025-09-18,112.0,117.0,5.0,1179.56,1155.0,-67.0,-267.31999999999994,1084.0,1347.0,-263.0,0,-1.0,-0.8,-0.5714285714285714,-0.90234375,-0.7939338515470202,-0.7425079345703125,0.6666666666666666,0.2,0.1428571428571428,0.30859375,0.2959914647157445,0.3079376220703125,-1.6666666666666663,-1.0,-0.7142857142857142,-1.2109375,-1.089925316262765,-1.050445556640625,0.03862139016424562,0.6169380825034909,-0.5783166923392453
947,2025-10-13,Cameroon,Angola,0.0,0.0,FIFA World Cup qualification,Yaoundé,Cameroon,0,2025,0,1,955,2025-09-18,52.0,51.0,-1.0,1455.42,1467.0,2025-09-18,89.0,85.0,-4.0,1268.72,1280.0,37.0,186.70000000000005,1579.0,1571.0,8.0,0,0.3333333333333333,0.4,0.4285714285714285,0.4427490234375,0.3779487176270638,0.3327692374587059,0.0,-0.2,0.0,0.0703125,0.0045724737082761,-0.01409912109375,0.3333333333333333,0.6000000000000001,0.4285714285714285,0.3724365234375,0.3733762439187876,0.3468683585524559,-0.5689053478141523,0.3148427318573708,-0.883748079671523
946,2025-10-13,North Macedonia,Kazakhstan,1.0,1.0,FIFA World Cup qualification,Skopje,North Macedonia,0,2025,0,1,954,2025-09-18,63.0,62.0,-1.0,1388.5,1391.0,2025-09-18,118.0,114.0,-4.0,1158.05,1165.0,55.0,230.45000000000005,1551.0,1425.0,126.0,0,0.6666666666666666,0.4,0.2857142857142857,0.390625,0.4435299497027892,0.4764404296875,-0.3333333333333333,-0.2,-0.3333333333333333,0.0625,-0.2016460905349795,-0.341796875,1.0,0.6000000000000001,0.6190476190476191,0.328125,0.6451760402377688,0.8182373046875,1.7145820161581502,-0.3282617615717638,2.0428437777299138
945,2025-10-13,Lesotho,Zimbabwe,1.0,0.0,FIFA World Cup qualification,Polokwane,South Africa,1,2025,0,1,953,2025-09-18,153.0,148.0,-5.0,1034.11,1046.0,2025-09-18,125.0,116.0,-9.0,1133.75,1157.0,-28.0,-99.6400000000001,1198.0,1355.0,-157.0,1,-1.0,-0.4,-0.2857142857142857,-0.8515625,-0.6524919981710104,-0.51385498046875,-0.6666666666666666,-0.4,-0.5714285714285714,-0.3984375,-0.4435299497027892,-0.43194580078125,-0.3333333333333333,0.0,0.2857142857142857,-0.453125,-0.2089620484682212,-0.0819091796875,1.6055414007793338,-0.17129528806963573,1.7768366888489695
944,2025-10-13,South Sudan,Togo,0.0,0.0,FIFA World Cup qualification,Juba,South Sudan,0,2025,0,1,952,2025-09-18,169.0,169.0,0.0,976.55,976.0,2025-09-18,120.0,120.0,0.0,1151.07,1149.0,-49.0,-174.51999999999998,1139.0,1360.0,-221.0,0,-0.6666666666666666,-0.6,-0.5714285714285714,-0.67578125,-0.6302392927907331,-0.6291656494140625,-0.3333333333333333,-0.4,-0.4285714285714285,-0.453125,-0.401920438957476,-0.367919921875,-0.3333333333333333,-0.1999999999999999,-0.1428571428571428,-0.22265625,-0.2283188538332571,-0.2612457275390625,-0.6389066812135449,-0.10885860843394539,-0.5300480727795995
943,2025-10-13,Tunisia,Namibia,3.0,0.0,FIFA World Cup qualification,Radès,Tunisia,0,2025,0,1,951,2025-09-18,46.0,49.0,3.0,1483.02,1471.0,2025-09-18,109.0,108.0,-1.0,1183.79,1192.0,63.0,299.23,1598.0,1363.0,235.0,1,1.0,1.0,0.8571428571428571,0.9763946533203124,0.9009188179513138,0.8250583002809435,-0.3333333333333333,0.0,0.0,-0.34375,-0.1739064167047705,-0.057281494140625,1.3333333333333333,1.0,0.8571428571428571,1.3201446533203125,1.0748252346560845,0.8823397944215685,0.3624548409289513,1.7896891713994019,-1.4272343304704505
942,2025-10-13,São Tomé and Príncipe,Malawi,1.0,0.0,FIFA World Cup qualification,Sousse,Tunisia,1,2025,0,1,950,2025-09-18,195.0,193.0,-2.0,854.76,865.0,2025-09-18,126.0,129.0,3.0,1133.6,1121.0,-69.0,-278.8399999999999,1024.0,1256.0,-232.0,1,-1.0,-1.0,-1.0,-1.0,-1.0,-1.0,0.6666666666666666,0.0,0.0,0.5234375,0.3217497332723669,0.257965087890625,-1.6666666666666663,-1.0,-1.0,-1.5234375,-1.321749733272367,-1.257965087890625,-0.8375023517249043,0.5512747871503865,-1.3887771388752908
941,2025-10-13,Honduras,Haiti,3.0,0.0,FIFA World Cup qualification,Tegucigalpa,Honduras,0,2025,0,1,949,2025-09-18,65.0,66.0,1.0,1383.99,1380.0,2025-09-18,87.0,90.0,3.0,1269.23,1261.0,22.0,114.76,1585.0,1538.0,47.0,1,0.3333333333333333,0.6,0.7142857142857143,0.3603515625,0.4101339565445646,0.3611783981323242,0.3333333333333333,0.2,0.4285714285714285,0.5,0.4320987654320988,0.4609375,0.0,0.3999999999999999,0.2857142857142857,-0.1396484375,-0.0219648088875341,-0.0997591018676757,-0.5918728823992769,-0.2089547219937517,-0.38291816040552523
940,2025-10-13,Northern Ireland,Germany,0.0,1.0,FIFA World Cup qualification,Belfast,Northern Ireland,0,2025,0,1,948,2025-09-18,72.0,71.0,-1.0,1355.98,1351.0,2025-09-18,12.0,9.0,-3.0,1704.27,1717.0,-60.0,-348.29,1561.0,1971.0,-410.0,-1,0.3333333333333333,0.3333333333333333,0.3333333333333333,0.5,0.5555555555555556,0.625,0.3333333333333333,0.2,0.2857142857142857,0.6064453125,0.4189232671171399,0.3170881271362304,0.0,0.1333333333333333,0.0476190476190476,-0.1064453125,0.1366322884384156,0.3079118728637695,1.5104498269896194,-0.3200630510424716,1.830512878032091
938,2025-10-13,Sweden,Kosovo,0.0,1.0,FIFA World Cup qualification,Gothenburg,Sweden,0,2025,0,1,946,2025-09-18,32.0,29.0,-3.0,1524.63,1545.0,2025-09-18,91.0,95.0,4.0,1262.1,1248.0,59.0,262.5300000000002,1744.0,1527.0,217.0,-1,-0.6666666666666666,-0.4,-0.4,-0.75,-0.4567901234567899,-0.2265625,0.0,0.0,0.0,0.0,-0.2222222222222223,-0.375,-0.6666666666666666,-0.4,-0.4,-0.75,-0.2345679012345675,0.1484375,0.15039546940290455,-1.96477508650519,2.1151705559080947
937,2025-10-13,Iceland,France,2.0,2.0,FIFA World Cup qualification,Reykjavík,Iceland,0,2025,0,1,945,2025-09-18,74.0,74.0,0.0,1343.09,1338.0,2025-09-18,2.0,3.0,1.0,1870.92,1862.0,-72.0,-527.8300000000002,1562.0,2055.0,-493.0,0,-0.3333333333333333,-0.3333333333333333,-0.3333333333333333,-0.5,-0.1111111111111109,0.125,1.0,0.4,0.4285714285714285,0.8309326171875,0.6757562091663148,0.6014455333352089,-1.3333333333333333,-0.7333333333333334,-0.7619047619047619,-1.3309326171875,-0.7868673202774258,-0.4764455333352089,3.53840830449827,1.062543065321966,2.4758652391763043
936,2025-10-13,Ukraine,Azerbaijan,2.0,1.0,FIFA World Cup qualification,Kraków,Poland,1,2025,0,1,944,2025-09-18,28.0,26.0,-2.0,1543.06,1557.0,2025-09-18,124.0,122.0,-2.0,1148.09,1148.0,96.0,394.97,1773.0,1367.0,406.0,1,0.0,-0.2,0.0,0.375,0.2510288065843621,0.267578125,-0.6666666666666666,-0.6666666666666666,-0.6666666666666666,-0.75,-0.7777777777777778,-0.8125,0.6666666666666666,0.4666666666666666,0.6666666666666666,1.125,1.02880658436214,1.080078125,1.1575492179846278,-3.5053287197231833,4.662877937707811
935,2025-10-13,Wales,Belgium,2.0,4.0,FIFA World Cup qualification,Cardiff,Wales,0,2025,0,1,943,2025-09-18,30.0,31.0,1.0,1529.09,1529.0,2025-09-18,8.0,8.0,0.0,1739.55,1736.0,-22.0,-210.46000000000004,1724.0,1851.0,-127.0,-1,0.3333333333333333,0.4,0.0,0.38671875,0.2909617436366407,0.2785186767578125,0.6666666666666666,0.6,0.2857142857142857,0.423828125,0.4375236385600659,0.4107670783996582,-0.3333333333333333,-0.1999999999999999,-0.2857142857142857,-0.037109375,-0.1465618949234252,-0.1322484016418457,0.17242549081935263,0.20629405422452618,-0.03386856340517355
934,2025-10-13,Costa Rica,Nicaragua,4.0,1.0,FIFA World Cup qualification,San José,Costa Rica,0,2025,0,1,942,2025-09-18,47.0,40.0,-7.0,1481.14,1494.0,2025-09-18,132.0,130.0,-2.0,1120.77,1120.0,85.0,360.3700000000001,1666.0,1331.0,335.0,1,0.0,0.4,0.2857142857142857,0.1042461395263671,0.2013346141501222,0.2541104096126219,-0.6666666666666666,-0.4,0.0,-0.75,-0.4567901234567899,-0.2265625,0.6666666666666666,0.8,0.2857142857142857,0.8542461395263672,0.6581247376069121,0.4806729096126219,0.2901889676808876,1.5700927554054844,-1.279903787724597
933,2025-10-13,Slovakia,Luxembourg,2.0,0.0,FIFA World Cup qualification,Trnava,Slovakia,0,2025,0,1,941,2025-09-18,42.0,52.0,10.0,1491.86,1467.0,2025-09-18,96.0,92.0,-4.0,1242.61,1260.0,54.0,249.25,1665.0,1455.0,210.0,1,0.3333333333333333,0.2,0.2,-0.125,0.1358024691358026,0.2890625,-1.0,-1.0,-1.0,-1.0,-1.0,-1.0,1.3333333333333333,1.2,1.2,0.875,1.1358024691358026,1.2890625,1.4921349121777752,-1.5471280276816608,3.039262939859436
949,2025-10-13,Cape Verde,Eswatini,3.0,0.0,FIFA World Cup qualification,Praia,Cape Verde,0,2025,0,1,957,2025-07-10,73.0,72.0,-1.0,1343.68,1344.0,2025-09-18,159.0,155.0,-4.0,1010.06,1023.0,86.0,333.6200000000001,1472.0,1233.0,239.0,1,0.6666666666666666,0.8,0.5714285714285714,0.4793701171875,0.574820786001331,0.5851113349199295,-0.6666666666666666,-0.4,-0.5714285714285714,-0.40625,-0.5020576131687243,-0.5654296875,1.3333333333333333,1.2000000000000002,1.1428571428571428,0.8856201171875,1.0768783991700557,1.1505410224199295,-0.3022142072186546,-0.4138562696047733,0.11164206238611868
939,2025-10-13,Slovenia,Switzerland,0.0,0.0,FIFA World Cup qualification,Ljubljana,Slovenia,0,2025,0,1,947,2025-09-18,50.0,50.0,0.0,1462.96,1470.0,2025-09-18,17.0,19.0,2.0,1648.29,1635.0,-33.0,-185.33,1752.0,1814.0,-62.0,0,-0.3333333333333333,-0.2,-0.2,-0.25,-0.2222222222222222,-0.1875,1.0,0.8,0.5714285714285714,0.9091796875,0.7905016737511783,0.7124972343444824,-1.3333333333333333,-1.0,-0.7714285714285714,-1.1591796875,-1.0127238959734006,-0.8999972343444824,0.723652015660732,0.6383676380216615,0.08528437763907049
950,2025-10-13,Equatorial Guinea,Liberia,1.0,1.0,FIFA World Cup qualification,Malabo,Equatorial Guinea,0,2025,0,1,958,2025-09-18,95.0,93.0,-2.0,1248.68,1252.0,2025-09-18,144.0,144.0,0.0,1065.62,1068.0,49.0,183.06000000000017,1522.0,1256.0,266.0,0,-0.3333333333333333,0.0,0.0,-0.5859375,-0.3464410912970583,-0.269683837890625,0.0,0.0,0.1428571428571428,0.421875,0.2424935223289132,0.128326416015625,-0.3333333333333333,0.0,-0.1428571428571428,-1.0078125,-0.5889346136259714,-0.39801025390625,-2.2651708920914473,0.10418745129357782,-2.369358343385025
952,2025-10-14,Curaçao,Trinidad and Tobago,1.0,1.0,FIFA World Cup qualification,Willemstad,Curaçao,0,2025,0,1,960,2025-09-18,84.0,86.0,2.0,1282.42,1277.0,2025-09-18,102.0,101.0,-1.0,1220.99,1229.0,18.0,61.430000000000064,1335.0,1389.0,-54.0,0,0.6666666666666666,0.8,0.8571428571428571,0.875,0.8518518518518519,0.859375,0.0,0.0,0.1428571428571428,0.234375,0.1220850480109739,0.095458984375,0.6666666666666666,0.8,0.7142857142857142,0.640625,0.729766803840878,0.763916015625,1.2991485886586176,-0.695975089289232,1.9951236779478496
951,2025-10-14,Jamaica,Bermuda,4.0,0.0,FIFA World Cup qualification,Kingston,Jamaica,0,2025,0,1,959,2025-09-18,69.0,70.0,1.0,1377.21,1363.0,2025-09-18,165.0,162.0,-3.0,988.72,1000.0,96.0,388.49,1569.0,1151.0,418.0,1,0.3333333333333333,0.6,0.1428571428571428,-0.048583984375,0.1561847881514599,0.1902901530265808,-1.0,-0.2,-0.2857142857142857,-0.796875,-0.5829903978052126,-0.452880859375,1.3333333333333333,0.8,0.4285714285714285,0.748291015625,0.7391751859566725,0.6431710124015808,-0.3120363808583624,0.3292409049146581,-0.6412772857730205
974,2025-10-14,Guinea,Botswana,2.0,2.0,FIFA World Cup qualification,Casablanca,Morocco,1,2025,0,1,983,2025-09-18,81.0,81.0,0.0,1299.48,1293.0,2025-09-18,139.0,135.0,-4.0,1087.27,1101.0,58.0,212.21000000000004,1466.0,1326.0,140.0,0,0.6666666666666666,0.2,0.1428571428571428,0.548828125,0.3442395298819623,0.2494678497314453,-1.0,-0.6,-0.4285714285714285,-0.8359375,-0.6756591982929431,-0.603668212890625,1.6666666666666663,0.8,0.5714285714285714,1.384765625,1.0198987281749057,0.8531360626220703,0.20518139305008476,-0.08103481388523817,0.2862162069353229
973,2025-10-14,Nigeria,Benin,4.0,0.0,FIFA World Cup qualification,Uyo,Nigeria,0,2025,0,1,982,2025-09-18,45.0,44.0,-1.0,1483.85,1484.0,2025-09-18,93.0,96.0,3.0,1257.3,1239.0,48.0,226.54999999999995,1584.0,1445.0,139.0,1,0.6666666666666666,0.6,0.2857142857142857,0.6376953125,0.4925908990838116,0.3958005905151367,1.0,0.4,0.5714285714285714,0.83203125,0.6390794086267336,0.4763641357421875,-0.3333333333333333,0.1999999999999999,-0.2857142857142857,-0.1943359375,-0.1464885095429219,-0.0805635452270507,-0.7405244846593888,-0.06278801046402396,-0.6777364741953649
972,2025-10-14,Ivory Coast,Kenya,3.0,0.0,FIFA World Cup qualification,Ebimpé,Ivory Coast,0,2025,0,1,981,2025-09-18,44.0,45.0,1.0,1483.9,1483.0,2025-09-18,111.0,109.0,-2.0,1181.64,1179.0,67.0,302.26,1579.0,1341.0,238.0,1,0.6666666666666666,0.8,0.7142857142857143,0.733154296875,0.7152559424909507,0.7021397054195404,0.3333333333333333,0.0,0.0,0.5625,0.2891327541533301,0.124664306640625,0.3333333333333333,0.8,0.7142857142857143,0.170654296875,0.4261231883376206,0.5774753987789154,2.4939844829696027,-0.12209986633335401,2.6160843493029566
971,2025-10-14,Seychelles,Gambia,0.0,7.0,FIFA World Cup qualification,Saint Pierre,Mauritius,1,2025,0,1,980,2025-09-18,203.0,203.0,0.0,812.33,821.0,2022-03-31,123.0,125.0,2.0,1138.19,1135.18,-80.0,-325.86,845.0,1443.0,-598.0,-1,-1.0,-1.0,-1.0,-1.0,-1.0,-1.0,0.3333333333333333,0.0,0.0,-0.203125,-0.1348879743941472,-0.1756591796875,-1.3333333333333333,-1.0,-1.0,-0.796875,-0.8651120256058528,-0.8243408203125,-4.740316789461029,-0.5183025214871341,-4.222014267973895
970,2025-10-14,Morocco,Congo,1.0,0.0,FIFA World Cup qualification,Rabat,Morocco,0,2025,0,1,979,2025-09-18,11.0,12.0,1.0,1706.25,1699.0,2025-09-18,133.0,132.0,-1.0,1119.76,1116.0,122.0,586.49,1802.0,1261.0,541.0,1,1.0,1.0,0.7142857142857143,0.9816532135009766,0.9136893695194662,0.8384647631064581,-0.6666666666666666,-0.75,-0.75,-0.75,-0.7777777777777778,-0.8125,1.6666666666666663,1.75,1.4642857142857144,1.7316532135009766,1.691467147297244,1.650964763106458,-0.017700495982399464,-1.5277834317117847,1.5100829357293852
969,2025-10-14,South Africa,Rwanda,3.0,0.0,FIFA World Cup qualification,Mbombela,South Africa,0,2025,0,1,978,2025-09-18,55.0,56.0,1.0,1448.67,1443.0,2025-09-18,127.0,127.0,0.0,1133.5,1125.0,72.0,315.1700000000001,1576.0,1341.0,235.0,1,0.3333333333333333,0.2,0.2857142857142857,0.17242431640625,0.2327444173970882,0.2512854840606451,-0.3333333333333333,-0.4,-0.2857142857142857,-0.39453125,-0.2909617436366407,-0.2340240478515625,0.6666666666666666,0.6000000000000001,0.5714285714285714,0.56695556640625,0.5237061610337289,0.4853095319122076,0.13305392178918785,0.37500919907344005,-0.2419552772842522
968,2025-10-14,Qatar,United Arab Emirates,2.0,1.0,FIFA World Cup qualification,Al Rayyan,Qatar,0,2025,0,1,977,2025-09-18,53.0,53.0,0.0,1453.65,1460.0,2025-09-18,67.0,65.0,-2.0,1379.86,1380.0,14.0,73.79000000000019,1524.0,1538.0,-14.0,1,0.0,0.0,0.0,-0.1661416292190551,-0.1253766060561521,-0.0800648232996152,0.3333333333333333,0.2,0.4285714285714285,0.5505013465881348,0.4224149190678782,0.3615251797247083,-0.3333333333333333,-0.2,-0.4285714285714285,-0.7166429758071899,-0.5477915251240304,-0.4415900030243236,-0.8337505324536213,0.8959036899839773,-1.7296542224375986
967,2025-10-14,DR Congo,Sudan,1.0,0.0,FIFA World Cup qualification,Kinshasa,DR Congo,0,2025,0,1,976,2025-09-18,60.0,61.0,1.0,1407.6,1412.0,2025-09-18,116.0,110.0,-6.0,1163.56,1174.0,56.0,244.04,1540.0,1374.0,166.0,1,0.3333333333333333,0.6,0.5714285714285714,0.4833755493164062,0.4625405885541587,0.4371451564948074,-0.6666666666666666,-0.4,0.0,-0.34765625,-0.2777015698826398,-0.1909332275390625,1.0,1.0,0.5714285714285714,0.8310317993164062,0.7402421584367985,0.62807838403387,0.32071348686759155,0.38429404385593247,-0.06358055698834092
966,2025-10-14,Senegal,Mauritania,4.0,0.0,FIFA World Cup qualification,Diamniadio,Senegal,0,2025,0,1,975,2025-09-18,18.0,18.0,0.0,1645.22,1635.0,2025-09-18,110.0,111.0,1.0,1183.29,1173.0,92.0,461.93000000000006,1771.0,1341.0,430.0,1,1.0,0.8,0.7142857142857143,0.9566421508789062,0.8757359268110365,0.8043087027908769,0.3333333333333333,0.0,-0.2857142857142857,0.0361328125,-0.047621466917306,-0.1333208084106445,0.6666666666666667,0.8,1.0,0.9205093383789062,0.9233573937283426,0.9376295112015214,-0.4678785167936653,-0.7787551609231648,0.31087664412949945
965,2025-10-14,Saudi Arabia,Iraq,0.0,0.0,FIFA World Cup qualification,Jeddah,Saudi Arabia,0,2025,0,1,974,2025-09-18,59.0,59.0,0.0,1420.65,1415.0,2025-09-18,58.0,58.0,0.0,1422.19,1417.0,-1.0,-1.5399999999999636,1536.0,1584.0,-48.0,0,0.3333333333333333,0.4,0.1428571428571428,0.3895637691020965,0.27749041754026,0.2234236237583734,0.3333333333333333,0.0,0.1428571428571428,0.5771175026893616,0.3616384036939107,0.2890856146066305,0.0,0.4,0.0,-0.187553733587265,-0.0841479861536507,-0.065661990848257,-0.008520955240712502,0.0010082755207754118,-0.009529230761487914
959,2025-10-14,Portugal,Hungary,2.0,2.0,FIFA World Cup qualification,Lisbon,Portugal,0,2025,0,1,968,2025-09-18,5.0,6.0,1.0,1779.56,1771.0,2025-09-18,41.0,38.0,-3.0,1492.18,1501.0,36.0,287.3799999999999,1993.0,1695.0,298.0,0,1.0,0.6,0.4285714285714285,0.8701171875,0.7100261364855176,0.6185641288757324,0.0,0.0,-0.1666666666666666,0.25,0.0123456790123455,-0.1484375,1.0,0.6,0.5952380952380952,0.6201171875,0.6976804574731721,0.7670016288757324,0.8320700547318445,-1.4185684614718244,2.2506385162036686
963,2025-10-14,Gabon,Burundi,2.0,0.0,FIFA World Cup qualification,Franceville,Gabon,0,2025,0,1,972,2025-09-18,79.0,80.0,1.0,1314.06,1307.0,2025-09-18,141.0,139.0,-2.0,1077.05,1093.0,62.0,237.01,1464.0,1268.0,196.0,1,0.6666666666666666,0.8,0.5714285714285714,0.734375,0.7192501143118427,0.7235107421875,-1.0,-0.6,-0.2857142857142857,-0.828125,-0.6073769242493521,-0.425689697265625,1.6666666666666663,1.4,0.8571428571428571,1.5625,1.326627038561195,1.149200439453125,0.5038545026382318,1.07203234439986,-0.5681778417616282
953,2025-10-14,El Salvador,Guatemala,0.0,1.0,FIFA World Cup qualification,San Salvador,El Salvador,0,2025,0,1,961,2025-09-18,90.0,87.0,-3.0,1267.75,1273.0,2025-09-18,98.0,100.0,2.0,1230.73,1236.0,8.0,37.01999999999998,1389.0,1481.0,-92.0,-1,-0.3333333333333333,0.0,0.1428571428571428,-0.58447265625,-0.3398175902875389,-0.2520424127578735,-0.3333333333333333,-0.2,0.1428571428571428,-0.125,-0.0493827160493826,0.0703125,0.0,0.2,0.0,-0.45947265625,-0.2904348742381562,-0.3223549127578735,-0.09437985994254368,3.168994855281407,-3.263374715223951
964,2025-10-14,Algeria,Uganda,2.0,1.0,FIFA World Cup qualification,Tizi Ouzou,Algeria,0,2025,0,1,973,2025-09-18,38.0,36.0,-2.0,1500.73,1504.0,2025-09-18,82.0,88.0,6.0,1287.61,1269.0,44.0,213.1200000000001,1685.0,1389.0,296.0,1,0.6666666666666666,0.8,0.5714285714285714,0.723388671875,0.6534165285202559,0.597131222486496,1.0,0.6,0.4285714285714285,0.8984375,0.7024843773814966,0.522918701171875,-0.3333333333333333,0.2,0.1428571428571428,-0.175048828125,-0.0490678488612407,0.0742125213146209,0.2934577908879959,-0.4052059819406213,0.6986637728286171
955,2025-10-14,Latvia,England,0.0,5.0,FIFA World Cup qualification,Riga,Latvia,0,2025,0,1,963,2025-09-18,137.0,137.0,0.0,1088.8,1099.0,2025-09-18,4.0,4.0,0.0,1820.45,1813.0,-133.0,-731.6500000000001,1295.0,2006.0,-711.0,-1,-0.6666666666666666,-0.6,-0.3333333333333333,-0.375,-0.3045267489711933,-0.169921875,1.0,1.0,0.7142857142857143,0.9631195068359376,0.8723485582095788,0.7959480930585414,-1.6666666666666663,-1.6,-1.0476190476190477,-1.3381195068359375,-1.176875307180772,-0.9658699680585414,0.37315502899235625,1.5635534702783478,-1.1903984412859916
956,2025-10-14,Andorra,Serbia,1.0,3.0,FIFA World Cup qualification,Encamp,Andorra,0,2025,0,1,964,2025-09-18,174.0,174.0,0.0,954.69,954.0,2025-09-18,34.0,32.0,-2.0,1520.9,1523.0,-140.0,-566.21,1074.0,1806.0,-732.0,-1,-0.6666666666666666,-0.8,-0.8333333333333334,-0.5,-0.6666666666666667,-0.75,-0.3333333333333333,0.0,-0.2857142857142857,-0.58984375,-0.4208199969516841,-0.3953399658203125,-0.3333333333333333,-0.8,-0.5476190476190477,0.08984375,-0.2458466697149826,-0.3546600341796875,-0.09078901607697115,-1.421202947730189,1.330413931653218
954,2025-10-14,Panama,Suriname,1.0,1.0,FIFA World Cup qualification,Panama City,Panama,0,2025,0,1,962,2025-09-18,29.0,30.0,1.0,1529.71,1545.0,2025-09-18,131.0,136.0,5.0,1125.2,1100.0,102.0,404.51,1726.0,1411.0,315.0,0,0.3333333333333333,0.6,0.4285714285714285,0.589447021484375,0.5036463288341986,0.4524345411919057,0.3333333333333333,0.4,0.5714285714285714,0.3125,0.4197530864197532,0.50390625,0.0,0.1999999999999999,-0.1428571428571428,0.276947021484375,0.0838932424144454,-0.0514717088080942,-0.6341645288264327,2.141806198461825,-2.7759707272882577
958,2025-10-14,Republic of Ireland,Armenia,1.0,0.0,FIFA World Cup qualification,Dublin,Republic of Ireland,0,2025,0,1,967,2025-09-18,61.0,60.0,-1.0,1397.52,1413.0,2025-09-18,103.0,105.0,2.0,1219.55,1205.0,42.0,177.97000000000003,1603.0,1412.0,191.0,1,-0.6666666666666666,-0.6666666666666666,-0.6666666666666666,-0.75,-0.5555555555555555,-0.4375,-0.3333333333333333,-0.3333333333333333,-0.3333333333333333,-0.5,-0.5555555555555556,-0.625,-0.3333333333333333,-0.3333333333333333,-0.3333333333333333,-0.25,1.1102230246251563e-16,0.1875,0.2916262975778547,-2.614671280276817,2.9062975778546716
960,2025-10-14,Spain,Bulgaria,4.0,0.0,FIFA World Cup qualification,Valladolid,Spain,0,2025,0,1,969,2025-09-18,1.0,2.0,1.0,1875.37,1867.0,2025-09-18,86.0,84.0,-2.0,1271.53,1284.0,85.0,603.8399999999999,2178.0,1451.0,727.0,1,1.0,1.0,1.0,0.9989013671875,0.9839430278557104,0.95688496530056,-1.0,-1.0,-1.0,-1.0,-1.0,-1.0,2.0,2.0,2.0,1.9989013671875,1.9839430278557104,1.95688496530056,3.64675658895118,-1.5955017301038061,5.2422583190549865
961,2025-10-14,Somalia,Mozambique,0.0,1.0,FIFA World Cup qualification,Bir El Djir,Algeria,1,2025,0,1,970,2025-09-18,201.0,200.0,-1.0,824.75,832.0,2025-09-18,97.0,99.0,2.0,1234.04,1236.0,-104.0,-409.29,857.0,1432.0,-575.0,-1,-1.0,-0.8,-0.8571428571428571,-0.96875,-0.934156378600823,-0.9208984375,-0.3333333333333333,-0.2,0.1428571428571428,-0.384765625,-0.226247128091359,-0.1225428581237793,-0.6666666666666667,-0.6000000000000001,-1.0,-0.583984375,-0.707909250509464,-0.7983555793762207,0.8873315740537946,-0.008882162328384534,0.8962137363821792
962,2025-10-14,Turkey,Georgia,4.0,1.0,FIFA World Cup qualification,Izmit,Turkey,0,2025,0,1,971,2022-03-31,43.0,39.0,-4.0,1461.81,1472.72,2025-09-18,68.0,67.0,-1.0,1377.32,1375.0,25.0,84.49000000000001,1774.0,1650.0,124.0,1,0.3333333333333333,0.2,0.1428571428571428,0.3515625,0.2214601432708428,0.124847412109375,-0.3333333333333333,-0.2,-0.2857142857142857,-0.421875,-0.3799725651577503,-0.407470703125,0.6666666666666666,0.4,0.4285714285714285,0.7734375,0.6014327084285931,0.532318115234375,-0.8047188295147026,-0.7528511599490404,-0.051867669565662244
957,2025-10-14,Italy,Israel,3.0,0.0,FIFA World Cup qualification,Udine,Italy,0,2025,0,1,965,2025-09-18,10.0,11.0,1.0,1710.07,1703.0,2025-09-18,76.0,75.0,-1.0,1337.4,1337.0,66.0,372.6699999999999,1943.0,1629.0,314.0,1,1.0,0.2,0.0,0.765625,0.4513031550068585,0.215576171875,-0.3333333333333333,-0.2,-0.2,-0.625,-0.3086419753086418,-0.0859375,1.3333333333333333,0.4,0.2,1.390625,0.7599451303155003,0.301513671875,-1.6674978837785532,-0.1849089450557344,-1.4825889387228188
990,2025-11-13,France,Ukraine,4.0,0.0,FIFA World Cup qualification,Paris,France,0,2025,0,1,1000,2025-09-18,2.0,3.0,1.0,1870.92,1862.0,2025-09-18,28.0,26.0,-2.0,1543.06,1557.0,26.0,327.8600000000001,2055.0,1773.0,282.0,1,0.6666666666666666,0.4,0.4285714285714285,0.41546630859375,0.45050413944421,0.4510841500014066,0.6666666666666666,0.2,0.1428571428571428,0.6875,0.5006858710562414,0.45068359375,0.0,0.2,0.2857142857142857,-0.27203369140625,-0.0501817316120314,0.0004005562514066,0.9153346497147916,1.0353404404561202,-0.12000579074132856
989,2025-11-13,Republic of Ireland,Portugal,2.0,0.0,FIFA World Cup qualification,Dublin,Republic of Ireland,0,2025,0,1,999,2025-09-18,61.0,60.0,-1.0,1397.52,1413.0,2025-09-18,5.0,6.0,1.0,1779.56,1771.0,-56.0,-382.04,1603.0,1993.0,-390.0,1,-0.3333333333333333,-0.25,-0.25,0.125,-0.0370370370370371,-0.078125,0.6666666666666666,0.6,0.2857142857142857,0.43505859375,0.4733507576570118,0.4639230966567993,-1.0,-0.85,-0.5357142857142857,-0.31005859375,-0.5103877946940489,-0.5420480966567993,0.28388357419092203,0.7407718162182065,-0.4568882420272845
988,2025-11-13,Azerbaijan,Iceland,0.0,2.0,FIFA World Cup qualification,Baku,Azerbaijan,0,2025,0,1,998,2025-09-18,124.0,122.0,-2.0,1148.09,1148.0,2025-09-18,74.0,74.0,0.0,1343.09,1338.0,-50.0,-195.0,1367.0,1562.0,-195.0,-1,-0.6666666666666666,-0.75,-0.75,-0.875,-0.8518518518518519,-0.859375,-0.6666666666666666,-0.25,-0.25,-0.25,-0.0740740740740739,0.09375,0.0,-0.5,-0.5,-0.625,-0.7777777777777779,-0.953125,-3.2450152656218196,3.4149725218807245,-6.659987787502544
987,2025-11-13,Norway,Estonia,4.0,1.0,FIFA World Cup qualification,Oslo,Norway,0,2025,0,1,997,2025-09-18,31.0,33.0,2.0,1526.23,1519.0,2025-09-18,129.0,126.0,-3.0,1127.19,1131.0,98.0,399.04,1806.0,1356.0,450.0,1,1.0,1.0,1.0,1.0,1.0,1.0,-1.0,-1.0,-1.0,-1.0,-1.0,-1.0,2.0,2.0,2.0,2.0,2.0,2.0,1.5083452065947485,-0.1957249075082914,1.7040701141030399
986,2025-11-13,Nigeria,Gabon,4.0,1.0,FIFA World Cup qualification,Rabat,Morocco,1,2025,0,1,996,2025-09-18,45.0,44.0,-1.0,1483.85,1484.0,2025-09-18,79.0,80.0,1.0,1314.06,1307.0,34.0,169.78999999999996,1584.0,1464.0,120.0,1,0.6666666666666666,0.6,0.4285714285714285,0.81884765625,0.6617272660558744,0.5468504428863525,0.6666666666666666,0.8,0.8571428571428571,0.8671875,0.8128334095412284,0.792633056640625,0.0,-0.2,-0.4285714285714285,-0.04833984375,-0.151106143485354,-0.2457826137542724,-0.5181406914441307,0.5189218848359829,-1.0370625762801136
985,2025-11-13,Cameroon,DR Congo,0.0,1.0,FIFA World Cup qualification,Rabat,Morocco,1,2025,0,1,995,2025-09-18,52.0,51.0,-1.0,1455.42,1467.0,2025-09-18,60.0,61.0,1.0,1407.6,1412.0,8.0,47.82000000000016,1579.0,1540.0,39.0,-1,0.0,0.4,0.2857142857142857,0.22137451171875,0.2519658117513759,0.2495769280940294,0.3333333333333333,0.6,0.7142857142857143,0.7416877746582031,0.6416937257027725,0.5778588673711056,-0.3333333333333333,-0.1999999999999999,-0.4285714285714286,-0.5203132629394531,-0.3897279139513965,-0.3282819392770761,-0.5789697391192021,0.29478916411067435,-0.8737589032298765
984,2025-11-13,United Arab Emirates,Iraq,1.0,1.0,FIFA World Cup qualification,Abu Dhabi,United Arab Emirates,0,2025,0,1,994,2025-09-18,67.0,65.0,-2.0,1379.86,1380.0,2025-09-18,58.0,58.0,0.0,1422.19,1417.0,-9.0,-42.33000000000016,1538.0,1584.0,-46.0,0,0.0,0.2,0.1428571428571428,-0.2247493267059326,-0.051723387288081,0.0211438847935312,0.6666666666666666,0.0,0.1428571428571428,0.2885587513446808,0.2410922691292738,0.2168142109549728,-0.6666666666666666,0.2,0.0,-0.5133080780506134,-0.2928156564173549,-0.1956703261614416,0.8008505317496256,-0.00022750539221137722,0.801078037141837
982,2025-11-13,Andorra,Albania,0.0,1.0,FIFA World Cup qualification,Encamp,Andorra,0,2025,0,1,991,2025-09-18,174.0,174.0,0.0,954.69,954.0,2025-09-18,66.0,68.0,2.0,1380.66,1373.0,-108.0,-425.97,1074.0,1631.0,-557.0,-1,-0.6666666666666666,-0.8,-0.8571428571428571,-0.75,-0.7777777777777778,-0.8125,0.6666666666666666,0.6,0.1428571428571428,0.7578125,0.5482395976223136,0.41278076171875,-1.3333333333333333,-1.4,-1.0,-1.5078125,-1.3260173754000912,-1.22528076171875,-0.038389662190090504,0.7816660038767538,-0.8200556660668443
981,2025-11-13,Suriname,El Salvador,4.0,0.0,FIFA World Cup qualification,Paramaribo,Suriname,0,2025,0,1,990,2025-09-18,131.0,136.0,5.0,1125.2,1100.0,2025-09-18,90.0,87.0,-3.0,1267.75,1273.0,-41.0,-142.54999999999995,1411.0,1389.0,22.0,1,0.3333333333333333,0.2,0.4285714285714285,0.15625,0.2798353909465021,0.3779296875,-1.0,-0.4,0.0,-0.792236328125,-0.5598783935250259,-0.4390318095684051,1.3333333333333333,0.6000000000000001,0.4285714285714285,0.948486328125,0.8397137844715281,0.8169614970684052,2.1358175985523062,-0.15706339759298227,2.2928809961452883
980,2025-11-13,Guatemala,Panama,2.0,3.0,FIFA World Cup qualification,Guatemala City,Guatemala,0,2025,0,1,989,2025-09-18,98.0,100.0,2.0,1230.73,1236.0,2025-09-18,29.0,30.0,1.0,1529.71,1545.0,-69.0,-298.98,1481.0,1726.0,-245.0,-1,0.3333333333333333,-0.2,0.1428571428571428,0.4375,0.3004115226337448,0.302734375,0.3333333333333333,0.4,0.2857142857142857,0.2947235107421875,0.3357642192227991,0.3393259058939293,0.0,-0.6000000000000001,-0.1428571428571428,0.1427764892578125,-0.0353526965890542,-0.0365915308939293,3.0508186873236776,-0.7168607330131131,3.7676794203367905
979,2025-11-13,Bermuda,Curaçao,0.0,7.0,FIFA World Cup qualification,Devonshire Parish,Bermuda,0,2025,0,1,988,2025-09-18,165.0,162.0,-3.0,988.72,1000.0,2025-09-18,84.0,86.0,2.0,1282.42,1277.0,-81.0,-293.70000000000005,1151.0,1335.0,-184.0,-1,-1.0,-0.6,-0.4285714285714285,-0.8984375,-0.7219935985368083,-0.58966064453125,0.6666666666666666,0.6,0.7142857142857143,0.4375,0.5679012345679013,0.64453125,-1.6666666666666663,-1.2,-1.1428571428571428,-1.3359375,-1.2898948331047095,-1.23419189453125,0.18752085168438404,1.2015516128551695,-1.0140307611707855
978,2025-11-13,Trinidad and Tobago,Jamaica,1.0,1.0,FIFA World Cup qualification,Port of Spain,Trinidad and Tobago,0,2025,0,1,987,2025-09-18,102.0,101.0,-1.0,1220.99,1229.0,2025-09-18,69.0,70.0,1.0,1377.21,1363.0,-33.0,-156.22000000000003,1389.0,1569.0,-180.0,0,0.0,-0.2,0.1428571428571428,0.1171875,0.0813900320073159,0.07159423828125,0.3333333333333333,0.6,0.4285714285714285,0.4757080078125,0.4374565254343066,0.3927176147699356,-0.3333333333333333,-0.8,-0.2857142857142857,-0.3585205078125,-0.3560664934269906,-0.3211233764886856,-0.6338589075663361,-0.17132835845492927,-0.46253054911140684
977,2025-11-13,Haiti,Costa Rica,1.0,0.0,FIFA World Cup qualification,Willemstad,Curaçao,1,2025,0,1,986,2025-09-18,87.0,90.0,3.0,1269.23,1261.0,2025-09-18,47.0,40.0,-7.0,1481.14,1494.0,-40.0,-211.91000000000008,1538.0,1666.0,-128.0,1,0.0,-0.2,0.1428571428571428,-0.25,-0.045267489711934,0.095703125,0.3333333333333333,0.4,0.5714285714285714,0.5521230697631836,0.4675564094334148,0.4405828072094664,-0.3333333333333333,-0.6000000000000001,-0.4285714285714285,-0.8021230697631836,-0.5128238991453489,-0.3448796822094664,-0.3472515030529428,0.3495896166408354,-0.6968411196937782
976,2025-11-13,England,Serbia,2.0,0.0,FIFA World Cup qualification,London,England,0,2025,0,1,985,2025-09-18,4.0,4.0,0.0,1820.45,1813.0,2025-09-18,34.0,32.0,-2.0,1520.9,1523.0,30.0,299.54999999999995,2006.0,1806.0,200.0,1,1.0,1.0,0.7142857142857143,0.9815597534179688,0.914899038806386,0.8469610697939061,-0.3333333333333333,0.2,0.0,0.205078125,0.0527866686988771,-0.0465049743652343,1.3333333333333333,0.8,0.7142857142857143,0.7764816284179688,0.8621123701075087,0.8934660441591404,1.6092267955560922,-1.3846615978637073,2.9938883934197995
983,2025-11-13,Armenia,Hungary,0.0,1.0,FIFA World Cup qualification,Yerevan,Armenia,0,2025,0,1,993,2025-09-18,103.0,105.0,2.0,1219.55,1205.0,2025-09-18,41.0,38.0,-3.0,1492.18,1501.0,-62.0,-272.6300000000001,1412.0,1695.0,-283.0,-1,-0.3333333333333333,-0.5,-0.5,-0.75,-0.7037037037037037,-0.71875,0.0,0.2,-0.1428571428571428,0.125,0.008230452674897,-0.111328125,-0.3333333333333333,-0.7,-0.3571428571428571,-0.875,-0.7119341563786008,-0.607421875,-2.4702788520252392,-1.2927703166793643,-1.177508535345875
975,2025-11-13,Nicaragua,Honduras,2.0,0.0,FIFA World Cup qualification,Managua,Nicaragua,0,2025,0,1,984,2025-09-18,132.0,130.0,-2.0,1120.77,1120.0,2025-09-18,65.0,66.0,1.0,1383.99,1380.0,-67.0,-263.22,1331.0,1585.0,-254.0,1,-1.0,-0.8,-0.2857142857142857,-0.875,-0.6378600823045266,-0.419921875,0.6666666666666666,0.6,0.7142857142857143,0.68017578125,0.6067559710297097,0.5208837985992432,-1.6666666666666663,-1.4,-1.0,-1.55517578125,-1.2446160533342363,-0.9408056735992432,1.4012637697933972,-0.40646859519931944,1.8077323649927166
991,2025-11-14,Luxembourg,Germany,0.0,2.0,FIFA World Cup qualification,Luxembourg,Luxembourg,0,2025,0,1,1001,2025-09-18,96.0,92.0,-4.0,1242.61,1260.0,2025-09-18,12.0,9.0,-3.0,1704.27,1717.0,-84.0,-461.6600000000001,1455.0,1971.0,-516.0,-1,-1.0,-1.0,-1.0,-1.0,-1.0,-1.0,1.0,0.2,0.2857142857142857,0.80322265625,0.6126155114114266,0.4878160953521728,-2.0,-1.2,-1.2857142857142856,-1.80322265625,-1.6126155114114264,-1.4878160953521729,-1.5102381437003867,-0.3130005186282086,-1.1972376250721781
992,2025-11-14,Slovakia,Northern Ireland,1.0,0.0,FIFA World Cup qualification,Košice,Slovakia,0,2025,0,1,1002,2025-09-18,42.0,52.0,10.0,1491.86,1467.0,2025-09-18,72.0,71.0,-1.0,1355.98,1351.0,30.0,135.87999999999988,1665.0,1561.0,104.0,1,0.3333333333333333,0.2,0.3333333333333333,0.4375,0.4238683127572016,0.466796875,-0.3333333333333333,0.0,0.0,-0.25,0.0370370370370371,0.21875,0.6666666666666666,0.2,0.3333333333333333,0.6875,0.3868312757201645,0.248046875,1.4584799173437883,1.4333645430490534,0.025115374294734982
993,2025-11-14,Finland,Malta,0.0,1.0,FIFA World Cup qualification,Helsinki,Finland,0,2025,0,1,1003,2025-09-18,71.0,69.0,-2.0,1358.71,1372.0,2025-09-18,166.0,168.0,2.0,982.43,977.0,95.0,376.2800000000001,1556.0,1260.0,296.0,-1,-0.3333333333333333,-0.2,0.0,-0.328125,-0.138545953360768,0.001220703125,-0.6666666666666666,-0.6,-0.6666666666666666,-0.6875,-0.6790123456790124,-0.70703125,0.3333333333333333,0.3999999999999999,0.6666666666666666,0.359375,0.5404663923182442,0.708251953125,-0.9527571098812808,0.5111217678963446,-1.4638788777776255
994,2025-11-14,Poland,Netherlands,1.0,1.0,FIFA World Cup qualification,Warsaw,Poland,0,2025,0,1,1004,2025-09-18,36.0,37.0,1.0,1517.31,1502.0,2025-09-18,7.0,7.0,0.0,1754.17,1758.0,-29.0,-236.86000000000013,1682.0,1938.0,-256.0,0,0.6666666666666666,0.4,0.4285714285714285,0.7274169921875,0.5285547533341738,0.4135262817144394,1.0,0.8,0.5714285714285714,0.9192962646484376,0.8162545295842626,0.7426613171119243,-0.3333333333333333,-0.4,-0.1428571428571428,-0.1918792724609375,-0.2876997762500888,-0.3291350353974849,0.8202841491080359,1.1154079364061387,-0.29512378729810274
995,2025-11-14,Croatia,Faroe Islands,3.0,1.0,FIFA World Cup qualification,Rijeka,Croatia,0,2025,0,1,1005,2025-09-18,9.0,10.0,1.0,1714.21,1708.0,2025-09-18,136.0,141.0,5.0,1094.46,1090.0,127.0,619.75,1886.0,1248.0,638.0,1,0.6666666666666666,0.8,0.7142857142857143,0.732940673828125,0.6810122192582333,0.6186405355110765,1.0,0.6,0.1428571428571428,0.8125,0.5390946502057612,0.314453125,-0.3333333333333333,0.2,0.5714285714285714,-0.079559326171875,0.1419175690524721,0.3041874105110764,0.0951927726067957,1.2918671577904137,-1.1966743851836181
996,2025-11-14,Gibraltar,Montenegro,1.0,2.0,FIFA World Cup qualification,Gibraltar,Gibraltar,0,2025,0,1,1006,2025-09-18,200.0,199.0,-1.0,827.19,835.0,2025-09-18,80.0,77.0,-3.0,1314.05,1327.0,-120.0,-486.8599999999999,1051.0,1516.0,-465.0,-1,-1.0,-1.0,-1.0,-1.0,-1.0,-1.0,-1.0,-0.6,-0.3333333333333333,-0.875,-0.6049382716049381,-0.3671875,0.0,-0.4,-0.6666666666666667,-0.125,-0.3950617283950619,-0.6328125,0.20706683842105225,-0.9182898841221334,1.1253567225431858
997,2025-11-15,Kazakhstan,Belgium,1.0,1.0,FIFA World Cup qualification,Astana,Kazakhstan,0,2025,0,1,1007,2025-09-18,118.0,114.0,-4.0,1158.05,1165.0,2025-09-18,8.0,8.0,0.0,1739.55,1736.0,-110.0,-581.5,1425.0,1851.0,-426.0,0,0.0,-0.4,-0.2857142857142857,0.03125,-0.1344307270233197,-0.25634765625,0.6666666666666666,0.8,0.4285714285714285,0.7119140625,0.6250157590400439,0.5580753087997437,-0.6666666666666666,-1.2000000000000002,-0.7142857142857142,-0.6806640625,-0.7594464860633636,-0.8144229650497437,-0.2442463638322483,0.28592381574073056,-0.5301701795729789
998,2025-11-15,Liechtenstein,Wales,0.0,1.0,FIFA World Cup qualification,Vaduz,Liechtenstein,0,2025,0,1,1008,2025-09-18,204.0,204.0,0.0,808.48,812.0,2025-09-18,30.0,31.0,1.0,1529.09,1529.0,-174.0,-720.6099999999999,977.0,1724.0,-747.0,-1,-1.0,-1.0,-1.0,-1.0,-1.0,-1.0,-0.3333333333333333,0.0,0.0,-0.306640625,-0.1393588375755727,-0.0411109924316406,-0.6666666666666667,-1.0,-1.0,-0.693359375,-0.8606411624244272,-0.9588890075683594,-0.5331527611583419,0.07051810900644953,-0.6036708701647914
999,2025-11-15,Bosnia and Herzegovina,Romania,3.0,1.0,FIFA World Cup qualification,Zenica,Bosnia and Herzegovina,0,2025,0,1,1009,2025-09-18,73.0,72.0,-1.0,1344.25,1349.0,2025-09-18,51.0,48.0,-3.0,1462.85,1474.0,-22.0,-118.59999999999992,1485.0,1650.0,-165.0,1,0.0,0.4,0.5,0.0,0.2222222222222223,0.375,0.6666666666666666,0.4,0.0,0.5625,0.316872427983539,0.126953125,-0.6666666666666666,0.0,0.5,-0.5625,-0.0946502057613166,0.248046875,1.284463449488223,-0.8908533101875092,2.175316759675732
1000,2025-11-15,Georgia,Spain,0.0,4.0,FIFA World Cup qualification,Tbilisi,Georgia,0,2025,0,1,1010,2025-09-18,68.0,67.0,-1.0,1377.32,1375.0,2025-09-18,1.0,2.0,1.0,1875.37,1867.0,-67.0,-498.05,1650.0,2178.0,-528.0,-1,-0.3333333333333333,-0.6,-0.2857142857142857,-0.7109375,-0.5866483767718336,-0.55560302734375,1.0,1.0,1.0,0.99945068359375,0.989295351903807,0.96766372397542,-1.3333333333333333,-1.6,-1.2857142857142856,-1.71038818359375,-1.5759437286756406,-1.52326675131917,-0.8556246211285087,3.5675356131305223,-4.423160234259031
1001,2025-11-15,Cyprus,Austria,0.0,2.0,FIFA World Cup qualification,Limassol,Cyprus,0,2025,0,1,1011,2025-09-18,128.0,128.0,0.0,1128.11,1124.0,2025-09-18,22.0,22.0,0.0,1601.86,1591.0,-106.0,-473.75,1311.0,1871.0,-560.0,-1,0.3333333333333333,-0.2,-0.1428571428571428,0.40625,0.2126200274348421,0.18408203125,0.3333333333333333,0.6,0.4285714285714285,-0.01953125,0.2227810801199005,0.2608413696289062,0.0,-0.8,-0.5714285714285714,0.42578125,-0.0101610526850583,-0.0767593383789062,0.606489820080887,-0.15559576610887435,0.7620855861897614
1002,2025-11-15,Greece,Scotland,3.0,2.0,FIFA World Cup qualification,Piraeus,Greece,0,2025,0,1,1012,2025-09-18,40.0,39.0,-1.0,1494.71,1498.0,2025-09-18,43.0,47.0,4.0,1485.08,1475.0,3.0,9.63000000000011,1838.0,1759.0,79.0,1,-1.0,-0.5,-0.5,-0.75,-0.4074074074074072,-0.15625,1.0,0.4,0.1428571428571428,0.828125,0.550068587105624,0.321044921875,-2.0,-0.9,-0.6428571428571428,-1.578125,-0.9574759945130312,-0.477294921875,2.0219987787502545,-1.129452546969659,3.1514513257199135
1003,2025-11-15,Denmark,Belarus,2.0,2.0,FIFA World Cup qualification,Copenhagen,Denmark,0,2025,0,1,1013,2025-09-18,20.0,21.0,1.0,1627.64,1621.0,2025-09-18,100.0,97.0,-3.0,1223.55,1237.0,80.0,404.09000000000015,1864.0,1492.0,372.0,0,1.0,0.4,0.1428571428571428,0.83203125,0.5890870294162474,0.4211578369140625,-1.0,-1.0,-1.0,-1.0,-1.0,-1.0,2.0,1.4,1.1428571428571428,1.83203125,1.5890870294162474,1.4211578369140625,-0.017246957804592525,-2.6551964176674128,2.63794945986282
1004,2025-11-15,Switzerland,Sweden,4.0,1.0,FIFA World Cup qualification,Geneva,Switzerland,0,2025,0,1,1014,2025-09-18,17.0,19.0,2.0,1648.29,1635.0,2025-09-18,32.0,29.0,-3.0,1524.63,1545.0,15.0,123.65999999999984,1814.0,1744.0,70.0,1,0.6666666666666666,0.6,0.5714285714285714,0.45458984375,0.5270011158341189,0.5343729257583618,-1.0,-0.8,-0.5,-0.875,-0.6378600823045266,-0.419921875,1.6666666666666663,1.4,1.0714285714285714,1.32958984375,1.1648611981386456,0.9542948007583618,0.5619930710792108,0.013313382967439613,0.5486796881117713
1005,2025-11-15,Slovenia,Kosovo,0.0,2.0,FIFA World Cup qualification,Ljubljana,Slovenia,0,2025,0,1,1015,2025-09-18,50.0,50.0,0.0,1462.96,1470.0,2025-09-18,91.0,95.0,4.0,1262.1,1248.0,41.0,200.86000000000013,1752.0,1527.0,225.0,-1,-0.3333333333333333,-0.2,-0.1666666666666666,-0.125,-0.1481481481481481,-0.140625,0.6666666666666666,0.25,0.25,0.5,0.185185185185185,-0.03125,-1.0,-0.45,-0.4166666666666666,-0.625,-0.3333333333333331,-0.109375,0.7199077794453949,-1.7209647872990024,2.4408725667443973
1006,2025-11-15,Turkey,Bulgaria,2.0,0.0,FIFA World Cup qualification,Bursa,Turkey,0,2025,0,1,1016,2022-03-31,43.0,39.0,-4.0,1461.81,1472.72,2025-09-18,86.0,84.0,-2.0,1271.53,1284.0,43.0,190.28,1774.0,1451.0,323.0,1,0.3333333333333333,0.2,0.4285714285714285,0.67578125,0.4809734288472285,0.3436355590820312,-1.0,-1.0,-1.0,-1.0,-1.0,-1.0,1.3333333333333333,1.2,1.4285714285714286,1.67578125,1.4809734288472285,1.3436355590820312,-0.6103236042491319,-1.6369428048035821,1.02661920055445
1007,2025-11-16,Serbia,Latvia,2.0,1.0,FIFA World Cup qualification,Leskovac,Serbia,0,2025,0,1,1017,2025-09-18,34.0,32.0,-2.0,1520.9,1523.0,2025-09-18,137.0,137.0,0.0,1088.8,1099.0,103.0,432.10000000000014,1806.0,1295.0,511.0,1,-0.3333333333333333,-0.2,0.0,-0.3974609375,-0.2981422208674151,-0.2848787307739258,-0.6666666666666666,-0.6,-0.4285714285714285,-0.6875,-0.5363511659807955,-0.37744140625,0.3333333333333333,0.3999999999999999,0.4285714285714285,0.2900390625,0.2382089451133803,0.0925626754760742,-1.385563856812901,0.21355767434574707,-1.599121531158648
1014,2025-11-16,Hungary,Republic of Ireland,2.0,3.0,FIFA World Cup qualification,Budapest,Hungary,0,2025,0,1,1025,2025-09-18,41.0,38.0,-3.0,1492.18,1501.0,2025-09-18,61.0,60.0,-1.0,1397.52,1413.0,20.0,94.66000000000008,1695.0,1603.0,92.0,-1,0.6666666666666666,0.2,0.1428571428571428,0.5625,0.3388203017832646,0.16650390625,0.3333333333333333,0.0,0.0,0.5625,0.3086419753086418,0.19140625,0.3333333333333333,0.2,0.1428571428571428,0.0,0.0301783264746227,-0.02490234375,-1.230842650992343,0.45071395217969135,-1.6815566031720341
1013,2025-11-16,Nigeria,DR Congo,1.0,1.0,FIFA World Cup qualification,Rabat,Morocco,1,2025,0,1,1024,2025-09-18,45.0,44.0,-1.0,1483.85,1484.0,2025-09-18,60.0,61.0,1.0,1407.6,1412.0,15.0,76.25,1584.0,1540.0,44.0,0,1.0,0.8,0.7142857142857143,0.909423828125,0.7744848440372496,0.6601378321647644,1.0,0.6,0.7142857142857143,0.8708438873291016,0.7611291504685149,0.6833941505283292,0.0,0.2,0.0,0.0385799407958984,0.0133556935687346,-0.0232563183635647,-0.3511912390062406,0.34568391916298763,-0.6968751581692283
1012,2025-11-16,Ukraine,Iceland,2.0,0.0,FIFA World Cup qualification,Warsaw,Poland,1,2025,0,1,1023,2025-09-18,28.0,26.0,-2.0,1543.06,1557.0,2025-09-18,74.0,74.0,0.0,1343.09,1338.0,46.0,199.97000000000003,1773.0,1562.0,211.0,1,0.3333333333333333,0.0,-0.1428571428571428,-0.15625,0.0004572473708277,0.0880126953125,0.0,0.0,0.0,0.375,0.2839506172839506,0.3203125,0.3333333333333333,0.0,-0.1428571428571428,-0.53125,-0.2834933699131229,-0.2322998046875,0.769732179252819,3.2729153147112697,-2.5031831354584506
1008,2025-11-16,Albania,England,0.0,2.0,FIFA World Cup qualification,Tirana,Albania,0,2025,0,1,1018,2025-09-18,66.0,68.0,2.0,1380.66,1373.0,2025-09-18,4.0,4.0,0.0,1820.45,1813.0,-62.0,-439.79,1631.0,2006.0,-375.0,-1,1.0,0.6,0.4285714285714285,0.87890625,0.6988263984148757,0.5595855712890625,1.0,1.0,1.0,0.9907798767089844,0.943266025870924,0.8852208023454295,0.0,-0.4,-0.5714285714285714,-0.1118736267089843,-0.2444396274560482,-0.325635231056367,0.6674503565898859,1.596919336993969,-0.929468980404083
1010,2025-11-16,Portugal,Armenia,9.0,1.0,FIFA World Cup qualification,Porto,Portugal,0,2025,0,1,1021,2025-09-18,5.0,6.0,1.0,1779.56,1771.0,2025-09-18,103.0,105.0,2.0,1219.55,1205.0,98.0,560.01,1993.0,1412.0,581.0,1,0.0,0.4,0.2857142857142857,-0.282470703125,-0.017766161561992,0.0979423224925994,-1.0,-0.6,-0.6,-0.875,-0.8024691358024691,-0.7890625,1.0,1.0,0.8857142857142857,0.592529296875,0.7847029742404771,0.8870048224925995,0.5136675917347826,-2.310850684259049,2.8245182759938317
1009,2025-11-16,Italy,Norway,1.0,4.0,FIFA World Cup qualification,Milan,Italy,0,2025,0,1,1019,2025-09-18,10.0,11.0,1.0,1710.07,1703.0,2025-09-18,31.0,33.0,2.0,1526.23,1519.0,21.0,183.83999999999992,1943.0,1806.0,137.0,-1,1.0,0.6,0.2857142857142857,0.8828125,0.6342021033379056,0.41168212890625,1.0,1.0,1.0,1.0,1.0,1.0,0.0,-0.4,-0.7142857142857143,-0.1171875,-0.3657978966620944,-0.58831787109375,-1.4705862435562853,1.4807954885597634,-2.9513817321160487
1011,2025-11-16,Azerbaijan,France,1.0,3.0,FIFA World Cup qualification,Baku,Azerbaijan,0,2025,0,1,1022,2025-09-18,124.0,122.0,-2.0,1148.09,1148.0,2025-09-18,2.0,3.0,1.0,1870.92,1862.0,-122.0,-722.8300000000002,1367.0,2055.0,-688.0,-1,-1.0,-0.8,-0.8,-0.9375,-0.9012345679012346,-0.89453125,0.6666666666666666,0.8,0.4285714285714285,0.707733154296875,0.63366942629614,0.588313112501055,-1.6666666666666663,-1.6,-1.2285714285714286,-1.645233154296875,-1.5349039941973746,-1.482844362501055,-3.1129555441146537,1.0661973173786274,-4.179152861493281
1019,2025-11-17,Northern Ireland,Luxembourg,1.0,0.0,FIFA World Cup qualification,Belfast,Northern Ireland,0,2025,0,1,1030,2025-09-18,72.0,71.0,-1.0,1355.98,1351.0,2025-09-18,96.0,92.0,-4.0,1242.61,1260.0,24.0,113.37000000000012,1561.0,1455.0,106.0,1,-0.3333333333333333,-0.2,-0.2,-0.625,-0.3086419753086418,-0.0859375,-1.0,-1.0,-1.0,-1.0,-1.0,-1.0,0.6666666666666667,0.8,0.8,0.375,0.6913580246913582,0.9140625,1.325519569928521,-1.4402241352474228,2.765743705175944
1016,2025-11-17,Czech Republic,Gibraltar,6.0,0.0,FIFA World Cup qualification,Olomouc,Czech Republic,0,2025,0,1,1027,2022-03-31,33.0,31.0,-2.0,1500.62,1510.42,2025-09-18,200.0,199.0,-1.0,827.19,835.0,167.0,673.4299999999998,1753.0,1051.0,702.0,1,0.0,0.0,0.2857142857142857,-0.388671875,-0.1904689325814153,-0.1403770446777343,-1.0,-1.0,-1.0,-1.0,-1.0,-1.0,1.0,1.0,1.2857142857142856,0.611328125,0.8095310674185847,0.8596229553222656,-0.7112405320817847,0.27723937733746096,-0.9884799094192457
1017,2025-11-17,Netherlands,Lithuania,4.0,0.0,FIFA World Cup qualification,Amsterdam,Netherlands,0,2025,0,1,1028,2025-09-18,7.0,7.0,0.0,1754.17,1758.0,2025-09-18,145.0,143.0,-2.0,1065.34,1069.0,138.0,688.8300000000002,1938.0,1293.0,645.0,1,0.6666666666666666,0.6,0.7142857142857143,0.4596481323242187,0.5441696863895085,0.5569959878339432,-1.0,-0.6,-0.5714285714285714,-0.890625,-0.7914951989026062,-0.756103515625,1.6666666666666663,1.2,1.2857142857142856,1.3502731323242188,1.3356648852921147,1.3130995034589432,1.0156780577940128,0.9340644312606625,0.08161362653335025
1018,2025-11-17,Malta,Poland,2.0,3.0,FIFA World Cup qualification,Ta' Qali,Malta,0,2025,0,1,1029,2025-09-18,166.0,168.0,2.0,982.43,977.0,2025-09-18,36.0,37.0,1.0,1517.31,1502.0,-130.0,-534.88,1260.0,1682.0,-422.0,-1,0.0,-0.2,-0.4285714285714285,0.15625,-0.1193415637860083,-0.2802734375,0.6666666666666666,0.2,0.4285714285714285,0.36370849609375,0.3523698355561159,0.3101447112858295,-0.6666666666666666,-0.4,-0.8571428571428571,-0.20745849609375,-0.4717113993421242,-0.5904181487858295,0.6516440168436184,0.8061497873957985,-0.15450577055218007
1020,2025-11-17,Germany,Slovakia,6.0,0.0,FIFA World Cup qualification,Leipzig,Germany,0,2025,0,1,1031,2025-09-18,12.0,9.0,-3.0,1704.27,1717.0,2025-09-18,42.0,52.0,10.0,1491.86,1467.0,30.0,212.41000000000008,1971.0,1665.0,306.0,1,1.0,0.6,0.4285714285714285,0.901611328125,0.7417436742742843,0.6158620715141296,0.3333333333333333,0.6,0.4285714285714285,0.71875,0.6159122085048011,0.60009765625,0.6666666666666667,0.0,0.0,0.182861328125,0.1258314657694832,0.0157644152641296,-0.27576519400301985,1.3962163927941535,-1.6719815867971735
1015,2025-11-17,Montenegro,Croatia,2.0,3.0,FIFA World Cup qualification,Podgorica,Montenegro,0,2025,0,1,1026,2025-09-18,80.0,77.0,-3.0,1314.05,1327.0,2025-09-18,9.0,10.0,1.0,1714.21,1708.0,-71.0,-400.1600000000001,1516.0,1886.0,-370.0,-1,-0.3333333333333333,-0.6,-0.1428571428571428,0.0625,-0.0699588477366255,-0.025390625,0.6666666666666666,0.8,0.8571428571428571,0.8664703369140625,0.7873414795054888,0.7139804016333073,-1.0,-1.4,-1.0,-0.8039703369140625,-0.8573003272421144,-0.7393710266333073,-0.9466257732914197,0.05782849186521949,-1.0044542651566393
1029,2025-11-18,Costa Rica,Honduras,0.0,0.0,FIFA World Cup qualification,San José,Costa Rica,0,2025,0,1,1040,2025-09-18,47.0,40.0,-7.0,1481.14,1494.0,2025-09-18,65.0,66.0,1.0,1383.99,1380.0,18.0,97.15000000000008,1666.0,1585.0,81.0,0,0.0,0.0,0.2857142857142857,-0.2239384651184082,-0.0216290603777233,0.0804371054070998,0.0,0.2,0.4285714285714285,-0.159912109375,0.0711706473531399,0.1406628489494323,0.0,-0.2,-0.1428571428571428,-0.0640263557434082,-0.0927997077308632,-0.0602257435423325,0.22314316860313915,-0.5790292660699476,0.8021724346730867
1037,2025-11-18,Austria,Bosnia and Herzegovina,1.0,1.0,FIFA World Cup qualification,Vienna,Austria,0,2025,0,1,1048,2025-09-18,22.0,22.0,0.0,1601.86,1591.0,2025-09-18,73.0,72.0,-1.0,1344.25,1349.0,51.0,257.6099999999999,1871.0,1485.0,386.0,0,0.3333333333333333,0.6,0.7142857142857143,0.490234375,0.481854053413267,0.4456310272216797,0.0,0.4,0.5714285714285714,0.5,0.4814814814814815,0.53125,0.3333333333333333,0.1999999999999999,0.1428571428571429,-0.009765625,0.0003725719317854,-0.0856189727783203,-0.1535018975142347,1.3524361877536217,-1.5059380852678563
1036,2025-11-18,Iraq,United Arab Emirates,2.0,1.0,FIFA World Cup qualification,Basra,Iraq,0,2025,0,1,1047,2025-09-18,58.0,58.0,0.0,1422.19,1417.0,2025-09-18,67.0,65.0,-2.0,1379.86,1380.0,9.0,42.33000000000016,1584.0,1538.0,46.0,1,0.3333333333333333,0.2,0.0,0.1442793756723404,0.1607281794195159,0.1626106582162296,0.0,0.0,0.0,-0.1123746633529663,-0.034482258192054,0.0158579135951484,0.3333333333333333,0.2,0.0,0.2566540390253067,0.1952104376115699,0.1467527446210812,-0.010802358016198943,0.7643299122349417,-0.7751322702511407
1035,2025-11-18,Kosovo,Switzerland,1.0,1.0,FIFA World Cup qualification,Pristina,Kosovo,0,2025,0,1,1046,2025-09-18,91.0,95.0,4.0,1262.1,1248.0,2025-09-18,17.0,19.0,2.0,1648.29,1635.0,-74.0,-386.19000000000005,1527.0,1814.0,-287.0,0,0.6666666666666666,0.4,0.4,0.75,0.4567901234567899,0.2265625,0.6666666666666666,0.8,0.7142857142857143,0.727294921875,0.6846674105560793,0.6507796943187714,0.0,-0.4,-0.3142857142857143,0.022705078125,-0.2278772870992893,-0.4242171943187713,-1.4538492115755317,0.6877581845451396,-2.1416073961206714
1034,2025-11-18,Sweden,Slovenia,1.0,1.0,FIFA World Cup qualification,Solna,Sweden,0,2025,0,1,1045,2025-09-18,32.0,29.0,-3.0,1524.63,1545.0,2025-09-18,50.0,50.0,0.0,1462.96,1470.0,18.0,61.67000000000007,1744.0,1752.0,-8.0,0,-1.0,-0.8,-0.5714285714285714,-0.9375,-0.7585733882030177,-0.56494140625,-0.3333333333333333,-0.4,-0.2857142857142857,-0.5625,-0.4320987654320987,-0.35546875,-0.6666666666666667,-0.4,-0.2857142857142857,-0.375,-0.3264746227709189,-0.20947265625,-0.14629328661888039,0.511677910066254,-0.6579711966851344
1033,2025-11-18,Scotland,Denmark,4.0,2.0,FIFA World Cup qualification,Glasgow,Scotland,0,2025,0,1,1044,2025-09-18,43.0,47.0,4.0,1485.08,1475.0,2025-09-18,20.0,21.0,1.0,1627.64,1621.0,-23.0,-142.56000000000017,1759.0,1864.0,-105.0,1,0.3333333333333333,0.4,0.1428571428571428,-0.0859375,0.0333790580704161,-0.00921630859375,0.6666666666666666,0.6,0.2857142857142857,0.416015625,0.3927246862774983,0.3158683776855469,-0.3333333333333333,-0.1999999999999999,-0.1428571428571428,-0.501953125,-0.3593456282070821,-0.3250846862792969,-1.1183082795008554,-0.11035007793373414,-1.0079582015671213
1032,2025-11-18,Belarus,Greece,0.0,0.0,FIFA World Cup qualification,Zalaegerszeg,Hungary,1,2025,0,1,1043,2025-09-18,100.0,97.0,-3.0,1223.55,1237.0,2025-09-18,40.0,39.0,-1.0,1494.71,1498.0,-60.0,-271.1600000000001,1492.0,1838.0,-346.0,0,-0.6666666666666666,-0.8,-0.8,-0.5,-0.6666666666666667,-0.75,-0.3333333333333333,-0.2,-0.2,0.125,0.0617283950617284,0.1328125,-0.3333333333333333,-0.6000000000000001,-0.6000000000000001,-0.625,-0.7283950617283952,-0.8828125,-2.404890746039918,1.9583517917649453,-4.363242537804863
1021,2025-11-18,Haiti,Nicaragua,2.0,0.0,FIFA World Cup qualification,Willemstad,Curaçao,1,2025,0,1,1032,2025-09-18,87.0,90.0,3.0,1269.23,1261.0,2025-09-18,132.0,130.0,-2.0,1120.77,1120.0,45.0,148.46000000000004,1538.0,1331.0,207.0,1,0.3333333333333333,0.2,0.1428571428571428,0.375,0.3031550068587105,0.32177734375,-0.3333333333333333,-0.4,-0.2857142857142857,0.0625,-0.0919067215363512,-0.06494140625,0.6666666666666666,0.6000000000000001,0.4285714285714285,0.3125,0.3950617283950617,0.38671875,-0.220942591108652,1.5153070774526092,-1.7362496685612612
1031,2025-11-18,Spain,Turkey,2.0,2.0,FIFA World Cup qualification,Seville,Spain,0,2025,0,1,1042,2025-09-18,1.0,2.0,1.0,1875.37,1867.0,2022-03-31,43.0,39.0,-4.0,1461.81,1472.72,42.0,413.56,2178.0,1774.0,404.0,0,1.0,1.0,1.0,0.999725341796875,0.9928635679358714,0.975747792981565,1.0,0.6,0.4285714285714285,0.837890625,0.6539822858981523,0.5077266693115234,0.0,0.4,0.5714285714285714,0.161834716796875,0.338881282037719,0.4680211236700415,3.5141511652993147,-0.5073633922344771,4.021514557533791
1023,2025-11-18,Jamaica,Curaçao,0.0,0.0,FIFA World Cup qualification,Kingston,Jamaica,0,2025,0,1,1034,2025-09-18,69.0,70.0,1.0,1377.21,1363.0,2025-09-18,84.0,86.0,2.0,1282.42,1277.0,15.0,94.78999999999996,1569.0,1335.0,234.0,0,0.0,0.4,0.5714285714285714,0.23785400390625,0.291637683622871,0.2945382110774517,0.6666666666666666,0.6,0.7142857142857143,0.71875,0.7119341563786008,0.7333984375,-0.6666666666666666,-0.1999999999999999,-0.1428571428571429,-0.48089599609375,-0.4202964727557297,-0.4388602264225483,-0.20007374913405107,1.447342694451924,-1.6474164435859753
1024,2025-11-18,Panama,El Salvador,3.0,0.0,FIFA World Cup qualification,Panama City,Panama,0,2025,0,1,1035,2025-09-18,29.0,30.0,1.0,1529.71,1545.0,2025-09-18,90.0,87.0,-3.0,1267.75,1273.0,61.0,261.96000000000004,1726.0,1389.0,337.0,1,0.6666666666666666,0.4,0.5714285714285714,0.6473617553710938,0.5571761461485327,0.504494429420447,-1.0,-0.6,-0.2857142857142857,-0.8961181640625,-0.7065855956833506,-0.5792738571763039,1.6666666666666663,1.0,0.8571428571428571,1.5434799194335938,1.2637617418318832,1.0837682865967508,-0.6970453957770476,-0.43135378596986573,-0.26569160980718187
1025,2025-11-18,Guatemala,Suriname,3.0,1.0,FIFA World Cup qualification,Guatemala City,Guatemala,0,2025,0,1,1036,2025-09-18,98.0,100.0,2.0,1230.73,1236.0,2025-09-18,131.0,136.0,5.0,1125.2,1100.0,33.0,105.52999999999996,1481.0,1411.0,70.0,1,0.0,-0.2,-0.1428571428571428,-0.28125,-0.1330589849108367,-0.02294921875,0.3333333333333333,0.4,0.4285714285714285,0.578125,0.5198902606310014,0.533447265625,-0.3333333333333333,-0.6000000000000001,-0.5714285714285714,-0.859375,-0.6529492455418381,-0.556396484375,2.8937117057164023,2.293710680990406,0.6000010247259961
1026,2025-11-18,Belgium,Liechtenstein,7.0,0.0,FIFA World Cup qualification,Liège,Belgium,0,2025,0,1,1037,2025-09-18,8.0,8.0,0.0,1739.55,1736.0,2025-09-18,204.0,204.0,0.0,808.48,812.0,196.0,931.07,1851.0,977.0,874.0,1,0.3333333333333333,0.6,0.5714285714285714,0.35595703125,0.4166771726933627,0.4185564815998077,-1.0,-1.0,-1.0,-1.0,-1.0,-1.0,1.3333333333333333,1.6,1.5714285714285714,1.35595703125,1.416677172693363,1.4185564815998075,0.13969300305009932,-0.3559084810902041,0.49560148414030347
1027,2025-11-18,Wales,North Macedonia,7.0,1.0,FIFA World Cup qualification,Cardiff,Wales,0,2025,0,1,1038,2025-09-18,30.0,31.0,1.0,1529.09,1529.0,2025-09-18,63.0,62.0,-1.0,1388.5,1391.0,33.0,140.58999999999992,1724.0,1551.0,173.0,1,0.3333333333333333,0.2,0.2857142857142857,0.3466796875,0.2404274416162847,0.2191667556762695,0.3333333333333333,0.4,0.4285714285714285,0.1953125,0.2956866331351928,0.357330322265625,0.0,-0.2,-0.1428571428571428,0.1513671875,-0.055259191518908,-0.1381635665893554,-0.07951236799392984,1.5490183681488472,-1.628530736142777
1028,2025-11-18,Romania,San Marino,7.0,1.0,FIFA World Cup qualification,Ploiești,Romania,0,2025,0,1,1039,2025-09-18,51.0,48.0,-3.0,1462.85,1474.0,2025-09-18,210.0,210.0,0.0,733.23,738.0,159.0,729.6199999999999,1650.0,841.0,809.0,1,0.0,0.0,0.0,-0.21875,-0.1220850480109739,-0.15478515625,-1.0,-1.0,-1.0,-1.0,-1.0,-1.0,1.0,1.0,1.0,0.78125,0.8779149519890261,0.84521484375,-0.9819795860588323,-0.8878505022606045,-0.09412908379822782
1022,2025-11-18,Trinidad and Tobago,Bermuda,2.0,2.0,FIFA World Cup qualification,Port of Spain,Trinidad and Tobago,0,2025,0,1,1033,2025-09-18,102.0,101.0,-1.0,1220.99,1229.0,2025-09-18,165.0,162.0,-3.0,988.72,1000.0,63.0,232.27,1389.0,1151.0,238.0,0,0.3333333333333333,0.0,0.0,0.05859375,0.0542600213382106,0.0536956787109375,-1.0,-1.0,-0.4285714285714285,-0.94921875,-0.8146623990245389,-0.6922454833984375,1.3333333333333333,1.0,0.4285714285714285,1.0078125,0.8689224203627495,0.745941162109375,-0.557749560062434,-0.1399803748852856,-0.41776918517714845
1030,2025-11-18,Bulgaria,Georgia,2.0,1.0,FIFA World Cup qualification,Sofia,Bulgaria,0,2025,0,1,1041,2025-09-18,86.0,84.0,-2.0,1271.53,1284.0,2025-09-18,68.0,67.0,-1.0,1377.32,1375.0,-18.0,-105.78999999999996,1451.0,1650.0,-199.0,1,-1.0,-1.0,-1.0,-1.0,-1.0,-1.0,-1.0,-0.6,-0.4285714285714285,-0.85546875,-0.7244322511812223,-0.6667022705078125,0.0,-0.4,-0.5714285714285714,-0.14453125,-0.2755677488187776,-0.3332977294921875,-1.6077108751092537,-0.9617643492974199,-0.6459465258118338
1202,2025-12-21,Morocco,Comoros,2.0,0.0,African Cup of Nations,Rabat,Morocco,0,2025,0,0,1213,2025-09-18 00:00:00,11.0,12.0,1.0,1706.25,1699.0,2025-09-18 00:00:00,105.0,107.0,2.0,1201.83,1199.0,94.0,504.4200000000001,1802.0,1359.0,443.0,1,1.0,1.0,1.0,0.9908266067504884,0.942459579679644,0.8788485723298436,-0.3333333333333333,-0.2,-0.1428571428571428,-0.6640625,-0.4354519128181678,-0.271331787109375,1.3333333333333333,1.2,1.1428571428571428,1.6548891067504885,1.377911492497812,1.1501803594392186,-0.10136517268931713,1.0495714217251269,-1.150936594414444
1204,2025-12-22,South Africa,Angola,2.0,1.0,African Cup of Nations,Marrakesh,Morocco,1,2025,0,0,1215,2025-09-18 00:00:00,55.0,56.0,1.0,1448.67,1443.0,2025-09-18 00:00:00,89.0,85.0,-4.0,1268.72,1280.0,34.0,179.95000000000005,1576.0,1566.0,10.0,1,0.3333333333333333,0.6,0.4285714285714285,0.586212158203125,0.4884962782647254,0.4384641130454838,0.3333333333333333,-0.2,-0.1428571428571428,0.03515625,0.0030483158055174,-0.0105743408203125,0.0,0.8,0.5714285714285714,0.551055908203125,0.4854479624592079,0.4490384538657963,0.21699192638982384,0.33985198292458424,-0.1228600565347604
1203,2025-12-22,Egypt,Zimbabwe,2.0,1.0,African Cup of Nations,Agadir,Morocco,1,2025,0,0,1214,2025-09-18 00:00:00,35.0,34.0,-1.0,1519.18,1519.0,2025-09-18 00:00:00,125.0,116.0,-9.0,1133.75,1157.0,90.0,385.43000000000006,1657.0,1352.0,305.0,1,0.6666666666666666,0.8,0.7142857142857143,0.86346435546875,0.7889932661769987,0.7375348340719938,-0.6666666666666666,-0.6,-0.5714285714285714,-0.69921875,-0.6290199664685261,-0.5739593505859375,1.3333333333333333,1.4,1.2857142857142856,1.56268310546875,1.4180132326455248,1.311494184657931,0.285665777178022,-0.25298380053612773,0.5386495777141498
1207,2025-12-23,Tunisia,Uganda,3.0,1.0,African Cup of Nations,Rabat,Morocco,1,2025,0,0,1218,2025-09-18 00:00:00,46.0,49.0,3.0,1483.02,1471.0,2025-09-18 00:00:00,82.0,88.0,6.0,1287.61,1269.0,36.0,195.41000000000008,1598.0,1433.0,165.0,1,1.0,1.0,0.8571428571428571,0.9881973266601562,0.9339458786342092,0.8687937252107076,0.3333333333333333,0.6,0.1428571428571428,-0.05078125,0.1349895849209978,0.1421890258789062,0.6666666666666667,0.4,0.7142857142857142,1.0389785766601562,0.7989562937132113,0.7266046993318014,0.4434869091096012,-0.38842915947352596,0.8319160685831272
1206,2025-12-23,Senegal,Botswana,3.0,0.0,African Cup of Nations,Tangier,Morocco,1,2025,0,0,1217,2025-09-18 00:00:00,18.0,18.0,0.0,1645.22,1635.0,2025-09-18 00:00:00,139.0,135.0,-4.0,1087.27,1101.0,121.0,557.95,1771.0,1319.0,452.0,1,1.0,1.0,0.8571428571428571,0.9783210754394532,0.917157284540691,0.8532315270931576,-0.6666666666666666,-0.4,-0.2857142857142857,-0.41796875,-0.4504394655286288,-0.4527511596679687,1.6666666666666663,1.4,1.1428571428571428,1.3962898254394531,1.3675967500693198,1.3059826867611264,-0.3132974275705085,-0.008032766009635942,-0.30526466156087256
1205,2025-12-23,DR Congo,Benin,1.0,0.0,African Cup of Nations,Rabat,Morocco,1,2025,0,0,1216,2025-09-18 00:00:00,60.0,61.0,1.0,1407.6,1412.0,2025-09-18 00:00:00,93.0,96.0,3.0,1257.3,1239.0,33.0,150.29999999999995,1540.0,1436.0,104.0,1,0.6666666666666666,0.4,0.5714285714285714,0.4354219436645508,0.5074194336456767,0.5125456128962469,0.3333333333333333,0.2,0.2857142857142857,-0.083984375,0.0927196057511558,0.1072731018066406,0.3333333333333333,0.2,0.2857142857142857,0.5194063186645508,0.4146998278945207,0.4052725110896062,0.3429966298004589,-0.23791812749555197,0.5809147572960109
1209,2025-12-24,Ivory Coast,Mozambique,1.0,0.0,African Cup of Nations,Marrakesh,Morocco,1,2025,0,0,1220,2025-09-18 00:00:00,44.0,45.0,1.0,1483.9,1483.0,2025-09-18 00:00:00,97.0,99.0,2.0,1234.04,1236.0,53.0,249.86000000000013,1579.0,1389.0,190.0,1,0.6666666666666666,0.8,0.7142857142857143,0.8665771484375,0.8101706283273005,0.7766047790646553,0.3333333333333333,-0.2,0.1428571428571428,0.3076171875,0.1825019146057605,0.1580928564071655,0.3333333333333333,1.0,0.5714285714285714,0.5589599609375,0.62766871372154,0.6185119226574898,2.444926572206685,-0.07188909395612662,2.5168156661628114
1208,2025-12-24,Algeria,Sudan,3.0,0.0,African Cup of Nations,Rabat,Morocco,1,2025,0,0,1219,2025-09-18 00:00:00,38.0,36.0,-2.0,1500.73,1504.0,2025-09-18 00:00:00,116.0,110.0,-6.0,1163.56,1174.0,78.0,337.1700000000001,1685.0,1352.0,333.0,1,0.6666666666666666,0.8,0.8571428571428571,0.8616943359375,0.7689443523468372,0.697848416864872,-0.6666666666666666,-0.6,-0.2857142857142857,-0.673828125,-0.5184677132550931,-0.3931999206542969,1.3333333333333333,1.4,1.1428571428571428,1.5355224609375,1.2874120656019303,1.0910483375191689,0.28325439142399617,0.3687473353938188,-0.08549294396982265
1211,2025-12-26,Morocco,Mali,1.0,1.0,African Cup of Nations,Rabat,Morocco,0,2025,0,0,1222,2025-09-18 00:00:00,11.0,12.0,1.0,1706.25,1699.0,2025-09-18 00:00:00,56.0,54.0,-2.0,1445.83,1455.0,45.0,260.4200000000001,1802.0,1612.0,190.0,0,1.0,1.0,1.0,0.995413303375244,0.9616397197864294,0.9091364292473828,0.3333333333333333,0.4,0.4285714285714285,0.69781494140625,0.5224773566376867,0.4074502401053905,0.6666666666666667,0.6,0.5714285714285714,0.2975983619689941,0.4391623631487427,0.5016861891419921,-0.0883436919428867,-0.34981976901299755,0.26147607707011083
1210,2025-12-26,Egypt,South Africa,1.0,0.0,African Cup of Nations,Agadir,Morocco,1,2025,0,0,1221,2025-09-18 00:00:00,35.0,34.0,-1.0,1519.18,1519.0,2025-09-18 00:00:00,55.0,56.0,1.0,1448.67,1443.0,20.0,70.50999999999999,1657.0,1576.0,81.0,1,1.0,0.8,0.8571428571428571,0.931732177734375,0.8593288441179991,0.8031511255539954,0.6666666666666666,0.6,0.4285714285714285,0.7931060791015625,0.6589975188431503,0.5788480847841129,0.3333333333333333,0.2,0.4285714285714285,0.1386260986328125,0.2003313252748488,0.2243030407698825,0.22180308440284424,0.22305122483748127,-0.0012481404346370295
1213,2025-12-27,Senegal,DR Congo,1.0,1.0,African Cup of Nations,Tangier,Morocco,1,2025,0,0,1224,2025-09-18 00:00:00,18.0,18.0,0.0,1645.22,1635.0,2025-09-18 00:00:00,60.0,61.0,1.0,1407.6,1412.0,42.0,237.6200000000001,1771.0,1540.0,231.0,0,1.0,1.0,0.8571428571428571,0.9891605377197266,0.9447715230271272,0.8899236453198682,0.6666666666666666,0.8,0.5714285714285714,0.7177109718322754,0.6716129557637844,0.6344092096721852,0.3333333333333333,0.1999999999999999,0.2857142857142857,0.2714495658874511,0.2731585672633428,0.255514435647683,-0.2607505200663609,0.3428203574592555,-0.6035708775256163
1212,2025-12-27,Nigeria,Tunisia,3.0,2.0,African Cup of Nations,Fez,Morocco,1,2025,0,0,1223,2025-09-18 00:00:00,45.0,44.0,-1.0,1483.85,1484.0,2025-09-18 00:00:00,46.0,49.0,3.0,1483.02,1471.0,1.0,0.8299999999999272,1627.0,1598.0,29.0,1,0.6666666666666666,0.6,0.5714285714285714,0.4547119140625,0.5163232293581664,0.4951033741235733,1.0,1.0,1.0,0.994098663330078,0.9559639190894728,0.9015952939080308,-0.3333333333333333,-0.4,-0.4285714285714286,-0.5393867492675781,-0.4396406897313063,-0.4064919197844574,-0.34817998965293234,0.4926935615149188,-0.8408735511678511
1215,2025-12-28,Ivory Coast,Cameroon,1.0,1.0,African Cup of Nations,Marrakesh,Morocco,1,2025,0,0,1226,2025-09-18 00:00:00,44.0,45.0,1.0,1483.9,1483.0,2025-09-18 00:00:00,52.0,51.0,-1.0,1455.42,1467.0,8.0,28.48000000000001,1579.0,1559.0,20.0,0,1.0,0.8,0.8571428571428571,0.93328857421875,0.8734470855515336,0.8324535842984915,0.0,0.0,0.1428571428571428,-0.389312744140625,-0.1653561254990826,-0.0628173039294779,1.0,0.8,0.7142857142857142,1.322601318359375,1.0388032110506162,0.8952708882279694,2.2975779503121743,-0.6131479897592491,2.9107259400714236
1214,2025-12-28,Algeria,Burkina Faso,1.0,0.0,African Cup of Nations,Rabat,Morocco,1,2025,0,0,1225,2025-09-18 00:00:00,38.0,36.0,-2.0,1500.73,1504.0,2025-09-18 00:00:00,64.0,63.0,-1.0,1385.36,1388.0,26.0,115.37000000000012,1685.0,1547.0,138.0,1,1.0,0.8,0.8571428571428571,0.93084716796875,0.8459629015645581,0.773386312648654,0.6666666666666666,0.8,0.7142857142857143,0.8564453125,0.7532219004555538,0.6667966842651367,0.3333333333333333,0.0,0.1428571428571428,0.07440185546875,0.0927410011090043,0.1065896283835172,0.3512982507519964,-0.3728960114280851,0.7241942621800814
1217,2025-12-29,Morocco,Zambia,3.0,0.0,African Cup of Nations,Rabat,Morocco,0,2025,0,0,1228,2025-09-18 00:00:00,11.0,12.0,1.0,1706.25,1699.0,2025-09-18 00:00:00,85.0,83.0,-2.0,1273.0,1285.0,74.0,433.25,1802.0,1364.0,438.0,1,0.6666666666666666,0.8,0.8571428571428571,0.497706651687622,0.6410931465242863,0.681852321935537,-0.3333333333333333,-0.6,-0.5714285714285714,-0.484375,-0.4482548392013412,-0.380279541015625,1.0,1.4,1.4285714285714284,0.982081651687622,1.0893479857256274,1.062131862951162,-0.13608818065212866,0.720982190785438,-0.8570703714375667
1216,2025-12-29,Angola,Egypt,0.0,0.0,African Cup of Nations,Agadir,Morocco,1,2025,0,0,1227,2025-09-18 00:00:00,89.0,85.0,-4.0,1268.72,1280.0,2025-09-18 00:00:00,35.0,34.0,-1.0,1519.18,1519.0,-54.0,-250.46000000000004,1566.0,1657.0,-91.0,0,-0.3333333333333333,-0.2,-0.2857142857142857,-0.482421875,-0.3313011227963216,-0.2579307556152344,1.0,0.8,0.8571428571428571,0.9658660888671876,0.9062192294119994,0.8523633441654965,-1.3333333333333333,-1.0,-1.1428571428571428,-1.4482879638671875,-1.2375203522083211,-1.110294099780731,0.3010371603996087,0.2440499617909122,0.0569871986086965
1218,2025-12-29,Zimbabwe,South Africa,2.0,3.0,African Cup of Nations,Marrakesh,Morocco,1,2025,0,0,1229,2025-09-18 00:00:00,125.0,116.0,-9.0,1133.75,1157.0,2025-09-18 00:00:00,55.0,56.0,1.0,1448.67,1443.0,-70.0,-314.9200000000001,1352.0,1576.0,-224.0,-1,-0.6666666666666666,-0.8,-0.5714285714285714,-0.849609375,-0.7526799776456841,-0.6804695129394531,0.3333333333333333,0.2,0.4285714285714285,-0.1034469604492187,0.1059983458954336,0.1841360635880846,-1.0,-1.0,-1.0,-0.7461624145507812,-0.8586783235411177,-0.8646055765275378,-0.19104357697517904,0.17463644690586472,-0.36568002388104376
1219,2025-12-30,Benin,Senegal,0.0,3.0,African Cup of Nations,Tangier,Morocco,1,2025,0,0,1230,2025-09-18 00:00:00,93.0,96.0,3.0,1257.3,1239.0,2025-09-18 00:00:00,18.0,18.0,0.0,1645.22,1635.0,-75.0,-387.9200000000001,1436.0,1771.0,-335.0,-1,-0.3333333333333333,0.2,0.0,-0.5419921875,-0.2715202628325627,-0.1695451736450195,0.6666666666666666,0.8,0.8571428571428571,0.4945802688598633,0.6298476820180849,0.6674427339899012,-1.0,-0.6000000000000001,-0.8571428571428571,-1.0365724563598633,-0.9013679448506476,-0.8369879076349207,-0.24392294352522537,-0.29482401888598675,0.05090107536076138
1221,2025-12-30,Tanzania,Tunisia,1.0,1.0,African Cup of Nations,Rabat,Morocco,1,2025,0,0,1232,2025-09-18 00:00:00,107.0,103.0,-4.0,1199.43,1209.0,2025-09-18 00:00:00,46.0,49.0,3.0,1483.02,1471.0,-61.0,-283.5899999999999,1325.0,1598.0,-273.0,0,-0.6666666666666666,-0.4,-0.4285714285714285,-0.7890625,-0.5982319768327998,-0.441619873046875,0.3333333333333333,0.6,0.7142857142857143,-0.0029506683349609,0.3039759460596486,0.426196470431023,-1.0,-1.0,-1.1428571428571428,-0.7861118316650391,-0.9022079228924484,-0.867816343477898,0.46797081278273756,0.4060645284846295,0.06190628429810807
1220,2025-12-30,Botswana,DR Congo,0.0,3.0,African Cup of Nations,Rabat,Morocco,1,2025,0,0,1231,2025-09-18 00:00:00,139.0,135.0,-4.0,1087.27,1101.0,2025-09-18 00:00:00,60.0,61.0,1.0,1407.6,1412.0,-79.0,-320.3299999999999,1319.0,1540.0,-221.0,-1,-0.6666666666666666,-0.8,-0.5714285714285714,-0.708984375,-0.6336263103524191,-0.5895633697509766,0.3333333333333333,0.6,0.4285714285714285,0.3588554859161377,0.4477419705091897,0.4758069072541389,-1.0,-1.4,-1.0,-1.0678398609161377,-1.0813682808616087,-1.0653702770051154,-0.04167789742083383,0.37206621878518165,-0.4137441162060155
1223,2025-12-31,Gabon,Ivory Coast,2.0,3.0,African Cup of Nations,Marrakesh,Morocco,1,2025,0,0,1234,2025-09-18 00:00:00,79.0,80.0,1.0,1314.06,1307.0,2025-09-18 00:00:00,44.0,45.0,1.0,1483.9,1483.0,-35.0,-169.84000000000017,1467.0,1627.0,-160.0,-1,0.3333333333333333,0.4,0.5714285714285714,-0.06640625,0.208555606360819,0.3444747924804687,0.6666666666666666,0.6,0.7142857142857143,0.466644287109375,0.5822980570343558,0.6243401882238686,-0.3333333333333333,-0.1999999999999999,-0.1428571428571429,-0.533050537109375,-0.3737424506735367,-0.2798653957433998,0.35192647984563097,2.1530145414702817,-1.8010880616246507
1222,2025-12-31,Equatorial Guinea,Algeria,1.0,3.0,African Cup of Nations,Rabat,Morocco,1,2025,0,0,1233,2025-09-18 00:00:00,95.0,93.0,-2.0,1248.68,1252.0,2025-09-18 00:00:00,38.0,36.0,-2.0,1500.73,1504.0,-57.0,-252.04999999999995,1437.0,1757.0,-320.0,-1,-0.6666666666666666,-0.2,0.1428571428571428,-0.29296875,-0.2309607275313722,-0.2022628784179687,1.0,0.8,0.8571428571428571,0.965423583984375,0.8973086010430388,0.8300397344864905,-1.6666666666666663,-1.0,-0.7142857142857142,-1.258392333984375,-1.128269328574411,-1.0323026129044592,-2.189572604321362,0.3588689418842319,-2.548441546205594
1224,2026-01-03,Mali,Tunisia,1.0,1.0,African Cup of Nations,Casablanca,Morocco,1,2026,0,0,1235,2025-09-18 00:00:00,56.0,54.0,-2.0,1445.83,1455.0,2025-09-18 00:00:00,46.0,49.0,3.0,1483.02,1471.0,-10.0,-37.190000000000055,1612.0,1615.0,-3.0,0,0.6666666666666666,0.4,0.4285714285714285,0.348907470703125,0.3483182377584578,0.3055876800790429,0.0,0.4,0.5714285714285714,-0.0014753341674804,0.2026506307064324,0.3196473528232673,0.6666666666666666,0.0,-0.1428571428571428,0.3503828048706054,0.1456676070520253,-0.0140596727442243,-0.27630095907105656,0.31041367386788654,-0.5867146329389431
1225,2026-01-03,Senegal,Sudan,3.0,1.0,African Cup of Nations,Tangier,Morocco,1,2026,0,0,1236,2025-09-18 00:00:00,18.0,18.0,0.0,1645.22,1635.0,2025-09-18 00:00:00,116.0,110.0,-6.0,1163.56,1174.0,98.0,481.6600000000001,1807.0,1352.0,455.0,1,0.6666666666666666,0.8,0.8571428571428571,0.7472901344299316,0.7532317880120566,0.7505820504924259,-0.6666666666666666,-0.8,-0.5714285714285714,-0.8369140625,-0.6789784755033954,-0.5448999404907227,1.3333333333333333,1.6,1.4285714285714284,1.5842041969299316,1.432210263515452,1.2954819909831483,-0.1892461354221052,0.26235043331182945,-0.4515965687339346
1227,2026-01-04,South Africa,Cameroon,1.0,2.0,African Cup of Nations,Rabat,Morocco,1,2026,0,0,1238,2025-09-18 00:00:00,55.0,56.0,1.0,1448.67,1443.0,2025-09-18 00:00:00,52.0,51.0,-1.0,1455.42,1467.0,-3.0,-6.75,1550.0,1559.0,-9.0,-1,0.3333333333333333,0.4,0.4285714285714285,0.4482765197753906,0.4039988972636223,0.3881020476910635,-0.3333333333333333,-0.2,0.1428571428571428,-0.1946563720703125,-0.1102374169993884,-0.0471129779471084,0.6666666666666666,0.6000000000000001,0.2857142857142857,0.6429328918457031,0.5142363142630108,0.4352150256381719,0.14083430297022562,-0.5676686962439992,0.7085029992142248
1226,2026-01-04,Morocco,Tanzania,1.0,0.0,African Cup of Nations,Rabat,Morocco,0,2026,0,0,1237,2025-09-18 00:00:00,11.0,12.0,1.0,1706.25,1699.0,2025-09-18 00:00:00,107.0,103.0,-4.0,1199.43,1209.0,96.0,506.82,1840.0,1325.0,515.0,1,0.6666666666666666,0.8,0.8571428571428571,0.748853325843811,0.7607287643495242,0.7613892414516528,-0.6666666666666666,-0.6,-0.2857142857142857,-0.39453125,-0.3988213178885332,-0.3312149047851562,1.3333333333333333,1.4,1.1428571428571428,1.143384575843811,1.1595500822380576,1.092604146236809,-0.03867122884906227,0.5122078237955177,-0.5508790526445799
1228,2026-01-05,Egypt,Benin,3.0,1.0,African Cup of Nations,Agadir,Morocco,1,2026,0,0,1239,2025-09-18 00:00:00,35.0,34.0,-1.0,1519.18,1519.0,2025-09-18 00:00:00,93.0,96.0,3.0,1257.3,1239.0,58.0,261.8800000000001,1622.0,1436.0,186.0,1,0.6666666666666666,0.8,0.7142857142857143,0.4829330444335937,0.604146152941333,0.6392725081241224,-1.0,-0.2,-0.1428571428571428,-0.77099609375,-0.5143468418883751,-0.3771588802337646,1.6666666666666663,1.0,0.8571428571428572,1.2539291381835938,1.1184929948297082,1.016431388357887,0.16616466992085854,-0.31780982920021206,0.4839744991210706
1230,2026-01-06,Ivory Coast,Burkina Faso,3.0,0.0,African Cup of Nations,Marrakesh,Morocco,1,2026,0,0,1241,2025-09-18 00:00:00,44.0,45.0,1.0,1483.9,1483.0,2025-09-18 00:00:00,64.0,63.0,-1.0,1385.36,1388.0,20.0,98.5400000000002,1627.0,1547.0,80.0,1,0.6666666666666666,0.8,0.7142857142857143,0.7333221435546875,0.7215320380229038,0.7182551411679015,0.3333333333333333,0.4,0.5714285714285714,-0.07177734375,0.1688146003037026,0.2500975131988525,0.3333333333333333,0.4,0.1428571428571429,0.8050994873046875,0.5527174377192011,0.4681576279690489,2.0440136860896767,-0.37919624604996244,2.423209932139639
1229,2026-01-06,Algeria,DR Congo,1.0,0.0,African Cup of Nations,Rabat,Morocco,1,2026,0,0,1240,2025-09-18 00:00:00,38.0,36.0,-2.0,1500.73,1504.0,2025-09-18 00:00:00,60.0,61.0,1.0,1407.6,1412.0,22.0,93.13000000000012,1757.0,1657.0,100.0,1,1.0,1.0,0.8571428571428571,0.9827117919921876,0.931539067362026,0.8725298008648679,0.6666666666666666,0.6,0.7142857142857143,0.6794277429580688,0.6318279803394597,0.6068551804406042,0.3333333333333333,0.4,0.1428571428571428,0.3032840490341186,0.2997110870225661,0.2656746204242637,0.38834723942045357,0.4337093823860533,-0.045362142965599705
1231,2026-01-09,Mali,Senegal,0.0,1.0,African Cup of Nations,Tangier,Morocco,1,2026,0,0,1242,2025-09-18 00:00:00,56.0,54.0,-2.0,1445.83,1455.0,2025-09-18 00:00:00,18.0,18.0,0.0,1645.22,1635.0,-38.0,-199.3900000000001,1612.0,1807.0,-195.0,-1,0.3333333333333333,0.2,0.2857142857142857,0.1744537353515625,0.2322121585056386,0.2291907600592821,0.6666666666666666,0.8,0.8571428571428571,0.8736450672149658,0.8354878586747044,0.8129365378693194,-0.3333333333333333,-0.6000000000000001,-0.5714285714285714,-0.6991913318634033,-0.6032757001690658,-0.5837457778100372,-0.2482832555962885,-0.1757610686325696,-0.0725221869637189
1232,2026-01-09,Morocco,Cameroon,2.0,0.0,African Cup of Nations,Rabat,Morocco,0,2026,0,0,1243,2025-09-18 00:00:00,11.0,12.0,1.0,1706.25,1699.0,2025-09-18 00:00:00,52.0,51.0,-1.0,1455.42,1467.0,41.0,250.82999999999996,1840.0,1559.0,281.0,1,0.6666666666666666,0.8,0.8571428571428571,0.8744266629219055,0.8404858428996828,0.8210419310887396,0.0,0.2,0.1428571428571428,0.4026718139648437,0.2598417220004076,0.2146652665396686,0.6666666666666666,0.6000000000000001,0.7142857142857142,0.4717548489570617,0.5806441208992751,0.6063766645490709,-0.0905140977402939,-0.47898230234729333,0.38846820460699943
1233,2026-01-10,Algeria,Nigeria,0.0,2.0,African Cup of Nations,Marrakesh,Morocco,1,2026,0,0,1244,2025-09-18 00:00:00,38.0,36.0,-2.0,1500.73,1504.0,2025-09-18 00:00:00,45.0,44.0,-1.0,1483.85,1484.0,7.0,16.88000000000011,1757.0,1627.0,130.0,-1,1.0,1.0,0.8571428571428571,0.9913558959960938,0.9543593782413504,0.9043973506486508,0.6666666666666666,0.8,0.7142857142857143,0.72735595703125,0.6775488195721109,0.62132753059268,0.3333333333333333,0.1999999999999999,0.1428571428571428,0.2639999389648437,0.2768105586692396,0.2830698200559709,0.39844446063101513,-0.2700517549674657,0.6684962155984808
1234,2026-01-10,Egypt,Ivory Coast,3.0,2.0,African Cup of Nations,Agadir,Morocco,1,2026,0,0,1245,2025-09-18 00:00:00,35.0,34.0,-1.0,1519.18,1519.0,2025-09-18 00:00:00,44.0,45.0,1.0,1483.9,1483.0,9.0,35.27999999999997,1622.0,1627.0,-5.0,1,0.6666666666666666,0.8,0.7142857142857143,0.7414665222167969,0.736097435294222,0.7294543810930918,0.6666666666666666,0.8,0.7142857142857143,0.8666610717773438,0.8143546920152691,0.7886913558759261,0.0,0.0,0.0,-0.1251945495605468,-0.0782572567210471,-0.0592369747828342,0.20580204227845508,2.076718763378519,-1.8709167211000641
1236,2026-01-14,Senegal,Egypt,1.0,0.0,African Cup of Nations,Tangier,Morocco,1,2026,0,0,1247,2025-09-18 00:00:00,18.0,18.0,0.0,1645.22,1635.0,2025-09-18 00:00:00,35.0,34.0,-1.0,1519.18,1519.0,17.0,126.03999999999996,1807.0,1622.0,185.0,1,1.0,0.8,0.8571428571428571,0.9368225336074828,0.8903252391164697,0.8597024034019896,0.6666666666666666,0.8,0.8571428571428571,0.8707332611083984,0.8240649568628147,0.7970907858198188,0.3333333333333333,0.0,0.0,0.0660892724990844,0.0662602822536549,0.0626116175821707,-0.1513045351835949,0.2419313339091342,-0.3932358690927291
1235,2026-01-14,Morocco,Nigeria,0.0,0.0,African Cup of Nations,Rabat,Morocco,0,2026,0,0,1246,2025-09-18 00:00:00,11.0,12.0,1.0,1706.25,1699.0,2025-09-18 00:00:00,45.0,44.0,-1.0,1483.85,1484.0,34.0,222.4000000000001,1840.0,1627.0,213.0,0,1.0,0.8,0.8571428571428571,0.9372133314609528,0.8936572285997885,0.8657814483165547,0.6666666666666666,0.8,0.7142857142857143,0.863677978515625,0.7850325463814072,0.71599564794451,0.3333333333333333,0.0,0.1428571428571428,0.0735353529453277,0.1086246822183812,0.1497858003720447,-0.01577797434380601,-0.12828400467526183,0.11250603033145581
1237,2026-01-17,Egypt,Nigeria,0.0,0.0,African Cup of Nations,Casablanca,Morocco,1,2026,0,0,1248,2025-09-18 00:00:00,35.0,34.0,-1.0,1519.18,1519.0,2025-09-18 00:00:00,45.0,44.0,-1.0,1483.85,1484.0,10.0,35.330000000000155,1622.0,1627.0,-5.0,0,0.3333333333333333,0.4,0.5714285714285714,-0.0646333694458007,0.2160433045752099,0.3478180893648641,0.6666666666666666,0.6,0.7142857142857143,0.4318389892578125,0.5233550309209382,0.5369967359583825,-0.3333333333333333,-0.1999999999999999,-0.1428571428571429,-0.4964723587036133,-0.3073117263457282,-0.1891786465935183,0.18887654956153807,-0.0807378867531876,0.2696144363147257
1238,2026-01-18,Morocco,Senegal,3.0,0.0,African Cup of Nations,Rabat,Morocco,0,2026,0,0,1249,2025-09-18 00:00:00,11.0,12.0,1.0,1706.25,1699.0,2025-09-18 00:00:00,18.0,18.0,0.0,1645.22,1635.0,7.0,61.02999999999997,1840.0,1807.0,33.0,1,0.6666666666666666,0.6,0.7142857142857143,0.4686066657304764,0.5957714857331924,0.649336086237416,1.0,0.8,0.8571428571428571,0.9684112668037416,0.9268834927443133,0.8947768025514922,-0.3333333333333333,-0.2,-0.1428571428571428,-0.4998046010732651,-0.3311120070111207,-0.2454407163140761,-0.05484985820593507,-0.10358073899632461,0.04873088079038954
1038,2026-03-26,Denmark,North Macedonia,4.0,0.0,FIFA World Cup qualification,Copenhagen,Denmark,0,2026,0,1,1049,2026-01-19,21.0,21.0,0.0,1616.75,1617.0,2026-01-19,66.0,66.0,0.0,1378.57,1379.0,45.0,238.1800000000001,1864.0,1592.0,272.0,1,0.0,0.4,0.1428571428571428,-0.2919921875,-0.071516875815001,-0.0130987167358398,-0.3333333333333333,0.2,0.1428571428571428,-0.40234375,-0.1362089112432047,0.0179977416992187,0.3333333333333333,0.2,0.0,0.1103515625,0.0646920354282036,-0.0310964584350585,-0.2485647792317498,1.143781993551856,-1.3923467727836059
1039,2026-03-26,Czech Republic,Republic of Ireland,2.0,2.0,FIFA World Cup qualification,Prague,Czech Republic,0,2026,0,1,1050,2022-03-31,33.0,31.0,-2.0,1500.62,1510.42,2026-01-19,59.0,59.0,0.0,1436.04,1436.0,26.0,64.57999999999993,1731.0,1688.0,43.0,0,0.0,0.0,0.2857142857142857,0.3056640625,0.206354044945723,0.1447172164916992,1.0,0.2,0.1666666666666666,0.78125,0.5390946502057612,0.3935546875,-1.0,-0.2,0.119047619047619,-0.4755859375,-0.3327406052600382,-0.2488374710083007,-0.5129322654887385,0.5065543079338272,-1.0194865734225655
1040,2026-03-26,Turkey,Romania,1.0,0.0,FIFA World Cup qualification,Istanbul,Turkey,0,2026,0,1,1051,2022-03-31,43.0,39.0,-4.0,1461.81,1472.72,2026-01-19,49.0,47.0,-2.0,1465.78,1466.0,6.0,-3.9700000000000273,1880.0,1642.0,238.0,1,0.6666666666666666,0.4,0.2857142857142857,0.4189453125,0.4359881905987682,0.3807950019836426,0.3333333333333333,0.4,0.2857142857142857,0.390625,0.2519433013260173,0.1339111328125,0.3333333333333333,0.0,0.0,0.0283203125,0.1840448892727509,0.2468838691711425,-0.42810672210303724,-0.7583337280553716,0.33022700595233434
1041,2026-03-26,Slovakia,Kosovo,3.0,4.0,FIFA World Cup qualification,Bratislava,Slovakia,0,2026,0,1,1052,2026-01-19,44.0,45.0,1.0,1485.65,1486.0,2026-01-19,79.0,80.0,1.0,1308.84,1309.0,35.0,176.81000000000017,1687.0,1714.0,-27.0,-1,0.3333333333333333,0.2,0.1428571428571428,-0.140625,0.0772748056698675,0.2000732421875,0.6666666666666666,0.6,0.3333333333333333,0.375,0.3045267489711933,0.169921875,-0.3333333333333333,-0.3999999999999999,-0.1904761904761904,-0.515625,-0.2272519433013257,0.0301513671875,0.9964389579239092,-1.2812698461887355,2.2777088041126445
1042,2026-03-26,Ukraine,Sweden,1.0,3.0,FIFA World Cup qualification,Valencia,Spain,1,2026,0,1,1053,2026-01-19,30.0,28.0,-2.0,1557.47,1557.0,2026-01-19,42.0,43.0,1.0,1487.13,1487.0,12.0,70.33999999999992,1802.0,1660.0,142.0,-1,0.3333333333333333,0.4,0.1428571428571428,0.421875,0.3336381649138851,0.316009521484375,-0.6666666666666666,-0.8,-0.7142857142857143,-0.46875,-0.5057155921353452,-0.4237060546875,1.0,1.2000000000000002,0.8571428571428572,0.890625,0.8393537570492303,0.739715576171875,0.7879832275320648,-0.15886426975894624,0.946847497291011
1043,2026-03-26,Wales,Bosnia and Herzegovina,1.0,1.0,FIFA World Cup qualification,Cardiff,Wales,0,2026,0,1,1054,2026-01-19,35.0,32.0,-3.0,1529.71,1530.0,2026-01-19,71.0,71.0,0.0,1362.37,1362.0,36.0,167.34000000000017,1715.0,1572.0,143.0,0,0.3333333333333333,0.2,0.2857142857142857,0.67333984375,0.4936182944108565,0.4143750667572021,0.3333333333333333,0.2,0.4285714285714285,0.25,0.3209876543209877,0.3984375,0.0,0.0,-0.1428571428571428,0.42333984375,0.1726306400898687,0.0159375667572021,0.23928247718218365,1.3328811178857616,-1.0935986407035778
1044,2026-03-26,Italy,Northern Ireland,2.0,0.0,FIFA World Cup qualification,Bergamo,Italy,0,2026,0,1,1055,2026-01-19,13.0,12.0,-1.0,1702.06,1702.0,2026-01-19,69.0,69.0,0.0,1366.02,1366.0,56.0,336.04,1859.0,1602.0,257.0,1,0.3333333333333333,0.6,0.1428571428571428,-0.05859375,0.0894680688919371,0.0587615966796875,-0.3333333333333333,-0.2,0.0,0.1875,0.1275720164609053,0.185546875,0.6666666666666666,0.8,0.1428571428571428,-0.24609375,-0.0381039475689681,-0.1267852783203125,-1.5852576409941508,1.2781360658150784,-2.8633937068092292
1045,2026-03-26,Bolivia,Suriname,2.0,1.0,FIFA World Cup qualification,Guadalupe,Mexico,1,2026,0,1,1056,2026-01-19,76.0,76.0,0.0,1330.52,1330.0,2026-01-19,123.0,123.0,0.0,1140.54,1141.0,47.0,189.98,1675.0,1441.0,234.0,1,0.3333333333333333,0.0,-0.1428571428571428,0.2924957275390625,0.0956952718109856,-0.0033258422045037,0.0,0.2,0.1428571428571428,-0.2109375,0.013260173754001,0.15008544921875,0.3333333333333333,-0.2,-0.2857142857142857,0.5034332275390625,0.0824350980569845,-0.1534112914232537,-0.7002820301083343,2.0799629938733237,-2.7802450239816583
1046,2026-03-26,New Caledonia,Jamaica,0.0,1.0,FIFA World Cup qualification,Zapopan,Mexico,1,2026,0,1,1057,2026-01-19,150.0,150.0,0.0,1042.62,1043.0,2025-09-18,69.0,70.0,1.0,1377.21,1363.0,-81.0,-334.59000000000015,1295.0,1527.0,-232.0,-1,0.0,0.4,0.0,-0.1875,-0.0781893004115226,-0.115234375,0.3333333333333333,0.2,0.4285714285714285,0.118927001953125,0.1944251224152474,0.2209036583080887,-0.3333333333333333,0.2,-0.4285714285714285,-0.306427001953125,-0.27261442282677,-0.3361380333080888,-0.8329650133171829,-0.20595176389087158,-0.6270132494263113
1047,2026-03-26,Poland,Albania,2.0,1.0,FIFA World Cup qualification,Warsaw,Poland,0,2026,0,1,1058,2026-01-19,34.0,31.0,-3.0,1532.04,1532.0,2026-01-19,63.0,63.0,0.0,1401.07,1401.0,29.0,130.97000000000003,1735.0,1664.0,71.0,1,0.6666666666666666,0.6,0.4285714285714285,0.681854248046875,0.5682465570374106,0.4826085334643721,0.3333333333333333,0.4,0.4285714285714285,-0.060546875,0.1325509322765839,0.1696891784667968,0.3333333333333333,0.1999999999999999,0.0,0.742401123046875,0.4356956247608266,0.3129193549975753,0.6646115646078103,0.5834826885551868,0.08112887605262353
1048,2026-03-31,Kosovo,Turkey,0.0,1.0,FIFA World Cup qualification,Pristina,Kosovo,0,2026,0,1,1059,2026-01-19,79.0,80.0,1.0,1308.84,1309.0,2022-03-31,43.0,39.0,-4.0,1461.81,1472.72,-36.0,-152.97000000000003,1714.0,1880.0,-166.0,-1,0.6666666666666666,0.6,0.4285714285714285,0.6875,0.5363511659807955,0.37744140625,0.6666666666666666,0.8,0.5714285714285714,0.70947265625,0.6239921270658455,0.5355962514877319,0.0,-0.2,-0.1428571428571428,-0.02197265625,-0.08764096108505,-0.1581548452377319,-1.105901031707045,-0.3511592678616821,-0.7547417638453628
1049,2026-03-31,DR Congo,Jamaica,1.0,0.0,FIFA World Cup qualification,Zapopan,Mexico,1,2026,0,1,1060,2026-01-19,48.0,56.0,8.0,1468.22,1444.0,2025-09-18,69.0,70.0,1.0,1377.21,1363.0,21.0,91.01,1657.0,1527.0,130.0,1,0.0,0.2,0.4285714285714285,-0.1602861285209655,0.0878853202263066,0.2051413853304531,0.3333333333333333,0.2,0.4285714285714285,0.5594635009765625,0.4629500816101649,0.4156777437310666,-0.3333333333333333,0.0,0.0,-0.7197496294975281,-0.3750647613838582,-0.2105363584006134,0.3752558893045207,-0.23030754248552618,0.6055634317900469
1050,2026-03-31,Iraq,Bolivia,2.0,1.0,FIFA World Cup qualification,Guadalupe,Mexico,1,2026,0,1,1061,2026-01-19,58.0,58.0,0.0,1436.94,1437.0,2026-01-19,76.0,76.0,0.0,1330.52,1330.0,18.0,106.42000000000009,1582.0,1675.0,-93.0,1,0.3333333333333333,0.6,0.1428571428571428,0.5721396878361702,0.4404854529463439,0.3719579936621722,0.3333333333333333,0.2,0.0,0.6462478637695312,0.3971301812073237,0.2475056183466222,0.0,0.3999999999999999,0.1428571428571428,-0.074108175933361,0.0433552717390202,0.12445237531555,0.038068368925930414,-0.6555595577490205,0.693627926674951
1051,2026-03-31,Bosnia and Herzegovina,Italy,1.0,1.0,FIFA World Cup qualification,Zenica,Bosnia and Herzegovina,0,2026,0,1,1062,2026-01-19,71.0,71.0,0.0,1362.37,1362.0,2026-01-19,13.0,12.0,-1.0,1702.06,1702.0,-58.0,-339.69000000000005,1572.0,1859.0,-287.0,0,0.3333333333333333,0.0,0.2857142857142857,0.125,0.2139917695473251,0.298828125,0.3333333333333333,0.6,0.4285714285714285,0.470703125,0.3929787125946247,0.2940711975097656,0.0,-0.6,-0.1428571428571428,-0.345703125,-0.1789869430472996,0.0047569274902343,1.2968292874218932,-1.4402424856415537,2.737071773063447
1053,2026-03-31,Czech Republic,Denmark,2.0,2.0,FIFA World Cup qualification,Prague,Czech Republic,0,2026,0,1,1064,2022-03-31,33.0,31.0,-2.0,1500.62,1510.42,2026-01-19,21.0,21.0,0.0,1616.75,1617.0,-12.0,-116.13000000000012,1731.0,1864.0,-133.0,0,0.0,0.2,0.1428571428571428,0.15283203125,0.1375693632971487,0.1085379123687744,0.0,0.4,0.4285714285714285,0.35400390625,0.2856554161233325,0.2401759624481201,0.0,-0.2,-0.2857142857142857,-0.201171875,-0.1480860528261838,-0.1316380500793457,-0.5133480145776362,-0.05159038045341158,-0.46175763412422466
1052,2026-03-31,Sweden,Poland,3.0,2.0,FIFA World Cup qualification,Solna,Sweden,0,2026,0,1,1063,2026-01-19,42.0,43.0,1.0,1487.13,1487.0,2026-01-19,34.0,31.0,-3.0,1532.04,1532.0,-8.0,-44.909999999999854,1660.0,1735.0,-75.0,1,0.0,-0.4,-0.4285714285714285,0.265625,-0.0038103947568969,-0.067779541015625,0.6666666666666666,0.8,0.4285714285714285,0.8409271240234375,0.7121643713582737,0.6119564000982791,-0.6666666666666666,-1.2000000000000002,-0.8571428571428571,-0.5753021240234375,-0.7159747661151706,-0.6797359411139041,-0.017754606831949404,0.6502226490426449,-0.6679772558745943
